dataset_index,EVENT,split,source_data_path,is_overfit_selected,is_overfit_train,is_overfit_dev,is_overfit_test,Latitude,Longitude,DEPTH,Magnitude,Origin_Time(JST),n_station_rows
0,20240101160600,train,/public/home/test_bigmodel/seismogram/zb/team_pytorch/japan_data/japan_2024.hdf5,False,False,False,False,37.51,137.245,12.0,5.5,2024/01/01 16:06:00,222
0,20240101161000,train,/public/home/test_bigmodel/seismogram/zb/team_pytorch/japan_data/japan_2024.hdf5,False,False,False,False,37.495,137.27,16.0,7.6,2024/01/01 16:10:00,1509
0,20240101161700,train,/public/home/test_bigmodel/seismogram/zb/team_pytorch/japan_data/japan_2024.hdf5,False,False,False,False,37.318,136.943,12.0,5.1,2024/01/01 16:17:00,89
0,20240101161800,train,/public/home/test_bigmodel/seismogram/zb/team_pytorch/japan_data/japan_2024.hdf5,False,False,False,False,37.198,136.818,11.0,6.1,2024/01/01 16:18:00,441
0,20240101162000,train,/public/home/test_bigmodel/seismogram/zb/team_pytorch/japan_data/japan_2024.hdf5,False,False,False,False,37.195,136.88,7.0,4.1,2024/01/01 16:20:00,37
0,20240101162100,train,/public/home/test_bigmodel/seismogram/zb/team_pytorch/japan_data/japan_2024.hdf5,False,False,False,False,37.295,136.928,10.0,4.2,2024/01/01 16:21:00,21
0,20240101162300,train,/public/home/test_bigmodel/seismogram/zb/team_pytorch/japan_data/japan_2024.hdf5,False,False,False,False,37.462,137.172,12.0,4.3,2024/01/01 16:23:00,32
0,20240101162500,train,/public/home/test_bigmodel/seismogram/zb/team_pytorch/japan_data/japan_2024.hdf5,False,False,False,False,37.47,137.098,18.0,4.1,2024/01/01 16:25:00,13
0,20240101162800,train,/public/home/test_bigmodel/seismogram/zb/team_pytorch/japan_data/japan_2024.hdf5,False,False,False,False,37.227,137.042,2.0,4.5,2024/01/01 16:28:00,93
0,20240101162900,train,/public/home/test_bigmodel/seismogram/zb/team_pytorch/japan_data/japan_2024.hdf5,False,False,False,False,37.512,137.093,10.0,4.7,2024/01/01 16:29:00,44
0,20240101163000,train,/public/home/test_bigmodel/seismogram/zb/team_pytorch/japan_data/japan_2024.hdf5,False,False,False,False,37.397,137.187,8.0,3.7,2024/01/01 16:30:00,14
0,20240101163200,train,/public/home/test_bigmodel/seismogram/zb/team_pytorch/japan_data/japan_2024.hdf5,False,False,False,False,37.322,136.972,13.0,4.7,2024/01/01 16:32:00,76
0,20240101163300,train,/public/home/test_bigmodel/seismogram/zb/team_pytorch/japan_data/japan_2024.hdf5,False,False,False,False,37.197,136.638,2.0,4.3,2024/01/01 16:33:00,7
0,20240101163500,train,/public/home/test_bigmodel/seismogram/zb/team_pytorch/japan_data/japan_2024.hdf5,False,False,False,False,37.197,136.615,7.0,3.3,2024/01/01 16:35:00,9
0,20240101163600,train,/public/home/test_bigmodel/seismogram/zb/team_pytorch/japan_data/japan_2024.hdf5,False,False,False,False,37.42,136.807,7.0,4.3,2024/01/01 16:36:00,28
0,20240101163700,train,/public/home/test_bigmodel/seismogram/zb/team_pytorch/japan_data/japan_2024.hdf5,False,False,False,False,37.265,136.87,14.0,4.6,2024/01/01 16:37:00,67
0,20240101163900,train,/public/home/test_bigmodel/seismogram/zb/team_pytorch/japan_data/japan_2024.hdf5,False,False,False,False,37.548,137.442,13.0,5.2,2024/01/01 16:39:00,122
0,20240101164000,train,/public/home/test_bigmodel/seismogram/zb/team_pytorch/japan_data/japan_2024.hdf5,False,False,False,False,37.242,136.823,12.0,4.1,2024/01/01 16:40:00,32
0,20240101164100,train,/public/home/test_bigmodel/seismogram/zb/team_pytorch/japan_data/japan_2024.hdf5,False,False,False,False,37.24,136.818,7.0,3.6,2024/01/01 16:41:00,8
0,20240101164200,train,/public/home/test_bigmodel/seismogram/zb/team_pytorch/japan_data/japan_2024.hdf5,False,False,False,False,37.447,137.19,12.0,5.0,2024/01/01 16:42:00,95
0,20240101164500,train,/public/home/test_bigmodel/seismogram/zb/team_pytorch/japan_data/japan_2024.hdf5,False,False,False,False,37.857,137.835,14.0,4.7,2024/01/01 16:45:00,93
0,20240101164800,train,/public/home/test_bigmodel/seismogram/zb/team_pytorch/japan_data/japan_2024.hdf5,False,False,False,False,37.252,136.843,13.0,4.9,2024/01/01 16:48:00,124
0,20240101164900,train,/public/home/test_bigmodel/seismogram/zb/team_pytorch/japan_data/japan_2024.hdf5,False,False,False,False,37.378,136.997,11.0,4.3,2024/01/01 16:49:00,21
0,20240101165100,train,/public/home/test_bigmodel/seismogram/zb/team_pytorch/japan_data/japan_2024.hdf5,False,False,False,False,37.348,137.052,15.0,4.3,2024/01/01 16:51:00,35
0,20240101165200,train,/public/home/test_bigmodel/seismogram/zb/team_pytorch/japan_data/japan_2024.hdf5,False,False,False,False,37.775,137.662,23.0,4.2,2024/01/01 16:52:00,34
0,20240101165300,train,/public/home/test_bigmodel/seismogram/zb/team_pytorch/japan_data/japan_2024.hdf5,False,False,False,False,37.748,137.68,19.0,3.7,2024/01/01 16:53:00,7
0,20240101165500,train,/public/home/test_bigmodel/seismogram/zb/team_pytorch/japan_data/japan_2024.hdf5,False,False,False,False,37.273,136.723,6.0,4.1,2024/01/01 16:55:00,14
0,20240101165600,train,/public/home/test_bigmodel/seismogram/zb/team_pytorch/japan_data/japan_2024.hdf5,False,False,False,False,37.262,136.857,14.0,5.8,2024/01/01 16:56:00,356
0,20240101165900,train,/public/home/test_bigmodel/seismogram/zb/team_pytorch/japan_data/japan_2024.hdf5,False,False,False,False,37.863,137.752,11.0,4.0,2024/01/01 16:59:00,20
0,20240101170000,train,/public/home/test_bigmodel/seismogram/zb/team_pytorch/japan_data/japan_2024.hdf5,False,False,False,False,37.293,136.807,6.0,3.6,2024/01/01 17:00:00,4
0,20240101170200,train,/public/home/test_bigmodel/seismogram/zb/team_pytorch/japan_data/japan_2024.hdf5,False,False,False,False,37.618,137.352,8.0,5.0,2024/01/01 17:02:00,77
0,20240101170400,train,/public/home/test_bigmodel/seismogram/zb/team_pytorch/japan_data/japan_2024.hdf5,False,False,False,False,37.37,136.982,14.0,3.8,2024/01/01 17:04:00,15
0,20240101170600,train,/public/home/test_bigmodel/seismogram/zb/team_pytorch/japan_data/japan_2024.hdf5,False,False,False,False,37.37,136.963,6.0,3.8,2024/01/01 17:06:00,3
0,20240101170700,train,/public/home/test_bigmodel/seismogram/zb/team_pytorch/japan_data/japan_2024.hdf5,False,False,False,False,37.11,136.61,0.0,5.3,2024/01/01 17:07:00,140
0,20240101171000,train,/public/home/test_bigmodel/seismogram/zb/team_pytorch/japan_data/japan_2024.hdf5,False,False,False,False,37.395,137.102,11.0,4.0,2024/01/01 17:10:00,35
0,20240101171100,train,/public/home/test_bigmodel/seismogram/zb/team_pytorch/japan_data/japan_2024.hdf5,False,False,False,False,37.845,137.732,11.0,3.9,2024/01/01 17:11:00,15
0,20240101171300,train,/public/home/test_bigmodel/seismogram/zb/team_pytorch/japan_data/japan_2024.hdf5,False,False,False,False,37.433,137.083,8.0,3.8,2024/01/01 17:13:00,11
0,20240101171400,train,/public/home/test_bigmodel/seismogram/zb/team_pytorch/japan_data/japan_2024.hdf5,False,False,False,False,37.358,136.87,8.0,3.9,2024/01/01 17:14:00,11
0,20240101171500,train,/public/home/test_bigmodel/seismogram/zb/team_pytorch/japan_data/japan_2024.hdf5,False,False,False,False,37.313,136.85,10.0,4.3,2024/01/01 17:15:00,52
0,20240101171700,train,/public/home/test_bigmodel/seismogram/zb/team_pytorch/japan_data/japan_2024.hdf5,False,False,False,False,37.467,137.158,12.0,4.7,2024/01/01 17:17:00,54
0,20240101171800,train,/public/home/test_bigmodel/seismogram/zb/team_pytorch/japan_data/japan_2024.hdf5,False,False,False,False,37.187,136.843,10.0,4.1,2024/01/01 17:18:00,17
0,20240101172000,train,/public/home/test_bigmodel/seismogram/zb/team_pytorch/japan_data/japan_2024.hdf5,False,False,False,False,37.377,136.932,2.0,3.9,2024/01/01 17:20:00,8
0,20240101172100,train,/public/home/test_bigmodel/seismogram/zb/team_pytorch/japan_data/japan_2024.hdf5,False,False,False,False,37.168,136.702,3.0,3.5,2024/01/01 17:21:00,3
0,20240101172200,train,/public/home/test_bigmodel/seismogram/zb/team_pytorch/japan_data/japan_2024.hdf5,False,False,False,False,37.465,137.205,12.0,4.9,2024/01/01 17:22:00,142
0,20240101172300,train,/public/home/test_bigmodel/seismogram/zb/team_pytorch/japan_data/japan_2024.hdf5,False,False,False,False,37.163,136.713,2.0,3.6,2024/01/01 17:23:00,11
0,20240101172400,train,/public/home/test_bigmodel/seismogram/zb/team_pytorch/japan_data/japan_2024.hdf5,False,False,False,False,37.497,137.3,9.0,4.1,2024/01/01 17:24:00,6
0,20240101172630,train,/public/home/test_bigmodel/seismogram/zb/team_pytorch/japan_data/japan_2024.hdf5,False,False,False,False,37.118,136.627,1.0,3.6,2024/01/01 17:26:30,6
0,20240101172700,train,/public/home/test_bigmodel/seismogram/zb/team_pytorch/japan_data/japan_2024.hdf5,False,False,False,False,37.612,137.372,15.0,4.2,2024/01/01 17:27:00,17
0,20240101172900,train,/public/home/test_bigmodel/seismogram/zb/team_pytorch/japan_data/japan_2024.hdf5,False,False,False,False,37.632,137.537,16.0,4.5,2024/01/01 17:29:00,93
0,20240101173000,train,/public/home/test_bigmodel/seismogram/zb/team_pytorch/japan_data/japan_2024.hdf5,False,False,False,False,37.195,136.817,15.0,4.1,2024/01/01 17:30:00,18
0,20240101173300,train,/public/home/test_bigmodel/seismogram/zb/team_pytorch/japan_data/japan_2024.hdf5,False,False,False,False,37.673,137.453,6.0,3.8,2024/01/01 17:33:00,10
0,20240101173600,train,/public/home/test_bigmodel/seismogram/zb/team_pytorch/japan_data/japan_2024.hdf5,False,False,False,False,37.182,136.693,5.0,3.7,2024/01/01 17:36:00,24
0,20240101173800,train,/public/home/test_bigmodel/seismogram/zb/team_pytorch/japan_data/japan_2024.hdf5,False,False,False,False,37.463,137.153,11.0,3.2,2024/01/01 17:38:00,4
0,20240101173900,train,/public/home/test_bigmodel/seismogram/zb/team_pytorch/japan_data/japan_2024.hdf5,False,False,False,False,37.327,136.798,0.0,4.2,2024/01/01 17:39:00,14
0,20240101174000,train,/public/home/test_bigmodel/seismogram/zb/team_pytorch/japan_data/japan_2024.hdf5,False,False,False,False,37.642,137.353,10.0,4.1,2024/01/01 17:40:00,10
0,20240101174200,train,/public/home/test_bigmodel/seismogram/zb/team_pytorch/japan_data/japan_2024.hdf5,False,False,False,False,37.277,136.972,0.0,3.2,2024/01/01 17:42:00,4
0,20240101174400,train,/public/home/test_bigmodel/seismogram/zb/team_pytorch/japan_data/japan_2024.hdf5,False,False,False,False,37.14,136.663,6.0,3.4,2024/01/01 17:44:00,8
0,20240101174500,train,/public/home/test_bigmodel/seismogram/zb/team_pytorch/japan_data/japan_2024.hdf5,False,False,False,False,37.32,136.798,13.0,3.3,2024/01/01 17:45:00,4
0,20240101174700,train,/public/home/test_bigmodel/seismogram/zb/team_pytorch/japan_data/japan_2024.hdf5,False,False,False,False,37.443,137.132,7.0,3.2,2024/01/01 17:47:00,3
0,20240101174800,train,/public/home/test_bigmodel/seismogram/zb/team_pytorch/japan_data/japan_2024.hdf5,False,False,False,False,37.897,137.7,18.0,4.8,2024/01/01 17:48:00,71
0,20240101174900,train,/public/home/test_bigmodel/seismogram/zb/team_pytorch/japan_data/japan_2024.hdf5,False,False,False,False,37.528,137.008,3.0,4.2,2024/01/01 17:49:00,18
0,20240101175000,train,/public/home/test_bigmodel/seismogram/zb/team_pytorch/japan_data/japan_2024.hdf5,False,False,False,False,37.452,137.195,13.0,4.1,2024/01/01 17:50:00,4
0,20240101175100,train,/public/home/test_bigmodel/seismogram/zb/team_pytorch/japan_data/japan_2024.hdf5,False,False,False,False,37.113,136.66,8.0,3.3,2024/01/01 17:51:00,4
0,20240101175300,train,/public/home/test_bigmodel/seismogram/zb/team_pytorch/japan_data/japan_2024.hdf5,False,False,False,False,37.295,136.827,11.0,3.7,2024/01/01 17:53:00,13
0,20240101175400,train,/public/home/test_bigmodel/seismogram/zb/team_pytorch/japan_data/japan_2024.hdf5,False,False,False,False,37.473,137.14,13.0,3.3,2024/01/01 17:54:00,17
0,20240101175500,train,/public/home/test_bigmodel/seismogram/zb/team_pytorch/japan_data/japan_2024.hdf5,False,False,False,False,37.377,136.893,0.0,3.6,2024/01/01 17:55:00,4
0,20240101175600,train,/public/home/test_bigmodel/seismogram/zb/team_pytorch/japan_data/japan_2024.hdf5,False,False,False,False,37.29,136.912,14.0,3.8,2024/01/01 17:56:00,7
0,20240101175800,train,/public/home/test_bigmodel/seismogram/zb/team_pytorch/japan_data/japan_2024.hdf5,False,False,False,False,37.23,136.73,8.0,3.7,2024/01/01 17:58:00,7
0,20240101175900,train,/public/home/test_bigmodel/seismogram/zb/team_pytorch/japan_data/japan_2024.hdf5,False,False,False,False,37.288,136.685,6.0,3.5,2024/01/01 17:59:00,4
0,20240101180000,train,/public/home/test_bigmodel/seismogram/zb/team_pytorch/japan_data/japan_2024.hdf5,False,False,False,False,37.345,136.937,9.0,3.8,2024/01/01 18:00:00,26
0,20240101180100,train,/public/home/test_bigmodel/seismogram/zb/team_pytorch/japan_data/japan_2024.hdf5,False,False,False,False,37.127,136.682,6.0,3.6,2024/01/01 18:01:00,9
0,20240101180200,train,/public/home/test_bigmodel/seismogram/zb/team_pytorch/japan_data/japan_2024.hdf5,False,False,False,False,37.432,137.11,7.0,3.3,2024/01/01 18:02:00,4
0,20240101180300,train,/public/home/test_bigmodel/seismogram/zb/team_pytorch/japan_data/japan_2024.hdf5,False,False,False,False,37.592,137.407,14.0,5.5,2024/01/01 18:03:00,250
0,20240101180600,train,/public/home/test_bigmodel/seismogram/zb/team_pytorch/japan_data/japan_2024.hdf5,False,False,False,False,37.538,137.453,13.0,4.7,2024/01/01 18:06:00,61
0,20240101180800,train,/public/home/test_bigmodel/seismogram/zb/team_pytorch/japan_data/japan_2024.hdf5,False,False,False,False,37.578,137.382,14.0,5.8,2024/01/01 18:08:00,300
0,20240101181000,train,/public/home/test_bigmodel/seismogram/zb/team_pytorch/japan_data/japan_2024.hdf5,False,False,False,False,37.49,137.208,10.0,3.9,2024/01/01 18:10:00,19
0,20240101181400,train,/public/home/test_bigmodel/seismogram/zb/team_pytorch/japan_data/japan_2024.hdf5,False,False,False,False,37.5,137.2,10.0,4.3,2024/01/01 18:14:00,53
0,20240101182100,train,/public/home/test_bigmodel/seismogram/zb/team_pytorch/japan_data/japan_2024.hdf5,False,False,False,False,37.2,136.8,0.0,3.8,2024/01/01 18:21:00,18
0,20240101182300,train,/public/home/test_bigmodel/seismogram/zb/team_pytorch/japan_data/japan_2024.hdf5,False,False,False,False,37.3,137.2,10.0,4.4,2024/01/01 18:23:00,53
0,20240101182500,train,/public/home/test_bigmodel/seismogram/zb/team_pytorch/japan_data/japan_2024.hdf5,False,False,False,False,37.5,137.3,10.0,3.9,2024/01/01 18:25:00,16
0,20240101183000,train,/public/home/test_bigmodel/seismogram/zb/team_pytorch/japan_data/japan_2024.hdf5,False,False,False,False,37.552,137.372,12.0,4.9,2024/01/01 18:30:00,149
0,20240101183300,train,/public/home/test_bigmodel/seismogram/zb/team_pytorch/japan_data/japan_2024.hdf5,False,False,False,False,37.5,137.2,10.0,3.6,2024/01/01 18:33:00,8
0,20240101184000,train,/public/home/test_bigmodel/seismogram/zb/team_pytorch/japan_data/japan_2024.hdf5,False,False,False,False,37.107,136.647,6.0,4.8,2024/01/01 18:40:00,101
0,20240101184400,train,/public/home/test_bigmodel/seismogram/zb/team_pytorch/japan_data/japan_2024.hdf5,False,False,False,False,37.302,136.835,8.0,3.8,2024/01/01 18:44:00,23
0,20240101184500,train,/public/home/test_bigmodel/seismogram/zb/team_pytorch/japan_data/japan_2024.hdf5,False,False,False,False,37.572,137.627,18.0,4.5,2024/01/01 18:45:00,104
0,20240101184600,train,/public/home/test_bigmodel/seismogram/zb/team_pytorch/japan_data/japan_2024.hdf5,False,False,False,False,37.738,137.613,11.0,3.3,2024/01/01 18:46:00,5
0,20240101184900,train,/public/home/test_bigmodel/seismogram/zb/team_pytorch/japan_data/japan_2024.hdf5,False,False,False,False,37.58,137.353,3.0,4.3,2024/01/01 18:49:00,13
0,20240101185000,train,/public/home/test_bigmodel/seismogram/zb/team_pytorch/japan_data/japan_2024.hdf5,False,False,False,False,37.363,136.965,5.0,3.0,2024/01/01 18:50:00,5
0,20240101185200,train,/public/home/test_bigmodel/seismogram/zb/team_pytorch/japan_data/japan_2024.hdf5,False,False,False,False,37.67,137.523,8.0,3.9,2024/01/01 18:52:00,18
0,20240101185300,train,/public/home/test_bigmodel/seismogram/zb/team_pytorch/japan_data/japan_2024.hdf5,False,False,False,False,37.458,137.26,13.0,3.9,2024/01/01 18:53:00,21
0,20240101185600,train,/public/home/test_bigmodel/seismogram/zb/team_pytorch/japan_data/japan_2024.hdf5,False,False,False,False,37.415,136.945,8.0,4.1,2024/01/01 18:56:00,14
0,20240101185900,train,/public/home/test_bigmodel/seismogram/zb/team_pytorch/japan_data/japan_2024.hdf5,False,False,False,False,37.24,136.805,9.0,3.6,2024/01/01 18:59:00,7
0,20240101190000,train,/public/home/test_bigmodel/seismogram/zb/team_pytorch/japan_data/japan_2024.hdf5,False,False,False,False,37.85,137.743,12.0,3.6,2024/01/01 19:00:00,14
0,20240101190200,train,/public/home/test_bigmodel/seismogram/zb/team_pytorch/japan_data/japan_2024.hdf5,False,False,False,False,37.342,136.97,12.0,3.6,2024/01/01 19:02:00,14
0,20240101190300,train,/public/home/test_bigmodel/seismogram/zb/team_pytorch/japan_data/japan_2024.hdf5,False,False,False,False,37.322,136.775,5.0,3.4,2024/01/01 19:03:00,5
0,20240101190400,train,/public/home/test_bigmodel/seismogram/zb/team_pytorch/japan_data/japan_2024.hdf5,False,False,False,False,37.175,136.872,12.0,3.4,2024/01/01 19:04:00,6
0,20240101190500,train,/public/home/test_bigmodel/seismogram/zb/team_pytorch/japan_data/japan_2024.hdf5,False,False,False,False,37.492,137.293,12.0,3.9,2024/01/01 19:05:00,13
0,20240101190600,train,/public/home/test_bigmodel/seismogram/zb/team_pytorch/japan_data/japan_2024.hdf5,False,False,False,False,37.885,137.71,19.0,4.3,2024/01/01 19:06:00,13
0,20240101190800,train,/public/home/test_bigmodel/seismogram/zb/team_pytorch/japan_data/japan_2024.hdf5,False,False,False,False,37.255,136.747,4.0,3.5,2024/01/01 19:08:00,10
0,20240101190900,train,/public/home/test_bigmodel/seismogram/zb/team_pytorch/japan_data/japan_2024.hdf5,False,False,False,False,37.253,136.775,4.0,3.4,2024/01/01 19:09:00,3
0,20240101191000,train,/public/home/test_bigmodel/seismogram/zb/team_pytorch/japan_data/japan_2024.hdf5,False,False,False,False,37.215,136.852,12.0,3.7,2024/01/01 19:10:00,22
0,20240101191400,train,/public/home/test_bigmodel/seismogram/zb/team_pytorch/japan_data/japan_2024.hdf5,False,False,False,False,37.183,136.715,10.0,3.4,2024/01/01 19:14:00,14
0,20240101192100,train,/public/home/test_bigmodel/seismogram/zb/team_pytorch/japan_data/japan_2024.hdf5,False,False,False,False,37.208,136.692,5.0,3.5,2024/01/01 19:21:00,8
0,20240101192500,train,/public/home/test_bigmodel/seismogram/zb/team_pytorch/japan_data/japan_2024.hdf5,False,False,False,False,37.457,137.198,13.0,4.3,2024/01/01 19:25:00,52
0,20240101192800,train,/public/home/test_bigmodel/seismogram/zb/team_pytorch/japan_data/japan_2024.hdf5,False,False,False,False,37.407,136.775,8.0,3.8,2024/01/01 19:28:00,38
0,20240101193800,train,/public/home/test_bigmodel/seismogram/zb/team_pytorch/japan_data/japan_2024.hdf5,False,False,False,False,37.302,136.877,9.0,3.7,2024/01/01 19:38:00,15
0,20240101194000,train,/public/home/test_bigmodel/seismogram/zb/team_pytorch/japan_data/japan_2024.hdf5,False,False,False,False,37.523,137.173,5.0,3.1,2024/01/01 19:40:00,6
0,20240101194500,train,/public/home/test_bigmodel/seismogram/zb/team_pytorch/japan_data/japan_2024.hdf5,False,False,False,False,37.167,136.7,6.0,3.4,2024/01/01 19:45:00,3
0,20240101194900,train,/public/home/test_bigmodel/seismogram/zb/team_pytorch/japan_data/japan_2024.hdf5,False,False,False,False,37.132,136.62,9.0,3.8,2024/01/01 19:49:00,3
0,20240101195000,train,/public/home/test_bigmodel/seismogram/zb/team_pytorch/japan_data/japan_2024.hdf5,False,False,False,False,37.512,137.273,12.0,4.6,2024/01/01 19:50:00,65
0,20240101195600,train,/public/home/test_bigmodel/seismogram/zb/team_pytorch/japan_data/japan_2024.hdf5,False,False,False,False,37.392,136.9,7.0,3.5,2024/01/01 19:56:00,3
0,20240101200100,train,/public/home/test_bigmodel/seismogram/zb/team_pytorch/japan_data/japan_2024.hdf5,False,False,False,False,37.17,136.84,12.0,3.7,2024/01/01 20:01:00,19
0,20240101200300,train,/public/home/test_bigmodel/seismogram/zb/team_pytorch/japan_data/japan_2024.hdf5,False,False,False,False,37.277,136.812,10.0,3.1,2024/01/01 20:03:00,8
0,20240101200500,train,/public/home/test_bigmodel/seismogram/zb/team_pytorch/japan_data/japan_2024.hdf5,False,False,False,False,37.19,136.818,10.0,3.5,2024/01/01 20:05:00,14
0,20240101200700,train,/public/home/test_bigmodel/seismogram/zb/team_pytorch/japan_data/japan_2024.hdf5,False,False,False,False,37.36,136.89,8.0,3.5,2024/01/01 20:07:00,9
0,20240101201500,train,/public/home/test_bigmodel/seismogram/zb/team_pytorch/japan_data/japan_2024.hdf5,False,False,False,False,37.202,136.692,4.0,3.3,2024/01/01 20:15:00,6
0,20240101201700,train,/public/home/test_bigmodel/seismogram/zb/team_pytorch/japan_data/japan_2024.hdf5,False,False,False,False,37.157,136.725,6.0,3.0,2024/01/01 20:17:00,7
0,20240101202100,train,/public/home/test_bigmodel/seismogram/zb/team_pytorch/japan_data/japan_2024.hdf5,False,False,False,False,37.675,137.507,20.0,4.1,2024/01/01 20:21:00,27
0,20240101202200,train,/public/home/test_bigmodel/seismogram/zb/team_pytorch/japan_data/japan_2024.hdf5,False,False,False,False,37.375,137.025,8.0,3.3,2024/01/01 20:22:00,6
0,20240101202700,train,/public/home/test_bigmodel/seismogram/zb/team_pytorch/japan_data/japan_2024.hdf5,False,False,False,False,37.362,136.858,0.0,4.0,2024/01/01 20:27:00,19
0,20240101203200,train,/public/home/test_bigmodel/seismogram/zb/team_pytorch/japan_data/japan_2024.hdf5,False,False,False,False,37.388,136.955,7.0,3.7,2024/01/01 20:32:00,12
0,20240101203400,train,/public/home/test_bigmodel/seismogram/zb/team_pytorch/japan_data/japan_2024.hdf5,False,False,False,False,37.352,136.933,10.0,4.5,2024/01/01 20:34:00,62
0,20240101203500,train,/public/home/test_bigmodel/seismogram/zb/team_pytorch/japan_data/japan_2024.hdf5,False,False,False,False,37.153,136.757,2.0,4.5,2024/01/01 20:35:00,45
0,20240101204200,train,/public/home/test_bigmodel/seismogram/zb/team_pytorch/japan_data/japan_2024.hdf5,False,False,False,False,37.467,137.138,13.0,3.7,2024/01/01 20:42:00,12
0,20240101204300,train,/public/home/test_bigmodel/seismogram/zb/team_pytorch/japan_data/japan_2024.hdf5,False,False,False,False,37.258,136.872,11.0,3.7,2024/01/01 20:43:00,13
0,20240101204900,train,/public/home/test_bigmodel/seismogram/zb/team_pytorch/japan_data/japan_2024.hdf5,False,False,False,False,37.183,136.825,11.0,3.5,2024/01/01 20:49:00,4
0,20240101205000,train,/public/home/test_bigmodel/seismogram/zb/team_pytorch/japan_data/japan_2024.hdf5,False,False,False,False,37.457,137.185,12.0,3.8,2024/01/01 20:50:00,9
0,20240101205400,train,/public/home/test_bigmodel/seismogram/zb/team_pytorch/japan_data/japan_2024.hdf5,False,False,False,False,37.243,136.7,8.0,3.6,2024/01/01 20:54:00,8
0,20240101205700,train,/public/home/test_bigmodel/seismogram/zb/team_pytorch/japan_data/japan_2024.hdf5,False,False,False,False,37.592,137.452,9.0,4.2,2024/01/01 20:57:00,15
0,20240101210000,train,/public/home/test_bigmodel/seismogram/zb/team_pytorch/japan_data/japan_2024.hdf5,False,False,False,False,37.112,136.662,4.0,3.1,2024/01/01 21:00:00,5
0,20240101210400,train,/public/home/test_bigmodel/seismogram/zb/team_pytorch/japan_data/japan_2024.hdf5,False,False,False,False,37.268,136.802,9.0,3.0,2024/01/01 21:04:00,4
0,20240101210700,train,/public/home/test_bigmodel/seismogram/zb/team_pytorch/japan_data/japan_2024.hdf5,False,False,False,False,37.61,137.482,15.0,3.1,2024/01/01 21:07:00,6
0,20240101211200,train,/public/home/test_bigmodel/seismogram/zb/team_pytorch/japan_data/japan_2024.hdf5,False,False,False,False,37.168,136.815,9.0,3.1,2024/01/01 21:12:00,8
0,20240101211300,train,/public/home/test_bigmodel/seismogram/zb/team_pytorch/japan_data/japan_2024.hdf5,False,False,False,False,37.397,137.065,10.0,4.1,2024/01/01 21:13:00,27
0,20240101211600,train,/public/home/test_bigmodel/seismogram/zb/team_pytorch/japan_data/japan_2024.hdf5,False,False,False,False,37.248,136.695,11.0,3.0,2024/01/01 21:16:00,3
0,20240101211700,train,/public/home/test_bigmodel/seismogram/zb/team_pytorch/japan_data/japan_2024.hdf5,False,False,False,False,37.33,136.782,10.0,4.2,2024/01/01 21:17:00,35
0,20240101212000,train,/public/home/test_bigmodel/seismogram/zb/team_pytorch/japan_data/japan_2024.hdf5,False,False,False,False,37.472,137.222,11.0,4.5,2024/01/01 21:20:00,59
0,20240101212200,train,/public/home/test_bigmodel/seismogram/zb/team_pytorch/japan_data/japan_2024.hdf5,False,False,False,False,37.535,137.29,4.0,3.5,2024/01/01 21:22:00,8
0,20240101212300,train,/public/home/test_bigmodel/seismogram/zb/team_pytorch/japan_data/japan_2024.hdf5,False,False,False,False,37.443,137.06,7.0,3.8,2024/01/01 21:23:00,10
0,20240101213100,train,/public/home/test_bigmodel/seismogram/zb/team_pytorch/japan_data/japan_2024.hdf5,False,False,False,False,37.298,136.803,16.0,3.4,2024/01/01 21:31:00,9
0,20240101213600,train,/public/home/test_bigmodel/seismogram/zb/team_pytorch/japan_data/japan_2024.hdf5,False,False,False,False,37.345,136.965,12.0,3.5,2024/01/01 21:36:00,15
0,20240101213800,train,/public/home/test_bigmodel/seismogram/zb/team_pytorch/japan_data/japan_2024.hdf5,False,False,False,False,37.455,137.282,13.0,3.1,2024/01/01 21:38:00,8
0,20240101214100,train,/public/home/test_bigmodel/seismogram/zb/team_pytorch/japan_data/japan_2024.hdf5,False,False,False,False,37.12,136.68,2.0,3.8,2024/01/01 21:41:00,15
0,20240101214200,train,/public/home/test_bigmodel/seismogram/zb/team_pytorch/japan_data/japan_2024.hdf5,False,False,False,False,37.13,136.68,6.0,3.0,2024/01/01 21:42:00,4
0,20240101214800,train,/public/home/test_bigmodel/seismogram/zb/team_pytorch/japan_data/japan_2024.hdf5,False,False,False,False,37.685,137.567,15.0,4.3,2024/01/01 21:48:00,31
0,20240101215300,train,/public/home/test_bigmodel/seismogram/zb/team_pytorch/japan_data/japan_2024.hdf5,False,False,False,False,37.123,136.637,14.0,3.3,2024/01/01 21:53:00,4
0,20240101215400,train,/public/home/test_bigmodel/seismogram/zb/team_pytorch/japan_data/japan_2024.hdf5,False,False,False,False,37.113,136.633,2.0,4.2,2024/01/01 21:54:00,16
0,20240101220200,train,/public/home/test_bigmodel/seismogram/zb/team_pytorch/japan_data/japan_2024.hdf5,False,False,False,False,37.467,137.268,12.0,3.4,2024/01/01 22:02:00,8
0,20240101220300,train,/public/home/test_bigmodel/seismogram/zb/team_pytorch/japan_data/japan_2024.hdf5,False,False,False,False,37.323,136.937,13.0,4.2,2024/01/01 22:03:00,58
0,20240101220600,train,/public/home/test_bigmodel/seismogram/zb/team_pytorch/japan_data/japan_2024.hdf5,False,False,False,False,37.373,136.838,9.0,3.4,2024/01/01 22:06:00,4
0,20240101220800,train,/public/home/test_bigmodel/seismogram/zb/team_pytorch/japan_data/japan_2024.hdf5,False,False,False,False,37.212,136.765,0.0,3.7,2024/01/01 22:08:00,9
0,20240101221000,train,/public/home/test_bigmodel/seismogram/zb/team_pytorch/japan_data/japan_2024.hdf5,False,False,False,False,37.397,137.062,9.0,4.4,2024/01/01 22:10:00,3
0,20240101221100,train,/public/home/test_bigmodel/seismogram/zb/team_pytorch/japan_data/japan_2024.hdf5,False,False,False,False,37.133,136.698,2.0,3.1,2024/01/01 22:11:00,78
0,20240101221400,train,/public/home/test_bigmodel/seismogram/zb/team_pytorch/japan_data/japan_2024.hdf5,False,False,False,False,37.445,137.168,13.0,3.5,2024/01/01 22:14:00,15
0,20240101221700,train,/public/home/test_bigmodel/seismogram/zb/team_pytorch/japan_data/japan_2024.hdf5,False,False,False,False,37.373,137.005,7.0,3.5,2024/01/01 22:17:00,9
0,20240101222800,train,/public/home/test_bigmodel/seismogram/zb/team_pytorch/japan_data/japan_2024.hdf5,False,False,False,False,37.118,136.652,9.0,3.8,2024/01/01 22:28:00,22
0,20240101223000,train,/public/home/test_bigmodel/seismogram/zb/team_pytorch/japan_data/japan_2024.hdf5,False,False,False,False,37.395,136.923,0.0,3.2,2024/01/01 22:30:00,5
0,20240101223600,train,/public/home/test_bigmodel/seismogram/zb/team_pytorch/japan_data/japan_2024.hdf5,False,False,False,False,37.518,137.323,9.0,3.8,2024/01/01 22:36:00,12
0,20240101224000,train,/public/home/test_bigmodel/seismogram/zb/team_pytorch/japan_data/japan_2024.hdf5,False,False,False,False,37.502,137.028,15.0,3.0,2024/01/01 22:40:00,11
0,20240101225600,train,/public/home/test_bigmodel/seismogram/zb/team_pytorch/japan_data/japan_2024.hdf5,False,False,False,False,37.203,136.752,0.0,3.6,2024/01/01 22:56:00,15
0,20240101230000,train,/public/home/test_bigmodel/seismogram/zb/team_pytorch/japan_data/japan_2024.hdf5,False,False,False,False,37.303,136.88,13.0,3.9,2024/01/01 23:00:00,24
0,20240101230100,train,/public/home/test_bigmodel/seismogram/zb/team_pytorch/japan_data/japan_2024.hdf5,False,False,False,False,37.388,137.003,3.0,3.6,2024/01/01 23:01:00,4
0,20240101230300,train,/public/home/test_bigmodel/seismogram/zb/team_pytorch/japan_data/japan_2024.hdf5,False,False,False,False,37.723,137.608,18.0,4.4,2024/01/01 23:03:00,75
0,20240101230600,train,/public/home/test_bigmodel/seismogram/zb/team_pytorch/japan_data/japan_2024.hdf5,False,False,False,False,37.393,137.065,10.0,3.8,2024/01/01 23:06:00,12
0,20240101230800,train,/public/home/test_bigmodel/seismogram/zb/team_pytorch/japan_data/japan_2024.hdf5,False,False,False,False,37.318,136.917,12.0,3.7,2024/01/01 23:08:00,13
0,20240101231200,train,/public/home/test_bigmodel/seismogram/zb/team_pytorch/japan_data/japan_2024.hdf5,False,False,False,False,37.55,137.218,0.0,3.2,2024/01/01 23:12:00,6
0,20240101231900,train,/public/home/test_bigmodel/seismogram/zb/team_pytorch/japan_data/japan_2024.hdf5,False,False,False,False,37.537,137.328,8.0,4.2,2024/01/01 23:19:00,32
0,20240101232100,train,/public/home/test_bigmodel/seismogram/zb/team_pytorch/japan_data/japan_2024.hdf5,False,False,False,False,37.138,136.642,3.0,3.2,2024/01/01 23:21:00,3
0,20240101232400,train,/public/home/test_bigmodel/seismogram/zb/team_pytorch/japan_data/japan_2024.hdf5,False,False,False,False,37.217,136.717,4.0,3.1,2024/01/01 23:24:00,9
0,20240101232800,train,/public/home/test_bigmodel/seismogram/zb/team_pytorch/japan_data/japan_2024.hdf5,False,False,False,False,37.38,136.97,8.0,3.0,2024/01/01 23:28:00,6
0,20240101233000,train,/public/home/test_bigmodel/seismogram/zb/team_pytorch/japan_data/japan_2024.hdf5,False,False,False,False,37.198,136.69,6.0,4.3,2024/01/01 23:30:00,51
0,20240101233500,train,/public/home/test_bigmodel/seismogram/zb/team_pytorch/japan_data/japan_2024.hdf5,False,False,False,False,37.147,136.658,0.0,3.3,2024/01/01 23:35:00,6
0,20240101235000,train,/public/home/test_bigmodel/seismogram/zb/team_pytorch/japan_data/japan_2024.hdf5,False,False,False,False,37.365,136.988,7.0,3.8,2024/01/01 23:50:00,17
0,20240101235400,train,/public/home/test_bigmodel/seismogram/zb/team_pytorch/japan_data/japan_2024.hdf5,False,False,False,False,37.147,136.638,6.0,3.3,2024/01/01 23:54:00,8
0,20240101235800,train,/public/home/test_bigmodel/seismogram/zb/team_pytorch/japan_data/japan_2024.hdf5,False,False,False,False,37.492,137.317,10.0,3.7,2024/01/01 23:58:00,17
0,20240102000100,train,/public/home/test_bigmodel/seismogram/zb/team_pytorch/japan_data/japan_2024.hdf5,False,False,False,False,37.485,137.262,12.0,3.2,2024/01/02 00:01:00,7
0,20240102000800,train,/public/home/test_bigmodel/seismogram/zb/team_pytorch/japan_data/japan_2024.hdf5,False,False,False,False,37.505,137.295,10.0,4.3,2024/01/02 00:08:00,41
0,20240102000900,train,/public/home/test_bigmodel/seismogram/zb/team_pytorch/japan_data/japan_2024.hdf5,False,False,False,False,37.4,136.922,0.0,3.1,2024/01/02 00:09:00,4
0,20240102001400,train,/public/home/test_bigmodel/seismogram/zb/team_pytorch/japan_data/japan_2024.hdf5,False,False,False,False,37.545,137.205,7.0,3.6,2024/01/02 00:14:00,10
0,20240102002400,train,/public/home/test_bigmodel/seismogram/zb/team_pytorch/japan_data/japan_2024.hdf5,False,False,False,False,37.212,136.607,0.0,3.9,2024/01/02 00:24:00,16
0,20240102002800,train,/public/home/test_bigmodel/seismogram/zb/team_pytorch/japan_data/japan_2024.hdf5,False,False,False,False,37.587,137.445,13.0,3.2,2024/01/02 00:28:00,5
0,20240102005200,train,/public/home/test_bigmodel/seismogram/zb/team_pytorch/japan_data/japan_2024.hdf5,False,False,False,False,37.123,136.623,7.0,3.5,2024/01/02 00:52:00,5
0,20240102005700,train,/public/home/test_bigmodel/seismogram/zb/team_pytorch/japan_data/japan_2024.hdf5,False,False,False,False,37.377,136.883,8.0,3.6,2024/01/02 00:57:00,9
0,20240102010100,train,/public/home/test_bigmodel/seismogram/zb/team_pytorch/japan_data/japan_2024.hdf5,False,False,False,False,37.38,136.875,8.0,3.6,2024/01/02 01:01:00,13
0,20240102011500,train,/public/home/test_bigmodel/seismogram/zb/team_pytorch/japan_data/japan_2024.hdf5,False,False,False,False,37.373,136.938,11.0,3.9,2024/01/02 01:15:00,20
0,20240102012500,train,/public/home/test_bigmodel/seismogram/zb/team_pytorch/japan_data/japan_2024.hdf5,False,False,False,False,37.38,136.58,7.0,3.7,2024/01/02 01:25:00,5
0,20240102012900,train,/public/home/test_bigmodel/seismogram/zb/team_pytorch/japan_data/japan_2024.hdf5,False,False,False,False,37.505,137.213,13.0,3.4,2024/01/02 01:29:00,9
0,20240102013400,train,/public/home/test_bigmodel/seismogram/zb/team_pytorch/japan_data/japan_2024.hdf5,False,False,False,False,37.798,137.683,21.0,3.4,2024/01/02 01:34:00,10
0,20240102014300,train,/public/home/test_bigmodel/seismogram/zb/team_pytorch/japan_data/japan_2024.hdf5,False,False,False,False,37.55,137.367,13.0,4.1,2024/01/02 01:43:00,34
0,20240102014600,train,/public/home/test_bigmodel/seismogram/zb/team_pytorch/japan_data/japan_2024.hdf5,False,False,False,False,37.453,137.278,12.0,3.2,2024/01/02 01:46:00,8
0,20240102015500,train,/public/home/test_bigmodel/seismogram/zb/team_pytorch/japan_data/japan_2024.hdf5,False,False,False,False,37.367,137.075,10.0,4.1,2024/01/02 01:55:00,47
0,20240102015800,train,/public/home/test_bigmodel/seismogram/zb/team_pytorch/japan_data/japan_2024.hdf5,False,False,False,False,37.548,137.275,0.0,3.5,2024/01/02 01:58:00,5
0,20240102020000,train,/public/home/test_bigmodel/seismogram/zb/team_pytorch/japan_data/japan_2024.hdf5,False,False,False,False,37.183,136.683,9.0,3.8,2024/01/02 02:00:00,24
0,20240102020600,train,/public/home/test_bigmodel/seismogram/zb/team_pytorch/japan_data/japan_2024.hdf5,False,False,False,False,37.387,136.733,7.0,3.8,2024/01/02 02:06:00,8
0,20240102021600,train,/public/home/test_bigmodel/seismogram/zb/team_pytorch/japan_data/japan_2024.hdf5,False,False,False,False,37.392,136.888,10.0,3.0,2024/01/02 02:16:00,3
0,20240102021800,train,/public/home/test_bigmodel/seismogram/zb/team_pytorch/japan_data/japan_2024.hdf5,False,False,False,False,37.388,136.863,0.0,3.3,2024/01/02 02:18:00,5
0,20240102022900,train,/public/home/test_bigmodel/seismogram/zb/team_pytorch/japan_data/japan_2024.hdf5,False,False,False,False,37.37,136.935,11.0,3.7,2024/01/02 02:29:00,19
0,20240102023200,train,/public/home/test_bigmodel/seismogram/zb/team_pytorch/japan_data/japan_2024.hdf5,False,False,False,False,37.142,136.695,4.0,3.0,2024/01/02 02:32:00,5
0,20240102023300,train,/public/home/test_bigmodel/seismogram/zb/team_pytorch/japan_data/japan_2024.hdf5,False,False,False,False,37.637,137.425,11.0,4.6,2024/01/02 02:33:00,92
0,20240102024700,train,/public/home/test_bigmodel/seismogram/zb/team_pytorch/japan_data/japan_2024.hdf5,False,False,False,False,37.158,136.772,5.0,3.2,2024/01/02 02:47:00,7
0,20240102024800,train,/public/home/test_bigmodel/seismogram/zb/team_pytorch/japan_data/japan_2024.hdf5,False,False,False,False,37.862,137.82,18.0,4.2,2024/01/02 02:48:00,29
0,20240102025200,train,/public/home/test_bigmodel/seismogram/zb/team_pytorch/japan_data/japan_2024.hdf5,False,False,False,False,37.218,136.74,5.0,4.2,2024/01/02 02:52:00,36
0,20240102025300,train,/public/home/test_bigmodel/seismogram/zb/team_pytorch/japan_data/japan_2024.hdf5,False,False,False,False,37.512,137.192,8.0,3.4,2024/01/02 02:53:00,9
0,20240102030100,train,/public/home/test_bigmodel/seismogram/zb/team_pytorch/japan_data/japan_2024.hdf5,False,False,False,False,37.247,136.692,7.0,3.9,2024/01/02 03:01:00,28
0,20240102030600,train,/public/home/test_bigmodel/seismogram/zb/team_pytorch/japan_data/japan_2024.hdf5,False,False,False,False,37.368,136.853,10.0,3.4,2024/01/02 03:06:00,10
0,20240102032000,train,/public/home/test_bigmodel/seismogram/zb/team_pytorch/japan_data/japan_2024.hdf5,False,False,False,False,37.468,137.295,11.0,3.0,2024/01/02 03:20:00,9
0,20240102032300,train,/public/home/test_bigmodel/seismogram/zb/team_pytorch/japan_data/japan_2024.hdf5,False,False,False,False,37.195,136.752,10.0,3.1,2024/01/02 03:23:00,9
0,20240102032700,train,/public/home/test_bigmodel/seismogram/zb/team_pytorch/japan_data/japan_2024.hdf5,False,False,False,False,37.388,137.0,5.0,3.2,2024/01/02 03:27:00,10
0,20240102032900,train,/public/home/test_bigmodel/seismogram/zb/team_pytorch/japan_data/japan_2024.hdf5,False,False,False,False,37.143,136.743,2.0,3.9,2024/01/02 03:29:00,16
0,20240102033200,train,/public/home/test_bigmodel/seismogram/zb/team_pytorch/japan_data/japan_2024.hdf5,False,False,False,False,37.168,136.68,7.0,3.0,2024/01/02 03:32:00,7
0,20240102033400,train,/public/home/test_bigmodel/seismogram/zb/team_pytorch/japan_data/japan_2024.hdf5,False,False,False,False,37.363,136.955,10.0,4.0,2024/01/02 03:34:00,21
0,20240102034700,train,/public/home/test_bigmodel/seismogram/zb/team_pytorch/japan_data/japan_2024.hdf5,False,False,False,False,36.963,136.752,9.0,3.9,2024/01/02 03:47:00,27
0,20240102035400,train,/public/home/test_bigmodel/seismogram/zb/team_pytorch/japan_data/japan_2024.hdf5,False,False,False,False,37.183,136.758,1.0,3.4,2024/01/02 03:54:00,10
0,20240102035700,train,/public/home/test_bigmodel/seismogram/zb/team_pytorch/japan_data/japan_2024.hdf5,False,False,False,False,37.15,136.692,6.0,3.0,2024/01/02 03:57:00,6
0,20240102040200,train,/public/home/test_bigmodel/seismogram/zb/team_pytorch/japan_data/japan_2024.hdf5,False,False,False,False,37.315,136.827,11.0,4.0,2024/01/02 04:02:00,23
0,20240102040500,train,/public/home/test_bigmodel/seismogram/zb/team_pytorch/japan_data/japan_2024.hdf5,False,False,False,False,37.457,137.142,10.0,4.0,2024/01/02 04:05:00,28
0,20240102040600,train,/public/home/test_bigmodel/seismogram/zb/team_pytorch/japan_data/japan_2024.hdf5,False,False,False,False,37.393,136.91,2.0,3.5,2024/01/02 04:06:00,3
0,20240102041500,train,/public/home/test_bigmodel/seismogram/zb/team_pytorch/japan_data/japan_2024.hdf5,False,False,False,False,37.125,136.637,8.0,3.1,2024/01/02 04:15:00,4
0,20240102042400,train,/public/home/test_bigmodel/seismogram/zb/team_pytorch/japan_data/japan_2024.hdf5,False,False,False,False,37.547,137.373,8.0,3.5,2024/01/02 04:24:00,8
0,20240102042700,train,/public/home/test_bigmodel/seismogram/zb/team_pytorch/japan_data/japan_2024.hdf5,False,False,False,False,37.072,136.575,9.0,4.7,2024/01/02 04:27:00,80
0,20240102044200,train,/public/home/test_bigmodel/seismogram/zb/team_pytorch/japan_data/japan_2024.hdf5,False,False,False,False,37.257,136.677,12.0,4.9,2024/01/02 04:42:00,152
0,20240102044400,train,/public/home/test_bigmodel/seismogram/zb/team_pytorch/japan_data/japan_2024.hdf5,False,False,False,False,37.083,136.54,8.0,3.6,2024/01/02 04:44:00,10
0,20240102044900,train,/public/home/test_bigmodel/seismogram/zb/team_pytorch/japan_data/japan_2024.hdf5,False,False,False,False,37.385,137.05,11.0,4.1,2024/01/02 04:49:00,14
0,20240102045500,train,/public/home/test_bigmodel/seismogram/zb/team_pytorch/japan_data/japan_2024.hdf5,False,False,False,False,37.377,136.955,11.0,3.6,2024/01/02 04:55:00,13
0,20240102050300,train,/public/home/test_bigmodel/seismogram/zb/team_pytorch/japan_data/japan_2024.hdf5,False,False,False,False,37.33,136.997,12.0,3.9,2024/01/02 05:03:00,23
0,20240102051800,train,/public/home/test_bigmodel/seismogram/zb/team_pytorch/japan_data/japan_2024.hdf5,False,False,False,False,37.122,136.683,6.0,3.5,2024/01/02 05:18:00,7
0,20240102052100,train,/public/home/test_bigmodel/seismogram/zb/team_pytorch/japan_data/japan_2024.hdf5,False,False,False,False,37.167,136.665,11.0,3.9,2024/01/02 05:21:00,17
0,20240102052300,train,/public/home/test_bigmodel/seismogram/zb/team_pytorch/japan_data/japan_2024.hdf5,False,False,False,False,37.395,136.883,0.0,3.0,2024/01/02 05:23:00,4
0,20240102052700,train,/public/home/test_bigmodel/seismogram/zb/team_pytorch/japan_data/japan_2024.hdf5,False,False,False,False,37.382,136.743,3.0,3.4,2024/01/02 05:27:00,5
0,20240102055600,train,/public/home/test_bigmodel/seismogram/zb/team_pytorch/japan_data/japan_2024.hdf5,False,False,False,False,37.373,137.155,12.0,3.6,2024/01/02 05:56:00,12
0,20240102061300,train,/public/home/test_bigmodel/seismogram/zb/team_pytorch/japan_data/japan_2024.hdf5,False,False,False,False,37.382,136.89,7.0,3.1,2024/01/02 06:13:00,7
0,20240102063000,train,/public/home/test_bigmodel/seismogram/zb/team_pytorch/japan_data/japan_2024.hdf5,False,False,False,False,37.337,136.757,10.0,3.7,2024/01/02 06:30:00,10
0,20240102063300,train,/public/home/test_bigmodel/seismogram/zb/team_pytorch/japan_data/japan_2024.hdf5,False,False,False,False,37.178,136.698,10.0,3.1,2024/01/02 06:33:00,3
0,20240102063400,train,/public/home/test_bigmodel/seismogram/zb/team_pytorch/japan_data/japan_2024.hdf5,False,False,False,False,37.35,136.905,12.0,4.2,2024/01/02 06:34:00,52
0,20240102064700,train,/public/home/test_bigmodel/seismogram/zb/team_pytorch/japan_data/japan_2024.hdf5,False,False,False,False,37.435,137.015,3.0,3.7,2024/01/02 06:47:00,9
0,20240102065300,train,/public/home/test_bigmodel/seismogram/zb/team_pytorch/japan_data/japan_2024.hdf5,False,False,False,False,37.562,137.615,20.0,4.2,2024/01/02 06:53:00,29
0,20240102070900,train,/public/home/test_bigmodel/seismogram/zb/team_pytorch/japan_data/japan_2024.hdf5,False,False,False,False,37.375,136.953,11.0,3.7,2024/01/02 07:09:00,15
0,20240102071300,train,/public/home/test_bigmodel/seismogram/zb/team_pytorch/japan_data/japan_2024.hdf5,False,False,False,False,37.32,136.923,11.0,4.5,2024/01/02 07:13:00,85
0,20240102072500,train,/public/home/test_bigmodel/seismogram/zb/team_pytorch/japan_data/japan_2024.hdf5,False,False,False,False,37.417,136.93,0.0,3.1,2024/01/02 07:25:00,4
0,20240102072700,train,/public/home/test_bigmodel/seismogram/zb/team_pytorch/japan_data/japan_2024.hdf5,False,False,False,False,37.417,137.002,6.0,4.3,2024/01/02 07:27:00,17
0,20240102073700,train,/public/home/test_bigmodel/seismogram/zb/team_pytorch/japan_data/japan_2024.hdf5,False,False,False,False,37.498,137.277,13.0,4.2,2024/01/02 07:37:00,30
0,20240102074000,train,/public/home/test_bigmodel/seismogram/zb/team_pytorch/japan_data/japan_2024.hdf5,False,False,False,False,37.2,136.687,5.0,3.6,2024/01/02 07:40:00,12
0,20240102074200,train,/public/home/test_bigmodel/seismogram/zb/team_pytorch/japan_data/japan_2024.hdf5,False,False,False,False,37.342,136.965,12.0,3.2,2024/01/02 07:42:00,6
0,20240102081500,train,/public/home/test_bigmodel/seismogram/zb/team_pytorch/japan_data/japan_2024.hdf5,False,False,False,False,37.49,137.303,11.0,3.6,2024/01/02 08:15:00,8
0,20240102082100,train,/public/home/test_bigmodel/seismogram/zb/team_pytorch/japan_data/japan_2024.hdf5,False,False,False,False,37.372,137.018,13.0,3.5,2024/01/02 08:21:00,15
0,20240102083500,train,/public/home/test_bigmodel/seismogram/zb/team_pytorch/japan_data/japan_2024.hdf5,False,False,False,False,37.185,136.743,0.0,3.3,2024/01/02 08:35:00,9
0,20240102084200,train,/public/home/test_bigmodel/seismogram/zb/team_pytorch/japan_data/japan_2024.hdf5,False,False,False,False,37.355,136.927,11.0,3.8,2024/01/02 08:42:00,15
0,20240102084700,train,/public/home/test_bigmodel/seismogram/zb/team_pytorch/japan_data/japan_2024.hdf5,False,False,False,False,37.397,136.903,7.0,3.1,2024/01/02 08:47:00,3
0,20240102085400,train,/public/home/test_bigmodel/seismogram/zb/team_pytorch/japan_data/japan_2024.hdf5,False,False,False,False,37.108,136.613,6.0,3.4,2024/01/02 08:54:00,10
0,20240102085800,train,/public/home/test_bigmodel/seismogram/zb/team_pytorch/japan_data/japan_2024.hdf5,False,False,False,False,37.377,136.985,9.0,3.0,2024/01/02 08:58:00,5
0,20240102090100,train,/public/home/test_bigmodel/seismogram/zb/team_pytorch/japan_data/japan_2024.hdf5,False,False,False,False,37.39,136.882,7.0,4.1,2024/01/02 09:01:00,16
0,20240102091300,train,/public/home/test_bigmodel/seismogram/zb/team_pytorch/japan_data/japan_2024.hdf5,False,False,False,False,37.493,137.287,12.0,3.6,2024/01/02 09:13:00,3
0,20240102091400,train,/public/home/test_bigmodel/seismogram/zb/team_pytorch/japan_data/japan_2024.hdf5,False,False,False,False,37.435,137.21,14.0,4.5,2024/01/02 09:14:00,87
0,20240102091500,train,/public/home/test_bigmodel/seismogram/zb/team_pytorch/japan_data/japan_2024.hdf5,False,False,False,False,37.5,137.267,9.0,3.2,2024/01/02 09:15:00,5
0,20240102095500,train,/public/home/test_bigmodel/seismogram/zb/team_pytorch/japan_data/japan_2024.hdf5,False,False,False,False,37.212,136.835,12.0,3.7,2024/01/02 09:55:00,24
0,20240102095900,train,/public/home/test_bigmodel/seismogram/zb/team_pytorch/japan_data/japan_2024.hdf5,False,False,False,False,37.155,136.748,7.0,3.4,2024/01/02 09:59:00,13
0,20240102101700,train,/public/home/test_bigmodel/seismogram/zb/team_pytorch/japan_data/japan_2024.hdf5,False,False,False,False,37.222,136.722,10.0,5.6,2024/01/02 10:17:00,287
0,20240102110300,train,/public/home/test_bigmodel/seismogram/zb/team_pytorch/japan_data/japan_2024.hdf5,False,False,False,False,37.127,136.708,1.0,3.7,2024/01/02 11:03:00,4
0,20240102110400,train,/public/home/test_bigmodel/seismogram/zb/team_pytorch/japan_data/japan_2024.hdf5,False,False,False,False,37.227,136.812,10.0,3.4,2024/01/02 11:04:00,5
0,20240102110500,train,/public/home/test_bigmodel/seismogram/zb/team_pytorch/japan_data/japan_2024.hdf5,False,False,False,False,37.363,137.085,11.0,4.0,2024/01/02 11:05:00,44
0,20240102111600,train,/public/home/test_bigmodel/seismogram/zb/team_pytorch/japan_data/japan_2024.hdf5,False,False,False,False,37.493,137.247,11.0,3.8,2024/01/02 11:16:00,15
0,20240102111900,train,/public/home/test_bigmodel/seismogram/zb/team_pytorch/japan_data/japan_2024.hdf5,False,False,False,False,37.198,136.745,7.0,4.0,2024/01/02 11:19:00,24
0,20240102114100,train,/public/home/test_bigmodel/seismogram/zb/team_pytorch/japan_data/japan_2024.hdf5,False,False,False,False,37.453,137.13,11.0,3.9,2024/01/02 11:41:00,15
0,20240102130900,train,/public/home/test_bigmodel/seismogram/zb/team_pytorch/japan_data/japan_2024.hdf5,False,False,False,False,37.457,137.168,12.0,3.6,2024/01/02 13:09:00,10
0,20240102134100,train,/public/home/test_bigmodel/seismogram/zb/team_pytorch/japan_data/japan_2024.hdf5,False,False,False,False,37.487,137.275,12.0,3.0,2024/01/02 13:41:00,10
0,20240102134300,train,/public/home/test_bigmodel/seismogram/zb/team_pytorch/japan_data/japan_2024.hdf5,False,False,False,False,37.33,136.905,11.0,3.7,2024/01/02 13:43:00,9
0,20240102135400,train,/public/home/test_bigmodel/seismogram/zb/team_pytorch/japan_data/japan_2024.hdf5,False,False,False,False,37.2,136.688,0.0,3.1,2024/01/02 13:54:00,5
0,20240102140200,train,/public/home/test_bigmodel/seismogram/zb/team_pytorch/japan_data/japan_2024.hdf5,False,False,False,False,37.375,136.785,7.0,4.4,2024/01/02 14:02:00,18
0,20240102150100,train,/public/home/test_bigmodel/seismogram/zb/team_pytorch/japan_data/japan_2024.hdf5,False,False,False,False,37.378,136.86,6.0,3.5,2024/01/02 15:01:00,6
0,20240102150200,train,/public/home/test_bigmodel/seismogram/zb/team_pytorch/japan_data/japan_2024.hdf5,False,False,False,False,37.79,137.752,20.0,4.1,2024/01/02 15:02:00,48
0,20240102153500,train,/public/home/test_bigmodel/seismogram/zb/team_pytorch/japan_data/japan_2024.hdf5,False,False,False,False,37.37,136.892,0.0,3.2,2024/01/02 15:35:00,6
0,20240102155700,train,/public/home/test_bigmodel/seismogram/zb/team_pytorch/japan_data/japan_2024.hdf5,False,False,False,False,37.198,136.697,6.0,4.5,2024/01/02 15:57:00,73
0,20240102164100,train,/public/home/test_bigmodel/seismogram/zb/team_pytorch/japan_data/japan_2024.hdf5,False,False,False,False,37.558,137.375,10.0,3.6,2024/01/02 16:41:00,4
0,20240102164500,train,/public/home/test_bigmodel/seismogram/zb/team_pytorch/japan_data/japan_2024.hdf5,False,False,False,False,37.163,136.702,3.0,3.0,2024/01/02 16:45:00,5
0,20240102171300,train,/public/home/test_bigmodel/seismogram/zb/team_pytorch/japan_data/japan_2024.hdf5,False,False,False,False,37.138,136.633,6.0,4.6,2024/01/02 17:13:00,79
0,20240102175600,train,/public/home/test_bigmodel/seismogram/zb/team_pytorch/japan_data/japan_2024.hdf5,False,False,False,False,37.292,136.76,7.0,3.8,2024/01/02 17:56:00,12
0,20240102180700,train,/public/home/test_bigmodel/seismogram/zb/team_pytorch/japan_data/japan_2024.hdf5,False,False,False,False,37.182,136.74,4.0,3.0,2024/01/02 18:07:00,5
0,20240102182900,train,/public/home/test_bigmodel/seismogram/zb/team_pytorch/japan_data/japan_2024.hdf5,False,False,False,False,37.458,137.257,13.0,4.3,2024/01/02 18:29:00,42
0,20240102184600,train,/public/home/test_bigmodel/seismogram/zb/team_pytorch/japan_data/japan_2024.hdf5,False,False,False,False,37.365,137.113,10.0,3.6,2024/01/02 18:46:00,21
0,20240102185000,train,/public/home/test_bigmodel/seismogram/zb/team_pytorch/japan_data/japan_2024.hdf5,False,False,False,False,37.742,137.588,18.0,4.3,2024/01/02 18:50:00,37
0,20240102185900,train,/public/home/test_bigmodel/seismogram/zb/team_pytorch/japan_data/japan_2024.hdf5,False,False,False,False,37.202,136.642,1.0,3.6,2024/01/02 18:59:00,8
0,20240102201600,train,/public/home/test_bigmodel/seismogram/zb/team_pytorch/japan_data/japan_2024.hdf5,False,False,False,False,37.122,136.658,6.0,3.7,2024/01/02 20:16:00,18
0,20240102205200,train,/public/home/test_bigmodel/seismogram/zb/team_pytorch/japan_data/japan_2024.hdf5,False,False,False,False,37.45,137.27,13.0,3.6,2024/01/02 20:52:00,11
0,20240102211300,train,/public/home/test_bigmodel/seismogram/zb/team_pytorch/japan_data/japan_2024.hdf5,False,False,False,False,37.305,136.93,17.0,4.4,2024/01/02 21:13:00,52
0,20240102220300,train,/public/home/test_bigmodel/seismogram/zb/team_pytorch/japan_data/japan_2024.hdf5,False,False,False,False,37.307,136.837,13.0,3.8,2024/01/02 22:03:00,7
0,20240102220400,train,/public/home/test_bigmodel/seismogram/zb/team_pytorch/japan_data/japan_2024.hdf5,False,False,False,False,37.148,136.717,5.0,3.2,2024/01/02 22:04:00,3
0,20240102221900,train,/public/home/test_bigmodel/seismogram/zb/team_pytorch/japan_data/japan_2024.hdf5,False,False,False,False,37.168,136.672,4.0,3.5,2024/01/02 22:19:00,11
0,20240102225000,train,/public/home/test_bigmodel/seismogram/zb/team_pytorch/japan_data/japan_2024.hdf5,False,False,False,False,37.477,137.002,5.0,3.1,2024/01/02 22:50:00,7
0,20240102231700,train,/public/home/test_bigmodel/seismogram/zb/team_pytorch/japan_data/japan_2024.hdf5,False,False,False,False,37.195,136.8,9.0,3.6,2024/01/02 23:17:00,15
0,20240103011300,train,/public/home/test_bigmodel/seismogram/zb/team_pytorch/japan_data/japan_2024.hdf5,False,False,False,False,37.205,136.713,3.0,3.3,2024/01/03 01:13:00,10
0,20240103012100,train,/public/home/test_bigmodel/seismogram/zb/team_pytorch/japan_data/japan_2024.hdf5,False,False,False,False,37.15,136.648,3.0,3.5,2024/01/03 01:21:00,8
0,20240103022100,train,/public/home/test_bigmodel/seismogram/zb/team_pytorch/japan_data/japan_2024.hdf5,False,False,False,False,37.482,137.303,12.0,4.9,2024/01/03 02:21:00,152
0,20240103023000,train,/public/home/test_bigmodel/seismogram/zb/team_pytorch/japan_data/japan_2024.hdf5,False,False,False,False,37.487,137.3,13.0,4.4,2024/01/03 02:30:00,68
0,20240103023100,train,/public/home/test_bigmodel/seismogram/zb/team_pytorch/japan_data/japan_2024.hdf5,False,False,False,False,37.485,137.3,12.0,3.5,2024/01/03 02:31:00,6
0,20240103025400,train,/public/home/test_bigmodel/seismogram/zb/team_pytorch/japan_data/japan_2024.hdf5,False,False,False,False,37.427,137.122,8.0,3.8,2024/01/03 02:54:00,17
0,20240103025800,train,/public/home/test_bigmodel/seismogram/zb/team_pytorch/japan_data/japan_2024.hdf5,False,False,False,False,37.485,137.305,12.0,3.1,2024/01/03 02:58:00,5
0,20240103031800,train,/public/home/test_bigmodel/seismogram/zb/team_pytorch/japan_data/japan_2024.hdf5,False,False,False,False,37.377,136.94,10.0,3.2,2024/01/03 03:18:00,5
0,20240103034500,train,/public/home/test_bigmodel/seismogram/zb/team_pytorch/japan_data/japan_2024.hdf5,False,False,False,False,37.16,136.723,5.0,3.7,2024/01/03 03:45:00,15
0,20240103045000,train,/public/home/test_bigmodel/seismogram/zb/team_pytorch/japan_data/japan_2024.hdf5,False,False,False,False,37.17,136.722,6.0,3.4,2024/01/03 04:50:00,12
0,20240103053600,train,/public/home/test_bigmodel/seismogram/zb/team_pytorch/japan_data/japan_2024.hdf5,False,False,False,False,37.203,136.72,7.0,3.7,2024/01/03 05:36:00,17
0,20240103054700,train,/public/home/test_bigmodel/seismogram/zb/team_pytorch/japan_data/japan_2024.hdf5,False,False,False,False,37.173,136.693,7.0,3.3,2024/01/03 05:47:00,6
0,20240103063200,train,/public/home/test_bigmodel/seismogram/zb/team_pytorch/japan_data/japan_2024.hdf5,False,False,False,False,37.172,136.728,5.0,4.3,2024/01/03 06:32:00,33
0,20240103063800,train,/public/home/test_bigmodel/seismogram/zb/team_pytorch/japan_data/japan_2024.hdf5,False,False,False,False,37.497,137.365,13.0,3.3,2024/01/03 06:38:00,8
0,20240103065300,train,/public/home/test_bigmodel/seismogram/zb/team_pytorch/japan_data/japan_2024.hdf5,False,False,False,False,37.167,136.737,5.0,3.0,2024/01/03 06:53:00,9
0,20240103075100,train,/public/home/test_bigmodel/seismogram/zb/team_pytorch/japan_data/japan_2024.hdf5,False,False,False,False,37.082,136.488,6.0,4.0,2024/01/03 07:51:00,27
0,20240103083400,train,/public/home/test_bigmodel/seismogram/zb/team_pytorch/japan_data/japan_2024.hdf5,False,False,False,False,37.36,136.995,13.0,4.0,2024/01/03 08:34:00,33
0,20240103095800,train,/public/home/test_bigmodel/seismogram/zb/team_pytorch/japan_data/japan_2024.hdf5,False,False,False,False,37.177,136.752,0.0,3.1,2024/01/03 09:58:00,9
0,20240103105400,train,/public/home/test_bigmodel/seismogram/zb/team_pytorch/japan_data/japan_2024.hdf5,False,False,False,False,37.373,136.872,13.0,5.6,2024/01/03 10:54:00,266
0,20240103114800,train,/public/home/test_bigmodel/seismogram/zb/team_pytorch/japan_data/japan_2024.hdf5,False,False,False,False,37.458,137.202,12.0,4.2,2024/01/03 11:48:00,35
0,20240103115700,train,/public/home/test_bigmodel/seismogram/zb/team_pytorch/japan_data/japan_2024.hdf5,False,False,False,False,37.432,137.1,6.0,3.7,2024/01/03 11:57:00,12
0,20240103123700,train,/public/home/test_bigmodel/seismogram/zb/team_pytorch/japan_data/japan_2024.hdf5,False,False,False,False,37.237,136.64,5.0,4.3,2024/01/03 12:37:00,21
0,20240103125400,train,/public/home/test_bigmodel/seismogram/zb/team_pytorch/japan_data/japan_2024.hdf5,False,False,False,False,37.647,137.607,23.0,5.0,2024/01/03 12:54:00,171
0,20240103132600,train,/public/home/test_bigmodel/seismogram/zb/team_pytorch/japan_data/japan_2024.hdf5,False,False,False,False,37.13,136.687,6.0,3.1,2024/01/03 13:26:00,7
0,20240103134400,train,/public/home/test_bigmodel/seismogram/zb/team_pytorch/japan_data/japan_2024.hdf5,False,False,False,False,37.563,137.38,11.0,4.1,2024/01/03 13:44:00,28
0,20240103145100,train,/public/home/test_bigmodel/seismogram/zb/team_pytorch/japan_data/japan_2024.hdf5,False,False,False,False,37.38,136.833,10.0,3.0,2024/01/03 14:51:00,3
0,20240103145500,train,/public/home/test_bigmodel/seismogram/zb/team_pytorch/japan_data/japan_2024.hdf5,False,False,False,False,37.113,136.61,4.0,3.4,2024/01/03 14:55:00,6
0,20240103154400,train,/public/home/test_bigmodel/seismogram/zb/team_pytorch/japan_data/japan_2024.hdf5,False,False,False,False,37.37,136.817,8.0,3.6,2024/01/03 15:44:00,11
0,20240103160800,train,/public/home/test_bigmodel/seismogram/zb/team_pytorch/japan_data/japan_2024.hdf5,False,False,False,False,37.388,136.857,11.0,4.2,2024/01/03 16:08:00,43
0,20240103161900,train,/public/home/test_bigmodel/seismogram/zb/team_pytorch/japan_data/japan_2024.hdf5,False,False,False,False,37.513,137.17,10.0,3.0,2024/01/03 16:19:00,12
0,20240103172000,train,/public/home/test_bigmodel/seismogram/zb/team_pytorch/japan_data/japan_2024.hdf5,False,False,False,False,37.222,136.642,6.0,3.5,2024/01/03 17:20:00,6
0,20240103172200,train,/public/home/test_bigmodel/seismogram/zb/team_pytorch/japan_data/japan_2024.hdf5,False,False,False,False,37.175,136.69,4.0,3.6,2024/01/03 17:22:00,12
0,20240103175100,train,/public/home/test_bigmodel/seismogram/zb/team_pytorch/japan_data/japan_2024.hdf5,False,False,False,False,37.175,136.733,8.0,3.1,2024/01/03 17:51:00,5
0,20240103175400,train,/public/home/test_bigmodel/seismogram/zb/team_pytorch/japan_data/japan_2024.hdf5,False,False,False,False,37.223,136.735,10.0,3.5,2024/01/03 17:54:00,9
0,20240103184800,train,/public/home/test_bigmodel/seismogram/zb/team_pytorch/japan_data/japan_2024.hdf5,False,False,False,False,37.322,136.803,12.0,4.8,2024/01/03 18:48:00,97
0,20240103190100,train,/public/home/test_bigmodel/seismogram/zb/team_pytorch/japan_data/japan_2024.hdf5,False,False,False,False,37.18,136.635,3.0,3.8,2024/01/03 19:01:00,13
0,20240103190700,train,/public/home/test_bigmodel/seismogram/zb/team_pytorch/japan_data/japan_2024.hdf5,False,False,False,False,37.462,137.132,12.0,3.6,2024/01/03 19:07:00,17
0,20240103193400,train,/public/home/test_bigmodel/seismogram/zb/team_pytorch/japan_data/japan_2024.hdf5,False,False,False,False,37.21,136.713,5.0,3.6,2024/01/03 19:34:00,11
0,20240103194200,train,/public/home/test_bigmodel/seismogram/zb/team_pytorch/japan_data/japan_2024.hdf5,False,False,False,False,37.17,136.737,8.0,4.1,2024/01/03 19:42:00,20
0,20240103194900,train,/public/home/test_bigmodel/seismogram/zb/team_pytorch/japan_data/japan_2024.hdf5,False,False,False,False,37.585,137.443,14.0,4.1,2024/01/03 19:49:00,27
0,20240103204600,train,/public/home/test_bigmodel/seismogram/zb/team_pytorch/japan_data/japan_2024.hdf5,False,False,False,False,37.218,136.837,11.0,3.0,2024/01/03 20:46:00,9
0,20240103204800,train,/public/home/test_bigmodel/seismogram/zb/team_pytorch/japan_data/japan_2024.hdf5,False,False,False,False,37.463,137.212,12.0,3.8,2024/01/03 20:48:00,15
0,20240103205500,train,/public/home/test_bigmodel/seismogram/zb/team_pytorch/japan_data/japan_2024.hdf5,False,False,False,False,37.113,136.595,7.0,3.7,2024/01/03 20:55:00,10
0,20240103214200,train,/public/home/test_bigmodel/seismogram/zb/team_pytorch/japan_data/japan_2024.hdf5,False,False,False,False,37.18,136.747,6.0,3.1,2024/01/03 21:42:00,5
0,20240103215000,train,/public/home/test_bigmodel/seismogram/zb/team_pytorch/japan_data/japan_2024.hdf5,False,False,False,False,37.383,136.867,11.0,3.3,2024/01/03 21:50:00,11
0,20240103222600,train,/public/home/test_bigmodel/seismogram/zb/team_pytorch/japan_data/japan_2024.hdf5,False,False,False,False,37.487,137.3,11.0,3.2,2024/01/03 22:26:00,10
0,20240103233300,train,/public/home/test_bigmodel/seismogram/zb/team_pytorch/japan_data/japan_2024.hdf5,False,False,False,False,37.32,136.983,13.0,4.2,2024/01/03 23:33:00,12
0,20240104001200,train,/public/home/test_bigmodel/seismogram/zb/team_pytorch/japan_data/japan_2024.hdf5,False,False,False,False,37.375,136.87,12.0,3.8,2024/01/04 00:12:00,20
0,20240104003600,train,/public/home/test_bigmodel/seismogram/zb/team_pytorch/japan_data/japan_2024.hdf5,False,False,False,False,37.46,137.127,11.0,4.9,2024/01/04 00:36:00,127
0,20240104031800,train,/public/home/test_bigmodel/seismogram/zb/team_pytorch/japan_data/japan_2024.hdf5,False,False,False,False,37.37,136.86,9.0,3.1,2024/01/04 03:18:00,6
0,20240104032700,train,/public/home/test_bigmodel/seismogram/zb/team_pytorch/japan_data/japan_2024.hdf5,False,False,False,False,37.502,137.295,12.0,3.3,2024/01/04 03:27:00,4
0,20240104043800,train,/public/home/test_bigmodel/seismogram/zb/team_pytorch/japan_data/japan_2024.hdf5,False,False,False,False,37.817,137.848,18.0,4.9,2024/01/04 04:38:00,110
0,20240104051600,train,/public/home/test_bigmodel/seismogram/zb/team_pytorch/japan_data/japan_2024.hdf5,False,False,False,False,37.162,136.698,8.0,3.6,2024/01/04 05:16:00,12
0,20240104060200,train,/public/home/test_bigmodel/seismogram/zb/team_pytorch/japan_data/japan_2024.hdf5,False,False,False,False,37.548,137.34,8.0,3.0,2024/01/04 06:02:00,8
0,20240104074700,train,/public/home/test_bigmodel/seismogram/zb/team_pytorch/japan_data/japan_2024.hdf5,False,False,False,False,37.205,136.668,8.0,3.3,2024/01/04 07:47:00,6
0,20240104101000,train,/public/home/test_bigmodel/seismogram/zb/team_pytorch/japan_data/japan_2024.hdf5,False,False,False,False,37.403,137.207,13.0,4.1,2024/01/04 10:10:00,13
0,20240104105100,train,/public/home/test_bigmodel/seismogram/zb/team_pytorch/japan_data/japan_2024.hdf5,False,False,False,False,37.225,136.628,4.0,3.6,2024/01/04 10:51:00,12
0,20240104122600,train,/public/home/test_bigmodel/seismogram/zb/team_pytorch/japan_data/japan_2024.hdf5,False,False,False,False,37.475,137.255,11.0,3.4,2024/01/04 12:26:00,14
0,20240104154600,train,/public/home/test_bigmodel/seismogram/zb/team_pytorch/japan_data/japan_2024.hdf5,False,False,False,False,37.502,137.287,12.0,4.4,2024/01/04 15:46:00,65
0,20240104155600,train,/public/home/test_bigmodel/seismogram/zb/team_pytorch/japan_data/japan_2024.hdf5,False,False,False,False,37.148,136.697,7.0,3.7,2024/01/04 15:56:00,19
0,20240104171600,train,/public/home/test_bigmodel/seismogram/zb/team_pytorch/japan_data/japan_2024.hdf5,False,False,False,False,37.712,137.525,20.0,5.0,2024/01/04 17:16:00,118
0,20240104194400,train,/public/home/test_bigmodel/seismogram/zb/team_pytorch/japan_data/japan_2024.hdf5,False,False,False,False,37.187,136.687,4.0,3.3,2024/01/04 19:44:00,4
0,20240104202500,train,/public/home/test_bigmodel/seismogram/zb/team_pytorch/japan_data/japan_2024.hdf5,False,False,False,False,37.518,137.185,11.0,4.1,2024/01/04 20:25:00,26
0,20240104210700,train,/public/home/test_bigmodel/seismogram/zb/team_pytorch/japan_data/japan_2024.hdf5,False,False,False,False,37.367,136.842,9.0,3.1,2024/01/04 21:07:00,5
0,20240104213000,train,/public/home/test_bigmodel/seismogram/zb/team_pytorch/japan_data/japan_2024.hdf5,False,False,False,False,37.157,136.663,8.0,3.4,2024/01/04 21:30:00,33
0,20240105000400,train,/public/home/test_bigmodel/seismogram/zb/team_pytorch/japan_data/japan_2024.hdf5,False,False,False,False,37.187,136.832,12.0,4.4,2024/01/05 00:04:00,54
0,20240105000500,train,/public/home/test_bigmodel/seismogram/zb/team_pytorch/japan_data/japan_2024.hdf5,False,False,False,False,37.183,136.84,11.0,3.8,2024/01/05 00:05:00,8
0,20240105001700,train,/public/home/test_bigmodel/seismogram/zb/team_pytorch/japan_data/japan_2024.hdf5,False,False,False,False,38.662,141.507,68.0,3.7,2024/01/05 00:17:00,69
0,20240105013700,train,/public/home/test_bigmodel/seismogram/zb/team_pytorch/japan_data/japan_2024.hdf5,False,False,False,False,37.292,136.798,11.0,3.9,2024/01/05 01:37:00,17
0,20240105052400,train,/public/home/test_bigmodel/seismogram/zb/team_pytorch/japan_data/japan_2024.hdf5,False,False,False,False,37.355,136.853,13.0,3.4,2024/01/05 05:24:00,10
0,20240105092700,train,/public/home/test_bigmodel/seismogram/zb/team_pytorch/japan_data/japan_2024.hdf5,False,False,False,False,37.188,136.727,4.0,4.0,2024/01/05 09:27:00,27
0,20240105093900,train,/public/home/test_bigmodel/seismogram/zb/team_pytorch/japan_data/japan_2024.hdf5,False,False,False,False,37.408,137.213,13.0,4.2,2024/01/05 09:39:00,32
0,20240105094200,train,/public/home/test_bigmodel/seismogram/zb/team_pytorch/japan_data/japan_2024.hdf5,False,False,False,False,37.17,136.69,10.0,3.0,2024/01/05 09:42:00,5
0,20240105095300,train,/public/home/test_bigmodel/seismogram/zb/team_pytorch/japan_data/japan_2024.hdf5,False,False,False,False,37.172,136.695,6.0,3.9,2024/01/05 09:53:00,16
0,20240105102100,train,/public/home/test_bigmodel/seismogram/zb/team_pytorch/japan_data/japan_2024.hdf5,False,False,False,False,37.517,137.242,12.0,3.7,2024/01/05 10:21:00,13
0,20240105114200,train,/public/home/test_bigmodel/seismogram/zb/team_pytorch/japan_data/japan_2024.hdf5,False,False,False,False,37.382,136.822,12.0,3.1,2024/01/05 11:42:00,3
0,20240105124600,train,/public/home/test_bigmodel/seismogram/zb/team_pytorch/japan_data/japan_2024.hdf5,False,False,False,False,37.353,136.815,15.0,3.6,2024/01/05 12:46:00,18
0,20240105133200,train,/public/home/test_bigmodel/seismogram/zb/team_pytorch/japan_data/japan_2024.hdf5,False,False,False,False,37.17,136.747,3.0,3.5,2024/01/05 13:32:00,6
0,20240105141500,train,/public/home/test_bigmodel/seismogram/zb/team_pytorch/japan_data/japan_2024.hdf5,False,False,False,False,37.458,137.238,14.0,4.2,2024/01/05 14:15:00,36
0,20240105153100,train,/public/home/test_bigmodel/seismogram/zb/team_pytorch/japan_data/japan_2024.hdf5,False,False,False,False,37.422,137.07,13.0,3.8,2024/01/05 15:31:00,7
0,20240105153900,train,/public/home/test_bigmodel/seismogram/zb/team_pytorch/japan_data/japan_2024.hdf5,False,False,False,False,37.19,136.73,6.0,3.2,2024/01/05 15:39:00,7
0,20240105174300,train,/public/home/test_bigmodel/seismogram/zb/team_pytorch/japan_data/japan_2024.hdf5,False,False,False,False,37.142,136.723,6.0,3.5,2024/01/05 17:43:00,10
0,20240105175000,train,/public/home/test_bigmodel/seismogram/zb/team_pytorch/japan_data/japan_2024.hdf5,False,False,False,False,37.17,136.697,6.0,3.1,2024/01/05 17:50:00,6
0,20240105191000,train,/public/home/test_bigmodel/seismogram/zb/team_pytorch/japan_data/japan_2024.hdf5,False,False,False,False,37.463,137.138,14.0,4.1,2024/01/05 19:10:00,26
0,20240105220900,train,/public/home/test_bigmodel/seismogram/zb/team_pytorch/japan_data/japan_2024.hdf5,False,False,False,False,37.367,136.95,14.0,4.3,2024/01/05 22:09:00,52
0,20240105234800,train,/public/home/test_bigmodel/seismogram/zb/team_pytorch/japan_data/japan_2024.hdf5,False,False,False,False,37.51,137.312,11.0,3.7,2024/01/05 23:48:00,8
0,20240106010500,train,/public/home/test_bigmodel/seismogram/zb/team_pytorch/japan_data/japan_2024.hdf5,False,False,False,False,37.362,136.907,12.0,3.9,2024/01/06 01:05:00,21
0,20240106015900,train,/public/home/test_bigmodel/seismogram/zb/team_pytorch/japan_data/japan_2024.hdf5,False,False,False,False,37.362,136.725,12.0,4.6,2024/01/06 01:59:00,63
0,20240106052600,train,/public/home/test_bigmodel/seismogram/zb/team_pytorch/japan_data/japan_2024.hdf5,False,False,False,False,37.217,136.832,12.0,5.4,2024/01/06 05:26:00,293
0,20240106053200,train,/public/home/test_bigmodel/seismogram/zb/team_pytorch/japan_data/japan_2024.hdf5,False,False,False,False,37.193,136.837,13.0,3.5,2024/01/06 05:32:00,14
0,20240106053500,train,/public/home/test_bigmodel/seismogram/zb/team_pytorch/japan_data/japan_2024.hdf5,False,False,False,False,37.21,136.825,14.0,3.9,2024/01/06 05:35:00,27
0,20240106065700,train,/public/home/test_bigmodel/seismogram/zb/team_pytorch/japan_data/japan_2024.hdf5,False,False,False,False,37.34,136.958,14.0,4.4,2024/01/06 06:57:00,73
0,20240106101500,train,/public/home/test_bigmodel/seismogram/zb/team_pytorch/japan_data/japan_2024.hdf5,False,False,False,False,36.63,141.012,45.0,4.2,2024/01/06 10:15:00,106
0,20240106104300,train,/public/home/test_bigmodel/seismogram/zb/team_pytorch/japan_data/japan_2024.hdf5,False,False,False,False,37.2,136.755,6.0,3.1,2024/01/06 10:43:00,10
0,20240106131300,train,/public/home/test_bigmodel/seismogram/zb/team_pytorch/japan_data/japan_2024.hdf5,False,False,False,False,37.165,136.747,6.0,3.1,2024/01/06 13:13:00,12
0,20240106135200,train,/public/home/test_bigmodel/seismogram/zb/team_pytorch/japan_data/japan_2024.hdf5,False,False,False,False,37.168,136.728,6.0,3.6,2024/01/06 13:52:00,11
0,20240106150900,train,/public/home/test_bigmodel/seismogram/zb/team_pytorch/japan_data/japan_2024.hdf5,False,False,False,False,37.458,137.142,14.0,3.6,2024/01/06 15:09:00,12
0,20240106154400,train,/public/home/test_bigmodel/seismogram/zb/team_pytorch/japan_data/japan_2024.hdf5,False,False,False,False,37.415,136.958,12.0,3.3,2024/01/06 15:44:00,10
0,20240106182300,train,/public/home/test_bigmodel/seismogram/zb/team_pytorch/japan_data/japan_2024.hdf5,False,False,False,False,37.375,136.928,14.0,4.0,2024/01/06 18:23:00,16
0,20240106215200,train,/public/home/test_bigmodel/seismogram/zb/team_pytorch/japan_data/japan_2024.hdf5,False,False,False,False,37.478,137.352,13.0,3.6,2024/01/06 21:52:00,12
0,20240106232000,train,/public/home/test_bigmodel/seismogram/zb/team_pytorch/japan_data/japan_2024.hdf5,False,False,False,False,37.172,136.645,5.0,4.3,2024/01/06 23:20:00,49
0,20240106234300,train,/public/home/test_bigmodel/seismogram/zb/team_pytorch/japan_data/japan_2024.hdf5,False,False,False,False,37.048,137.755,0.0,3.2,2024/01/06 23:43:00,2
0,20240107005700,train,/public/home/test_bigmodel/seismogram/zb/team_pytorch/japan_data/japan_2024.hdf5,False,False,False,False,37.163,136.652,5.0,3.3,2024/01/07 00:57:00,7
0,20240107011200,train,/public/home/test_bigmodel/seismogram/zb/team_pytorch/japan_data/japan_2024.hdf5,False,False,False,False,37.368,136.947,13.0,3.2,2024/01/07 01:12:00,12
0,20240107051900,train,/public/home/test_bigmodel/seismogram/zb/team_pytorch/japan_data/japan_2024.hdf5,False,False,False,False,37.477,137.258,12.0,3.7,2024/01/07 05:19:00,16
0,20240107052600,train,/public/home/test_bigmodel/seismogram/zb/team_pytorch/japan_data/japan_2024.hdf5,False,False,False,False,37.403,137.015,13.0,3.5,2024/01/07 05:26:00,13
0,20240107065700,train,/public/home/test_bigmodel/seismogram/zb/team_pytorch/japan_data/japan_2024.hdf5,False,False,False,False,37.26,136.818,16.0,3.2,2024/01/07 06:57:00,7
0,20240107073800,train,/public/home/test_bigmodel/seismogram/zb/team_pytorch/japan_data/japan_2024.hdf5,False,False,False,False,37.163,136.678,5.0,3.4,2024/01/07 07:38:00,12
0,20240107133900,train,/public/home/test_bigmodel/seismogram/zb/team_pytorch/japan_data/japan_2024.hdf5,False,False,False,False,37.363,136.99,11.0,3.2,2024/01/07 13:39:00,8
0,20240107143800,train,/public/home/test_bigmodel/seismogram/zb/team_pytorch/japan_data/japan_2024.hdf5,False,False,False,False,37.453,137.28,14.0,4.6,2024/01/07 14:38:00,74
0,20240107152600,train,/public/home/test_bigmodel/seismogram/zb/team_pytorch/japan_data/japan_2024.hdf5,False,False,False,False,37.212,136.718,11.0,4.5,2024/01/07 15:26:00,89
0,20240107183800,train,/public/home/test_bigmodel/seismogram/zb/team_pytorch/japan_data/japan_2024.hdf5,False,False,False,False,37.192,136.717,4.0,3.0,2024/01/07 18:38:00,1
0,20240107213200,train,/public/home/test_bigmodel/seismogram/zb/team_pytorch/japan_data/japan_2024.hdf5,False,False,False,False,37.378,136.917,12.0,3.1,2024/01/07 21:32:00,4
0,20240107213800,train,/public/home/test_bigmodel/seismogram/zb/team_pytorch/japan_data/japan_2024.hdf5,False,False,False,False,37.178,136.813,12.0,4.7,2024/01/07 21:38:00,126
0,20240107213900,train,/public/home/test_bigmodel/seismogram/zb/team_pytorch/japan_data/japan_2024.hdf5,False,False,False,False,37.367,136.948,11.0,3.6,2024/01/07 21:39:00,3
0,20240107220500,train,/public/home/test_bigmodel/seismogram/zb/team_pytorch/japan_data/japan_2024.hdf5,False,False,False,False,37.357,137.042,15.0,3.5,2024/01/07 22:05:00,11
0,20240107234400,train,/public/home/test_bigmodel/seismogram/zb/team_pytorch/japan_data/japan_2024.hdf5,False,False,False,False,37.368,136.852,12.0,3.9,2024/01/07 23:44:00,19
0,20240108021400,train,/public/home/test_bigmodel/seismogram/zb/team_pytorch/japan_data/japan_2024.hdf5,False,False,False,False,37.288,137.133,13.0,3.5,2024/01/08 02:14:00,14
0,20240108025900,train,/public/home/test_bigmodel/seismogram/zb/team_pytorch/japan_data/japan_2024.hdf5,False,False,False,False,37.38,137.1,13.0,3.8,2024/01/08 02:59:00,26
0,20240108031500,train,/public/home/test_bigmodel/seismogram/zb/team_pytorch/japan_data/japan_2024.hdf5,False,False,False,False,37.255,136.768,9.0,3.8,2024/01/08 03:15:00,19
0,20240108094900,train,/public/home/test_bigmodel/seismogram/zb/team_pytorch/japan_data/japan_2024.hdf5,False,False,False,False,37.348,136.807,11.0,3.4,2024/01/08 09:49:00,4
0,20240108110500,train,/public/home/test_bigmodel/seismogram/zb/team_pytorch/japan_data/japan_2024.hdf5,False,False,False,False,37.13,136.752,4.0,3.7,2024/01/08 11:05:00,13
0,20240108131100,train,/public/home/test_bigmodel/seismogram/zb/team_pytorch/japan_data/japan_2024.hdf5,False,False,False,False,40.477,140.882,5.0,3.7,2024/01/08 13:11:00,18
0,20240108214800,train,/public/home/test_bigmodel/seismogram/zb/team_pytorch/japan_data/japan_2024.hdf5,False,False,False,False,37.135,136.635,8.0,3.1,2024/01/08 21:48:00,7
0,20240109012000,train,/public/home/test_bigmodel/seismogram/zb/team_pytorch/japan_data/japan_2024.hdf5,False,False,False,False,37.263,136.81,11.0,3.9,2024/01/09 01:20:00,19
0,20240109131300,train,/public/home/test_bigmodel/seismogram/zb/team_pytorch/japan_data/japan_2024.hdf5,False,False,False,False,37.167,136.693,3.0,3.8,2024/01/09 13:13:00,12
0,20240109175900,train,/public/home/test_bigmodel/seismogram/zb/team_pytorch/japan_data/japan_2024.hdf5,False,False,False,False,37.91,137.763,27.0,6.1,2024/01/09 17:59:00,463
0,20240109185500,train,/public/home/test_bigmodel/seismogram/zb/team_pytorch/japan_data/japan_2024.hdf5,False,False,False,False,37.87,137.775,23.0,4.3,2024/01/09 18:55:00,41
0,20240109201000,train,/public/home/test_bigmodel/seismogram/zb/team_pytorch/japan_data/japan_2024.hdf5,False,False,False,False,37.863,137.773,24.0,4.3,2024/01/09 20:10:00,33
0,20240110060000,train,/public/home/test_bigmodel/seismogram/zb/team_pytorch/japan_data/japan_2024.hdf5,False,False,False,False,40.102,140.637,6.0,3.5,2024/01/10 06:00:00,32
0,20240110144300,train,/public/home/test_bigmodel/seismogram/zb/team_pytorch/japan_data/japan_2024.hdf5,False,False,False,False,40.098,140.628,6.0,4.3,2024/01/10 14:43:00,53
0,20240110175700,train,/public/home/test_bigmodel/seismogram/zb/team_pytorch/japan_data/japan_2024.hdf5,False,False,False,False,40.098,140.633,6.0,3.2,2024/01/10 17:57:00,23
0,20240110200000,train,/public/home/test_bigmodel/seismogram/zb/team_pytorch/japan_data/japan_2024.hdf5,False,False,False,False,37.37,136.962,12.0,4.1,2024/01/10 20:00:00,58
0,20240110212600,train,/public/home/test_bigmodel/seismogram/zb/team_pytorch/japan_data/japan_2024.hdf5,False,False,False,False,37.54,137.347,10.0,3.1,2024/01/10 21:26:00,4
0,20240111004200,train,/public/home/test_bigmodel/seismogram/zb/team_pytorch/japan_data/japan_2024.hdf5,False,False,False,False,37.317,136.98,13.0,3.4,2024/01/11 00:42:00,1
0,20240111133000,train,/public/home/test_bigmodel/seismogram/zb/team_pytorch/japan_data/japan_2024.hdf5,False,False,False,False,37.352,136.82,8.0,3.6,2024/01/11 13:30:00,9
0,20240111163300,train,/public/home/test_bigmodel/seismogram/zb/team_pytorch/japan_data/japan_2024.hdf5,False,False,False,False,37.39,136.863,12.0,3.6,2024/01/11 16:33:00,7
0,20240111175900,train,/public/home/test_bigmodel/seismogram/zb/team_pytorch/japan_data/japan_2024.hdf5,False,False,False,False,37.363,137.035,14.0,3.9,2024/01/11 17:59:00,16
0,20240111191400,train,/public/home/test_bigmodel/seismogram/zb/team_pytorch/japan_data/japan_2024.hdf5,False,False,False,False,37.397,136.878,10.0,3.3,2024/01/11 19:14:00,8
0,20240111194800,train,/public/home/test_bigmodel/seismogram/zb/team_pytorch/japan_data/japan_2024.hdf5,False,False,False,False,42.738,142.47,12.0,3.7,2024/01/11 19:48:00,26
0,20240111212400,train,/public/home/test_bigmodel/seismogram/zb/team_pytorch/japan_data/japan_2024.hdf5,False,False,False,False,32.137,130.062,10.0,3.4,2024/01/11 21:24:00,14
0,20240112013300,train,/public/home/test_bigmodel/seismogram/zb/team_pytorch/japan_data/japan_2024.hdf5,False,False,False,False,37.208,136.698,2.0,3.4,2024/01/12 01:33:00,2
0,20240112160100,train,/public/home/test_bigmodel/seismogram/zb/team_pytorch/japan_data/japan_2024.hdf5,False,False,False,False,37.162,136.728,2.0,3.6,2024/01/12 16:01:00,12
0,20240112172900,train,/public/home/test_bigmodel/seismogram/zb/team_pytorch/japan_data/japan_2024.hdf5,False,False,False,False,37.462,137.265,13.0,4.5,2024/01/12 17:29:00,40
0,20240112211000,train,/public/home/test_bigmodel/seismogram/zb/team_pytorch/japan_data/japan_2024.hdf5,False,False,False,False,37.167,136.75,5.0,4.5,2024/01/12 21:10:00,37
0,20240113040400,train,/public/home/test_bigmodel/seismogram/zb/team_pytorch/japan_data/japan_2024.hdf5,False,False,False,False,37.168,136.745,5.0,4.3,2024/01/13 04:04:00,51
0,20240113041000,train,/public/home/test_bigmodel/seismogram/zb/team_pytorch/japan_data/japan_2024.hdf5,False,False,False,False,37.36,137.038,11.0,3.4,2024/01/13 04:10:00,6
0,20240113075100,train,/public/home/test_bigmodel/seismogram/zb/team_pytorch/japan_data/japan_2024.hdf5,False,False,False,False,37.378,136.93,12.0,3.5,2024/01/13 07:51:00,6
0,20240113155600,train,/public/home/test_bigmodel/seismogram/zb/team_pytorch/japan_data/japan_2024.hdf5,False,False,False,False,43.598,144.373,0.0,4.0,2024/01/13 15:56:00,14
0,20240114000100,train,/public/home/test_bigmodel/seismogram/zb/team_pytorch/japan_data/japan_2024.hdf5,False,False,False,False,37.182,136.833,11.0,4.3,2024/01/14 00:01:00,55
0,20240114013600,train,/public/home/test_bigmodel/seismogram/zb/team_pytorch/japan_data/japan_2024.hdf5,False,False,False,False,37.067,140.68,9.0,4.0,2024/01/14 01:36:00,76
0,20240114024200,train,/public/home/test_bigmodel/seismogram/zb/team_pytorch/japan_data/japan_2024.hdf5,False,False,False,False,36.467,141.108,43.0,3.7,2024/01/14 02:42:00,36
0,20240114041000,train,/public/home/test_bigmodel/seismogram/zb/team_pytorch/japan_data/japan_2024.hdf5,False,False,False,False,37.417,137.018,10.0,3.3,2024/01/14 04:10:00,10
0,20240114122400,train,/public/home/test_bigmodel/seismogram/zb/team_pytorch/japan_data/japan_2024.hdf5,False,False,False,False,40.1,140.638,6.0,3.8,2024/01/14 12:24:00,39
0,20240114182300,train,/public/home/test_bigmodel/seismogram/zb/team_pytorch/japan_data/japan_2024.hdf5,False,False,False,False,37.448,137.307,15.0,3.2,2024/01/14 18:23:00,7
0,20240115004000,train,/public/home/test_bigmodel/seismogram/zb/team_pytorch/japan_data/japan_2024.hdf5,False,False,False,False,37.162,136.725,6.0,3.1,2024/01/15 00:40:00,2
0,20240115011000,train,/public/home/test_bigmodel/seismogram/zb/team_pytorch/japan_data/japan_2024.hdf5,False,False,False,False,37.23,136.81,7.0,3.5,2024/01/15 01:10:00,11
0,20240115095900,train,/public/home/test_bigmodel/seismogram/zb/team_pytorch/japan_data/japan_2024.hdf5,False,False,False,False,37.265,136.85,8.0,3.3,2024/01/15 09:59:00,10
0,20240115151600,train,/public/home/test_bigmodel/seismogram/zb/team_pytorch/japan_data/japan_2024.hdf5,False,False,False,False,37.232,136.808,7.0,3.3,2024/01/15 15:16:00,5
0,20240115181500,train,/public/home/test_bigmodel/seismogram/zb/team_pytorch/japan_data/japan_2024.hdf5,False,False,False,False,37.345,136.845,12.0,3.4,2024/01/15 18:15:00,13
0,20240116041100,train,/public/home/test_bigmodel/seismogram/zb/team_pytorch/japan_data/japan_2024.hdf5,False,False,False,False,37.188,136.838,10.0,3.6,2024/01/16 04:11:00,13
0,20240116184200,train,/public/home/test_bigmodel/seismogram/zb/team_pytorch/japan_data/japan_2024.hdf5,False,False,False,False,37.185,136.752,3.0,4.8,2024/01/16 18:42:00,81
0,20240116184300,train,/public/home/test_bigmodel/seismogram/zb/team_pytorch/japan_data/japan_2024.hdf5,False,False,False,False,37.172,136.743,4.0,4.4,2024/01/16 18:43:00,17
0,20240116211300,train,/public/home/test_bigmodel/seismogram/zb/team_pytorch/japan_data/japan_2024.hdf5,False,False,False,False,37.168,136.735,3.0,3.0,2024/01/16 21:13:00,9
0,20240116220200,train,/public/home/test_bigmodel/seismogram/zb/team_pytorch/japan_data/japan_2024.hdf5,False,False,False,False,37.465,137.142,12.0,3.7,2024/01/16 22:02:00,7
0,20240117040100,train,/public/home/test_bigmodel/seismogram/zb/team_pytorch/japan_data/japan_2024.hdf5,False,False,False,False,37.345,136.858,11.0,3.6,2024/01/17 04:01:00,17
0,20240117073800,train,/public/home/test_bigmodel/seismogram/zb/team_pytorch/japan_data/japan_2024.hdf5,False,False,False,False,33.82,139.398,20.0,4.0,2024/01/17 07:38:00,3
0,20240117174500,train,/public/home/test_bigmodel/seismogram/zb/team_pytorch/japan_data/japan_2024.hdf5,False,False,False,False,37.195,136.83,11.0,3.2,2024/01/17 17:45:00,6
0,20240118173100,train,/public/home/test_bigmodel/seismogram/zb/team_pytorch/japan_data/japan_2024.hdf5,False,False,False,False,37.39,136.987,12.0,3.5,2024/01/18 17:31:00,14
0,20240119030400,train,/public/home/test_bigmodel/seismogram/zb/team_pytorch/japan_data/japan_2024.hdf5,False,False,False,False,37.37,137.01,11.0,4.4,2024/01/19 03:04:00,51
0,20240119070600,train,/public/home/test_bigmodel/seismogram/zb/team_pytorch/japan_data/japan_2024.hdf5,False,False,False,False,37.135,136.71,7.0,4.2,2024/01/19 07:06:00,40
0,20240119120200,train,/public/home/test_bigmodel/seismogram/zb/team_pytorch/japan_data/japan_2024.hdf5,False,False,False,False,37.368,137.09,14.0,4.1,2024/01/19 12:02:00,36
0,20240119154300,train,/public/home/test_bigmodel/seismogram/zb/team_pytorch/japan_data/japan_2024.hdf5,False,False,False,False,35.717,140.695,51.0,3.8,2024/01/19 15:43:00,23
0,20240119154800,train,/public/home/test_bigmodel/seismogram/zb/team_pytorch/japan_data/japan_2024.hdf5,False,False,False,False,37.45,137.182,13.0,3.9,2024/01/19 15:48:00,29
0,20240119202200,train,/public/home/test_bigmodel/seismogram/zb/team_pytorch/japan_data/japan_2024.hdf5,False,False,False,False,37.58,137.522,18.0,4.2,2024/01/19 20:22:00,32
0,20240119220600,train,/public/home/test_bigmodel/seismogram/zb/team_pytorch/japan_data/japan_2024.hdf5,False,False,False,False,37.915,137.75,26.0,4.0,2024/01/19 22:06:00,24
0,20240121190200,train,/public/home/test_bigmodel/seismogram/zb/team_pytorch/japan_data/japan_2024.hdf5,False,False,False,False,34.07,133.433,15.0,3.8,2024/01/21 19:02:00,99
0,20240122160000,train,/public/home/test_bigmodel/seismogram/zb/team_pytorch/japan_data/japan_2024.hdf5,False,False,False,False,37.438,136.637,8.0,4.0,2024/01/22 16:00:00,13
0,20240122160700,train,/public/home/test_bigmodel/seismogram/zb/team_pytorch/japan_data/japan_2024.hdf5,False,False,False,False,37.168,136.698,4.0,3.0,2024/01/22 16:07:00,8
0,20240122170300,train,/public/home/test_bigmodel/seismogram/zb/team_pytorch/japan_data/japan_2024.hdf5,False,False,False,False,37.372,136.927,10.0,3.1,2024/01/22 17:03:00,8
0,20240123021300,train,/public/home/test_bigmodel/seismogram/zb/team_pytorch/japan_data/japan_2024.hdf5,False,False,False,False,37.193,136.728,6.0,4.2,2024/01/23 02:13:00,30
0,20240123084500,train,/public/home/test_bigmodel/seismogram/zb/team_pytorch/japan_data/japan_2024.hdf5,False,False,False,False,34.29,135.732,64.0,4.0,2024/01/23 08:45:00,88
0,20240123134000,train,/public/home/test_bigmodel/seismogram/zb/team_pytorch/japan_data/japan_2024.hdf5,False,False,False,False,37.168,136.685,2.0,3.0,2024/01/23 13:40:00,5
0,20240124060600,train,/public/home/test_bigmodel/seismogram/zb/team_pytorch/japan_data/japan_2024.hdf5,False,False,False,False,37.153,136.673,6.0,3.3,2024/01/24 06:06:00,8
0,20240124063300,train,/public/home/test_bigmodel/seismogram/zb/team_pytorch/japan_data/japan_2024.hdf5,False,False,False,False,42.48,145.037,25.0,5.1,2024/01/24 06:33:00,90
0,20240124132900,train,/public/home/test_bigmodel/seismogram/zb/team_pytorch/japan_data/japan_2024.hdf5,False,False,False,False,36.183,137.685,6.0,3.3,2024/01/24 13:29:00,7
0,20240124193300,train,/public/home/test_bigmodel/seismogram/zb/team_pytorch/japan_data/japan_2024.hdf5,False,False,False,False,35.933,137.565,4.0,3.3,2024/01/24 19:33:00,34
0,20240124234600,train,/public/home/test_bigmodel/seismogram/zb/team_pytorch/japan_data/japan_2024.hdf5,False,False,False,False,37.398,137.077,9.0,3.4,2024/01/24 23:46:00,15
0,20240125092400,train,/public/home/test_bigmodel/seismogram/zb/team_pytorch/japan_data/japan_2024.hdf5,False,False,False,False,37.48,137.278,13.0,3.2,2024/01/25 09:24:00,10
0,20240125111500,train,/public/home/test_bigmodel/seismogram/zb/team_pytorch/japan_data/japan_2024.hdf5,False,False,False,False,37.292,136.767,12.0,3.7,2024/01/25 11:15:00,15
0,20240125132900,train,/public/home/test_bigmodel/seismogram/zb/team_pytorch/japan_data/japan_2024.hdf5,False,False,False,False,43.155,145.79,46.0,4.8,2024/01/25 13:29:00,74
0,20240126093200,train,/public/home/test_bigmodel/seismogram/zb/team_pytorch/japan_data/japan_2024.hdf5,False,False,False,False,37.333,136.843,0.0,4.3,2024/01/26 09:32:00,14
0,20240126093500,train,/public/home/test_bigmodel/seismogram/zb/team_pytorch/japan_data/japan_2024.hdf5,False,False,False,False,35.41,140.365,30.0,3.1,2024/01/26 09:35:00,18
0,20240126144000,train,/public/home/test_bigmodel/seismogram/zb/team_pytorch/japan_data/japan_2024.hdf5,False,False,False,False,37.158,136.615,13.0,4.4,2024/01/26 14:40:00,58
0,20240127023300,train,/public/home/test_bigmodel/seismogram/zb/team_pytorch/japan_data/japan_2024.hdf5,False,False,False,False,37.222,136.815,9.0,3.5,2024/01/27 02:33:00,12
0,20240127044400,train,/public/home/test_bigmodel/seismogram/zb/team_pytorch/japan_data/japan_2024.hdf5,False,False,False,False,37.49,141.878,40.0,4.2,2024/01/27 04:44:00,50
0,20240128085900,train,/public/home/test_bigmodel/seismogram/zb/team_pytorch/japan_data/japan_2024.hdf5,False,False,False,False,35.637,140.018,73.0,4.7,2024/01/28 08:59:00,317
0,20240128142200,train,/public/home/test_bigmodel/seismogram/zb/team_pytorch/japan_data/japan_2024.hdf5,False,False,False,False,32.548,130.58,9.0,3.0,2024/01/28 14:22:00,12
0,20240128234800,train,/public/home/test_bigmodel/seismogram/zb/team_pytorch/japan_data/japan_2024.hdf5,False,False,False,False,34.288,135.715,60.0,3.6,2024/01/28 23:48:00,44
0,20240130000100,train,/public/home/test_bigmodel/seismogram/zb/team_pytorch/japan_data/japan_2024.hdf5,False,False,False,False,32.65,130.685,12.0,3.1,2024/01/30 00:01:00,15
0,20240130051100,train,/public/home/test_bigmodel/seismogram/zb/team_pytorch/japan_data/japan_2024.hdf5,False,False,False,False,32.65,130.683,12.0,3.6,2024/01/30 05:11:00,54
0,20240130120900,train,/public/home/test_bigmodel/seismogram/zb/team_pytorch/japan_data/japan_2024.hdf5,False,False,False,False,37.463,137.265,12.0,3.0,2024/01/30 12:09:00,4
0,20240130155800,train,/public/home/test_bigmodel/seismogram/zb/team_pytorch/japan_data/japan_2024.hdf5,False,False,False,False,37.36,136.788,8.0,3.3,2024/01/30 15:58:00,8
0,20240130193700,train,/public/home/test_bigmodel/seismogram/zb/team_pytorch/japan_data/japan_2024.hdf5,False,False,False,False,37.153,136.66,6.0,3.0,2024/01/30 19:37:00,1
0,20240131074700,train,/public/home/test_bigmodel/seismogram/zb/team_pytorch/japan_data/japan_2024.hdf5,False,False,False,False,37.338,136.977,11.0,3.3,2024/01/31 07:47:00,11
0,20240131125500,train,/public/home/test_bigmodel/seismogram/zb/team_pytorch/japan_data/japan_2024.hdf5,False,False,False,False,37.485,137.26,12.0,3.2,2024/01/31 12:55:00,4
0,20240201020400,train,/public/home/test_bigmodel/seismogram/zb/team_pytorch/japan_data/japan_2024.hdf5,False,False,False,False,37.162,136.705,5.0,3.4,2024/02/01 02:04:00,1
0,20240201080700,train,/public/home/test_bigmodel/seismogram/zb/team_pytorch/japan_data/japan_2024.hdf5,False,False,False,False,37.343,136.777,12.0,4.5,2024/02/01 08:07:00,53
0,20240201134300,train,/public/home/test_bigmodel/seismogram/zb/team_pytorch/japan_data/japan_2024.hdf5,False,False,False,False,36.995,136.432,11.0,4.0,2024/02/01 13:43:00,33
0,20240202014500,train,/public/home/test_bigmodel/seismogram/zb/team_pytorch/japan_data/japan_2024.hdf5,False,False,False,False,37.223,136.885,10.0,4.1,2024/02/02 01:45:00,41
0,20240202144000,train,/public/home/test_bigmodel/seismogram/zb/team_pytorch/japan_data/japan_2024.hdf5,False,False,False,False,37.228,136.85,9.0,3.0,2024/02/02 14:40:00,6
0,20240203051300,train,/public/home/test_bigmodel/seismogram/zb/team_pytorch/japan_data/japan_2024.hdf5,False,False,False,False,37.252,136.692,8.0,3.7,2024/02/03 05:13:00,4
0,20240203150900,train,/public/home/test_bigmodel/seismogram/zb/team_pytorch/japan_data/japan_2024.hdf5,False,False,False,False,35.475,138.995,25.0,4.0,2024/02/03 15:09:00,114
0,20240203220900,train,/public/home/test_bigmodel/seismogram/zb/team_pytorch/japan_data/japan_2024.hdf5,False,False,False,False,37.117,136.653,10.0,3.7,2024/02/03 22:09:00,17
0,20240204011600,train,/public/home/test_bigmodel/seismogram/zb/team_pytorch/japan_data/japan_2024.hdf5,False,False,False,False,37.465,137.253,12.0,4.1,2024/02/04 01:16:00,32
0,20240204064300,train,/public/home/test_bigmodel/seismogram/zb/team_pytorch/japan_data/japan_2024.hdf5,False,False,False,False,37.188,136.68,10.0,3.9,2024/02/04 06:43:00,25
0,20240205113800,train,/public/home/test_bigmodel/seismogram/zb/team_pytorch/japan_data/japan_2024.hdf5,False,False,False,False,37.002,136.425,12.0,4.0,2024/02/05 11:38:00,32
0,20240205173000,train,/public/home/test_bigmodel/seismogram/zb/team_pytorch/japan_data/japan_2024.hdf5,False,False,False,False,30.765,131.483,42.0,4.7,2024/02/05 17:30:00,22
0,20240206003900,train,/public/home/test_bigmodel/seismogram/zb/team_pytorch/japan_data/japan_2024.hdf5,False,False,False,False,31.62,130.975,9.0,3.0,2024/02/06 00:39:00,11
0,20240206022300,train,/public/home/test_bigmodel/seismogram/zb/team_pytorch/japan_data/japan_2024.hdf5,False,False,False,False,37.22,136.89,10.0,3.2,2024/02/06 02:23:00,10
0,20240206025900,train,/public/home/test_bigmodel/seismogram/zb/team_pytorch/japan_data/japan_2024.hdf5,False,False,False,False,32.142,131.887,30.0,3.9,2024/02/06 02:59:00,32
0,20240206063700,train,/public/home/test_bigmodel/seismogram/zb/team_pytorch/japan_data/japan_2024.hdf5,False,False,False,False,38.248,140.62,9.0,3.2,2024/02/06 06:37:00,20
0,20240206115600,train,/public/home/test_bigmodel/seismogram/zb/team_pytorch/japan_data/japan_2024.hdf5,False,False,False,False,37.197,136.842,10.0,4.1,2024/02/06 11:56:00,33
0,20240206235700,train,/public/home/test_bigmodel/seismogram/zb/team_pytorch/japan_data/japan_2024.hdf5,False,False,False,False,35.24,137.538,47.0,3.4,2024/02/06 23:57:00,79
0,20240207060800,train,/public/home/test_bigmodel/seismogram/zb/team_pytorch/japan_data/japan_2024.hdf5,False,False,False,False,37.732,137.583,20.0,5.2,2024/02/07 06:08:00,192
0,20240207111500,train,/public/home/test_bigmodel/seismogram/zb/team_pytorch/japan_data/japan_2024.hdf5,False,False,False,False,37.203,136.808,9.0,3.1,2024/02/07 11:15:00,10
0,20240207162500,train,/public/home/test_bigmodel/seismogram/zb/team_pytorch/japan_data/japan_2024.hdf5,False,False,False,False,39.245,142.407,31.0,4.2,2024/02/07 16:25:00,103
0,20240207205900,train,/public/home/test_bigmodel/seismogram/zb/team_pytorch/japan_data/japan_2024.hdf5,False,False,False,False,34.0,135.235,7.0,4.1,2024/02/07 20:59:00,70
0,20240208132600,train,/public/home/test_bigmodel/seismogram/zb/team_pytorch/japan_data/japan_2024.hdf5,False,False,False,False,37.673,141.52,56.0,3.9,2024/02/08 13:26:00,44
0,20240208214900,train,/public/home/test_bigmodel/seismogram/zb/team_pytorch/japan_data/japan_2024.hdf5,False,False,False,False,37.385,136.948,9.0,3.3,2024/02/08 21:49:00,10
0,20240209093000,train,/public/home/test_bigmodel/seismogram/zb/team_pytorch/japan_data/japan_2024.hdf5,False,False,False,False,37.11,136.653,6.0,3.0,2024/02/09 09:30:00,5
0,20240209234000,train,/public/home/test_bigmodel/seismogram/zb/team_pytorch/japan_data/japan_2024.hdf5,False,False,False,False,35.982,139.832,83.0,3.9,2024/02/09 23:40:00,148
0,20240210051800,train,/public/home/test_bigmodel/seismogram/zb/team_pytorch/japan_data/japan_2024.hdf5,False,False,False,False,37.575,137.405,12.0,4.1,2024/02/10 05:18:00,27
0,20240210164700,train,/public/home/test_bigmodel/seismogram/zb/team_pytorch/japan_data/japan_2024.hdf5,False,False,False,False,36.307,140.083,69.0,4.0,2024/02/10 16:47:00,179
0,20240211003400,train,/public/home/test_bigmodel/seismogram/zb/team_pytorch/japan_data/japan_2024.hdf5,False,False,False,False,37.628,137.577,16.0,4.1,2024/02/11 00:34:00,59
0,20240211112500,train,/public/home/test_bigmodel/seismogram/zb/team_pytorch/japan_data/japan_2024.hdf5,False,False,False,False,36.145,140.09,65.0,3.8,2024/02/11 11:25:00,94
0,20240211123600,train,/public/home/test_bigmodel/seismogram/zb/team_pytorch/japan_data/japan_2024.hdf5,False,False,False,False,37.433,137.177,15.0,4.7,2024/02/11 12:36:00,125
0,20240211183500,train,/public/home/test_bigmodel/seismogram/zb/team_pytorch/japan_data/japan_2024.hdf5,False,False,False,False,37.693,137.58,19.0,4.2,2024/02/11 18:35:00,16
0,20240211232600,train,/public/home/test_bigmodel/seismogram/zb/team_pytorch/japan_data/japan_2024.hdf5,False,False,False,False,37.165,136.69,4.0,3.2,2024/02/11 23:26:00,10
0,20240211234800,train,/public/home/test_bigmodel/seismogram/zb/team_pytorch/japan_data/japan_2024.hdf5,False,False,False,False,37.283,136.692,10.0,3.9,2024/02/11 23:48:00,28
0,20240212053100,train,/public/home/test_bigmodel/seismogram/zb/team_pytorch/japan_data/japan_2024.hdf5,False,False,False,False,34.933,135.373,6.0,3.3,2024/02/12 05:31:00,23
0,20240212132600,train,/public/home/test_bigmodel/seismogram/zb/team_pytorch/japan_data/japan_2024.hdf5,False,False,False,False,37.362,136.867,8.0,3.1,2024/02/12 13:26:00,2
0,20240212193500,train,/public/home/test_bigmodel/seismogram/zb/team_pytorch/japan_data/japan_2024.hdf5,False,False,False,False,37.153,136.653,8.0,3.4,2024/02/12 19:35:00,2
0,20240214103200,train,/public/home/test_bigmodel/seismogram/zb/team_pytorch/japan_data/japan_2024.hdf5,False,False,False,False,37.215,136.785,11.0,4.5,2024/02/14 10:32:00,68
0,20240214152900,train,/public/home/test_bigmodel/seismogram/zb/team_pytorch/japan_data/japan_2024.hdf5,False,False,False,False,35.053,135.555,12.0,4.4,2024/02/14 15:29:00,241
0,20240214153400,train,/public/home/test_bigmodel/seismogram/zb/team_pytorch/japan_data/japan_2024.hdf5,False,False,False,False,37.358,136.727,8.0,4.1,2024/02/14 15:34:00,10
0,20240214171100,train,/public/home/test_bigmodel/seismogram/zb/team_pytorch/japan_data/japan_2024.hdf5,False,False,False,False,41.562,142.1,53.0,4.2,2024/02/14 17:11:00,16
0,20240215022500,train,/public/home/test_bigmodel/seismogram/zb/team_pytorch/japan_data/japan_2024.hdf5,False,False,False,False,39.703,141.253,85.0,4.1,2024/02/15 02:25:00,107
0,20240215100800,train,/public/home/test_bigmodel/seismogram/zb/team_pytorch/japan_data/japan_2024.hdf5,False,False,False,False,35.055,135.552,12.0,3.7,2024/02/15 10:08:00,49
0,20240215124800,train,/public/home/test_bigmodel/seismogram/zb/team_pytorch/japan_data/japan_2024.hdf5,False,False,False,False,37.88,137.757,21.0,4.9,2024/02/15 12:48:00,99
0,20240215142200,train,/public/home/test_bigmodel/seismogram/zb/team_pytorch/japan_data/japan_2024.hdf5,False,False,False,False,37.202,136.835,11.0,3.2,2024/02/15 14:22:00,9
0,20240215152900,train,/public/home/test_bigmodel/seismogram/zb/team_pytorch/japan_data/japan_2024.hdf5,False,False,False,False,37.553,137.617,16.0,5.0,2024/02/15 15:29:00,171
0,20240215200000,train,/public/home/test_bigmodel/seismogram/zb/team_pytorch/japan_data/japan_2024.hdf5,False,False,False,False,37.557,137.617,17.0,4.3,2024/02/15 20:00:00,52
0,20240216021800,train,/public/home/test_bigmodel/seismogram/zb/team_pytorch/japan_data/japan_2024.hdf5,False,False,False,False,36.677,141.128,51.0,4.0,2024/02/16 02:18:00,51
0,20240216064600,train,/public/home/test_bigmodel/seismogram/zb/team_pytorch/japan_data/japan_2024.hdf5,False,False,False,False,37.142,136.725,7.0,3.1,2024/02/16 06:46:00,8
0,20240216094300,train,/public/home/test_bigmodel/seismogram/zb/team_pytorch/japan_data/japan_2024.hdf5,False,False,False,False,40.977,142.002,59.0,3.8,2024/02/16 09:43:00,22
0,20240216185200,train,/public/home/test_bigmodel/seismogram/zb/team_pytorch/japan_data/japan_2024.hdf5,False,False,False,False,36.085,139.875,47.0,3.9,2024/02/16 18:52:00,97
0,20240216233100,train,/public/home/test_bigmodel/seismogram/zb/team_pytorch/japan_data/japan_2024.hdf5,False,False,False,False,31.928,131.018,7.0,3.0,2024/02/16 23:31:00,10
0,20240217062300,train,/public/home/test_bigmodel/seismogram/zb/team_pytorch/japan_data/japan_2024.hdf5,False,False,False,False,37.195,136.84,11.0,3.5,2024/02/17 06:23:00,14
0,20240217071400,train,/public/home/test_bigmodel/seismogram/zb/team_pytorch/japan_data/japan_2024.hdf5,False,False,False,False,37.195,136.837,11.0,3.4,2024/02/17 07:14:00,12
0,20240217204700,train,/public/home/test_bigmodel/seismogram/zb/team_pytorch/japan_data/japan_2024.hdf5,False,False,False,False,40.093,142.443,38.0,4.5,2024/02/17 20:47:00,104
0,20240219112100,train,/public/home/test_bigmodel/seismogram/zb/team_pytorch/japan_data/japan_2024.hdf5,False,False,False,False,38.317,141.77,50.0,3.9,2024/02/19 11:21:00,52
0,20240221035800,train,/public/home/test_bigmodel/seismogram/zb/team_pytorch/japan_data/japan_2024.hdf5,False,False,False,False,37.523,137.253,11.0,3.4,2024/02/21 03:58:00,9
0,20240221113400,train,/public/home/test_bigmodel/seismogram/zb/team_pytorch/japan_data/japan_2024.hdf5,False,False,False,False,37.48,137.297,13.0,3.3,2024/02/21 11:34:00,8
0,20240221182700,train,/public/home/test_bigmodel/seismogram/zb/team_pytorch/japan_data/japan_2024.hdf5,False,False,False,False,33.207,132.663,37.0,3.9,2024/02/21 18:27:00,72
0,20240224125700,train,/public/home/test_bigmodel/seismogram/zb/team_pytorch/japan_data/japan_2024.hdf5,False,False,False,False,38.372,141.823,58.0,4.1,2024/02/24 12:57:00,105
0,20240224191700,train,/public/home/test_bigmodel/seismogram/zb/team_pytorch/japan_data/japan_2024.hdf5,False,False,False,False,39.545,143.55,13.0,5.2,2024/02/24 19:17:00,101
0,20240226152400,train,/public/home/test_bigmodel/seismogram/zb/team_pytorch/japan_data/japan_2024.hdf5,False,False,False,False,33.642,132.47,47.0,5.1,2024/02/26 15:24:00,308
0,20240227064000,train,/public/home/test_bigmodel/seismogram/zb/team_pytorch/japan_data/japan_2024.hdf5,False,False,False,False,37.828,141.763,54.0,4.7,2024/02/27 06:40:00,118
0,20240227141900,train,/public/home/test_bigmodel/seismogram/zb/team_pytorch/japan_data/japan_2024.hdf5,False,False,False,False,37.382,136.887,6.0,3.0,2024/02/27 14:19:00,5
0,20240227214300,train,/public/home/test_bigmodel/seismogram/zb/team_pytorch/japan_data/japan_2024.hdf5,False,False,False,False,35.24,140.643,23.0,4.3,2024/02/27 21:43:00,17
0,20240228161400,train,/public/home/test_bigmodel/seismogram/zb/team_pytorch/japan_data/japan_2024.hdf5,False,False,False,False,37.388,136.872,5.0,3.8,2024/02/28 16:14:00,15
0,20240228224300,train,/public/home/test_bigmodel/seismogram/zb/team_pytorch/japan_data/japan_2024.hdf5,False,False,False,False,41.987,142.543,67.0,4.5,2024/02/28 22:43:00,147
0,20240229084200,train,/public/home/test_bigmodel/seismogram/zb/team_pytorch/japan_data/japan_2024.hdf5,False,False,False,False,35.405,140.557,28.0,4.2,2024/02/29 08:42:00,26
0,20240229084500,train,/public/home/test_bigmodel/seismogram/zb/team_pytorch/japan_data/japan_2024.hdf5,False,False,False,False,35.405,140.555,27.0,3.4,2024/02/29 08:45:00,13
0,20240229111300,train,/public/home/test_bigmodel/seismogram/zb/team_pytorch/japan_data/japan_2024.hdf5,False,False,False,False,35.388,140.56,29.0,4.6,2024/02/29 11:13:00,98
0,20240229123000,train,/public/home/test_bigmodel/seismogram/zb/team_pytorch/japan_data/japan_2024.hdf5,False,False,False,False,35.34,140.557,28.0,4.5,2024/02/29 12:30:00,42
0,20240229162700,train,/public/home/test_bigmodel/seismogram/zb/team_pytorch/japan_data/japan_2024.hdf5,False,False,False,False,35.387,140.552,29.0,4.6,2024/02/29 16:27:00,94
0,20240229183500,train,/public/home/test_bigmodel/seismogram/zb/team_pytorch/japan_data/japan_2024.hdf5,False,False,False,False,35.395,140.553,27.0,4.9,2024/02/29 18:35:00,142
0,20240301010100,train,/public/home/test_bigmodel/seismogram/zb/team_pytorch/japan_data/japan_2024.hdf5,False,False,False,False,36.048,140.09,63.0,3.7,2024/03/01 01:01:00,83
0,20240301053500,train,/public/home/test_bigmodel/seismogram/zb/team_pytorch/japan_data/japan_2024.hdf5,False,False,False,False,35.347,140.355,26.0,3.0,2024/03/01 05:35:00,11
0,20240301054300,train,/public/home/test_bigmodel/seismogram/zb/team_pytorch/japan_data/japan_2024.hdf5,False,False,False,False,35.435,140.55,31.0,5.3,2024/03/01 05:43:00,208
0,20240301131400,train,/public/home/test_bigmodel/seismogram/zb/team_pytorch/japan_data/japan_2024.hdf5,False,False,False,False,37.345,136.908,11.0,3.8,2024/03/01 13:14:00,8
0,20240301211900,train,/public/home/test_bigmodel/seismogram/zb/team_pytorch/japan_data/japan_2024.hdf5,False,False,False,False,35.423,140.532,30.0,3.0,2024/03/01 21:19:00,9
0,20240301214400,train,/public/home/test_bigmodel/seismogram/zb/team_pytorch/japan_data/japan_2024.hdf5,False,False,False,False,41.187,141.698,80.0,4.1,2024/03/01 21:44:00,41
0,20240301224100,train,/public/home/test_bigmodel/seismogram/zb/team_pytorch/japan_data/japan_2024.hdf5,False,False,False,False,35.317,140.347,23.0,3.1,2024/03/01 22:41:00,9
0,20240302014900,train,/public/home/test_bigmodel/seismogram/zb/team_pytorch/japan_data/japan_2024.hdf5,False,False,False,False,35.315,140.347,26.0,5.0,2024/03/02 01:49:00,166
0,20240302030800,train,/public/home/test_bigmodel/seismogram/zb/team_pytorch/japan_data/japan_2024.hdf5,False,False,False,False,35.505,140.53,31.0,3.0,2024/03/02 03:08:00,11
0,20240302033800,train,/public/home/test_bigmodel/seismogram/zb/team_pytorch/japan_data/japan_2024.hdf5,False,False,False,False,35.33,140.352,25.0,3.8,2024/03/02 03:38:00,39
0,20240302034000,train,/public/home/test_bigmodel/seismogram/zb/team_pytorch/japan_data/japan_2024.hdf5,False,False,False,False,35.325,140.358,25.0,4.4,2024/03/02 03:40:00,30
0,20240302034900,train,/public/home/test_bigmodel/seismogram/zb/team_pytorch/japan_data/japan_2024.hdf5,False,False,False,False,35.322,140.358,25.0,3.0,2024/03/02 03:49:00,11
0,20240302071300,train,/public/home/test_bigmodel/seismogram/zb/team_pytorch/japan_data/japan_2024.hdf5,False,False,False,False,35.37,140.452,26.0,3.1,2024/03/02 07:13:00,13
0,20240302094400,train,/public/home/test_bigmodel/seismogram/zb/team_pytorch/japan_data/japan_2024.hdf5,False,False,False,False,35.333,140.358,26.0,3.0,2024/03/02 09:44:00,10
0,20240302182000,train,/public/home/test_bigmodel/seismogram/zb/team_pytorch/japan_data/japan_2024.hdf5,False,False,False,False,37.808,141.602,56.0,4.1,2024/03/02 18:20:00,29
0,20240302202300,train,/public/home/test_bigmodel/seismogram/zb/team_pytorch/japan_data/japan_2024.hdf5,False,False,False,False,36.043,139.902,44.0,3.8,2024/03/02 20:23:00,75
0,20240302230000,train,/public/home/test_bigmodel/seismogram/zb/team_pytorch/japan_data/japan_2024.hdf5,False,False,False,False,32.435,131.523,13.0,4.3,2024/03/02 23:00:00,106
0,20240303173200,train,/public/home/test_bigmodel/seismogram/zb/team_pytorch/japan_data/japan_2024.hdf5,False,False,False,False,41.2,142.062,56.0,4.8,2024/03/03 17:32:00,138
0,20240304035100,train,/public/home/test_bigmodel/seismogram/zb/team_pytorch/japan_data/japan_2024.hdf5,False,False,False,False,37.102,136.618,8.0,3.4,2024/03/04 03:51:00,1
0,20240304173100,train,/public/home/test_bigmodel/seismogram/zb/team_pytorch/japan_data/japan_2024.hdf5,False,False,False,False,37.212,136.685,5.0,4.4,2024/03/04 17:31:00,37
0,20240304174600,train,/public/home/test_bigmodel/seismogram/zb/team_pytorch/japan_data/japan_2024.hdf5,False,False,False,False,37.192,136.815,12.0,3.3,2024/03/04 17:46:00,11
0,20240304214200,train,/public/home/test_bigmodel/seismogram/zb/team_pytorch/japan_data/japan_2024.hdf5,False,False,False,False,37.492,137.237,13.0,3.3,2024/03/04 21:42:00,9
0,20240305200100,train,/public/home/test_bigmodel/seismogram/zb/team_pytorch/japan_data/japan_2024.hdf5,False,False,False,False,37.122,136.668,8.0,3.3,2024/03/05 20:01:00,8
0,20240306170900,train,/public/home/test_bigmodel/seismogram/zb/team_pytorch/japan_data/japan_2024.hdf5,False,False,False,False,35.512,140.418,33.0,3.3,2024/03/06 17:09:00,22
0,20240306221600,train,/public/home/test_bigmodel/seismogram/zb/team_pytorch/japan_data/japan_2024.hdf5,False,False,False,False,37.055,141.222,48.0,3.8,2024/03/06 22:16:00,37
0,20240307054000,train,/public/home/test_bigmodel/seismogram/zb/team_pytorch/japan_data/japan_2024.hdf5,False,False,False,False,35.537,138.937,23.0,3.6,2024/03/07 05:40:00,67
0,20240307112800,train,/public/home/test_bigmodel/seismogram/zb/team_pytorch/japan_data/japan_2024.hdf5,False,False,False,False,34.22,135.087,9.0,3.6,2024/03/07 11:28:00,20
0,20240307141900,train,/public/home/test_bigmodel/seismogram/zb/team_pytorch/japan_data/japan_2024.hdf5,False,False,False,False,32.433,131.523,13.0,3.6,2024/03/07 14:19:00,35
0,20240307142500,train,/public/home/test_bigmodel/seismogram/zb/team_pytorch/japan_data/japan_2024.hdf5,False,False,False,False,32.433,131.522,13.0,3.4,2024/03/07 14:25:00,33
0,20240307154100,train,/public/home/test_bigmodel/seismogram/zb/team_pytorch/japan_data/japan_2024.hdf5,False,False,False,False,37.372,136.932,11.0,4.3,2024/03/07 15:41:00,46
0,20240307171400,train,/public/home/test_bigmodel/seismogram/zb/team_pytorch/japan_data/japan_2024.hdf5,False,False,False,False,32.77,131.82,52.0,4.0,2024/03/07 17:14:00,86
0,20240307205800,train,/public/home/test_bigmodel/seismogram/zb/team_pytorch/japan_data/japan_2024.hdf5,False,False,False,False,34.045,135.31,6.0,3.3,2024/03/07 20:58:00,14
0,20240309025500,train,/public/home/test_bigmodel/seismogram/zb/team_pytorch/japan_data/japan_2024.hdf5,False,False,False,False,34.215,135.085,9.0,3.6,2024/03/09 02:55:00,18
0,20240309042600,train,/public/home/test_bigmodel/seismogram/zb/team_pytorch/japan_data/japan_2024.hdf5,False,False,False,False,35.39,140.42,28.0,4.4,2024/03/09 04:26:00,88
0,20240309124700,train,/public/home/test_bigmodel/seismogram/zb/team_pytorch/japan_data/japan_2024.hdf5,False,False,False,False,37.417,137.105,12.0,3.8,2024/03/09 12:47:00,17
0,20240309141800,train,/public/home/test_bigmodel/seismogram/zb/team_pytorch/japan_data/japan_2024.hdf5,False,False,False,False,41.93,142.345,71.0,4.6,2024/03/09 14:18:00,142
0,20240309202100,train,/public/home/test_bigmodel/seismogram/zb/team_pytorch/japan_data/japan_2024.hdf5,False,False,False,False,32.43,131.523,13.0,3.5,2024/03/09 20:21:00,38
0,20240309212600,train,/public/home/test_bigmodel/seismogram/zb/team_pytorch/japan_data/japan_2024.hdf5,False,False,False,False,32.432,131.523,12.0,3.3,2024/03/09 21:26:00,29
0,20240310151400,train,/public/home/test_bigmodel/seismogram/zb/team_pytorch/japan_data/japan_2024.hdf5,False,False,False,False,37.953,141.747,55.0,4.3,2024/03/10 15:14:00,124
0,20240312122700,train,/public/home/test_bigmodel/seismogram/zb/team_pytorch/japan_data/japan_2024.hdf5,False,False,False,False,35.387,140.412,30.0,3.0,2024/03/12 12:27:00,9
0,20240313033100,train,/public/home/test_bigmodel/seismogram/zb/team_pytorch/japan_data/japan_2024.hdf5,False,False,False,False,37.128,136.687,6.0,4.1,2024/03/13 03:31:00,27
0,20240313202400,train,/public/home/test_bigmodel/seismogram/zb/team_pytorch/japan_data/japan_2024.hdf5,False,False,False,False,37.093,141.13,51.0,4.7,2024/03/13 20:24:00,166
0,20240314163400,train,/public/home/test_bigmodel/seismogram/zb/team_pytorch/japan_data/japan_2024.hdf5,False,False,False,False,43.582,143.757,8.0,4.1,2024/03/14 16:34:00,46
0,20240314183700,train,/public/home/test_bigmodel/seismogram/zb/team_pytorch/japan_data/japan_2024.hdf5,False,False,False,False,41.498,142.045,57.0,4.1,2024/03/14 18:37:00,34
0,20240315001400,train,/public/home/test_bigmodel/seismogram/zb/team_pytorch/japan_data/japan_2024.hdf5,False,False,False,False,37.072,141.163,50.0,5.8,2024/03/15 00:14:00,636
0,20240315192800,train,/public/home/test_bigmodel/seismogram/zb/team_pytorch/japan_data/japan_2024.hdf5,False,False,False,False,37.492,137.23,9.0,3.6,2024/03/15 19:28:00,14
0,20240316063400,train,/public/home/test_bigmodel/seismogram/zb/team_pytorch/japan_data/japan_2024.hdf5,False,False,False,False,32.907,131.047,7.0,3.3,2024/03/16 06:34:00,12
0,20240317061700,train,/public/home/test_bigmodel/seismogram/zb/team_pytorch/japan_data/japan_2024.hdf5,False,False,False,False,37.155,141.447,44.0,5.4,2024/03/17 06:17:00,435
0,20240318022500,train,/public/home/test_bigmodel/seismogram/zb/team_pytorch/japan_data/japan_2024.hdf5,False,False,False,False,37.16,141.43,44.0,3.9,2024/03/18 02:25:00,58
0,20240318035000,train,/public/home/test_bigmodel/seismogram/zb/team_pytorch/japan_data/japan_2024.hdf5,False,False,False,False,35.762,140.267,58.0,4.2,2024/03/18 03:50:00,114
0,20240318105800,train,/public/home/test_bigmodel/seismogram/zb/team_pytorch/japan_data/japan_2024.hdf5,False,False,False,False,33.255,132.35,40.0,3.9,2024/03/18 10:58:00,69
0,20240318184900,train,/public/home/test_bigmodel/seismogram/zb/team_pytorch/japan_data/japan_2024.hdf5,False,False,False,False,35.637,140.07,72.0,3.7,2024/03/18 18:49:00,51
0,20240319101500,train,/public/home/test_bigmodel/seismogram/zb/team_pytorch/japan_data/japan_2024.hdf5,False,False,False,False,41.693,143.82,21.0,4.6,2024/03/19 10:15:00,28
0,20240320085400,train,/public/home/test_bigmodel/seismogram/zb/team_pytorch/japan_data/japan_2024.hdf5,False,False,False,False,32.968,131.105,9.0,3.1,2024/03/20 08:54:00,11
0,20240321090800,train,/public/home/test_bigmodel/seismogram/zb/team_pytorch/japan_data/japan_2024.hdf5,False,False,False,False,36.048,139.887,46.0,5.3,2024/03/21 09:08:00,464
0,20240322144400,train,/public/home/test_bigmodel/seismogram/zb/team_pytorch/japan_data/japan_2024.hdf5,False,False,False,False,40.363,142.202,46.0,4.3,2024/03/22 14:44:00,102
0,20240323025600,train,/public/home/test_bigmodel/seismogram/zb/team_pytorch/japan_data/japan_2024.hdf5,False,False,False,False,37.575,137.392,8.0,4.3,2024/03/23 02:56:00,41
0,20240323083100,train,/public/home/test_bigmodel/seismogram/zb/team_pytorch/japan_data/japan_2024.hdf5,False,False,False,False,35.682,136.63,14.0,4.6,2024/03/23 08:31:00,318
0,20240324014900,train,/public/home/test_bigmodel/seismogram/zb/team_pytorch/japan_data/japan_2024.hdf5,False,False,False,False,35.492,140.087,70.0,3.2,2024/03/24 01:49:00,15
0,20240325105800,train,/public/home/test_bigmodel/seismogram/zb/team_pytorch/japan_data/japan_2024.hdf5,False,False,False,False,37.453,137.147,9.0,3.0,2024/03/25 10:58:00,6
0,20240327060600,train,/public/home/test_bigmodel/seismogram/zb/team_pytorch/japan_data/japan_2024.hdf5,False,False,False,False,35.557,140.385,55.0,4.3,2024/03/27 06:06:00,86
0,20240328231500,train,/public/home/test_bigmodel/seismogram/zb/team_pytorch/japan_data/japan_2024.hdf5,False,False,False,False,34.96,135.597,9.0,3.1,2024/03/28 23:15:00,24
0,20240329031400,train,/public/home/test_bigmodel/seismogram/zb/team_pytorch/japan_data/japan_2024.hdf5,False,False,False,False,36.083,137.542,5.0,3.2,2024/03/29 03:14:00,23
0,20240331204400,train,/public/home/test_bigmodel/seismogram/zb/team_pytorch/japan_data/japan_2024.hdf5,False,False,False,False,37.225,136.845,11.0,3.4,2024/03/31 20:44:00,15
0,20240401024800,train,/public/home/test_bigmodel/seismogram/zb/team_pytorch/japan_data/japan_2024.hdf5,False,False,False,False,32.43,131.523,13.0,3.3,2024/04/01 02:48:00,34
0,20240401075400,train,/public/home/test_bigmodel/seismogram/zb/team_pytorch/japan_data/japan_2024.hdf5,False,False,False,False,35.68,138.2,13.0,3.3,2024/04/01 07:54:00,32
0,20240402042400,train,/public/home/test_bigmodel/seismogram/zb/team_pytorch/japan_data/japan_2024.hdf5,False,False,False,False,40.133,141.712,71.0,6.0,2024/04/02 04:24:00,539
0,20240402172400,train,/public/home/test_bigmodel/seismogram/zb/team_pytorch/japan_data/japan_2024.hdf5,False,False,False,False,37.367,136.858,8.0,3.7,2024/04/02 17:24:00,16
0,20240403105600,train,/public/home/test_bigmodel/seismogram/zb/team_pytorch/japan_data/japan_2024.hdf5,False,False,False,False,37.195,136.885,10.0,3.6,2024/04/03 10:56:00,18
0,20240403123400,train,/public/home/test_bigmodel/seismogram/zb/team_pytorch/japan_data/japan_2024.hdf5,False,False,False,False,35.378,140.31,29.0,3.7,2024/04/03 12:34:00,20
0,20240404121600,train,/public/home/test_bigmodel/seismogram/zb/team_pytorch/japan_data/japan_2024.hdf5,False,False,False,False,37.73,141.862,44.0,6.3,2024/04/04 12:16:00,671
0,20240405053200,train,/public/home/test_bigmodel/seismogram/zb/team_pytorch/japan_data/japan_2024.hdf5,False,False,False,False,41.94,142.447,66.0,5.0,2024/04/05 05:32:00,248
0,20240406004000,train,/public/home/test_bigmodel/seismogram/zb/team_pytorch/japan_data/japan_2024.hdf5,False,False,False,False,37.107,141.117,52.0,3.9,2024/04/06 00:40:00,63
0,20240406091200,train,/public/home/test_bigmodel/seismogram/zb/team_pytorch/japan_data/japan_2024.hdf5,False,False,False,False,40.868,143.398,17.0,5.5,2024/04/06 09:12:00,181
0,20240406151300,train,/public/home/test_bigmodel/seismogram/zb/team_pytorch/japan_data/japan_2024.hdf5,False,False,False,False,38.172,141.695,52.0,4.0,2024/04/06 15:13:00,80
0,20240408102500,train,/public/home/test_bigmodel/seismogram/zb/team_pytorch/japan_data/japan_2024.hdf5,False,False,False,False,31.59,131.477,39.0,5.1,2024/04/08 10:25:00,123
0,20240408135700,train,/public/home/test_bigmodel/seismogram/zb/team_pytorch/japan_data/japan_2024.hdf5,False,False,False,False,32.133,131.91,28.0,4.5,2024/04/08 13:57:00,77
0,20240408222900,train,/public/home/test_bigmodel/seismogram/zb/team_pytorch/japan_data/japan_2024.hdf5,False,False,False,False,37.472,137.167,13.0,4.1,2024/04/08 22:29:00,24
0,20240409061300,train,/public/home/test_bigmodel/seismogram/zb/team_pytorch/japan_data/japan_2024.hdf5,False,False,False,False,40.128,141.687,76.0,4.1,2024/04/09 06:13:00,106
0,20240411131600,train,/public/home/test_bigmodel/seismogram/zb/team_pytorch/japan_data/japan_2024.hdf5,False,False,False,False,37.458,137.147,12.0,3.5,2024/04/11 13:16:00,7
0,20240413044800,train,/public/home/test_bigmodel/seismogram/zb/team_pytorch/japan_data/japan_2024.hdf5,False,False,False,False,42.957,145.42,45.0,3.9,2024/04/13 04:48:00,6
0,20240413164300,train,/public/home/test_bigmodel/seismogram/zb/team_pytorch/japan_data/japan_2024.hdf5,False,False,False,False,33.515,132.557,42.0,3.4,2024/04/13 16:43:00,13
0,20240414083200,train,/public/home/test_bigmodel/seismogram/zb/team_pytorch/japan_data/japan_2024.hdf5,False,False,False,False,37.178,136.84,11.0,3.4,2024/04/14 08:32:00,9
0,20240417032100,train,/public/home/test_bigmodel/seismogram/zb/team_pytorch/japan_data/japan_2024.hdf5,False,False,False,False,39.335,142.07,48.0,4.2,2024/04/17 03:21:00,66
0,20240417191800,train,/public/home/test_bigmodel/seismogram/zb/team_pytorch/japan_data/japan_2024.hdf5,False,False,False,False,35.86,137.815,10.0,3.9,2024/04/17 19:18:00,39
0,20240417231400,train,/public/home/test_bigmodel/seismogram/zb/team_pytorch/japan_data/japan_2024.hdf5,False,False,False,False,33.2,132.408,39.0,6.6,2024/04/17 23:14:00,658
0,20240417231900,train,/public/home/test_bigmodel/seismogram/zb/team_pytorch/japan_data/japan_2024.hdf5,False,False,False,False,33.22,132.398,41.0,5.1,2024/04/17 23:19:00,258
0,20240417232700,train,/public/home/test_bigmodel/seismogram/zb/team_pytorch/japan_data/japan_2024.hdf5,False,False,False,False,33.202,132.338,38.0,4.2,2024/04/17 23:27:00,124
0,20240417233100,train,/public/home/test_bigmodel/seismogram/zb/team_pytorch/japan_data/japan_2024.hdf5,False,False,False,False,36.697,138.4,11.0,3.3,2024/04/17 23:31:00,17
0,20240418003000,train,/public/home/test_bigmodel/seismogram/zb/team_pytorch/japan_data/japan_2024.hdf5,False,False,False,False,33.21,132.375,37.0,3.6,2024/04/18 00:30:00,41
0,20240418003700,train,/public/home/test_bigmodel/seismogram/zb/team_pytorch/japan_data/japan_2024.hdf5,False,False,False,False,33.223,132.398,39.0,3.8,2024/04/18 00:37:00,46
0,20240418004400,train,/public/home/test_bigmodel/seismogram/zb/team_pytorch/japan_data/japan_2024.hdf5,False,False,False,False,33.22,132.382,36.0,3.4,2024/04/18 00:44:00,25
0,20240418010100,train,/public/home/test_bigmodel/seismogram/zb/team_pytorch/japan_data/japan_2024.hdf5,False,False,False,False,33.202,132.343,38.0,3.2,2024/04/18 01:01:00,19
0,20240418010500,train,/public/home/test_bigmodel/seismogram/zb/team_pytorch/japan_data/japan_2024.hdf5,False,False,False,False,33.193,132.385,37.0,3.3,2024/04/18 01:05:00,21
0,20240418063100,train,/public/home/test_bigmodel/seismogram/zb/team_pytorch/japan_data/japan_2024.hdf5,False,False,False,False,33.215,132.37,37.0,3.6,2024/04/18 06:31:00,38
0,20240418121500,train,/public/home/test_bigmodel/seismogram/zb/team_pytorch/japan_data/japan_2024.hdf5,False,False,False,False,33.228,132.37,37.0,3.7,2024/04/18 12:15:00,54
0,20240418234500,train,/public/home/test_bigmodel/seismogram/zb/team_pytorch/japan_data/japan_2024.hdf5,False,False,False,False,33.207,132.37,39.0,3.7,2024/04/18 23:45:00,40
0,20240419025900,train,/public/home/test_bigmodel/seismogram/zb/team_pytorch/japan_data/japan_2024.hdf5,False,False,False,False,33.227,132.372,38.0,3.5,2024/04/19 02:59:00,20
0,20240419093300,train,/public/home/test_bigmodel/seismogram/zb/team_pytorch/japan_data/japan_2024.hdf5,False,False,False,False,36.088,139.89,48.0,4.1,2024/04/19 09:33:00,108
0,20240419232700,train,/public/home/test_bigmodel/seismogram/zb/team_pytorch/japan_data/japan_2024.hdf5,False,False,False,False,34.932,129.695,15.0,4.1,2024/04/19 23:27:00,7
0,20240420025100,train,/public/home/test_bigmodel/seismogram/zb/team_pytorch/japan_data/japan_2024.hdf5,False,False,False,False,33.477,135.06,34.0,3.7,2024/04/20 02:51:00,18
0,20240420070700,train,/public/home/test_bigmodel/seismogram/zb/team_pytorch/japan_data/japan_2024.hdf5,False,False,False,False,43.332,146.395,47.0,4.4,2024/04/20 07:07:00,28
0,20240421223600,train,/public/home/test_bigmodel/seismogram/zb/team_pytorch/japan_data/japan_2024.hdf5,False,False,False,False,33.205,132.345,38.0,3.4,2024/04/21 22:36:00,22
0,20240423095100,train,/public/home/test_bigmodel/seismogram/zb/team_pytorch/japan_data/japan_2024.hdf5,False,False,False,False,33.2,132.365,40.0,3.6,2024/04/23 09:51:00,16
0,20240423142900,train,/public/home/test_bigmodel/seismogram/zb/team_pytorch/japan_data/japan_2024.hdf5,False,False,False,False,33.205,132.343,39.0,3.8,2024/04/23 14:29:00,55
0,20240424105800,train,/public/home/test_bigmodel/seismogram/zb/team_pytorch/japan_data/japan_2024.hdf5,False,False,False,False,33.212,132.358,38.0,3.7,2024/04/24 10:58:00,42
0,20240424114200,train,/public/home/test_bigmodel/seismogram/zb/team_pytorch/japan_data/japan_2024.hdf5,False,False,False,False,37.17,136.67,10.0,3.7,2024/04/24 11:42:00,9
0,20240424204000,train,/public/home/test_bigmodel/seismogram/zb/team_pytorch/japan_data/japan_2024.hdf5,False,False,False,False,36.448,140.615,55.0,5.1,2024/04/24 20:40:00,363
0,20240424211600,train,/public/home/test_bigmodel/seismogram/zb/team_pytorch/japan_data/japan_2024.hdf5,False,False,False,False,36.432,140.588,53.0,3.7,2024/04/24 21:16:00,92
0,20240424224200,train,/public/home/test_bigmodel/seismogram/zb/team_pytorch/japan_data/japan_2024.hdf5,False,False,False,False,33.202,132.37,37.0,3.2,2024/04/24 22:42:00,18
0,20240425002600,train,/public/home/test_bigmodel/seismogram/zb/team_pytorch/japan_data/japan_2024.hdf5,False,False,False,False,31.732,131.817,40.0,4.1,2024/04/25 00:26:00,34
0,20240425134600,train,/public/home/test_bigmodel/seismogram/zb/team_pytorch/japan_data/japan_2024.hdf5,False,False,False,False,36.458,140.597,56.0,3.7,2024/04/25 13:46:00,66
0,20240426102900,train,/public/home/test_bigmodel/seismogram/zb/team_pytorch/japan_data/japan_2024.hdf5,False,False,False,False,32.957,131.112,8.0,3.8,2024/04/26 10:29:00,32
0,20240426103300,train,/public/home/test_bigmodel/seismogram/zb/team_pytorch/japan_data/japan_2024.hdf5,False,False,False,False,32.958,131.113,8.0,3.6,2024/04/26 10:33:00,37
0,20240427171100,train,/public/home/test_bigmodel/seismogram/zb/team_pytorch/japan_data/japan_2024.hdf5,False,False,False,False,35.368,140.452,28.0,3.1,2024/04/27 17:11:00,11
0,20240428092500,train,/public/home/test_bigmodel/seismogram/zb/team_pytorch/japan_data/japan_2024.hdf5,False,False,False,False,40.152,138.977,23.0,4.6,2024/04/28 09:25:00,58
0,20240428143700,train,/public/home/test_bigmodel/seismogram/zb/team_pytorch/japan_data/japan_2024.hdf5,False,False,False,False,37.372,137.01,7.0,3.3,2024/04/28 14:37:00,8
0,20240428222800,train,/public/home/test_bigmodel/seismogram/zb/team_pytorch/japan_data/japan_2024.hdf5,False,False,False,False,42.837,144.842,87.0,3.9,2024/04/28 22:28:00,34
0,20240429011600,train,/public/home/test_bigmodel/seismogram/zb/team_pytorch/japan_data/japan_2024.hdf5,False,False,False,False,37.318,141.318,32.0,4.6,2024/04/29 01:16:00,173
0,20240429054700,train,/public/home/test_bigmodel/seismogram/zb/team_pytorch/japan_data/japan_2024.hdf5,False,False,False,False,33.21,132.35,39.0,3.5,2024/04/29 05:47:00,29
0,20240429060900,train,/public/home/test_bigmodel/seismogram/zb/team_pytorch/japan_data/japan_2024.hdf5,False,False,False,False,33.21,132.35,39.0,3.8,2024/04/29 06:09:00,57
0,20240430000800,train,/public/home/test_bigmodel/seismogram/zb/team_pytorch/japan_data/japan_2024.hdf5,False,False,False,False,37.458,137.3,13.0,3.0,2024/04/30 00:08:00,9
0,20240430011400,train,/public/home/test_bigmodel/seismogram/zb/team_pytorch/japan_data/japan_2024.hdf5,False,False,False,False,35.992,137.522,9.0,3.6,2024/04/30 01:14:00,48
0,20240430204000,train,/public/home/test_bigmodel/seismogram/zb/team_pytorch/japan_data/japan_2024.hdf5,False,False,False,False,35.995,137.523,9.0,3.0,2024/04/30 20:40:00,18
0,20240501181600,train,/public/home/test_bigmodel/seismogram/zb/team_pytorch/japan_data/japan_2024.hdf5,False,False,False,False,34.11,136.192,36.0,3.5,2024/05/01 18:16:00,34
0,20240501215400,train,/public/home/test_bigmodel/seismogram/zb/team_pytorch/japan_data/japan_2024.hdf5,False,False,False,False,37.37,136.877,8.0,3.0,2024/05/01 21:54:00,10
0,20240502082000,train,/public/home/test_bigmodel/seismogram/zb/team_pytorch/japan_data/japan_2024.hdf5,False,False,False,False,34.437,131.405,17.0,4.2,2024/05/02 08:20:00,87
0,20240503091000,train,/public/home/test_bigmodel/seismogram/zb/team_pytorch/japan_data/japan_2024.hdf5,False,False,False,False,33.807,135.352,46.0,3.8,2024/05/03 09:10:00,36
0,20240503135200,train,/public/home/test_bigmodel/seismogram/zb/team_pytorch/japan_data/japan_2024.hdf5,False,False,False,False,33.192,132.385,37.0,3.2,2024/05/03 13:52:00,12
0,20240504094000,train,/public/home/test_bigmodel/seismogram/zb/team_pytorch/japan_data/japan_2024.hdf5,False,False,False,False,33.23,132.373,38.0,3.9,2024/05/04 09:40:00,77
0,20240506005000,train,/public/home/test_bigmodel/seismogram/zb/team_pytorch/japan_data/japan_2024.hdf5,False,False,False,False,33.155,132.41,37.0,3.9,2024/05/06 00:50:00,71
0,20240506035300,dev,/public/home/test_bigmodel/seismogram/zb/team_pytorch/japan_data/japan_2024.hdf5,False,False,False,False,37.383,136.937,10.0,3.3,2024/05/06 03:53:00,1
0,20240507150800,dev,/public/home/test_bigmodel/seismogram/zb/team_pytorch/japan_data/japan_2024.hdf5,False,False,False,False,43.567,146.552,50.0,4.0,2024/05/07 15:08:00,24
0,20240509043400,dev,/public/home/test_bigmodel/seismogram/zb/team_pytorch/japan_data/japan_2024.hdf5,False,False,False,False,33.068,131.52,96.0,4.0,2024/05/09 04:34:00,111
0,20240510173000,dev,/public/home/test_bigmodel/seismogram/zb/team_pytorch/japan_data/japan_2024.hdf5,False,False,False,False,42.422,143.397,52.0,3.9,2024/05/10 17:30:00,53
0,20240510185000,dev,/public/home/test_bigmodel/seismogram/zb/team_pytorch/japan_data/japan_2024.hdf5,False,False,False,False,37.372,136.907,11.0,3.8,2024/05/10 18:50:00,13
0,20240511054300,dev,/public/home/test_bigmodel/seismogram/zb/team_pytorch/japan_data/japan_2024.hdf5,False,False,False,False,35.158,135.675,7.0,3.3,2024/05/11 05:43:00,29
0,20240511065600,dev,/public/home/test_bigmodel/seismogram/zb/team_pytorch/japan_data/japan_2024.hdf5,False,False,False,False,33.815,134.188,18.0,3.3,2024/05/11 06:56:00,7
0,20240511094700,dev,/public/home/test_bigmodel/seismogram/zb/team_pytorch/japan_data/japan_2024.hdf5,False,False,False,False,41.757,144.23,17.0,4.9,2024/05/11 09:47:00,40
0,20240512070000,dev,/public/home/test_bigmodel/seismogram/zb/team_pytorch/japan_data/japan_2024.hdf5,False,False,False,False,37.363,136.957,10.0,3.4,2024/05/12 07:00:00,14
0,20240516221800,dev,/public/home/test_bigmodel/seismogram/zb/team_pytorch/japan_data/japan_2024.hdf5,False,False,False,False,39.637,142.103,48.0,3.7,2024/05/16 22:18:00,42
0,20240517001500,dev,/public/home/test_bigmodel/seismogram/zb/team_pytorch/japan_data/japan_2024.hdf5,False,False,False,False,32.83,130.703,13.0,3.2,2024/05/17 00:15:00,21
0,20240517011500,dev,/public/home/test_bigmodel/seismogram/zb/team_pytorch/japan_data/japan_2024.hdf5,False,False,False,False,37.382,141.483,48.0,4.0,2024/05/17 01:15:00,53
0,20240518095500,dev,/public/home/test_bigmodel/seismogram/zb/team_pytorch/japan_data/japan_2024.hdf5,False,False,False,False,35.925,141.04,15.0,4.5,2024/05/18 09:55:00,130
0,20240519004600,dev,/public/home/test_bigmodel/seismogram/zb/team_pytorch/japan_data/japan_2024.hdf5,False,False,False,False,37.16,141.485,42.0,4.5,2024/05/19 00:46:00,158
0,20240519063200,dev,/public/home/test_bigmodel/seismogram/zb/team_pytorch/japan_data/japan_2024.hdf5,False,False,False,False,36.877,140.78,10.0,3.4,2024/05/19 06:32:00,32
0,20240521210600,dev,/public/home/test_bigmodel/seismogram/zb/team_pytorch/japan_data/japan_2024.hdf5,False,False,False,False,40.608,142.232,87.0,4.2,2024/05/21 21:06:00,63
0,20240522135600,dev,/public/home/test_bigmodel/seismogram/zb/team_pytorch/japan_data/japan_2024.hdf5,False,False,False,False,35.375,140.468,29.0,3.2,2024/05/22 13:56:00,7
0,20240523200000,dev,/public/home/test_bigmodel/seismogram/zb/team_pytorch/japan_data/japan_2024.hdf5,False,False,False,False,43.082,145.562,48.0,4.6,2024/05/23 20:00:00,45
0,20240524233000,dev,/public/home/test_bigmodel/seismogram/zb/team_pytorch/japan_data/japan_2024.hdf5,False,False,False,False,37.185,136.745,7.0,3.3,2024/05/24 23:30:00,13
0,20240525133500,dev,/public/home/test_bigmodel/seismogram/zb/team_pytorch/japan_data/japan_2024.hdf5,False,False,False,False,35.108,135.542,7.0,3.1,2024/05/25 13:35:00,17
0,20240526005500,dev,/public/home/test_bigmodel/seismogram/zb/team_pytorch/japan_data/japan_2024.hdf5,False,False,False,False,36.157,140.093,66.0,4.7,2024/05/26 00:55:00,317
0,20240526142300,dev,/public/home/test_bigmodel/seismogram/zb/team_pytorch/japan_data/japan_2024.hdf5,False,False,False,False,33.315,131.418,6.0,3.3,2024/05/26 14:23:00,10
0,20240526165900,dev,/public/home/test_bigmodel/seismogram/zb/team_pytorch/japan_data/japan_2024.hdf5,False,False,False,False,38.752,141.582,75.0,4.1,2024/05/26 16:59:00,122
0,20240526231300,dev,/public/home/test_bigmodel/seismogram/zb/team_pytorch/japan_data/japan_2024.hdf5,False,False,False,False,35.362,133.248,11.0,3.0,2024/05/26 23:13:00,12
0,20240528185500,dev,/public/home/test_bigmodel/seismogram/zb/team_pytorch/japan_data/japan_2024.hdf5,False,False,False,False,37.7,141.835,44.0,4.4,2024/05/28 18:55:00,86
0,20240530115400,dev,/public/home/test_bigmodel/seismogram/zb/team_pytorch/japan_data/japan_2024.hdf5,False,False,False,False,35.727,138.312,16.0,3.9,2024/05/30 11:54:00,70
0,20240531015800,dev,/public/home/test_bigmodel/seismogram/zb/team_pytorch/japan_data/japan_2024.hdf5,False,False,False,False,34.922,137.863,36.0,4.1,2024/05/31 01:58:00,101
0,20240531044600,dev,/public/home/test_bigmodel/seismogram/zb/team_pytorch/japan_data/japan_2024.hdf5,False,False,False,False,32.583,130.647,13.0,4.7,2024/05/31 04:46:00,185
0,20240601040200,dev,/public/home/test_bigmodel/seismogram/zb/team_pytorch/japan_data/japan_2024.hdf5,False,False,False,False,33.215,132.355,39.0,4.5,2024/06/01 04:02:00,234
0,20240601105700,dev,/public/home/test_bigmodel/seismogram/zb/team_pytorch/japan_data/japan_2024.hdf5,False,False,False,False,39.755,141.842,58.0,3.7,2024/06/01 10:57:00,62
0,20240602201700,dev,/public/home/test_bigmodel/seismogram/zb/team_pytorch/japan_data/japan_2024.hdf5,False,False,False,False,32.582,130.65,12.0,3.4,2024/06/02 20:17:00,53
0,20240603063100,dev,/public/home/test_bigmodel/seismogram/zb/team_pytorch/japan_data/japan_2024.hdf5,False,False,False,False,37.467,137.302,14.0,6.0,2024/06/03 06:31:00,465
0,20240603064000,dev,/public/home/test_bigmodel/seismogram/zb/team_pytorch/japan_data/japan_2024.hdf5,False,False,False,False,37.463,137.347,14.0,5.0,2024/06/03 06:40:00,106
0,20240603064500,dev,/public/home/test_bigmodel/seismogram/zb/team_pytorch/japan_data/japan_2024.hdf5,False,False,False,False,37.487,137.352,12.0,3.5,2024/06/03 06:45:00,5
0,20240603065400,dev,/public/home/test_bigmodel/seismogram/zb/team_pytorch/japan_data/japan_2024.hdf5,False,False,False,False,37.475,137.32,12.0,3.5,2024/06/03 06:54:00,10
0,20240605215400,dev,/public/home/test_bigmodel/seismogram/zb/team_pytorch/japan_data/japan_2024.hdf5,False,False,False,False,36.263,139.783,60.0,4.2,2024/06/05 21:54:00,115
0,20240606090300,dev,/public/home/test_bigmodel/seismogram/zb/team_pytorch/japan_data/japan_2024.hdf5,False,False,False,False,35.633,140.688,50.0,4.6,2024/06/06 09:03:00,84
0,20240606160400,dev,/public/home/test_bigmodel/seismogram/zb/team_pytorch/japan_data/japan_2024.hdf5,False,False,False,False,32.58,130.647,12.0,3.3,2024/06/06 16:04:00,26
0,20240607213500,dev,/public/home/test_bigmodel/seismogram/zb/team_pytorch/japan_data/japan_2024.hdf5,False,False,False,False,38.623,141.898,47.0,3.9,2024/06/07 21:35:00,28
0,20240611095800,dev,/public/home/test_bigmodel/seismogram/zb/team_pytorch/japan_data/japan_2024.hdf5,False,False,False,False,38.987,140.013,18.0,4.0,2024/06/11 09:58:00,36
0,20240611193300,dev,/public/home/test_bigmodel/seismogram/zb/team_pytorch/japan_data/japan_2024.hdf5,False,False,False,False,40.157,138.985,23.0,4.8,2024/06/11 19:33:00,95
0,20240612072400,dev,/public/home/test_bigmodel/seismogram/zb/team_pytorch/japan_data/japan_2024.hdf5,False,False,False,False,37.502,137.315,10.0,4.3,2024/06/12 07:24:00,35
0,20240612143500,dev,/public/home/test_bigmodel/seismogram/zb/team_pytorch/japan_data/japan_2024.hdf5,False,False,False,False,41.988,142.565,65.0,4.4,2024/06/12 14:35:00,91
0,20240614024400,dev,/public/home/test_bigmodel/seismogram/zb/team_pytorch/japan_data/japan_2024.hdf5,False,False,False,False,43.125,145.575,80.0,4.0,2024/06/14 02:44:00,52
0,20240616191600,dev,/public/home/test_bigmodel/seismogram/zb/team_pytorch/japan_data/japan_2024.hdf5,False,False,False,False,35.802,140.077,69.0,4.3,2024/06/16 19:16:00,217
0,20240616193500,dev,/public/home/test_bigmodel/seismogram/zb/team_pytorch/japan_data/japan_2024.hdf5,False,False,False,False,35.803,140.07,68.0,4.3,2024/06/16 19:35:00,150
0,20240617155700,dev,/public/home/test_bigmodel/seismogram/zb/team_pytorch/japan_data/japan_2024.hdf5,False,False,False,False,31.498,131.832,21.0,4.6,2024/06/17 15:57:00,48
0,20240617182600,dev,/public/home/test_bigmodel/seismogram/zb/team_pytorch/japan_data/japan_2024.hdf5,False,False,False,False,31.498,131.827,20.0,4.3,2024/06/17 18:26:00,37
0,20240618033300,dev,/public/home/test_bigmodel/seismogram/zb/team_pytorch/japan_data/japan_2024.hdf5,False,False,False,False,36.013,139.44,62.0,3.5,2024/06/18 03:33:00,56
0,20240619112400,dev,/public/home/test_bigmodel/seismogram/zb/team_pytorch/japan_data/japan_2024.hdf5,False,False,False,False,37.318,136.863,11.0,3.6,2024/06/19 11:24:00,17
0,20240620042400,dev,/public/home/test_bigmodel/seismogram/zb/team_pytorch/japan_data/japan_2024.hdf5,False,False,False,False,34.205,135.825,59.0,3.8,2024/06/20 04:24:00,74
0,20240620143700,dev,/public/home/test_bigmodel/seismogram/zb/team_pytorch/japan_data/japan_2024.hdf5,False,False,False,False,40.13,142.483,38.0,4.7,2024/06/20 14:37:00,146
0,20240620164000,dev,/public/home/test_bigmodel/seismogram/zb/team_pytorch/japan_data/japan_2024.hdf5,False,False,False,False,37.998,141.733,56.0,4.1,2024/06/20 16:40:00,84
0,20240620222300,dev,/public/home/test_bigmodel/seismogram/zb/team_pytorch/japan_data/japan_2024.hdf5,False,False,False,False,34.763,137.248,35.0,4.4,2024/06/20 22:23:00,205
0,20240620235300,dev,/public/home/test_bigmodel/seismogram/zb/team_pytorch/japan_data/japan_2024.hdf5,False,False,False,False,34.065,135.38,7.0,3.1,2024/06/20 23:53:00,2
0,20240621140400,dev,/public/home/test_bigmodel/seismogram/zb/team_pytorch/japan_data/japan_2024.hdf5,False,False,False,False,33.812,132.663,44.0,3.9,2024/06/21 14:04:00,179
0,20240621142300,dev,/public/home/test_bigmodel/seismogram/zb/team_pytorch/japan_data/japan_2024.hdf5,False,False,False,False,36.478,141.025,48.0,4.4,2024/06/21 14:23:00,108
0,20240621165600,dev,/public/home/test_bigmodel/seismogram/zb/team_pytorch/japan_data/japan_2024.hdf5,False,False,False,False,36.405,141.078,41.0,3.8,2024/06/21 16:56:00,42
0,20240623121200,dev,/public/home/test_bigmodel/seismogram/zb/team_pytorch/japan_data/japan_2024.hdf5,False,False,False,False,37.062,141.197,49.0,4.9,2024/06/23 12:12:00,311
0,20240623131100,dev,/public/home/test_bigmodel/seismogram/zb/team_pytorch/japan_data/japan_2024.hdf5,False,False,False,False,32.142,130.063,10.0,3.3,2024/06/23 13:11:00,10
0,20240623225400,dev,/public/home/test_bigmodel/seismogram/zb/team_pytorch/japan_data/japan_2024.hdf5,False,False,False,False,35.645,140.06,72.0,4.1,2024/06/23 22:54:00,117
0,20240624232400,dev,/public/home/test_bigmodel/seismogram/zb/team_pytorch/japan_data/japan_2024.hdf5,False,False,False,False,35.835,139.342,56.0,3.7,2024/06/24 23:24:00,72
0,20240625152600,dev,/public/home/test_bigmodel/seismogram/zb/team_pytorch/japan_data/japan_2024.hdf5,False,False,False,False,32.648,130.69,11.0,3.4,2024/06/25 15:26:00,40
0,20240625173100,dev,/public/home/test_bigmodel/seismogram/zb/team_pytorch/japan_data/japan_2024.hdf5,False,False,False,False,33.55,141.245,44.0,5.5,2024/06/25 17:31:00,141
0,20240625174700,dev,/public/home/test_bigmodel/seismogram/zb/team_pytorch/japan_data/japan_2024.hdf5,False,False,False,False,35.223,136.505,6.0,3.1,2024/06/25 17:47:00,6
0,20240627032300,dev,/public/home/test_bigmodel/seismogram/zb/team_pytorch/japan_data/japan_2024.hdf5,False,False,False,False,37.393,136.947,14.0,3.7,2024/06/27 03:23:00,31
0,20240627184500,dev,/public/home/test_bigmodel/seismogram/zb/team_pytorch/japan_data/japan_2024.hdf5,False,False,False,False,37.515,141.403,50.0,4.5,2024/06/27 18:45:00,147
0,20240627194300,dev,/public/home/test_bigmodel/seismogram/zb/team_pytorch/japan_data/japan_2024.hdf5,False,False,False,False,35.435,137.39,7.0,3.3,2024/06/27 19:43:00,33
0,20240628104600,dev,/public/home/test_bigmodel/seismogram/zb/team_pytorch/japan_data/japan_2024.hdf5,False,False,False,False,37.59,141.882,43.0,4.8,2024/06/28 10:46:00,111
0,20240629000800,dev,/public/home/test_bigmodel/seismogram/zb/team_pytorch/japan_data/japan_2024.hdf5,False,False,False,False,33.902,132.897,11.0,3.3,2024/06/29 00:08:00,20
0,20240630193800,dev,/public/home/test_bigmodel/seismogram/zb/team_pytorch/japan_data/japan_2024.hdf5,False,False,False,False,32.255,132.15,25.0,4.1,2024/06/30 19:38:00,25
0,20240701235500,dev,/public/home/test_bigmodel/seismogram/zb/team_pytorch/japan_data/japan_2024.hdf5,False,False,False,False,37.36,137.135,12.0,3.7,2024/07/01 23:55:00,28
0,20240704102500,dev,/public/home/test_bigmodel/seismogram/zb/team_pytorch/japan_data/japan_2024.hdf5,False,False,False,False,36.467,140.603,55.0,4.3,2024/07/04 10:25:00,159
0,20240704121200,dev,/public/home/test_bigmodel/seismogram/zb/team_pytorch/japan_data/japan_2024.hdf5,False,False,False,False,35.208,140.463,49.0,5.2,2024/07/04 12:12:00,241
0,20240705062000,dev,/public/home/test_bigmodel/seismogram/zb/team_pytorch/japan_data/japan_2024.hdf5,False,False,False,False,42.965,144.345,33.0,4.1,2024/07/05 06:20:00,38
0,20240705140800,dev,/public/home/test_bigmodel/seismogram/zb/team_pytorch/japan_data/japan_2024.hdf5,False,False,False,False,37.012,136.588,9.0,4.0,2024/07/05 14:08:00,24
0,20240706192100,dev,/public/home/test_bigmodel/seismogram/zb/team_pytorch/japan_data/japan_2024.hdf5,False,False,False,False,33.523,140.478,57.0,4.8,2024/07/06 19:21:00,7
0,20240707232800,dev,/public/home/test_bigmodel/seismogram/zb/team_pytorch/japan_data/japan_2024.hdf5,False,False,False,False,36.643,139.427,6.0,3.4,2024/07/07 23:28:00,18
0,20240710001900,dev,/public/home/test_bigmodel/seismogram/zb/team_pytorch/japan_data/japan_2024.hdf5,False,False,False,False,37.125,136.778,12.0,3.5,2024/07/10 00:19:00,12
0,20240710040200,dev,/public/home/test_bigmodel/seismogram/zb/team_pytorch/japan_data/japan_2024.hdf5,False,False,False,False,38.865,142.04,47.0,3.8,2024/07/10 04:02:00,34
0,20240710082000,dev,/public/home/test_bigmodel/seismogram/zb/team_pytorch/japan_data/japan_2024.hdf5,False,False,False,False,37.127,136.778,12.0,3.5,2024/07/10 08:20:00,11
0,20240711000000,dev,/public/home/test_bigmodel/seismogram/zb/team_pytorch/japan_data/japan_2024.hdf5,False,False,False,False,36.465,140.597,55.0,3.5,2024/07/11 00:00:00,81
0,20240711120100,dev,/public/home/test_bigmodel/seismogram/zb/team_pytorch/japan_data/japan_2024.hdf5,False,False,False,False,37.008,137.515,16.0,4.7,2024/07/11 12:01:00,122
0,20240711120200,dev,/public/home/test_bigmodel/seismogram/zb/team_pytorch/japan_data/japan_2024.hdf5,False,False,False,False,36.997,137.505,14.0,4.3,2024/07/11 12:02:00,24
0,20240713122700,dev,/public/home/test_bigmodel/seismogram/zb/team_pytorch/japan_data/japan_2024.hdf5,False,False,False,False,37.673,141.54,52.0,4.0,2024/07/13 12:27:00,53
0,20240716221900,dev,/public/home/test_bigmodel/seismogram/zb/team_pytorch/japan_data/japan_2024.hdf5,False,False,False,False,36.042,140.1,65.0,4.2,2024/07/16 22:19:00,159
0,20240718055100,dev,/public/home/test_bigmodel/seismogram/zb/team_pytorch/japan_data/japan_2024.hdf5,False,False,False,False,37.312,141.148,65.0,3.6,2024/07/18 05:51:00,53
0,20240718200700,dev,/public/home/test_bigmodel/seismogram/zb/team_pytorch/japan_data/japan_2024.hdf5,False,False,False,False,33.567,140.242,100.0,5.7,2024/07/18 20:07:00,336
0,20240719001700,dev,/public/home/test_bigmodel/seismogram/zb/team_pytorch/japan_data/japan_2024.hdf5,False,False,False,False,36.038,140.102,63.0,3.8,2024/07/19 00:17:00,87
0,20240719142700,dev,/public/home/test_bigmodel/seismogram/zb/team_pytorch/japan_data/japan_2024.hdf5,False,False,False,False,40.143,141.177,10.0,4.0,2024/07/19 14:27:00,85
0,20240719161400,dev,/public/home/test_bigmodel/seismogram/zb/team_pytorch/japan_data/japan_2024.hdf5,False,False,False,False,37.175,141.217,81.0,4.0,2024/07/19 16:14:00,69
0,20240720201500,dev,/public/home/test_bigmodel/seismogram/zb/team_pytorch/japan_data/japan_2024.hdf5,False,False,False,False,36.74,141.55,36.0,5.0,2024/07/20 20:15:00,190
0,20240721001200,dev,/public/home/test_bigmodel/seismogram/zb/team_pytorch/japan_data/japan_2024.hdf5,False,False,False,False,33.993,135.14,7.0,3.0,2024/07/21 00:12:00,6
0,20240721054600,dev,/public/home/test_bigmodel/seismogram/zb/team_pytorch/japan_data/japan_2024.hdf5,False,False,False,False,38.688,141.948,57.0,4.6,2024/07/21 05:46:00,187
0,20240721132700,dev,/public/home/test_bigmodel/seismogram/zb/team_pytorch/japan_data/japan_2024.hdf5,False,False,False,False,42.705,145.522,28.0,5.4,2024/07/21 13:27:00,86
0,20240722100700,dev,/public/home/test_bigmodel/seismogram/zb/team_pytorch/japan_data/japan_2024.hdf5,False,False,False,False,36.778,140.743,89.0,4.8,2024/07/22 10:07:00,309
0,20240722190500,dev,/public/home/test_bigmodel/seismogram/zb/team_pytorch/japan_data/japan_2024.hdf5,False,False,False,False,33.985,135.303,5.0,3.4,2024/07/22 19:05:00,17
0,20240723082700,dev,/public/home/test_bigmodel/seismogram/zb/team_pytorch/japan_data/japan_2024.hdf5,False,False,False,False,38.217,141.803,66.0,4.7,2024/07/23 08:27:00,191
0,20240724010200,dev,/public/home/test_bigmodel/seismogram/zb/team_pytorch/japan_data/japan_2024.hdf5,False,False,False,False,32.488,129.923,12.0,3.5,2024/07/24 01:02:00,17
0,20240725130100,dev,/public/home/test_bigmodel/seismogram/zb/team_pytorch/japan_data/japan_2024.hdf5,False,False,False,False,35.477,140.403,33.0,4.0,2024/07/25 13:01:00,36
0,20240725162600,dev,/public/home/test_bigmodel/seismogram/zb/team_pytorch/japan_data/japan_2024.hdf5,False,False,False,False,38.365,141.663,60.0,4.5,2024/07/25 16:26:00,162
0,20240726201700,test,/public/home/test_bigmodel/seismogram/zb/team_pytorch/japan_data/japan_2024.hdf5,False,False,False,False,35.423,140.45,38.0,3.4,2024/07/26 20:17:00,21
0,20240728005800,test,/public/home/test_bigmodel/seismogram/zb/team_pytorch/japan_data/japan_2024.hdf5,False,False,False,False,40.147,141.178,10.0,4.2,2024/07/28 00:58:00,127
0,20240728191300,test,/public/home/test_bigmodel/seismogram/zb/team_pytorch/japan_data/japan_2024.hdf5,False,False,False,False,39.477,143.598,7.0,5.5,2024/07/28 19:13:00,131
0,20240729231200,test,/public/home/test_bigmodel/seismogram/zb/team_pytorch/japan_data/japan_2024.hdf5,False,False,False,False,34.275,133.32,20.0,3.9,2024/07/29 23:12:00,41
0,20240730012500,test,/public/home/test_bigmodel/seismogram/zb/team_pytorch/japan_data/japan_2024.hdf5,False,False,False,False,32.147,131.61,48.0,5.1,2024/07/30 01:25:00,215
0,20240731230300,test,/public/home/test_bigmodel/seismogram/zb/team_pytorch/japan_data/japan_2024.hdf5,False,False,False,False,43.275,146.322,47.0,4.1,2024/07/31 23:03:00,9
0,20240804221900,test,/public/home/test_bigmodel/seismogram/zb/team_pytorch/japan_data/japan_2024.hdf5,False,False,False,False,42.982,145.238,72.0,4.7,2024/08/04 22:19:00,117
0,20240808164300,test,/public/home/test_bigmodel/seismogram/zb/team_pytorch/japan_data/japan_2024.hdf5,False,False,False,False,31.737,131.722,31.0,7.1,2024/08/08 16:43:00,489
0,20240808173500,test,/public/home/test_bigmodel/seismogram/zb/team_pytorch/japan_data/japan_2024.hdf5,False,False,False,False,31.647,131.812,19.0,4.6,2024/08/08 17:35:00,50
0,20240808180000,test,/public/home/test_bigmodel/seismogram/zb/team_pytorch/japan_data/japan_2024.hdf5,False,False,False,False,31.575,131.847,23.0,4.4,2024/08/08 18:00:00,47
0,20240809034800,test,/public/home/test_bigmodel/seismogram/zb/team_pytorch/japan_data/japan_2024.hdf5,False,False,False,False,31.778,131.893,26.0,4.2,2024/08/09 03:48:00,49
0,20240809042300,test,/public/home/test_bigmodel/seismogram/zb/team_pytorch/japan_data/japan_2024.hdf5,False,False,False,False,31.812,131.648,26.0,5.4,2024/08/09 04:23:00,197
0,20240809044700,test,/public/home/test_bigmodel/seismogram/zb/team_pytorch/japan_data/japan_2024.hdf5,False,False,False,False,31.645,131.817,23.0,4.0,2024/08/09 04:47:00,28
0,20240809135600,test,/public/home/test_bigmodel/seismogram/zb/team_pytorch/japan_data/japan_2024.hdf5,False,False,False,False,37.365,136.863,9.0,3.3,2024/08/09 13:56:00,10
0,20240809195700,test,/public/home/test_bigmodel/seismogram/zb/team_pytorch/japan_data/japan_2024.hdf5,False,False,False,False,35.41,139.16,13.0,5.3,2024/08/09 19:57:00,425
0,20240810040400,test,/public/home/test_bigmodel/seismogram/zb/team_pytorch/japan_data/japan_2024.hdf5,False,False,False,False,36.058,139.89,45.0,3.6,2024/08/10 04:04:00,63
0,20240810141800,test,/public/home/test_bigmodel/seismogram/zb/team_pytorch/japan_data/japan_2024.hdf5,False,False,False,False,32.588,130.663,12.0,3.7,2024/08/10 14:18:00,31
0,20240810211500,test,/public/home/test_bigmodel/seismogram/zb/team_pytorch/japan_data/japan_2024.hdf5,False,False,False,False,31.485,131.747,21.0,3.9,2024/08/10 21:15:00,15
0,20240811074200,test,/public/home/test_bigmodel/seismogram/zb/team_pytorch/japan_data/japan_2024.hdf5,False,False,False,False,31.832,131.645,32.0,4.5,2024/08/11 07:42:00,90
0,20240811093800,test,/public/home/test_bigmodel/seismogram/zb/team_pytorch/japan_data/japan_2024.hdf5,False,False,False,False,37.715,141.717,64.0,4.3,2024/08/11 09:38:00,116
0,20240811200100,test,/public/home/test_bigmodel/seismogram/zb/team_pytorch/japan_data/japan_2024.hdf5,False,False,False,False,32.728,130.612,13.0,3.4,2024/08/11 20:01:00,16
0,20240813051600,test,/public/home/test_bigmodel/seismogram/zb/team_pytorch/japan_data/japan_2024.hdf5,False,False,False,False,40.98,142.005,59.0,3.6,2024/08/13 05:16:00,17
0,20240814193800,test,/public/home/test_bigmodel/seismogram/zb/team_pytorch/japan_data/japan_2024.hdf5,False,False,False,False,35.41,139.165,13.0,4.2,2024/08/14 19:38:00,60
0,20240815202000,test,/public/home/test_bigmodel/seismogram/zb/team_pytorch/japan_data/japan_2024.hdf5,False,False,False,False,35.402,139.155,12.0,4.3,2024/08/15 20:20:00,115
0,20240816220600,test,/public/home/test_bigmodel/seismogram/zb/team_pytorch/japan_data/japan_2024.hdf5,False,False,False,False,36.36,134.802,25.0,4.3,2024/08/16 22:06:00,61
0,20240817005700,test,/public/home/test_bigmodel/seismogram/zb/team_pytorch/japan_data/japan_2024.hdf5,False,False,False,False,43.937,146.583,83.0,4.6,2024/08/17 00:57:00,33
0,20240817093300,test,/public/home/test_bigmodel/seismogram/zb/team_pytorch/japan_data/japan_2024.hdf5,False,False,False,False,38.533,141.827,49.0,4.6,2024/08/17 09:33:00,148
0,20240818013800,test,/public/home/test_bigmodel/seismogram/zb/team_pytorch/japan_data/japan_2024.hdf5,False,False,False,False,40.143,141.175,10.0,3.0,2024/08/18 01:38:00,13
0,20240818070300,test,/public/home/test_bigmodel/seismogram/zb/team_pytorch/japan_data/japan_2024.hdf5,False,False,False,False,35.472,140.443,32.0,3.2,2024/08/18 07:03:00,16
0,20240819004800,test,/public/home/test_bigmodel/seismogram/zb/team_pytorch/japan_data/japan_2024.hdf5,False,False,False,False,36.723,140.625,7.0,4.8,2024/08/19 00:48:00,104
0,20240819005000,test,/public/home/test_bigmodel/seismogram/zb/team_pytorch/japan_data/japan_2024.hdf5,False,False,False,False,36.717,140.62,8.0,5.1,2024/08/19 00:50:00,281
0,20240820172400,test,/public/home/test_bigmodel/seismogram/zb/team_pytorch/japan_data/japan_2024.hdf5,False,False,False,False,43.962,147.427,95.0,4.8,2024/08/20 17:24:00,44
0,20240822060500,test,/public/home/test_bigmodel/seismogram/zb/team_pytorch/japan_data/japan_2024.hdf5,False,False,False,False,42.73,144.963,80.0,3.7,2024/08/22 06:05:00,41
0,20240823210000,test,/public/home/test_bigmodel/seismogram/zb/team_pytorch/japan_data/japan_2024.hdf5,False,False,False,False,36.032,140.388,58.0,4.0,2024/08/23 21:00:00,46
0,20240828020500,test,/public/home/test_bigmodel/seismogram/zb/team_pytorch/japan_data/japan_2024.hdf5,False,False,False,False,35.573,139.483,38.0,4.0,2024/08/28 02:05:00,134
0,20240829111700,test,/public/home/test_bigmodel/seismogram/zb/team_pytorch/japan_data/japan_2024.hdf5,False,False,False,False,37.415,137.005,11.0,4.0,2024/08/29 11:17:00,23
0,20240831115200,test,/public/home/test_bigmodel/seismogram/zb/team_pytorch/japan_data/japan_2024.hdf5,False,False,False,False,35.062,134.927,13.0,3.4,2024/08/31 11:52:00,22
0,20240831220400,test,/public/home/test_bigmodel/seismogram/zb/team_pytorch/japan_data/japan_2024.hdf5,False,False,False,False,31.923,131.907,28.0,4.7,2024/08/31 22:04:00,78
0,20240901112800,test,/public/home/test_bigmodel/seismogram/zb/team_pytorch/japan_data/japan_2024.hdf5,False,False,False,False,35.495,138.96,23.0,4.2,2024/09/01 11:28:00,148
0,20240904184900,test,/public/home/test_bigmodel/seismogram/zb/team_pytorch/japan_data/japan_2024.hdf5,False,False,False,False,37.772,141.833,44.0,4.1,2024/09/04 18:49:00,35
0,20240906150200,test,/public/home/test_bigmodel/seismogram/zb/team_pytorch/japan_data/japan_2024.hdf5,False,False,False,False,31.975,130.877,0.0,3.0,2024/09/06 15:02:00,9
0,20240908072900,test,/public/home/test_bigmodel/seismogram/zb/team_pytorch/japan_data/japan_2024.hdf5,False,False,False,False,37.168,136.747,5.0,3.3,2024/09/08 07:29:00,9
0,20240908075100,test,/public/home/test_bigmodel/seismogram/zb/team_pytorch/japan_data/japan_2024.hdf5,False,False,False,False,39.858,143.157,18.0,4.7,2024/09/08 07:51:00,85
0,20240908104100,test,/public/home/test_bigmodel/seismogram/zb/team_pytorch/japan_data/japan_2024.hdf5,False,False,False,False,37.512,141.888,55.0,4.6,2024/09/08 10:41:00,138
0,20240908212300,test,/public/home/test_bigmodel/seismogram/zb/team_pytorch/japan_data/japan_2024.hdf5,False,False,False,False,36.995,140.643,19.0,3.7,2024/09/08 21:23:00,51
0,20240909155400,test,/public/home/test_bigmodel/seismogram/zb/team_pytorch/japan_data/japan_2024.hdf5,False,False,False,False,31.752,131.957,26.0,4.2,2024/09/09 15:54:00,26
0,20240910122700,test,/public/home/test_bigmodel/seismogram/zb/team_pytorch/japan_data/japan_2024.hdf5,False,False,False,False,31.975,130.877,0.0,3.1,2024/09/10 12:27:00,12
0,20240912010400,test,/public/home/test_bigmodel/seismogram/zb/team_pytorch/japan_data/japan_2024.hdf5,False,False,False,False,42.897,145.507,39.0,4.3,2024/09/12 01:04:00,26
0,20240912105900,test,/public/home/test_bigmodel/seismogram/zb/team_pytorch/japan_data/japan_2024.hdf5,False,False,False,False,33.625,132.342,48.0,3.9,2024/09/12 10:59:00,25
0,20240912114300,test,/public/home/test_bigmodel/seismogram/zb/team_pytorch/japan_data/japan_2024.hdf5,False,False,False,False,35.46,140.403,32.0,4.0,2024/09/12 11:43:00,20
0,20240913041800,test,/public/home/test_bigmodel/seismogram/zb/team_pytorch/japan_data/japan_2024.hdf5,False,False,False,False,36.088,139.868,47.0,3.4,2024/09/13 04:18:00,68
0,20240916012100,test,/public/home/test_bigmodel/seismogram/zb/team_pytorch/japan_data/japan_2024.hdf5,False,False,False,False,37.408,136.957,1.0,3.6,2024/09/16 01:21:00,9
0,20240916012300,test,/public/home/test_bigmodel/seismogram/zb/team_pytorch/japan_data/japan_2024.hdf5,False,False,False,False,37.46,137.137,13.0,3.4,2024/09/16 01:23:00,6
0,20240916015100,test,/public/home/test_bigmodel/seismogram/zb/team_pytorch/japan_data/japan_2024.hdf5,False,False,False,False,35.933,140.13,64.0,4.1,2024/09/16 01:51:00,118
0,20240916231300,test,/public/home/test_bigmodel/seismogram/zb/team_pytorch/japan_data/japan_2024.hdf5,False,False,False,False,31.573,131.85,22.0,5.3,2024/09/16 23:13:00,128
0,20240919054600,test,/public/home/test_bigmodel/seismogram/zb/team_pytorch/japan_data/japan_2024.hdf5,False,False,False,False,43.225,146.102,76.0,4.6,2024/09/19 05:46:00,61
0,20240919063300,test,/public/home/test_bigmodel/seismogram/zb/team_pytorch/japan_data/japan_2024.hdf5,False,False,False,False,41.663,142.717,45.0,4.4,2024/09/19 06:33:00,62
0,20240919181800,test,/public/home/test_bigmodel/seismogram/zb/team_pytorch/japan_data/japan_2024.hdf5,False,False,False,False,35.735,140.685,50.0,4.2,2024/09/19 18:18:00,36
0,20240920120700,test,/public/home/test_bigmodel/seismogram/zb/team_pytorch/japan_data/japan_2024.hdf5,False,False,False,False,36.548,140.368,94.0,3.7,2024/09/20 12:07:00,72
0,20240920212200,test,/public/home/test_bigmodel/seismogram/zb/team_pytorch/japan_data/japan_2024.hdf5,False,False,False,False,33.267,132.315,41.0,4.7,2024/09/20 21:22:00,196
0,20240921174500,test,/public/home/test_bigmodel/seismogram/zb/team_pytorch/japan_data/japan_2024.hdf5,False,False,False,False,41.57,142.092,54.0,3.7,2024/09/21 17:45:00,14
0,20240922095200,test,/public/home/test_bigmodel/seismogram/zb/team_pytorch/japan_data/japan_2024.hdf5,False,False,False,False,37.078,140.752,8.0,3.0,2024/09/22 09:52:00,5
0,20240923065300,test,/public/home/test_bigmodel/seismogram/zb/team_pytorch/japan_data/japan_2024.hdf5,False,False,False,False,35.067,138.15,31.0,3.9,2024/09/23 06:53:00,102
0,20240923155300,test,/public/home/test_bigmodel/seismogram/zb/team_pytorch/japan_data/japan_2024.hdf5,False,False,False,False,43.583,146.163,79.0,4.2,2024/09/23 15:53:00,39
0,20240924220900,test,/public/home/test_bigmodel/seismogram/zb/team_pytorch/japan_data/japan_2024.hdf5,False,False,False,False,44.928,141.843,14.0,3.7,2024/09/24 22:09:00,21
0,20240926160100,test,/public/home/test_bigmodel/seismogram/zb/team_pytorch/japan_data/japan_2024.hdf5,False,False,False,False,42.777,145.112,59.0,5.7,2024/09/26 16:01:00,356
0,20240926203500,test,/public/home/test_bigmodel/seismogram/zb/team_pytorch/japan_data/japan_2024.hdf5,False,False,False,False,32.685,130.708,13.0,3.8,2024/09/26 20:35:00,63
0,20241003050800,test,/public/home/test_bigmodel/seismogram/zb/team_pytorch/japan_data/japan_2024.hdf5,False,False,False,False,37.177,136.83,11.0,3.2,2024/10/03 05:08:00,10
0,20241005085800,test,/public/home/test_bigmodel/seismogram/zb/team_pytorch/japan_data/japan_2024.hdf5,False,False,False,False,32.708,130.632,12.0,3.7,2024/10/05 08:58:00,52
0,20241006104900,test,/public/home/test_bigmodel/seismogram/zb/team_pytorch/japan_data/japan_2024.hdf5,False,False,False,False,37.95,141.72,57.0,4.0,2024/10/06 10:49:00,76
0,20241007022000,test,/public/home/test_bigmodel/seismogram/zb/team_pytorch/japan_data/japan_2024.hdf5,False,False,False,False,38.557,141.81,42.0,4.4,2024/10/07 02:20:00,192
0,20241009201900,test,/public/home/test_bigmodel/seismogram/zb/team_pytorch/japan_data/japan_2024.hdf5,False,False,False,False,37.588,137.428,14.0,4.3,2024/10/09 20:19:00,56
0,20241010054800,test,/public/home/test_bigmodel/seismogram/zb/team_pytorch/japan_data/japan_2024.hdf5,False,False,False,False,31.768,131.525,36.0,3.2,2024/10/10 05:48:00,7
0,20241010113300,test,/public/home/test_bigmodel/seismogram/zb/team_pytorch/japan_data/japan_2024.hdf5,False,False,False,False,42.187,143.372,41.0,4.4,2024/10/10 11:33:00,65
0,20241012073500,test,/public/home/test_bigmodel/seismogram/zb/team_pytorch/japan_data/japan_2024.hdf5,False,False,False,False,37.66,140.715,88.0,3.8,2024/10/12 07:35:00,70
0,20241013035000,test,/public/home/test_bigmodel/seismogram/zb/team_pytorch/japan_data/japan_2024.hdf5,False,False,False,False,36.043,139.915,45.0,4.4,2024/10/13 03:50:00,225
0,20241014194600,test,/public/home/test_bigmodel/seismogram/zb/team_pytorch/japan_data/japan_2024.hdf5,False,False,False,False,35.555,140.085,71.0,4.5,2024/10/14 19:46:00,270
0,20241015151400,test,/public/home/test_bigmodel/seismogram/zb/team_pytorch/japan_data/japan_2024.hdf5,False,False,False,False,37.483,140.783,76.0,3.7,2024/10/15 15:14:00,66
0,20241016175300,test,/public/home/test_bigmodel/seismogram/zb/team_pytorch/japan_data/japan_2024.hdf5,False,False,False,False,36.09,139.865,47.0,4.3,2024/10/16 17:53:00,164
0,20241017164000,test,/public/home/test_bigmodel/seismogram/zb/team_pytorch/japan_data/japan_2024.hdf5,False,False,False,False,36.6,140.635,9.0,3.0,2024/10/17 16:40:00,4
0,20241018074000,test,/public/home/test_bigmodel/seismogram/zb/team_pytorch/japan_data/japan_2024.hdf5,False,False,False,False,37.458,137.353,10.0,3.0,2024/10/18 07:40:00,6
0,20241018133800,test,/public/home/test_bigmodel/seismogram/zb/team_pytorch/japan_data/japan_2024.hdf5,False,False,False,False,40.132,142.412,40.0,5.4,2024/10/18 13:38:00,234
0,20241019234100,test,/public/home/test_bigmodel/seismogram/zb/team_pytorch/japan_data/japan_2024.hdf5,False,False,False,False,33.547,131.767,79.0,3.7,2024/10/19 23:41:00,53
0,20241020083700,test,/public/home/test_bigmodel/seismogram/zb/team_pytorch/japan_data/japan_2024.hdf5,False,False,False,False,42.887,146.585,18.0,4.5,2024/10/20 08:37:00,14
0,20241021151900,test,/public/home/test_bigmodel/seismogram/zb/team_pytorch/japan_data/japan_2024.hdf5,False,False,False,False,35.275,136.713,17.0,3.8,2024/10/21 15:19:00,79
0,20241022024000,test,/public/home/test_bigmodel/seismogram/zb/team_pytorch/japan_data/japan_2024.hdf5,False,False,False,False,35.683,134.898,11.0,3.4,2024/10/22 02:40:00,16
0,20241023070800,test,/public/home/test_bigmodel/seismogram/zb/team_pytorch/japan_data/japan_2024.hdf5,False,False,False,False,34.193,135.213,5.0,4.0,2024/10/23 07:08:00,34
0,20241023092500,test,/public/home/test_bigmodel/seismogram/zb/team_pytorch/japan_data/japan_2024.hdf5,False,False,False,False,34.19,135.21,5.0,3.2,2024/10/23 09:25:00,5
0,20241023171100,test,/public/home/test_bigmodel/seismogram/zb/team_pytorch/japan_data/japan_2024.hdf5,False,False,False,False,41.503,142.05,56.0,3.9,2024/10/23 17:11:00,18
0,20241023234100,test,/public/home/test_bigmodel/seismogram/zb/team_pytorch/japan_data/japan_2024.hdf5,False,False,False,False,33.698,132.837,39.0,3.5,2024/10/23 23:41:00,32
0,20241024032600,test,/public/home/test_bigmodel/seismogram/zb/team_pytorch/japan_data/japan_2024.hdf5,False,False,False,False,31.728,131.047,6.0,3.1,2024/10/24 03:26:00,3
0,20241025153100,test,/public/home/test_bigmodel/seismogram/zb/team_pytorch/japan_data/japan_2024.hdf5,False,False,False,False,43.262,146.625,66.0,4.5,2024/10/25 15:31:00,48
0,20241025201700,test,/public/home/test_bigmodel/seismogram/zb/team_pytorch/japan_data/japan_2024.hdf5,False,False,False,False,37.068,142.042,24.0,4.6,2024/10/25 20:17:00,55
0,20241025234100,test,/public/home/test_bigmodel/seismogram/zb/team_pytorch/japan_data/japan_2024.hdf5,False,False,False,False,34.435,133.782,16.0,3.2,2024/10/25 23:41:00,25
0,20241026062000,test,/public/home/test_bigmodel/seismogram/zb/team_pytorch/japan_data/japan_2024.hdf5,False,False,False,False,35.835,139.353,56.0,3.9,2024/10/26 06:20:00,118
0,20241027123200,test,/public/home/test_bigmodel/seismogram/zb/team_pytorch/japan_data/japan_2024.hdf5,False,False,False,False,36.442,140.687,52.0,3.8,2024/10/27 12:32:00,45
0,20241030151400,test,/public/home/test_bigmodel/seismogram/zb/team_pytorch/japan_data/japan_2024.hdf5,False,False,False,False,36.045,139.912,45.0,4.0,2024/10/30 15:14:00,117
0,20241101231600,test,/public/home/test_bigmodel/seismogram/zb/team_pytorch/japan_data/japan_2024.hdf5,False,False,False,False,35.902,140.852,40.0,4.6,2024/11/01 23:16:00,119
0,20241102165300,test,/public/home/test_bigmodel/seismogram/zb/team_pytorch/japan_data/japan_2024.hdf5,False,False,False,False,31.377,129.625,11.0,4.2,2024/11/02 16:53:00,22
0,20241103054800,test,/public/home/test_bigmodel/seismogram/zb/team_pytorch/japan_data/japan_2024.hdf5,False,False,False,False,35.678,136.632,14.0,3.0,2024/11/03 05:48:00,25
0,20241104083100,test,/public/home/test_bigmodel/seismogram/zb/team_pytorch/japan_data/japan_2024.hdf5,False,False,False,False,35.898,140.853,41.0,4.0,2024/11/04 08:31:00,34
0,20241104192100,test,/public/home/test_bigmodel/seismogram/zb/team_pytorch/japan_data/japan_2024.hdf5,False,False,False,False,36.157,136.773,2.0,4.2,2024/11/04 19:21:00,15
0,20241105001000,test,/public/home/test_bigmodel/seismogram/zb/team_pytorch/japan_data/japan_2024.hdf5,False,False,False,False,35.56,140.088,71.0,4.1,2024/11/05 00:10:00,107
0,20241106064200,test,/public/home/test_bigmodel/seismogram/zb/team_pytorch/japan_data/japan_2024.hdf5,False,False,False,False,36.472,136.577,14.0,3.7,2024/11/06 06:42:00,28
0,20241106215900,test,/public/home/test_bigmodel/seismogram/zb/team_pytorch/japan_data/japan_2024.hdf5,False,False,False,False,40.047,141.98,48.0,3.8,2024/11/06 21:59:00,79
0,20241107112400,test,/public/home/test_bigmodel/seismogram/zb/team_pytorch/japan_data/japan_2024.hdf5,False,False,False,False,38.807,142.012,40.0,3.5,2024/11/07 11:24:00,21
0,20241110005200,test,/public/home/test_bigmodel/seismogram/zb/team_pytorch/japan_data/japan_2024.hdf5,False,False,False,False,31.152,131.347,31.0,4.0,2024/11/10 00:52:00,16
0,20241110180300,test,/public/home/test_bigmodel/seismogram/zb/team_pytorch/japan_data/japan_2024.hdf5,False,False,False,False,38.328,141.88,46.0,4.0,2024/11/10 18:03:00,58
0,20241111222500,test,/public/home/test_bigmodel/seismogram/zb/team_pytorch/japan_data/japan_2024.hdf5,False,False,False,False,38.39,141.855,56.0,3.6,2024/11/11 22:25:00,62
0,20241113184000,test,/public/home/test_bigmodel/seismogram/zb/team_pytorch/japan_data/japan_2024.hdf5,False,False,False,False,36.882,140.553,7.0,3.9,2024/11/13 18:40:00,61
0,20241114090200,test,/public/home/test_bigmodel/seismogram/zb/team_pytorch/japan_data/japan_2024.hdf5,False,False,False,False,39.865,141.73,70.0,4.1,2024/11/14 09:02:00,76
0,20241114201500,test,/public/home/test_bigmodel/seismogram/zb/team_pytorch/japan_data/japan_2024.hdf5,False,False,False,False,38.847,142.275,59.0,4.2,2024/11/14 20:15:00,60
0,20241116004000,test,/public/home/test_bigmodel/seismogram/zb/team_pytorch/japan_data/japan_2024.hdf5,False,False,False,False,36.02,141.202,13.0,4.5,2024/11/16 00:40:00,82
0,20241116025800,test,/public/home/test_bigmodel/seismogram/zb/team_pytorch/japan_data/japan_2024.hdf5,False,False,False,False,35.833,140.898,33.0,4.9,2024/11/16 02:58:00,104
0,20241116082900,test,/public/home/test_bigmodel/seismogram/zb/team_pytorch/japan_data/japan_2024.hdf5,False,False,False,False,34.882,135.655,11.0,3.4,2024/11/16 08:29:00,22
0,20241116212200,test,/public/home/test_bigmodel/seismogram/zb/team_pytorch/japan_data/japan_2024.hdf5,False,False,False,False,41.033,141.078,8.0,4.6,2024/11/16 21:22:00,79
0,20241116235300,test,/public/home/test_bigmodel/seismogram/zb/team_pytorch/japan_data/japan_2024.hdf5,False,False,False,False,41.035,141.072,8.0,3.4,2024/11/16 23:53:00,20
0,20241118094300,test,/public/home/test_bigmodel/seismogram/zb/team_pytorch/japan_data/japan_2024.hdf5,False,False,False,False,35.097,135.597,12.0,3.4,2024/11/18 09:43:00,34
0,20241118201700,test,/public/home/test_bigmodel/seismogram/zb/team_pytorch/japan_data/japan_2024.hdf5,False,False,False,False,40.983,141.987,58.0,3.5,2024/11/18 20:17:00,20
0,20241120154000,test,/public/home/test_bigmodel/seismogram/zb/team_pytorch/japan_data/japan_2024.hdf5,False,False,False,False,41.035,141.06,10.0,5.1,2024/11/20 15:40:00,126
0,20241120170900,test,/public/home/test_bigmodel/seismogram/zb/team_pytorch/japan_data/japan_2024.hdf5,False,False,False,False,37.982,141.805,60.0,4.8,2024/11/20 17:09:00,158
0,20241120205100,test,/public/home/test_bigmodel/seismogram/zb/team_pytorch/japan_data/japan_2024.hdf5,False,False,False,False,41.04,141.063,10.0,3.3,2024/11/20 20:51:00,10
0,20241121233000,test,/public/home/test_bigmodel/seismogram/zb/team_pytorch/japan_data/japan_2024.hdf5,False,False,False,False,41.03,141.07,9.0,4.1,2024/11/21 23:30:00,43
0,20241122022800,test,/public/home/test_bigmodel/seismogram/zb/team_pytorch/japan_data/japan_2024.hdf5,False,False,False,False,31.813,131.592,35.0,4.4,2024/11/22 02:28:00,42
0,20241123083300,test,/public/home/test_bigmodel/seismogram/zb/team_pytorch/japan_data/japan_2024.hdf5,False,False,False,False,37.367,136.888,6.0,3.2,2024/11/23 08:33:00,6
0,20241123220100,test,/public/home/test_bigmodel/seismogram/zb/team_pytorch/japan_data/japan_2024.hdf5,False,False,False,False,35.197,136.983,40.0,3.6,2024/11/23 22:01:00,76
0,20241124082200,test,/public/home/test_bigmodel/seismogram/zb/team_pytorch/japan_data/japan_2024.hdf5,False,False,False,False,40.127,142.468,39.0,5.0,2024/11/24 08:22:00,177
0,20241126084500,test,/public/home/test_bigmodel/seismogram/zb/team_pytorch/japan_data/japan_2024.hdf5,False,False,False,False,36.327,138.013,5.0,3.2,2024/11/26 08:45:00,17
0,20241126133100,test,/public/home/test_bigmodel/seismogram/zb/team_pytorch/japan_data/japan_2024.hdf5,False,False,False,False,38.727,142.252,43.0,5.4,2024/11/26 13:31:00,218
0,20241126202600,test,/public/home/test_bigmodel/seismogram/zb/team_pytorch/japan_data/japan_2024.hdf5,False,False,False,False,35.793,136.845,10.0,3.3,2024/11/26 20:26:00,14
0,20241126224700,test,/public/home/test_bigmodel/seismogram/zb/team_pytorch/japan_data/japan_2024.hdf5,False,False,False,False,37.008,136.397,7.0,6.6,2024/11/26 22:47:00,696
0,20241126225100,test,/public/home/test_bigmodel/seismogram/zb/team_pytorch/japan_data/japan_2024.hdf5,False,False,False,False,37.008,136.44,9.0,4.5,2024/11/26 22:51:00,45
0,20241126225700,test,/public/home/test_bigmodel/seismogram/zb/team_pytorch/japan_data/japan_2024.hdf5,False,False,False,False,36.952,136.413,10.0,3.5,2024/11/26 22:57:00,7
0,20241126225800,test,/public/home/test_bigmodel/seismogram/zb/team_pytorch/japan_data/japan_2024.hdf5,False,False,False,False,36.93,136.393,5.0,3.7,2024/11/26 22:58:00,6
0,20241126230800,test,/public/home/test_bigmodel/seismogram/zb/team_pytorch/japan_data/japan_2024.hdf5,False,False,False,False,36.94,136.405,12.0,3.3,2024/11/26 23:08:00,9
0,20241126231300,test,/public/home/test_bigmodel/seismogram/zb/team_pytorch/japan_data/japan_2024.hdf5,False,False,False,False,36.95,136.388,12.0,4.2,2024/11/26 23:13:00,36
0,20241126231400,test,/public/home/test_bigmodel/seismogram/zb/team_pytorch/japan_data/japan_2024.hdf5,False,False,False,False,37.007,136.428,6.0,4.1,2024/11/26 23:14:00,4
0,20241126231700,test,/public/home/test_bigmodel/seismogram/zb/team_pytorch/japan_data/japan_2024.hdf5,False,False,False,False,36.933,136.4,10.0,3.9,2024/11/26 23:17:00,17
0,20241126233200,test,/public/home/test_bigmodel/seismogram/zb/team_pytorch/japan_data/japan_2024.hdf5,False,False,False,False,37.01,136.413,8.0,4.0,2024/11/26 23:32:00,20
0,20241126235200,test,/public/home/test_bigmodel/seismogram/zb/team_pytorch/japan_data/japan_2024.hdf5,False,False,False,False,37.012,136.413,11.0,4.9,2024/11/26 23:52:00,113
0,20241126235400,test,/public/home/test_bigmodel/seismogram/zb/team_pytorch/japan_data/japan_2024.hdf5,False,False,False,False,36.948,136.395,7.0,4.3,2024/11/26 23:54:00,14
0,20241126235600,test,/public/home/test_bigmodel/seismogram/zb/team_pytorch/japan_data/japan_2024.hdf5,False,False,False,False,37.038,136.425,8.0,4.0,2024/11/26 23:56:00,15
0,20241127001700,test,/public/home/test_bigmodel/seismogram/zb/team_pytorch/japan_data/japan_2024.hdf5,False,False,False,False,36.962,136.393,12.0,3.6,2024/11/27 00:17:00,10
0,20241127003000,test,/public/home/test_bigmodel/seismogram/zb/team_pytorch/japan_data/japan_2024.hdf5,False,False,False,False,36.987,136.437,11.0,3.7,2024/11/27 00:30:00,10
0,20241127004500,test,/public/home/test_bigmodel/seismogram/zb/team_pytorch/japan_data/japan_2024.hdf5,False,False,False,False,36.94,136.41,12.0,3.3,2024/11/27 00:45:00,4
0,20241127014800,test,/public/home/test_bigmodel/seismogram/zb/team_pytorch/japan_data/japan_2024.hdf5,False,False,False,False,36.93,136.402,12.0,3.9,2024/11/27 01:48:00,7
0,20241127021000,test,/public/home/test_bigmodel/seismogram/zb/team_pytorch/japan_data/japan_2024.hdf5,False,False,False,False,36.945,136.418,10.0,3.9,2024/11/27 02:10:00,16
0,20241127021300,test,/public/home/test_bigmodel/seismogram/zb/team_pytorch/japan_data/japan_2024.hdf5,False,False,False,False,37.068,136.393,11.0,3.8,2024/11/27 02:13:00,9
0,20241127021900,test,/public/home/test_bigmodel/seismogram/zb/team_pytorch/japan_data/japan_2024.hdf5,False,False,False,False,37.038,136.42,10.0,4.8,2024/11/27 02:19:00,82
0,20241127022200,test,/public/home/test_bigmodel/seismogram/zb/team_pytorch/japan_data/japan_2024.hdf5,False,False,False,False,36.995,136.415,12.0,4.0,2024/11/27 02:22:00,16
0,20241127030800,test,/public/home/test_bigmodel/seismogram/zb/team_pytorch/japan_data/japan_2024.hdf5,False,False,False,False,37.023,136.413,11.0,3.8,2024/11/27 03:08:00,12
0,20241127034900,test,/public/home/test_bigmodel/seismogram/zb/team_pytorch/japan_data/japan_2024.hdf5,False,False,False,False,36.987,136.433,11.0,3.5,2024/11/27 03:49:00,6
0,20241127041700,test,/public/home/test_bigmodel/seismogram/zb/team_pytorch/japan_data/japan_2024.hdf5,False,False,False,False,37.042,136.407,10.0,4.0,2024/11/27 04:17:00,18
0,20241127075000,test,/public/home/test_bigmodel/seismogram/zb/team_pytorch/japan_data/japan_2024.hdf5,False,False,False,False,36.932,136.39,7.0,3.4,2024/11/27 07:50:00,10
0,20241127112800,test,/public/home/test_bigmodel/seismogram/zb/team_pytorch/japan_data/japan_2024.hdf5,False,False,False,False,37.03,136.393,13.0,3.9,2024/11/27 11:28:00,21
0,20241127124800,test,/public/home/test_bigmodel/seismogram/zb/team_pytorch/japan_data/japan_2024.hdf5,False,False,False,False,36.95,136.397,12.0,3.9,2024/11/27 12:48:00,14
0,20241127150100,test,/public/home/test_bigmodel/seismogram/zb/team_pytorch/japan_data/japan_2024.hdf5,False,False,False,False,37.022,136.42,11.0,4.1,2024/11/27 15:01:00,23
0,20241127160300,test,/public/home/test_bigmodel/seismogram/zb/team_pytorch/japan_data/japan_2024.hdf5,False,False,False,False,36.972,136.428,12.0,3.4,2024/11/27 16:03:00,7
0,20241127160500,test,/public/home/test_bigmodel/seismogram/zb/team_pytorch/japan_data/japan_2024.hdf5,False,False,False,False,37.042,136.413,11.0,3.8,2024/11/27 16:05:00,12
0,20241128003200,test,/public/home/test_bigmodel/seismogram/zb/team_pytorch/japan_data/japan_2024.hdf5,False,False,False,False,36.942,136.425,13.0,4.3,2024/11/28 00:32:00,27
0,20241128061400,test,/public/home/test_bigmodel/seismogram/zb/team_pytorch/japan_data/japan_2024.hdf5,False,False,False,False,36.94,136.423,12.0,3.8,2024/11/28 06:14:00,15
0,20241128173100,test,/public/home/test_bigmodel/seismogram/zb/team_pytorch/japan_data/japan_2024.hdf5,False,False,False,False,36.93,136.39,10.0,4.7,2024/11/28 17:31:00,93
0,20241128192200,test,/public/home/test_bigmodel/seismogram/zb/team_pytorch/japan_data/japan_2024.hdf5,False,False,False,False,36.932,136.405,12.0,3.4,2024/11/28 19:22:00,6
0,20241128201900,test,/public/home/test_bigmodel/seismogram/zb/team_pytorch/japan_data/japan_2024.hdf5,False,False,False,False,36.927,136.423,11.0,3.6,2024/11/28 20:19:00,13
0,20241128213500,test,/public/home/test_bigmodel/seismogram/zb/team_pytorch/japan_data/japan_2024.hdf5,False,False,False,False,38.937,142.057,55.0,3.8,2024/11/28 21:35:00,42
0,20241129125700,test,/public/home/test_bigmodel/seismogram/zb/team_pytorch/japan_data/japan_2024.hdf5,False,False,False,False,37.455,137.152,12.0,3.6,2024/11/29 12:57:00,15
0,20241129174200,test,/public/home/test_bigmodel/seismogram/zb/team_pytorch/japan_data/japan_2024.hdf5,False,False,False,False,36.98,136.382,12.0,3.5,2024/11/29 17:42:00,10
0,20241130004400,test,/public/home/test_bigmodel/seismogram/zb/team_pytorch/japan_data/japan_2024.hdf5,False,False,False,False,36.957,136.427,13.0,3.5,2024/11/30 00:44:00,11
0,20241130093000,test,/public/home/test_bigmodel/seismogram/zb/team_pytorch/japan_data/japan_2024.hdf5,False,False,False,False,36.997,136.417,13.0,3.5,2024/11/30 09:30:00,9
0,20241130095200,test,/public/home/test_bigmodel/seismogram/zb/team_pytorch/japan_data/japan_2024.hdf5,False,False,False,False,37.063,136.417,8.0,4.9,2024/11/30 09:52:00,89
0,20241130102200,test,/public/home/test_bigmodel/seismogram/zb/team_pytorch/japan_data/japan_2024.hdf5,False,False,False,False,37.007,136.408,9.0,4.0,2024/11/30 10:22:00,15
0,20241130111100,test,/public/home/test_bigmodel/seismogram/zb/team_pytorch/japan_data/japan_2024.hdf5,False,False,False,False,36.943,136.423,12.0,3.3,2024/11/30 11:11:00,3
0,20241130174000,test,/public/home/test_bigmodel/seismogram/zb/team_pytorch/japan_data/japan_2024.hdf5,False,False,False,False,37.04,136.403,11.0,3.9,2024/11/30 17:40:00,23
0,20241130180600,test,/public/home/test_bigmodel/seismogram/zb/team_pytorch/japan_data/japan_2024.hdf5,False,False,False,False,37.038,136.415,11.0,4.1,2024/11/30 18:06:00,26
0,20241201035400,test,/public/home/test_bigmodel/seismogram/zb/team_pytorch/japan_data/japan_2024.hdf5,False,False,False,False,36.932,136.408,12.0,3.5,2024/12/01 03:54:00,10
0,20241201112100,test,/public/home/test_bigmodel/seismogram/zb/team_pytorch/japan_data/japan_2024.hdf5,False,False,False,False,37.002,136.412,12.0,4.3,2024/12/01 11:21:00,30
0,20241201164100,test,/public/home/test_bigmodel/seismogram/zb/team_pytorch/japan_data/japan_2024.hdf5,False,False,False,False,37.522,137.182,10.0,3.2,2024/12/01 16:41:00,6
0,20241202054800,test,/public/home/test_bigmodel/seismogram/zb/team_pytorch/japan_data/japan_2024.hdf5,False,False,False,False,36.973,136.425,11.0,3.8,2024/12/02 05:48:00,13
0,20241202092000,test,/public/home/test_bigmodel/seismogram/zb/team_pytorch/japan_data/japan_2024.hdf5,False,False,False,False,36.962,136.43,12.0,4.0,2024/12/02 09:20:00,23
0,20241202132900,test,/public/home/test_bigmodel/seismogram/zb/team_pytorch/japan_data/japan_2024.hdf5,False,False,False,False,36.322,138.017,5.0,3.2,2024/12/02 13:29:00,22
0,20241202143600,test,/public/home/test_bigmodel/seismogram/zb/team_pytorch/japan_data/japan_2024.hdf5,False,False,False,False,36.323,138.017,5.0,3.5,2024/12/02 14:36:00,28
0,20241203045100,test,/public/home/test_bigmodel/seismogram/zb/team_pytorch/japan_data/japan_2024.hdf5,False,False,False,False,34.032,133.035,15.0,3.9,2024/12/03 04:51:00,20
0,20241203143300,test,/public/home/test_bigmodel/seismogram/zb/team_pytorch/japan_data/japan_2024.hdf5,False,False,False,False,36.825,141.283,35.0,4.1,2024/12/03 14:33:00,51
0,20241204060500,test,/public/home/test_bigmodel/seismogram/zb/team_pytorch/japan_data/japan_2024.hdf5,False,False,False,False,36.993,136.438,11.0,3.9,2024/12/04 06:05:00,18
0,20241204191100,test,/public/home/test_bigmodel/seismogram/zb/team_pytorch/japan_data/japan_2024.hdf5,False,False,False,False,36.087,139.9,49.0,4.3,2024/12/04 19:11:00,212
0,20241206125300,test,/public/home/test_bigmodel/seismogram/zb/team_pytorch/japan_data/japan_2024.hdf5,False,False,False,False,36.78,140.562,7.0,4.1,2024/12/06 12:53:00,81
0,20241206125600,test,/public/home/test_bigmodel/seismogram/zb/team_pytorch/japan_data/japan_2024.hdf5,False,False,False,False,36.783,140.57,8.0,3.4,2024/12/06 12:56:00,29
0,20241206142600,test,/public/home/test_bigmodel/seismogram/zb/team_pytorch/japan_data/japan_2024.hdf5,False,False,False,False,31.827,131.635,34.0,4.5,2024/12/06 14:26:00,74
0,20241207064100,test,/public/home/test_bigmodel/seismogram/zb/team_pytorch/japan_data/japan_2024.hdf5,False,False,False,False,42.1,142.36,34.0,4.3,2024/12/07 06:41:00,57
0,20241208073900,test,/public/home/test_bigmodel/seismogram/zb/team_pytorch/japan_data/japan_2024.hdf5,False,False,False,False,35.653,140.18,69.0,4.1,2024/12/08 07:39:00,91
0,20241208225800,test,/public/home/test_bigmodel/seismogram/zb/team_pytorch/japan_data/japan_2024.hdf5,False,False,False,False,36.928,136.422,12.0,4.2,2024/12/08 22:58:00,20
0,20241209183300,test,/public/home/test_bigmodel/seismogram/zb/team_pytorch/japan_data/japan_2024.hdf5,False,False,False,False,32.655,130.683,12.0,3.0,2024/12/09 18:33:00,12
0,20241209210000,test,/public/home/test_bigmodel/seismogram/zb/team_pytorch/japan_data/japan_2024.hdf5,False,False,False,False,40.242,141.97,20.0,4.4,2024/12/09 21:00:00,78
0,20241210053300,test,/public/home/test_bigmodel/seismogram/zb/team_pytorch/japan_data/japan_2024.hdf5,False,False,False,False,35.167,140.573,53.0,4.8,2024/12/10 05:33:00,84
0,20241212181700,test,/public/home/test_bigmodel/seismogram/zb/team_pytorch/japan_data/japan_2024.hdf5,False,False,False,False,37.4,141.705,45.0,4.3,2024/12/12 18:17:00,84
0,20241216043700,test,/public/home/test_bigmodel/seismogram/zb/team_pytorch/japan_data/japan_2024.hdf5,False,False,False,False,34.023,135.283,6.0,4.2,2024/12/16 04:37:00,88
0,20241217221100,test,/public/home/test_bigmodel/seismogram/zb/team_pytorch/japan_data/japan_2024.hdf5,False,False,False,False,36.237,140.105,54.0,4.2,2024/12/17 22:11:00,119
0,20241224065500,test,/public/home/test_bigmodel/seismogram/zb/team_pytorch/japan_data/japan_2024.hdf5,False,False,False,False,34.668,131.978,12.0,3.8,2024/12/24 06:55:00,51
0,20241224071200,test,/public/home/test_bigmodel/seismogram/zb/team_pytorch/japan_data/japan_2024.hdf5,False,False,False,False,36.945,136.422,12.0,4.4,2024/12/24 07:12:00,57
0,20241228041000,test,/public/home/test_bigmodel/seismogram/zb/team_pytorch/japan_data/japan_2024.hdf5,False,False,False,False,37.343,141.58,43.0,5.3,2024/12/28 04:10:00,319
0,20241229013300,test,/public/home/test_bigmodel/seismogram/zb/team_pytorch/japan_data/japan_2024.hdf5,False,False,False,False,33.803,134.332,14.0,3.9,2024/12/29 01:33:00,66
