station_code,station_lat,station_lon,input_source,query_radius_km,api_version,vs30_mps,vs30_valid,vs30_source,vs30_mesh_code,vs30_jcode,vs30_query_distance_km,arv,status,error,api_url
ABSH02,44.4234,143.0264,/home/zhangb/work/people/zhangbei/team_claude/team_pytorch/station_cache_d9a7d4d6.csv,1.0,V4,327.3,1,j-shis_meshsearch_avs,6643500233,10,,1.19,Success,,https://www.j-shis.bosai.go.jp/map/api/meshsearch?center=143.02640000%2C44.42340000&epsg=4326&format=geojson&filter=AVS_gt_0&radius=1.000&limit=1&order=DIST&version=V4
ABSH03,44.3843,143.2407,/home/zhangb/work/people/zhangbei/team_claude/team_pytorch/station_cache_d9a7d4d6.csv,1.0,V4,321.8,1,j-shis_meshsearch_avs,6643416912,10,,1.20,Success,,https://www.j-shis.bosai.go.jp/map/api/meshsearch?center=143.24070000%2C44.38430000&epsg=4326&format=geojson&filter=AVS_gt_0&radius=1.000&limit=1&order=DIST&version=V4
ABSH06,44.2146,143.6202,/home/zhangb/work/people/zhangbei/team_claude/team_pytorch/station_cache_d9a7d4d6.csv,1.0,V4,263.3,1,j-shis_meshsearch_avs,6643245943,11,,1.43,Success,,https://www.j-shis.bosai.go.jp/map/api/meshsearch?center=143.62020000%2C44.21460000&epsg=4326&format=geojson&filter=AVS_gt_0&radius=1.000&limit=1&order=DIST&version=V4
ABSH07,43.8494,143.0861,/home/zhangb/work/people/zhangbei/team_claude/team_pytorch/station_cache_d9a7d4d6.csv,1.0,V4,510.4,1,j-shis_meshsearch_avs,6543601644,4,,0.81,Success,,https://www.j-shis.bosai.go.jp/map/api/meshsearch?center=143.08610000%2C43.84940000&epsg=4326&format=geojson&filter=AVS_gt_0&radius=1.000&limit=1&order=DIST&version=V4
ABSH09,43.9269,144.8071,/home/zhangb/work/people/zhangbei/team_claude/team_pytorch/station_cache_d9a7d4d6.csv,1.0,V4,374.1,1,j-shis_meshsearch_avs,6544761421,8,,1.06,Success,,https://www.j-shis.bosai.go.jp/map/api/meshsearch?center=144.80710000%2C43.92690000&epsg=4326&format=geojson&filter=AVS_gt_0&radius=1.000&limit=1&order=DIST&version=V4
ABSH10,44.0813,143.9455,/home/zhangb/work/people/zhangbei/team_claude/team_pytorch/station_cache_d9a7d4d6.csv,1.0,V4,344.7,1,j-shis_meshsearch_avs,6643079543,8,,1.14,Success,,https://www.j-shis.bosai.go.jp/map/api/meshsearch?center=143.94550000%2C44.08130000&epsg=4326&format=geojson&filter=AVS_gt_0&radius=1.000&limit=1&order=DIST&version=V4
ABSH11,43.9144,144.1913,/home/zhangb/work/people/zhangbei/team_claude/team_pytorch/station_cache_d9a7d4d6.csv,1.0,V4,264.7,1,j-shis_meshsearch_avs,6544619532,9,,1.42,Success,,https://www.j-shis.bosai.go.jp/map/api/meshsearch?center=144.19130000%2C43.91440000&epsg=4326&format=geojson&filter=AVS_gt_0&radius=1.000&limit=1&order=DIST&version=V4
ABSH13,43.7419,143.4514,/home/zhangb/work/people/zhangbei/team_claude/team_pytorch/station_cache_d9a7d4d6.csv,1.0,V4,457.2,1,j-shis_meshsearch_avs,6543439611,8,,0.89,Success,,https://www.j-shis.bosai.go.jp/map/api/meshsearch?center=143.45140000%2C43.74190000&epsg=4326&format=geojson&filter=AVS_gt_0&radius=1.000&limit=1&order=DIST&version=V4
ABSH14,43.7228,144.1835,/home/zhangb/work/people/zhangbei/team_claude/team_pytorch/station_cache_d9a7d4d6.csv,1.0,V4,362.9,1,j-shis_meshsearch_avs,6544416441,8,,1.09,Success,,https://www.j-shis.bosai.go.jp/map/api/meshsearch?center=144.18350000%2C43.72280000&epsg=4326&format=geojson&filter=AVS_gt_0&radius=1.000&limit=1&order=DIST&version=V4
ABSH15,43.6352,143.51,/home/zhangb/work/people/zhangbei/team_claude/team_pytorch/station_cache_d9a7d4d6.csv,1.0,V4,501.0,1,j-shis_meshsearch_avs,6543346022,8,,0.83,Success,,https://www.j-shis.bosai.go.jp/map/api/meshsearch?center=143.51000000%2C43.63520000&epsg=4326&format=geojson&filter=AVS_gt_0&radius=1.000&limit=1&order=DIST&version=V4
AIC001,35.2974,136.7505,/home/zhangb/work/people/zhangbei/team_claude/team_pytorch/station_cache_d9a7d4d6.csv,1.0,V4,183.8,1,j-shis_meshsearch_avs,5236765031,14,,1.94,Success,,https://www.j-shis.bosai.go.jp/map/api/meshsearch?center=136.75050000%2C35.29740000&epsg=4326&format=geojson&filter=AVS_gt_0&radius=1.000&limit=1&order=DIST&version=V4
AIC002,35.2979,136.9154,/home/zhangb/work/people/zhangbei/team_claude/team_pytorch/station_cache_d9a7d4d6.csv,1.0,V4,402.5,1,j-shis_meshsearch_avs,5236775331,8,,0.99,Success,,https://www.j-shis.bosai.go.jp/map/api/meshsearch?center=136.91540000%2C35.29790000&epsg=4326&format=geojson&filter=AVS_gt_0&radius=1.000&limit=1&order=DIST&version=V4
AIC003,35.1734,136.7402,/home/zhangb/work/people/zhangbei/team_claude/team_pytorch/station_cache_d9a7d4d6.csv,1.0,V4,169.3,1,j-shis_meshsearch_avs,5236650933,15,,2.08,Success,,https://www.j-shis.bosai.go.jp/map/api/meshsearch?center=136.74020000%2C35.17340000&epsg=4326&format=geojson&filter=AVS_gt_0&radius=1.000&limit=1&order=DIST&version=V4
AIC004,35.0631,136.9738,/home/zhangb/work/people/zhangbei/team_claude/team_pytorch/station_cache_d9a7d4d6.csv,1.0,V4,366.1,1,j-shis_meshsearch_avs,5236477742,3,,1.08,Success,,https://www.j-shis.bosai.go.jp/map/api/meshsearch?center=136.97380000%2C35.06310000&epsg=4326&format=geojson&filter=AVS_gt_0&radius=1.000&limit=1&order=DIST&version=V4
AIC005,35.1983,137.2061,/home/zhangb/work/people/zhangbei/team_claude/team_pytorch/station_cache_d9a7d4d6.csv,1.0,V4,414.3,1,j-shis_meshsearch_avs,5237613634,3,,0.97,Success,,https://www.j-shis.bosai.go.jp/map/api/meshsearch?center=137.20610000%2C35.19830000&epsg=4326&format=geojson&filter=AVS_gt_0&radius=1.000&limit=1&order=DIST&version=V4
AIC006,35.2158,137.5089,/home/zhangb/work/people/zhangbei/team_claude/team_pytorch/station_cache_d9a7d4d6.csv,1.0,V4,547.1,1,j-shis_meshsearch_avs,5237645043,8,,0.77,Success,,https://www.j-shis.bosai.go.jp/map/api/meshsearch?center=137.50890000%2C35.21580000&epsg=4326&format=geojson&filter=AVS_gt_0&radius=1.000&limit=1&order=DIST&version=V4
AIC008,35.1006,137.5757,/home/zhangb/work/people/zhangbei/team_claude/team_pytorch/station_cache_d9a7d4d6.csv,1.0,V4,641.3,1,j-shis_meshsearch_avs,5237542611,1,,0.67,Success,,https://www.j-shis.bosai.go.jp/map/api/meshsearch?center=137.57570000%2C35.10060000&epsg=4326&format=geojson&filter=AVS_gt_0&radius=1.000&limit=1&order=DIST&version=V4
AIC009,35.0813,137.1466,/home/zhangb/work/people/zhangbei/team_claude/team_pytorch/station_cache_d9a7d4d6.csv,1.0,V4,382.2,1,j-shis_meshsearch_avs,5237419143,8,,1.04,Success,,https://www.j-shis.bosai.go.jp/map/api/meshsearch?center=137.14660000%2C35.08130000&epsg=4326&format=geojson&filter=AVS_gt_0&radius=1.000&limit=1&order=DIST&version=V4
AIC010,34.9803,137.4297,/home/zhangb/work/people/zhangbei/team_claude/team_pytorch/station_cache_d9a7d4d6.csv,1.0,V4,775.5,1,j-shis_meshsearch_avs,5237337432,1,,0.57,Success,,https://www.j-shis.bosai.go.jp/map/api/meshsearch?center=137.42970000%2C34.98030000&epsg=4326&format=geojson&filter=AVS_gt_0&radius=1.000&limit=1&order=DIST&version=V4
AIC011,34.9966,136.8641,/home/zhangb/work/people/zhangbei/team_claude/team_pytorch/station_cache_d9a7d4d6.csv,1.0,V4,253.3,1,j-shis_meshsearch_avs,5236369931,20,,1.48,Success,,https://www.j-shis.bosai.go.jp/map/api/meshsearch?center=136.86410000%2C34.99660000&epsg=4326&format=geojson&filter=AVS_gt_0&radius=1.000&limit=1&order=DIST&version=V4
AIC012,34.9119,137.0446,/home/zhangb/work/people/zhangbei/team_claude/team_pytorch/station_cache_d9a7d4d6.csv,1.0,V4,183.8,1,j-shis_meshsearch_avs,5237209323,15,,1.94,Success,,https://www.j-shis.bosai.go.jp/map/api/meshsearch?center=137.04460000%2C34.91190000&epsg=4326&format=geojson&filter=AVS_gt_0&radius=1.000&limit=1&order=DIST&version=V4
AIC013,34.9529,137.6067,/home/zhangb/work/people/zhangbei/team_claude/team_pytorch/station_cache_d9a7d4d6.csv,1.0,V4,480.0,1,j-shis_meshsearch_avs,5237344823,8,,0.86,Success,,https://www.j-shis.bosai.go.jp/map/api/meshsearch?center=137.60670000%2C34.95290000&epsg=4326&format=geojson&filter=AVS_gt_0&radius=1.000&limit=1&order=DIST&version=V4
AIC014,34.8285,137.2199,/home/zhangb/work/people/zhangbei/team_claude/team_pytorch/station_cache_d9a7d4d6.csv,1.0,V4,207.5,1,j-shis_meshsearch_avs,5237119723,15,,1.75,Success,,https://www.j-shis.bosai.go.jp/map/api/meshsearch?center=137.21990000%2C34.82850000&epsg=4326&format=geojson&filter=AVS_gt_0&radius=1.000&limit=1&order=DIST&version=V4
AIC015,34.7552,137.404,/home/zhangb/work/people/zhangbei/team_claude/team_pytorch/station_cache_d9a7d4d6.csv,1.0,V4,257.3,1,j-shis_meshsearch_avs,5237130232,10,,1.46,Success,,https://www.j-shis.bosai.go.jp/map/api/meshsearch?center=137.40400000%2C34.75520000&epsg=4326&format=geojson&filter=AVS_gt_0&radius=1.000&limit=1&order=DIST&version=V4
AIC016,34.7784,136.9082,/home/zhangb/work/people/zhangbei/team_claude/team_pytorch/station_cache_d9a7d4d6.csv,1.0,V4,260.2,1,j-shis_meshsearch_avs,5236173223,16,,1.44,Success,,https://www.j-shis.bosai.go.jp/map/api/meshsearch?center=136.90820000%2C34.77840000&epsg=4326&format=geojson&filter=AVS_gt_0&radius=1.000&limit=1&order=DIST&version=V4
AIC017,34.6697,137.2638,/home/zhangb/work/people/zhangbei/team_claude/team_pytorch/station_cache_d9a7d4d6.csv,1.0,V4,401.2,1,j-shis_meshsearch_avs,5237020113,8,,1.00,Success,,https://www.j-shis.bosai.go.jp/map/api/meshsearch?center=137.26380000%2C34.66970000&epsg=4326&format=geojson&filter=AVS_gt_0&radius=1.000&limit=1&order=DIST&version=V4
AIC018,34.622,137.1086,/home/zhangb/work/people/zhangbei/team_claude/team_pytorch/station_cache_d9a7d4d6.csv,1.0,V4,291.6,1,j-shis_meshsearch_avs,5137704841,10,,1.31,Success,,https://www.j-shis.bosai.go.jp/map/api/meshsearch?center=137.10860000%2C34.62200000&epsg=4326&format=geojson&filter=AVS_gt_0&radius=1.000&limit=1&order=DIST&version=V4
AICH04,34.9319,137.0568,/home/zhangb/work/people/zhangbei/team_claude/team_pytorch/station_cache_d9a7d4d6.csv,1.0,V4,202.8,1,j-shis_meshsearch_avs,5237301443,10,,1.78,Success,,https://www.j-shis.bosai.go.jp/map/api/meshsearch?center=137.05680000%2C34.93190000&epsg=4326&format=geojson&filter=AVS_gt_0&radius=1.000&limit=1&order=DIST&version=V4
AICH07,35.2194,137.4039,/home/zhangb/work/people/zhangbei/team_claude/team_pytorch/station_cache_d9a7d4d6.csv,1.0,V4,641.3,1,j-shis_meshsearch_avs,5237636214,1,,0.67,Success,,https://www.j-shis.bosai.go.jp/map/api/meshsearch?center=137.40390000%2C35.21940000&epsg=4326&format=geojson&filter=AVS_gt_0&radius=1.000&limit=1&order=DIST&version=V4
AICH09,34.6643,137.3902,/home/zhangb/work/people/zhangbei/team_claude/team_pytorch/station_cache_d9a7d4d6.csv,1.0,V4,329.7,1,j-shis_meshsearch_avs,5137739131,8,,1.18,Success,,https://www.j-shis.bosai.go.jp/map/api/meshsearch?center=137.39020000%2C34.66430000&epsg=4326&format=geojson&filter=AVS_gt_0&radius=1.000&limit=1&order=DIST&version=V4
AICH10,35.0002,137.6243,/home/zhangb/work/people/zhangbei/team_claude/team_pytorch/station_cache_d9a7d4d6.csv,1.0,V4,641.3,1,j-shis_meshsearch_avs,5237440922,1,,0.67,Success,,https://www.j-shis.bosai.go.jp/map/api/meshsearch?center=137.62430000%2C35.00020000&epsg=4326&format=geojson&filter=AVS_gt_0&radius=1.000&limit=1&order=DIST&version=V4
AICH11,35.3059,137.057,/home/zhangb/work/people/zhangbei/team_claude/team_pytorch/station_cache_d9a7d4d6.csv,1.0,V4,775.5,1,j-shis_meshsearch_avs,5237706441,1,,0.57,Success,,https://www.j-shis.bosai.go.jp/map/api/meshsearch?center=137.05700000%2C35.30590000&epsg=4326&format=geojson&filter=AVS_gt_0&radius=1.000&limit=1&order=DIST&version=V4
AICH12,34.7884,137.1057,/home/zhangb/work/people/zhangbei/team_claude/team_pytorch/station_cache_d9a7d4d6.csv,1.0,V4,236.3,1,j-shis_meshsearch_avs,5237104832,19,,1.57,Success,,https://www.j-shis.bosai.go.jp/map/api/meshsearch?center=137.10570000%2C34.78840000&epsg=4326&format=geojson&filter=AVS_gt_0&radius=1.000&limit=1&order=DIST&version=V4
AICH13,35.2177,136.8509,/home/zhangb/work/people/zhangbei/team_claude/team_pytorch/station_cache_d9a7d4d6.csv,1.0,V4,166.0,1,j-shis_meshsearch_avs,5236666811,15,,2.12,Success,,https://www.j-shis.bosai.go.jp/map/api/meshsearch?center=136.85090000%2C35.21770000&epsg=4326&format=geojson&filter=AVS_gt_0&radius=1.000&limit=1&order=DIST&version=V4
AICH15,35.1392,137.3359,/home/zhangb/work/people/zhangbei/team_claude/team_pytorch/station_cache_d9a7d4d6.csv,1.0,V4,775.5,1,j-shis_meshsearch_avs,5237526642,1,,0.57,Success,,https://www.j-shis.bosai.go.jp/map/api/meshsearch?center=137.33590000%2C35.13920000&epsg=4326&format=geojson&filter=AVS_gt_0&radius=1.000&limit=1&order=DIST&version=V4
AICH16,35.1543,137.535,/home/zhangb/work/people/zhangbei/team_claude/team_pytorch/station_cache_d9a7d4d6.csv,1.0,V4,534.4,1,j-shis_meshsearch_avs,5237548242,8,,0.78,Success,,https://www.j-shis.bosai.go.jp/map/api/meshsearch?center=137.53500000%2C35.15430000&epsg=4326&format=geojson&filter=AVS_gt_0&radius=1.000&limit=1&order=DIST&version=V4
AICH17,35.184,137.7268,/home/zhangb/work/people/zhangbei/team_claude/team_pytorch/station_cache_d9a7d4d6.csv,1.0,V4,775.5,1,j-shis_meshsearch_avs,5237652811,1,,0.57,Success,,https://www.j-shis.bosai.go.jp/map/api/meshsearch?center=137.72680000%2C35.18400000&epsg=4326&format=geojson&filter=AVS_gt_0&radius=1.000&limit=1&order=DIST&version=V4
AICH18,34.9635,137.2377,/home/zhangb/work/people/zhangbei/team_claude/team_pytorch/station_cache_d9a7d4d6.csv,1.0,V4,397.7,1,j-shis_meshsearch_avs,5237315931,3,,1.00,Success,,https://www.j-shis.bosai.go.jp/map/api/meshsearch?center=137.23770000%2C34.96350000&epsg=4326&format=geojson&filter=AVS_gt_0&radius=1.000&limit=1&order=DIST&version=V4
AICH19,34.9512,137.4114,/home/zhangb/work/people/zhangbei/team_claude/team_pytorch/station_cache_d9a7d4d6.csv,1.0,V4,547.5,1,j-shis_meshsearch_avs,5237334222,8,,0.77,Success,,https://www.j-shis.bosai.go.jp/map/api/meshsearch?center=137.41140000%2C34.95120000&epsg=4326&format=geojson&filter=AVS_gt_0&radius=1.000&limit=1&order=DIST&version=V4
AICH20,34.8976,137.4876,/home/zhangb/work/people/zhangbei/team_claude/team_pytorch/station_cache_d9a7d4d6.csv,1.0,V4,453.8,1,j-shis_meshsearch_avs,5237237931,8,,0.90,Success,,https://www.j-shis.bosai.go.jp/map/api/meshsearch?center=137.48760000%2C34.89760000&epsg=4326&format=geojson&filter=AVS_gt_0&radius=1.000&limit=1&order=DIST&version=V4
AICH22,34.7853,137.4393,/home/zhangb/work/people/zhangbei/team_claude/team_pytorch/station_cache_d9a7d4d6.csv,1.0,V4,424.6,1,j-shis_meshsearch_avs,5237134511,8,,0.95,Success,,https://www.j-shis.bosai.go.jp/map/api/meshsearch?center=137.43930000%2C34.78530000&epsg=4326&format=geojson&filter=AVS_gt_0&radius=1.000&limit=1&order=DIST&version=V4
AICH23,34.8806,136.8316,/home/zhangb/work/people/zhangbei/team_claude/team_pytorch/station_cache_d9a7d4d6.csv,1.0,V4,239.4,1,j-shis_meshsearch_avs,5236265641,20,,1.55,Success,,https://www.j-shis.bosai.go.jp/map/api/meshsearch?center=136.83160000%2C34.88060000&epsg=4326&format=geojson&filter=AVS_gt_0&radius=1.000&limit=1&order=DIST&version=V4
AKT001,40.328,140.7429,/home/zhangb/work/people/zhangbei/team_claude/team_pytorch/station_cache_d9a7d4d6.csv,1.0,V4,360.1,1,j-shis_meshsearch_avs,6040359914,11,,1.09,Success,,https://www.j-shis.bosai.go.jp/map/api/meshsearch?center=140.74290000%2C40.32800000&epsg=4326&format=geojson&filter=AVS_gt_0&radius=1.000&limit=1&order=DIST&version=V4
AKT002,40.2676,140.5664,/home/zhangb/work/people/zhangbei/team_claude/team_pytorch/station_cache_d9a7d4d6.csv,1.0,V4,428.6,1,j-shis_meshsearch_avs,6040342512,8,,0.94,Success,,https://www.j-shis.bosai.go.jp/map/api/meshsearch?center=140.56640000%2C40.26760000&epsg=4326&format=geojson&filter=AVS_gt_0&radius=1.000&limit=1&order=DIST&version=V4
AKT003,40.2784,140.2631,/home/zhangb/work/people/zhangbei/team_claude/team_pytorch/station_cache_d9a7d4d6.csv,1.0,V4,318.5,1,j-shis_meshsearch_avs,6040323113,10,,1.21,Success,,https://www.j-shis.bosai.go.jp/map/api/meshsearch?center=140.26310000%2C40.27840000&epsg=4326&format=geojson&filter=AVS_gt_0&radius=1.000&limit=1&order=DIST&version=V4
AKT004,40.3886,139.9822,/home/zhangb/work/people/zhangbei/team_claude/team_pytorch/station_cache_d9a7d4d6.csv,1.0,V4,444.4,1,j-shis_meshsearch_avs,6039476841,8,,0.91,Success,,https://www.j-shis.bosai.go.jp/map/api/meshsearch?center=139.98220000%2C40.38860000&epsg=4326&format=geojson&filter=AVS_gt_0&radius=1.000&limit=1&order=DIST&version=V4
AKT005,40.202,140.0286,/home/zhangb/work/people/zhangbei/team_claude/team_pytorch/station_cache_d9a7d4d6.csv,1.0,V4,194.5,1,j-shis_meshsearch_avs,6040204212,17,,1.85,Success,,https://www.j-shis.bosai.go.jp/map/api/meshsearch?center=140.02860000%2C40.20200000&epsg=4326&format=geojson&filter=AVS_gt_0&radius=1.000&limit=1&order=DIST&version=V4
AKT006,40.2153,140.7873,/home/zhangb/work/people/zhangbei/team_claude/team_pytorch/station_cache_d9a7d4d6.csv,1.0,V4,346.0,1,j-shis_meshsearch_avs,6040265244,11,,1.13,Success,,https://www.j-shis.bosai.go.jp/map/api/meshsearch?center=140.78730000%2C40.21530000&epsg=4326&format=geojson&filter=AVS_gt_0&radius=1.000&limit=1&order=DIST&version=V4
AKT007,40.0376,140.0919,/home/zhangb/work/people/zhangbei/team_claude/team_pytorch/station_cache_d9a7d4d6.csv,1.0,V4,407.0,1,j-shis_meshsearch_avs,6040004732,8,,0.99,Success,,https://www.j-shis.bosai.go.jp/map/api/meshsearch?center=140.09190000%2C40.03760000&epsg=4326&format=geojson&filter=AVS_gt_0&radius=1.000&limit=1&order=DIST&version=V4
AKT008,39.884,140.0706,/home/zhangb/work/people/zhangbei/team_claude/team_pytorch/station_cache_d9a7d4d6.csv,1.0,V4,207.5,1,j-shis_meshsearch_avs,5940606521,15,,1.75,Success,,https://www.j-shis.bosai.go.jp/map/api/meshsearch?center=140.07060000%2C39.88400000&epsg=4326&format=geojson&filter=AVS_gt_0&radius=1.000&limit=1&order=DIST&version=V4
AKT009,39.8869,139.8467,/home/zhangb/work/people/zhangbei/team_claude/team_pytorch/station_cache_d9a7d4d6.csv,1.0,V4,193.3,1,j-shis_meshsearch_avs,5939666723,15,,1.86,Success,,https://www.j-shis.bosai.go.jp/map/api/meshsearch?center=139.84670000%2C39.88690000&epsg=4326&format=geojson&filter=AVS_gt_0&radius=1.000&limit=1&order=DIST&version=V4
AKT010,39.7223,140.0998,/home/zhangb/work/people/zhangbei/team_claude/team_pytorch/station_cache_d9a7d4d6.csv,1.0,V4,193.3,1,j-shis_meshsearch_avs,5940406742,15,,1.86,Success,,https://www.j-shis.bosai.go.jp/map/api/meshsearch?center=140.09980000%2C39.72230000&epsg=4326&format=geojson&filter=AVS_gt_0&radius=1.000&limit=1&order=DIST&version=V4
AKT011,39.8133,140.5805,/home/zhangb/work/people/zhangbei/team_claude/team_pytorch/station_cache_d9a7d4d6.csv,1.0,V4,522.5,1,j-shis_meshsearch_avs,5940547632,8,,0.80,Success,,https://www.j-shis.bosai.go.jp/map/api/meshsearch?center=140.58050000%2C39.81330000&epsg=4326&format=geojson&filter=AVS_gt_0&radius=1.000&limit=1&order=DIST&version=V4
AKT012,39.7014,140.7178,/home/zhangb/work/people/zhangbei/team_claude/team_pytorch/station_cache_d9a7d4d6.csv,1.0,V4,408.3,1,j-shis_meshsearch_avs,5940454712,10,,0.98,Success,,https://www.j-shis.bosai.go.jp/map/api/meshsearch?center=140.71780000%2C39.70140000&epsg=4326&format=geojson&filter=AVS_gt_0&radius=1.000&limit=1&order=DIST&version=V4
AKT013,39.6071,140.3209,/home/zhangb/work/people/zhangbei/team_claude/team_pytorch/station_cache_d9a7d4d6.csv,1.0,V4,457.0,1,j-shis_meshsearch_avs,5940322543,8,,0.89,Success,,https://www.j-shis.bosai.go.jp/map/api/meshsearch?center=140.32090000%2C39.60710000&epsg=4326&format=geojson&filter=AVS_gt_0&radius=1.000&limit=1&order=DIST&version=V4
AKT014,39.595,140.5573,/home/zhangb/work/people/zhangbei/team_claude/team_pytorch/station_cache_d9a7d4d6.csv,1.0,V4,180.6,1,j-shis_meshsearch_avs,5940341423,13,,1.97,Success,,https://www.j-shis.bosai.go.jp/map/api/meshsearch?center=140.55730000%2C39.59500000&epsg=4326&format=geojson&filter=AVS_gt_0&radius=1.000&limit=1&order=DIST&version=V4
AKT015,39.3844,140.0519,/home/zhangb/work/people/zhangbei/team_claude/team_pytorch/station_cache_d9a7d4d6.csv,1.0,V4,260.2,1,j-shis_meshsearch_avs,5940006411,16,,1.44,Success,,https://www.j-shis.bosai.go.jp/map/api/meshsearch?center=140.05190000%2C39.38440000&epsg=4326&format=geojson&filter=AVS_gt_0&radius=1.000&limit=1&order=DIST&version=V4
AKT016,39.4545,140.4758,/home/zhangb/work/people/zhangbei/team_claude/team_pytorch/station_cache_d9a7d4d6.csv,1.0,V4,220.5,1,j-shis_meshsearch_avs,5940134831,12,,1.66,Success,,https://www.j-shis.bosai.go.jp/map/api/meshsearch?center=140.47580000%2C39.45450000&epsg=4326&format=geojson&filter=AVS_gt_0&radius=1.000&limit=1&order=DIST&version=V4
AKT017,39.2978,140.5621,/home/zhangb/work/people/zhangbei/team_claude/team_pytorch/station_cache_d9a7d4d6.csv,1.0,V4,358.1,1,j-shis_meshsearch_avs,5840745442,3,,1.10,Success,,https://www.j-shis.bosai.go.jp/map/api/meshsearch?center=140.56210000%2C39.29780000&epsg=4326&format=geojson&filter=AVS_gt_0&radius=1.000&limit=1&order=DIST&version=V4
AKT018,39.1937,140.1899,/home/zhangb/work/people/zhangbei/team_claude/team_pytorch/station_cache_d9a7d4d6.csv,1.0,V4,478.5,1,j-shis_meshsearch_avs,5840613511,8,,0.86,Success,,https://www.j-shis.bosai.go.jp/map/api/meshsearch?center=140.18990000%2C39.19370000&epsg=4326&format=geojson&filter=AVS_gt_0&radius=1.000&limit=1&order=DIST&version=V4
AKT019,39.039,140.449,/home/zhangb/work/people/zhangbei/team_claude/team_pytorch/station_cache_d9a7d4d6.csv,1.0,V4,369.2,1,j-shis_meshsearch_avs,5840434542,11,,1.07,Success,,https://www.j-shis.bosai.go.jp/map/api/meshsearch?center=140.44900000%2C39.03900000&epsg=4326&format=geojson&filter=AVS_gt_0&radius=1.000&limit=1&order=DIST&version=V4
AKT020,39.2027,139.9088,/home/zhangb/work/people/zhangbei/team_claude/team_pytorch/station_cache_d9a7d4d6.csv,1.0,V4,174.2,1,j-shis_meshsearch_avs,5839674223,15,,2.03,Success,,https://www.j-shis.bosai.go.jp/map/api/meshsearch?center=139.90880000%2C39.20270000&epsg=4326&format=geojson&filter=AVS_gt_0&radius=1.000&limit=1&order=DIST&version=V4
AKT021,39.994,140.4035,/home/zhangb/work/people/zhangbei/team_claude/team_pytorch/station_cache_d9a7d4d6.csv,1.0,V4,500.5,1,j-shis_meshsearch_avs,5940739214,8,,0.83,Success,,https://www.j-shis.bosai.go.jp/map/api/meshsearch?center=140.40350000%2C39.99400000&epsg=4326&format=geojson&filter=AVS_gt_0&radius=1.000&limit=1&order=DIST&version=V4
AKT022,39.7739,140.6669,/home/zhangb/work/people/zhangbei/team_claude/team_pytorch/station_cache_d9a7d4d6.csv,1.0,V4,436.2,1,j-shis_meshsearch_avs,5940552334,10,,0.93,Success,,https://www.j-shis.bosai.go.jp/map/api/meshsearch?center=140.66690000%2C39.77390000&epsg=4326&format=geojson&filter=AVS_gt_0&radius=1.000&limit=1&order=DIST&version=V4
AKT023,39.1464,140.7161,/home/zhangb/work/people/zhangbei/team_claude/team_pytorch/station_cache_d9a7d4d6.csv,1.0,V4,641.3,1,j-shis_meshsearch_avs,5840557732,1,,0.67,Success,,https://www.j-shis.bosai.go.jp/map/api/meshsearch?center=140.71610000%2C39.14640000&epsg=4326&format=geojson&filter=AVS_gt_0&radius=1.000&limit=1&order=DIST&version=V4
AKTH02,39.6634,140.5721,/home/zhangb/work/people/zhangbei/team_claude/team_pytorch/station_cache_d9a7d4d6.csv,1.0,V4,351.7,1,j-shis_meshsearch_avs,5940349542,11,,1.12,Success,,https://www.j-shis.bosai.go.jp/map/api/meshsearch?center=140.57210000%2C39.66340000&epsg=4326&format=geojson&filter=AVS_gt_0&radius=1.000&limit=1&order=DIST&version=V4
AKTH03,39.2223,140.1283,/home/zhangb/work/people/zhangbei/team_claude/team_pytorch/station_cache_d9a7d4d6.csv,1.0,V4,495.7,1,j-shis_meshsearch_avs,5840616032,8,,0.83,Success,,https://www.j-shis.bosai.go.jp/map/api/meshsearch?center=140.12830000%2C39.22230000&epsg=4326&format=geojson&filter=AVS_gt_0&radius=1.000&limit=1&order=DIST&version=V4
AKTH04,39.174,140.7129,/home/zhangb/work/people/zhangbei/team_claude/team_pytorch/station_cache_d9a7d4d6.csv,1.0,V4,526.1,1,j-shis_meshsearch_avs,5840650733,8,,0.79,Success,,https://www.j-shis.bosai.go.jp/map/api/meshsearch?center=140.71290000%2C39.17400000&epsg=4326&format=geojson&filter=AVS_gt_0&radius=1.000&limit=1&order=DIST&version=V4
AKTH05,39.0718,140.3185,/home/zhangb/work/people/zhangbei/team_claude/team_pytorch/station_cache_d9a7d4d6.csv,1.0,V4,524.5,1,j-shis_meshsearch_avs,5840428532,8,,0.79,Success,,https://www.j-shis.bosai.go.jp/map/api/meshsearch?center=140.31850000%2C39.07180000&epsg=4326&format=geojson&filter=AVS_gt_0&radius=1.000&limit=1&order=DIST&version=V4
AKTH06,38.9801,140.4952,/home/zhangb/work/people/zhangbei/team_claude/team_pytorch/station_cache_d9a7d4d6.csv,1.0,V4,400.3,1,j-shis_meshsearch_avs,5840337941,2,,1.00,Success,,https://www.j-shis.bosai.go.jp/map/api/meshsearch?center=140.49520000%2C38.98010000&epsg=4326&format=geojson&filter=AVS_gt_0&radius=1.000&limit=1&order=DIST&version=V4
AKTH07,40.4563,140.8395,/home/zhangb/work/people/zhangbei/team_claude/team_pytorch/station_cache_d9a7d4d6.csv,1.0,V4,641.3,1,j-shis_meshsearch_avs,6040564733,1,,0.67,Success,,https://www.j-shis.bosai.go.jp/map/api/meshsearch?center=140.83950000%2C40.45630000&epsg=4326&format=geojson&filter=AVS_gt_0&radius=1.000&limit=1&order=DIST&version=V4
AKTH08,40.3188,140.2341,/home/zhangb/work/people/zhangbei/team_claude/team_pytorch/station_cache_d9a7d4d6.csv,1.0,V4,459.2,1,j-shis_meshsearch_avs,6040318823,3,,0.89,Success,,https://www.j-shis.bosai.go.jp/map/api/meshsearch?center=140.23410000%2C40.31880000&epsg=4326&format=geojson&filter=AVS_gt_0&radius=1.000&limit=1&order=DIST&version=V4
AKTH09,40.2755,140.4596,/home/zhangb/work/people/zhangbei/team_claude/team_pytorch/station_cache_d9a7d4d6.csv,1.0,V4,448.6,1,j-shis_meshsearch_avs,6040333622,8,,0.91,Success,,https://www.j-shis.bosai.go.jp/map/api/meshsearch?center=140.45960000%2C40.27550000&epsg=4326&format=geojson&filter=AVS_gt_0&radius=1.000&limit=1&order=DIST&version=V4
AKTH12,39.9155,140.2221,/home/zhangb/work/people/zhangbei/team_claude/team_pytorch/station_cache_d9a7d4d6.csv,1.0,V4,494.0,1,j-shis_meshsearch_avs,5940619744,8,,0.84,Success,,https://www.j-shis.bosai.go.jp/map/api/meshsearch?center=140.22210000%2C39.91550000&epsg=4326&format=geojson&filter=AVS_gt_0&radius=1.000&limit=1&order=DIST&version=V4
AKTH13,39.9819,140.4072,/home/zhangb/work/people/zhangbei/team_claude/team_pytorch/station_cache_d9a7d4d6.csv,1.0,V4,494.1,1,j-shis_meshsearch_avs,5940737243,8,,0.84,Success,,https://www.j-shis.bosai.go.jp/map/api/meshsearch?center=140.40720000%2C39.98190000&epsg=4326&format=geojson&filter=AVS_gt_0&radius=1.000&limit=1&order=DIST&version=V4
AKTH14,40.0622,140.8084,/home/zhangb/work/people/zhangbei/team_claude/team_pytorch/station_cache_d9a7d4d6.csv,1.0,V4,443.1,1,j-shis_meshsearch_avs,6040067423,10,,0.92,Success,,https://www.j-shis.bosai.go.jp/map/api/meshsearch?center=140.80840000%2C40.06220000&epsg=4326&format=geojson&filter=AVS_gt_0&radius=1.000&limit=1&order=DIST&version=V4
AKTH16,39.545,140.3481,/home/zhangb/work/people/zhangbei/team_claude/team_pytorch/station_cache_d9a7d4d6.csv,1.0,V4,421.8,1,j-shis_meshsearch_avs,5940225724,8,,0.96,Success,,https://www.j-shis.bosai.go.jp/map/api/meshsearch?center=140.34810000%2C39.54500000&epsg=4326&format=geojson&filter=AVS_gt_0&radius=1.000&limit=1&order=DIST&version=V4
AKTH17,39.5575,140.6116,/home/zhangb/work/people/zhangbei/team_claude/team_pytorch/station_cache_d9a7d4d6.csv,1.0,V4,344.5,1,j-shis_meshsearch_avs,5940246844,11,,1.14,Success,,https://www.j-shis.bosai.go.jp/map/api/meshsearch?center=140.61160000%2C39.55750000&epsg=4326&format=geojson&filter=AVS_gt_0&radius=1.000&limit=1&order=DIST&version=V4
AKTH18,39.3548,140.3869,/home/zhangb/work/people/zhangbei/team_claude/team_pytorch/station_cache_d9a7d4d6.csv,1.0,V4,435.7,1,j-shis_meshsearch_avs,5940032042,3,,0.93,Success,,https://www.j-shis.bosai.go.jp/map/api/meshsearch?center=140.38690000%2C39.35480000&epsg=4326&format=geojson&filter=AVS_gt_0&radius=1.000&limit=1&order=DIST&version=V4
AKTH19,39.1913,140.471,/home/zhangb/work/people/zhangbei/team_claude/team_pytorch/station_cache_d9a7d4d6.csv,1.0,V4,329.2,1,j-shis_meshsearch_avs,5840632743,11,,1.18,Success,,https://www.j-shis.bosai.go.jp/map/api/meshsearch?center=140.47100000%2C39.19130000&epsg=4326&format=geojson&filter=AVS_gt_0&radius=1.000&limit=1&order=DIST&version=V4
AOM001,41.5269,140.9246,/home/zhangb/work/people/zhangbei/team_claude/team_pytorch/station_cache_d9a7d4d6.csv,1.0,V4,431.1,1,j-shis_meshsearch_avs,6240273322,8,,0.94,Success,,https://www.j-shis.bosai.go.jp/map/api/meshsearch?center=140.92460000%2C41.52690000&epsg=4326&format=geojson&filter=AVS_gt_0&radius=1.000&limit=1&order=DIST&version=V4
AOM002,41.328,140.8132,/home/zhangb/work/people/zhangbei/team_claude/team_pytorch/station_cache_d9a7d4d6.csv,1.0,V4,295.3,1,j-shis_meshsearch_avs,6140769513,10,,1.30,Success,,https://www.j-shis.bosai.go.jp/map/api/meshsearch?center=140.81320000%2C41.32800000&epsg=4326&format=geojson&filter=AVS_gt_0&radius=1.000&limit=1&order=DIST&version=V4
AOM003,41.4054,141.1699,/home/zhangb/work/people/zhangbei/team_claude/team_pytorch/station_cache_d9a7d4d6.csv,1.0,V4,260.2,1,j-shis_meshsearch_avs,6241018341,16,,1.44,Success,,https://www.j-shis.bosai.go.jp/map/api/meshsearch?center=141.16990000%2C41.40540000&epsg=4326&format=geojson&filter=AVS_gt_0&radius=1.000&limit=1&order=DIST&version=V4
AOM004,41.4064,141.4477,/home/zhangb/work/people/zhangbei/team_claude/team_pytorch/station_cache_d9a7d4d6.csv,1.0,V4,286.0,1,j-shis_meshsearch_avs,6241038544,9,,1.33,Success,,https://www.j-shis.bosai.go.jp/map/api/meshsearch?center=141.44770000%2C41.40640000&epsg=4326&format=geojson&filter=AVS_gt_0&radius=1.000&limit=1&order=DIST&version=V4
AOM005,41.2949,141.1972,/home/zhangb/work/people/zhangbei/team_claude/team_pytorch/station_cache_d9a7d4d6.csv,1.0,V4,239.1,1,j-shis_meshsearch_avs,6141715524,9,,1.55,Success,,https://www.j-shis.bosai.go.jp/map/api/meshsearch?center=141.19720000%2C41.29490000&epsg=4326&format=geojson&filter=AVS_gt_0&radius=1.000&limit=1&order=DIST&version=V4
AOM006,41.1976,140.9979,/home/zhangb/work/people/zhangbei/team_claude/team_pytorch/station_cache_d9a7d4d6.csv,1.0,V4,260.2,1,j-shis_meshsearch_avs,6140673942,16,,1.44,Success,,https://www.j-shis.bosai.go.jp/map/api/meshsearch?center=140.99790000%2C41.19760000&epsg=4326&format=geojson&filter=AVS_gt_0&radius=1.000&limit=1&order=DIST&version=V4
AOM007,41.1689,141.3845,/home/zhangb/work/people/zhangbei/team_claude/team_pytorch/station_cache_d9a7d4d6.csv,1.0,V4,258.1,1,j-shis_meshsearch_avs,6141630024,9,,1.45,Success,,https://www.j-shis.bosai.go.jp/map/api/meshsearch?center=141.38450000%2C41.16890000&epsg=4326&format=geojson&filter=AVS_gt_0&radius=1.000&limit=1&order=DIST&version=V4
AOM008,41.0844,141.2554,/home/zhangb/work/people/zhangbei/team_claude/team_pytorch/station_cache_d9a7d4d6.csv,1.0,V4,194.5,1,j-shis_meshsearch_avs,6141520012,17,,1.85,Success,,https://www.j-shis.bosai.go.jp/map/api/meshsearch?center=141.25540000%2C41.08440000&epsg=4326&format=geojson&filter=AVS_gt_0&radius=1.000&limit=1&order=DIST&version=V4
AOM009,40.9658,141.373,/home/zhangb/work/people/zhangbei/team_claude/team_pytorch/station_cache_d9a7d4d6.csv,1.0,V4,333.6,1,j-shis_meshsearch_avs,6141325944,8,,1.17,Success,,https://www.j-shis.bosai.go.jp/map/api/meshsearch?center=141.37300000%2C40.96580000&epsg=4326&format=geojson&filter=AVS_gt_0&radius=1.000&limit=1&order=DIST&version=V4
AOM010,40.8724,141.1427,/home/zhangb/work/people/zhangbei/team_claude/team_pytorch/station_cache_d9a7d4d6.csv,1.0,V4,216.2,1,j-shis_meshsearch_avs,6141214132,9,,1.69,Success,,https://www.j-shis.bosai.go.jp/map/api/meshsearch?center=141.14270000%2C40.87240000&epsg=4326&format=geojson&filter=AVS_gt_0&radius=1.000&limit=1&order=DIST&version=V4
AOM011,40.6803,141.3669,/home/zhangb/work/people/zhangbei/team_claude/team_pytorch/station_cache_d9a7d4d6.csv,1.0,V4,270.4,1,j-shis_meshsearch_avs,6141021932,9,,1.40,Success,,https://www.j-shis.bosai.go.jp/map/api/meshsearch?center=141.36690000%2C40.68030000&epsg=4326&format=geojson&filter=AVS_gt_0&radius=1.000&limit=1&order=DIST&version=V4
AOM012,40.5127,141.488,/home/zhangb/work/people/zhangbei/team_claude/team_pytorch/station_cache_d9a7d4d6.csv,1.0,V4,246.9,1,j-shis_meshsearch_avs,6041631931,9,,1.51,Success,,https://www.j-shis.bosai.go.jp/map/api/meshsearch?center=141.48800000%2C40.51270000&epsg=4326&format=geojson&filter=AVS_gt_0&radius=1.000&limit=1&order=DIST&version=V4
AOM013,40.4126,141.2813,/home/zhangb/work/people/zhangbei/team_claude/team_pytorch/station_cache_d9a7d4d6.csv,1.0,V4,430.6,1,j-shis_meshsearch_avs,6041429241,8,,0.94,Success,,https://www.j-shis.bosai.go.jp/map/api/meshsearch?center=141.28130000%2C40.41260000&epsg=4326&format=geojson&filter=AVS_gt_0&radius=1.000&limit=1&order=DIST&version=V4
AOM014,40.4472,140.9403,/home/zhangb/work/people/zhangbei/team_claude/team_pytorch/station_cache_d9a7d4d6.csv,1.0,V4,300.9,1,j-shis_meshsearch_avs,6040573531,5,,1.27,Success,,https://www.j-shis.bosai.go.jp/map/api/meshsearch?center=140.94030000%2C40.44720000&epsg=4326&format=geojson&filter=AVS_gt_0&radius=1.000&limit=1&order=DIST&version=V4
AOM015,40.4791,140.6268,/home/zhangb/work/people/zhangbei/team_claude/team_pytorch/station_cache_d9a7d4d6.csv,1.0,V4,384.6,1,j-shis_meshsearch_avs,6040557013,10,,1.03,Success,,https://www.j-shis.bosai.go.jp/map/api/meshsearch?center=140.62680000%2C40.47910000&epsg=4326&format=geojson&filter=AVS_gt_0&radius=1.000&limit=1&order=DIST&version=V4
AOM016,40.6021,140.4982,/home/zhangb/work/people/zhangbei/team_claude/team_pytorch/station_cache_d9a7d4d6.csv,1.0,V4,310.0,1,j-shis_meshsearch_avs,6040732924,8,,1.24,Success,,https://www.j-shis.bosai.go.jp/map/api/meshsearch?center=140.49820000%2C40.60210000&epsg=4326&format=geojson&filter=AVS_gt_0&radius=1.000&limit=1&order=DIST&version=V4
AOM017,40.6388,139.9295,/home/zhangb/work/people/zhangbei/team_claude/team_pytorch/station_cache_d9a7d4d6.csv,1.0,V4,424.3,1,j-shis_meshsearch_avs,6039776432,8,,0.95,Success,,https://www.j-shis.bosai.go.jp/map/api/meshsearch?center=139.92950000%2C40.63880000&epsg=4326&format=geojson&filter=AVS_gt_0&radius=1.000&limit=1&order=DIST&version=V4
AOM018,40.7776,140.206,/home/zhangb/work/people/zhangbei/team_claude/team_pytorch/station_cache_d9a7d4d6.csv,1.0,V4,430.2,1,j-shis_meshsearch_avs,6140113614,8,,0.94,Success,,https://www.j-shis.bosai.go.jp/map/api/meshsearch?center=140.20600000%2C40.77760000&epsg=4326&format=geojson&filter=AVS_gt_0&radius=1.000&limit=1&order=DIST&version=V4
AOM019,40.8152,140.447,/home/zhangb/work/people/zhangbei/team_claude/team_pytorch/station_cache_d9a7d4d6.csv,1.0,V4,157.5,1,j-shis_meshsearch_avs,6140137544,13,,2.21,Success,,https://www.j-shis.bosai.go.jp/map/api/meshsearch?center=140.44700000%2C40.81520000&epsg=4326&format=geojson&filter=AVS_gt_0&radius=1.000&limit=1&order=DIST&version=V4
AOM020,40.8194,140.7498,/home/zhangb/work/people/zhangbei/team_claude/team_pytorch/station_cache_d9a7d4d6.csv,1.0,V4,176.8,1,j-shis_meshsearch_avs,6140158924,15,,2.00,Success,,https://www.j-shis.bosai.go.jp/map/api/meshsearch?center=140.74980000%2C40.81940000&epsg=4326&format=geojson&filter=AVS_gt_0&radius=1.000&limit=1&order=DIST&version=V4
AOM021,40.615,141.2083,/home/zhangb/work/people/zhangbei/team_claude/team_pytorch/station_cache_d9a7d4d6.csv,1.0,V4,318.3,1,j-shis_meshsearch_avs,6041713643,8,,1.21,Success,,https://www.j-shis.bosai.go.jp/map/api/meshsearch?center=141.20830000%2C40.61500000&epsg=4326&format=geojson&filter=AVS_gt_0&radius=1.000&limit=1&order=DIST&version=V4
AOM022,40.9923,140.9161,/home/zhangb/work/people/zhangbei/team_claude/team_pytorch/station_cache_d9a7d4d6.csv,1.0,V4,207.5,1,j-shis_meshsearch_avs,6140379312,15,,1.75,Success,,https://www.j-shis.bosai.go.jp/map/api/meshsearch?center=140.91610000%2C40.99230000&epsg=4326&format=geojson&filter=AVS_gt_0&radius=1.000&limit=1&order=DIST&version=V4
AOM023,40.9664,140.4317,/home/zhangb/work/people/zhangbei/team_claude/team_pytorch/station_cache_d9a7d4d6.csv,1.0,V4,373.2,1,j-shis_meshsearch_avs,6140335443,8,,1.06,Success,,https://www.j-shis.bosai.go.jp/map/api/meshsearch?center=140.43170000%2C40.96640000&epsg=4326&format=geojson&filter=AVS_gt_0&radius=1.000&limit=1&order=DIST&version=V4
AOM024,41.0473,140.6399,/home/zhangb/work/people/zhangbei/team_claude/team_pytorch/station_cache_d9a7d4d6.csv,1.0,V4,260.2,1,j-shis_meshsearch_avs,6140455131,16,,1.44,Success,,https://www.j-shis.bosai.go.jp/map/api/meshsearch?center=140.63990000%2C41.04730000&epsg=4326&format=geojson&filter=AVS_gt_0&radius=1.000&limit=1&order=DIST&version=V4
AOM025,41.1797,140.4805,/home/zhangb/work/people/zhangbei/team_claude/team_pytorch/station_cache_d9a7d4d6.csv,1.0,V4,249.6,1,j-shis_meshsearch_avs,6140631832,10,,1.49,Success,,https://www.j-shis.bosai.go.jp/map/api/meshsearch?center=140.48050000%2C41.17970000&epsg=4326&format=geojson&filter=AVS_gt_0&radius=1.000&limit=1&order=DIST&version=V4
AOM026,41.128,140.3107,/home/zhangb/work/people/zhangbei/team_claude/team_pytorch/station_cache_d9a7d4d6.csv,1.0,V4,398.7,1,j-shis_meshsearch_avs,6140525424,8,,1.00,Success,,https://www.j-shis.bosai.go.jp/map/api/meshsearch?center=140.31070000%2C41.12800000&epsg=4326&format=geojson&filter=AVS_gt_0&radius=1.000&limit=1&order=DIST&version=V4
AOM027,41.1457,140.8219,/home/zhangb/work/people/zhangbei/team_claude/team_pytorch/station_cache_d9a7d4d6.csv,1.0,V4,260.2,1,j-shis_meshsearch_avs,6140567524,16,,1.44,Success,,https://www.j-shis.bosai.go.jp/map/api/meshsearch?center=140.82190000%2C41.14570000&epsg=4326&format=geojson&filter=AVS_gt_0&radius=1.000&limit=1&order=DIST&version=V4
AOM028,40.7004,140.919,/home/zhangb/work/people/zhangbei/team_claude/team_pytorch/station_cache_d9a7d4d6.csv,1.0,V4,289.7,1,j-shis_meshsearch_avs,6140074321,5,,1.32,Success,,https://www.j-shis.bosai.go.jp/map/api/meshsearch?center=140.91900000%2C40.70040000&epsg=4326&format=geojson&filter=AVS_gt_0&radius=1.000&limit=1&order=DIST&version=V4
AOM029,40.5764,140.2968,/home/zhangb/work/people/zhangbei/team_claude/team_pytorch/station_cache_d9a7d4d6.csv,1.0,V4,491.2,1,j-shis_meshsearch_avs,6040629321,8,,0.84,Success,,https://www.j-shis.bosai.go.jp/map/api/meshsearch?center=140.29680000%2C40.57640000&epsg=4326&format=geojson&filter=AVS_gt_0&radius=1.000&limit=1&order=DIST&version=V4
AOMH01,41.5273,140.9127,/home/zhangb/work/people/zhangbei/team_claude/team_pytorch/station_cache_d9a7d4d6.csv,1.0,V4,386.5,1,j-shis_meshsearch_avs,6240273313,8,,1.03,Success,,https://www.j-shis.bosai.go.jp/map/api/meshsearch?center=140.91270000%2C41.52730000&epsg=4326&format=geojson&filter=AVS_gt_0&radius=1.000&limit=1&order=DIST&version=V4
AOMH05,40.8564,141.1033,/home/zhangb/work/people/zhangbei/team_claude/team_pytorch/station_cache_d9a7d4d6.csv,1.0,V4,293.0,1,j-shis_meshsearch_avs,6141202834,9,,1.30,Success,,https://www.j-shis.bosai.go.jp/map/api/meshsearch?center=141.10330000%2C40.85640000&epsg=4326&format=geojson&filter=AVS_gt_0&radius=1.000&limit=1&order=DIST&version=V4
AOMH06,40.9664,141.3738,/home/zhangb/work/people/zhangbei/team_claude/team_pytorch/station_cache_d9a7d4d6.csv,1.0,V4,333.6,1,j-shis_meshsearch_avs,6141325944,8,,1.17,Success,,https://www.j-shis.bosai.go.jp/map/api/meshsearch?center=141.37380000%2C40.96640000&epsg=4326&format=geojson&filter=AVS_gt_0&radius=1.000&limit=1&order=DIST&version=V4
AOMH07,40.7451,140.0233,/home/zhangb/work/people/zhangbei/team_claude/team_pytorch/station_cache_d9a7d4d6.csv,1.0,V4,429.1,1,j-shis_meshsearch_avs,6140009124,8,,0.94,Success,,https://www.j-shis.bosai.go.jp/map/api/meshsearch?center=140.02330000%2C40.74510000&epsg=4326&format=geojson&filter=AVS_gt_0&radius=1.000&limit=1&order=DIST&version=V4
AOMH09,40.6199,140.3499,/home/zhangb/work/people/zhangbei/team_claude/team_pytorch/station_cache_d9a7d4d6.csv,1.0,V4,293.3,1,j-shis_meshsearch_avs,6040724724,5,,1.30,Success,,https://www.j-shis.bosai.go.jp/map/api/meshsearch?center=140.34990000%2C40.61990000&epsg=4326&format=geojson&filter=AVS_gt_0&radius=1.000&limit=1&order=DIST&version=V4
AOMH10,40.6091,140.6646,/home/zhangb/work/people/zhangbei/team_claude/team_pytorch/station_cache_d9a7d4d6.csv,1.0,V4,475.4,1,j-shis_meshsearch_avs,6040753311,8,,0.86,Success,,https://www.j-shis.bosai.go.jp/map/api/meshsearch?center=140.66460000%2C40.60910000&epsg=4326&format=geojson&filter=AVS_gt_0&radius=1.000&limit=1&order=DIST&version=V4
AOMH11,40.58,140.995,/home/zhangb/work/people/zhangbei/team_claude/team_pytorch/station_cache_d9a7d4d6.csv,1.0,V4,405.6,1,j-shis_meshsearch_avs,6040679941,6,,0.99,Success,,https://www.j-shis.bosai.go.jp/map/api/meshsearch?center=140.99500000%2C40.58000000&epsg=4326&format=geojson&filter=AVS_gt_0&radius=1.000&limit=1&order=DIST&version=V4
AOMH12,40.5846,141.1547,/home/zhangb/work/people/zhangbei/team_claude/team_pytorch/station_cache_d9a7d4d6.csv,1.0,V4,331.6,1,j-shis_meshsearch_avs,6041710212,8,,1.17,Success,,https://www.j-shis.bosai.go.jp/map/api/meshsearch?center=141.15470000%2C40.58460000&epsg=4326&format=geojson&filter=AVS_gt_0&radius=1.000&limit=1&order=DIST&version=V4
AOMH13,40.5794,141.4451,/home/zhangb/work/people/zhangbei/team_claude/team_pytorch/station_cache_d9a7d4d6.csv,1.0,V4,201.8,1,j-shis_meshsearch_avs,6041639541,12,,1.79,Success,,https://www.j-shis.bosai.go.jp/map/api/meshsearch?center=141.44510000%2C40.57940000&epsg=4326&format=geojson&filter=AVS_gt_0&radius=1.000&limit=1&order=DIST&version=V4
AOMH15,40.4841,140.5565,/home/zhangb/work/people/zhangbei/team_claude/team_pytorch/station_cache_d9a7d4d6.csv,1.0,V4,398.8,1,j-shis_meshsearch_avs,6040548421,10,,1.00,Success,,https://www.j-shis.bosai.go.jp/map/api/meshsearch?center=140.55650000%2C40.48410000&epsg=4326&format=geojson&filter=AVS_gt_0&radius=1.000&limit=1&order=DIST&version=V4
AOMH16,40.4624,141.0923,/home/zhangb/work/people/zhangbei/team_claude/team_pytorch/station_cache_d9a7d4d6.csv,1.0,V4,316.6,1,j-shis_meshsearch_avs,6041505714,5,,1.22,Success,,https://www.j-shis.bosai.go.jp/map/api/meshsearch?center=141.09230000%2C40.46240000&epsg=4326&format=geojson&filter=AVS_gt_0&radius=1.000&limit=1&order=DIST&version=V4
AOMH17,40.4492,141.3374,/home/zhangb/work/people/zhangbei/team_claude/team_pytorch/station_cache_d9a7d4d6.csv,1.0,V4,494.7,1,j-shis_meshsearch_avs,6041523644,3,,0.83,Success,,https://www.j-shis.bosai.go.jp/map/api/meshsearch?center=141.33740000%2C40.44920000&epsg=4326&format=geojson&filter=AVS_gt_0&radius=1.000&limit=1&order=DIST&version=V4
AOMH18,40.2962,141.0145,/home/zhangb/work/people/zhangbei/team_claude/team_pytorch/station_cache_d9a7d4d6.csv,1.0,V4,641.3,1,j-shis_meshsearch_avs,6041305131,1,,0.67,Success,,https://www.j-shis.bosai.go.jp/map/api/meshsearch?center=141.01450000%2C40.29620000&epsg=4326&format=geojson&filter=AVS_gt_0&radius=1.000&limit=1&order=DIST&version=V4
CHB001,35.9571,139.8731,/home/zhangb/work/people/zhangbei/team_claude/team_pytorch/station_cache_d9a7d4d6.csv,1.0,V4,223.7,1,j-shis_meshsearch_avs,5339764944,9,,1.64,Success,,https://www.j-shis.bosai.go.jp/map/api/meshsearch?center=139.87310000%2C35.95710000&epsg=4326&format=geojson&filter=AVS_gt_0&radius=1.000&limit=1&order=DIST&version=V4
CHB002,35.7871,139.9024,/home/zhangb/work/people/zhangbei/team_claude/team_pytorch/station_cache_d9a7d4d6.csv,1.0,V4,265.2,1,j-shis_meshsearch_avs,5339574213,16,,1.42,Success,,https://www.j-shis.bosai.go.jp/map/api/meshsearch?center=139.90240000%2C35.78710000&epsg=4326&format=geojson&filter=AVS_gt_0&radius=1.000&limit=1&order=DIST&version=V4
CHB003,35.7926,140.0577,/home/zhangb/work/people/zhangbei/team_claude/team_pytorch/station_cache_d9a7d4d6.csv,1.0,V4,216.1,1,j-shis_meshsearch_avs,5340505421,9,,1.69,Success,,https://www.j-shis.bosai.go.jp/map/api/meshsearch?center=140.05770000%2C35.79260000&epsg=4326&format=geojson&filter=AVS_gt_0&radius=1.000&limit=1&order=DIST&version=V4
CHB004,35.8889,140.4903,/home/zhangb/work/people/zhangbei/team_claude/team_pytorch/station_cache_d9a7d4d6.csv,1.0,V4,264.1,1,j-shis_meshsearch_avs,5340636931,9,,1.42,Success,,https://www.j-shis.bosai.go.jp/map/api/meshsearch?center=140.49030000%2C35.88890000&epsg=4326&format=geojson&filter=AVS_gt_0&radius=1.000&limit=1&order=DIST&version=V4
CHB005,35.7353,140.8271,/home/zhangb/work/people/zhangbei/team_claude/team_pytorch/station_cache_d9a7d4d6.csv,1.0,V4,290.2,1,j-shis_meshsearch_avs,5340468611,16,,1.31,Success,,https://www.j-shis.bosai.go.jp/map/api/meshsearch?center=140.82710000%2C35.73530000&epsg=4326&format=geojson&filter=AVS_gt_0&radius=1.000&limit=1&order=DIST&version=V4
CHB006,35.779,140.3073,/home/zhangb/work/people/zhangbei/team_claude/team_pytorch/station_cache_d9a7d4d6.csv,1.0,V4,240.7,1,j-shis_meshsearch_avs,5340523423,9,,1.54,Success,,https://www.j-shis.bosai.go.jp/map/api/meshsearch?center=140.30730000%2C35.77900000&epsg=4326&format=geojson&filter=AVS_gt_0&radius=1.000&limit=1&order=DIST&version=V4
CHB007,35.7237,140.2246,/home/zhangb/work/people/zhangbei/team_claude/team_pytorch/station_cache_d9a7d4d6.csv,1.0,V4,263.0,1,j-shis_meshsearch_avs,5340416744,9,,1.43,Success,,https://www.j-shis.bosai.go.jp/map/api/meshsearch?center=140.22460000%2C35.72370000&epsg=4326&format=geojson&filter=AVS_gt_0&radius=1.000&limit=1&order=DIST&version=V4
CHB008,35.6556,139.9027,/home/zhangb/work/people/zhangbei/team_claude/team_pytorch/station_cache_d9a7d4d6.csv,1.0,V4,152.5,1,j-shis_meshsearch_avs,5339378231,19,,2.27,Success,,https://www.j-shis.bosai.go.jp/map/api/meshsearch?center=139.90270000%2C35.65560000&epsg=4326&format=geojson&filter=AVS_gt_0&radius=1.000&limit=1&order=DIST&version=V4
CHB009,35.5871,140.2378,/home/zhangb/work/people/zhangbei/team_claude/team_pytorch/station_cache_d9a7d4d6.csv,1.0,V4,282.8,1,j-shis_meshsearch_avs,5340310913,9,,1.34,Success,,https://www.j-shis.bosai.go.jp/map/api/meshsearch?center=140.23780000%2C35.58710000&epsg=4326&format=geojson&filter=AVS_gt_0&radius=1.000&limit=1&order=DIST&version=V4
CHB010,35.7086,140.5637,/home/zhangb/work/people/zhangbei/team_claude/team_pytorch/station_cache_d9a7d4d6.csv,1.0,V4,217.1,1,j-shis_meshsearch_avs,5340445511,18,,1.68,Success,,https://www.j-shis.bosai.go.jp/map/api/meshsearch?center=140.56370000%2C35.70860000&epsg=4326&format=geojson&filter=AVS_gt_0&radius=1.000&limit=1&order=DIST&version=V4
CHB011,35.5877,140.4971,/home/zhangb/work/people/zhangbei/team_claude/team_pytorch/station_cache_d9a7d4d6.csv,1.0,V4,223.8,1,j-shis_meshsearch_avs,5340330942,16,,1.64,Success,,https://www.j-shis.bosai.go.jp/map/api/meshsearch?center=140.49710000%2C35.58770000&epsg=4326&format=geojson&filter=AVS_gt_0&radius=1.000&limit=1&order=DIST&version=V4
CHB012,35.5721,140.3436,/home/zhangb/work/people/zhangbei/team_claude/team_pytorch/station_cache_d9a7d4d6.csv,1.0,V4,247.3,1,j-shis_meshsearch_avs,5340228732,9,,1.51,Success,,https://www.j-shis.bosai.go.jp/map/api/meshsearch?center=140.34360000%2C35.57210000&epsg=4326&format=geojson&filter=AVS_gt_0&radius=1.000&limit=1&order=DIST&version=V4
CHB013,35.4294,140.2892,/home/zhangb/work/people/zhangbei/team_claude/team_pytorch/station_cache_d9a7d4d6.csv,1.0,V4,320.0,1,j-shis_meshsearch_avs,5340121331,13,,1.21,Success,,https://www.j-shis.bosai.go.jp/map/api/meshsearch?center=140.28920000%2C35.42940000&epsg=4326&format=geojson&filter=AVS_gt_0&radius=1.000&limit=1&order=DIST&version=V4
CHB014,35.471,140.0454,/home/zhangb/work/people/zhangbei/team_claude/team_pytorch/station_cache_d9a7d4d6.csv,1.0,V4,237.1,1,j-shis_meshsearch_avs,5340106341,9,,1.56,Success,,https://www.j-shis.bosai.go.jp/map/api/meshsearch?center=140.04540000%2C35.47100000&epsg=4326&format=geojson&filter=AVS_gt_0&radius=1.000&limit=1&order=DIST&version=V4
CHB015,35.3738,139.9199,/home/zhangb/work/people/zhangbei/team_claude/team_pytorch/station_cache_d9a7d4d6.csv,1.0,V4,256.5,1,j-shis_meshsearch_avs,5339074343,15,,1.46,Success,,https://www.j-shis.bosai.go.jp/map/api/meshsearch?center=139.91990000%2C35.37380000&epsg=4326&format=geojson&filter=AVS_gt_0&radius=1.000&limit=1&order=DIST&version=V4
CHB016,35.2998,140.3866,/home/zhangb/work/people/zhangbei/team_claude/team_pytorch/station_cache_d9a7d4d6.csv,1.0,V4,185.3,1,j-shis_meshsearch_avs,5240735044,17,,1.93,Success,,https://www.j-shis.bosai.go.jp/map/api/meshsearch?center=140.38660000%2C35.29980000&epsg=4326&format=geojson&filter=AVS_gt_0&radius=1.000&limit=1&order=DIST&version=V4
CHB017,35.2976,140.0734,/home/zhangb/work/people/zhangbei/team_claude/team_pytorch/station_cache_d9a7d4d6.csv,1.0,V4,284.5,1,j-shis_meshsearch_avs,5240705542,8,,1.34,Success,,https://www.j-shis.bosai.go.jp/map/api/meshsearch?center=140.07340000%2C35.29760000&epsg=4326&format=geojson&filter=AVS_gt_0&radius=1.000&limit=1&order=DIST&version=V4
CHB018,35.152,140.3204,/home/zhangb/work/people/zhangbei/team_claude/team_pytorch/station_cache_d9a7d4d6.csv,1.0,V4,409.2,1,j-shis_meshsearch_avs,5240528521,3,,0.98,Success,,https://www.j-shis.bosai.go.jp/map/api/meshsearch?center=140.32040000%2C35.15200000&epsg=4326&format=geojson&filter=AVS_gt_0&radius=1.000&limit=1&order=DIST&version=V4
CHB019,35.1106,139.836,/home/zhangb/work/people/zhangbei/team_claude/team_pytorch/station_cache_d9a7d4d6.csv,1.0,V4,168.3,1,j-shis_meshsearch_avs,5239563624,15,,2.09,Success,,https://www.j-shis.bosai.go.jp/map/api/meshsearch?center=139.83600000%2C35.11060000&epsg=4326&format=geojson&filter=AVS_gt_0&radius=1.000&limit=1&order=DIST&version=V4
CHB020,35.1132,140.1006,/home/zhangb/work/people/zhangbei/team_claude/team_pytorch/station_cache_d9a7d4d6.csv,1.0,V4,261.3,1,j-shis_meshsearch_avs,5240503831,15,,1.44,Success,,https://www.j-shis.bosai.go.jp/map/api/meshsearch?center=140.10060000%2C35.11320000&epsg=4326&format=geojson&filter=AVS_gt_0&radius=1.000&limit=1&order=DIST&version=V4
CHB021,34.9078,139.8994,/home/zhangb/work/people/zhangbei/team_claude/team_pytorch/station_cache_d9a7d4d6.csv,1.0,V4,394.0,1,j-shis_meshsearch_avs,5239278144,8,,1.01,Success,,https://www.j-shis.bosai.go.jp/map/api/meshsearch?center=139.89940000%2C34.90780000&epsg=4326&format=geojson&filter=AVS_gt_0&radius=1.000&limit=1&order=DIST&version=V4
CHB022,35.3033,139.8555,/home/zhangb/work/people/zhangbei/team_claude/team_pytorch/station_cache_d9a7d4d6.csv,1.0,V4,234.1,1,j-shis_meshsearch_avs,5239766814,16,,1.58,Success,,https://www.j-shis.bosai.go.jp/map/api/meshsearch?center=139.85550000%2C35.30330000&epsg=4326&format=geojson&filter=AVS_gt_0&radius=1.000&limit=1&order=DIST&version=V4
CHB024,35.6337,140.0781,/home/zhangb/work/people/zhangbei/team_claude/team_pytorch/station_cache_d9a7d4d6.csv,1.0,V4,227.2,1,j-shis_meshsearch_avs,5340306611,20,,1.62,Success,,https://www.j-shis.bosai.go.jp/map/api/meshsearch?center=140.07810000%2C35.63370000&epsg=4326&format=geojson&filter=AVS_gt_0&radius=1.000&limit=1&order=DIST&version=V4
CHB025,34.9705,139.9458,/home/zhangb/work/people/zhangbei/team_claude/team_pytorch/station_cache_d9a7d4d6.csv,1.0,V4,409.1,1,j-shis_meshsearch_avs,5239376523,3,,0.98,Success,,https://www.j-shis.bosai.go.jp/map/api/meshsearch?center=139.94580000%2C34.97050000&epsg=4326&format=geojson&filter=AVS_gt_0&radius=1.000&limit=1&order=DIST&version=V4
CHB026,35.3858,140.2404,/home/zhangb/work/people/zhangbei/team_claude/team_pytorch/station_cache_d9a7d4d6.csv,1.0,V4,409.1,1,j-shis_meshsearch_avs,5340016913,3,,0.98,Success,,https://www.j-shis.bosai.go.jp/map/api/meshsearch?center=140.24040000%2C35.38580000&epsg=4326&format=geojson&filter=AVS_gt_0&radius=1.000&limit=1&order=DIST&version=V4
CHB027,35.1806,140.2655,/home/zhangb/work/people/zhangbei/team_claude/team_pytorch/station_cache_d9a7d4d6.csv,1.0,V4,398.7,1,j-shis_meshsearch_avs,5240621131,8,,1.00,Success,,https://www.j-shis.bosai.go.jp/map/api/meshsearch?center=140.26550000%2C35.18060000&epsg=4326&format=geojson&filter=AVS_gt_0&radius=1.000&limit=1&order=DIST&version=V4
CHB028,35.7664,139.9655,/home/zhangb/work/people/zhangbei/team_claude/team_pytorch/station_cache_d9a7d4d6.csv,1.0,V4,252.4,1,j-shis_meshsearch_avs,5339571733,9,,1.48,Success,,https://www.j-shis.bosai.go.jp/map/api/meshsearch?center=139.96550000%2C35.76640000&epsg=4326&format=geojson&filter=AVS_gt_0&radius=1.000&limit=1&order=DIST&version=V4
CHB029,35.6948,139.9176,/home/zhangb/work/people/zhangbei/team_claude/team_pytorch/station_cache_d9a7d4d6.csv,1.0,V4,189.9,1,j-shis_meshsearch_avs,5339473314,16,,1.89,Success,,https://www.j-shis.bosai.go.jp/map/api/meshsearch?center=139.91760000%2C35.69480000&epsg=4326&format=geojson&filter=AVS_gt_0&radius=1.000&limit=1&order=DIST&version=V4
CHBH06,35.7215,140.5046,/home/zhangb/work/people/zhangbei/team_claude/team_pytorch/station_cache_d9a7d4d6.csv,1.0,V4,190.9,1,j-shis_meshsearch_avs,5340446032,9,,1.88,Success,,https://www.j-shis.bosai.go.jp/map/api/meshsearch?center=140.50460000%2C35.72150000&epsg=4326&format=geojson&filter=AVS_gt_0&radius=1.000&limit=1&order=DIST&version=V4
CHBH10,35.5458,140.2417,/home/zhangb/work/people/zhangbei/team_claude/team_pytorch/station_cache_d9a7d4d6.csv,1.0,V4,255.8,1,j-shis_meshsearch_avs,5340215914,9,,1.46,Success,,https://www.j-shis.bosai.go.jp/map/api/meshsearch?center=140.24170000%2C35.54580000&epsg=4326&format=geojson&filter=AVS_gt_0&radius=1.000&limit=1&order=DIST&version=V4
CHBH11,35.2867,140.1529,/home/zhangb/work/people/zhangbei/team_claude/team_pytorch/station_cache_d9a7d4d6.csv,1.0,V4,343.6,1,j-shis_meshsearch_avs,5240714213,3,,1.14,Success,,https://www.j-shis.bosai.go.jp/map/api/meshsearch?center=140.15290000%2C35.28670000&epsg=4326&format=geojson&filter=AVS_gt_0&radius=1.000&limit=1&order=DIST&version=V4
CHBH13,35.8307,140.298,/home/zhangb/work/people/zhangbei/team_claude/team_pytorch/station_cache_d9a7d4d6.csv,1.0,V4,275.0,1,j-shis_meshsearch_avs,5340529342,9,,1.38,Success,,https://www.j-shis.bosai.go.jp/map/api/meshsearch?center=140.29800000%2C35.83070000&epsg=4326&format=geojson&filter=AVS_gt_0&radius=1.000&limit=1&order=DIST&version=V4
CHBH14,35.7342,140.823,/home/zhangb/work/people/zhangbei/team_claude/team_pytorch/station_cache_d9a7d4d6.csv,1.0,V4,289.7,1,j-shis_meshsearch_avs,5340468522,14,,1.32,Success,,https://www.j-shis.bosai.go.jp/map/api/meshsearch?center=140.82300000%2C35.73420000&epsg=4326&format=geojson&filter=AVS_gt_0&radius=1.000&limit=1&order=DIST&version=V4
CHBH15,34.9591,139.7885,/home/zhangb/work/people/zhangbei/team_claude/team_pytorch/station_cache_d9a7d4d6.csv,1.0,V4,468.3,1,j-shis_meshsearch_avs,5239365311,3,,0.87,Success,,https://www.j-shis.bosai.go.jp/map/api/meshsearch?center=139.78850000%2C34.95910000&epsg=4326&format=geojson&filter=AVS_gt_0&radius=1.000&limit=1&order=DIST&version=V4
CHBH16,35.1384,139.9649,/home/zhangb/work/people/zhangbei/team_claude/team_pytorch/station_cache_d9a7d4d6.csv,1.0,V4,413.4,1,j-shis_meshsearch_avs,5239576731,3,,0.97,Success,,https://www.j-shis.bosai.go.jp/map/api/meshsearch?center=139.96490000%2C35.13840000&epsg=4326&format=geojson&filter=AVS_gt_0&radius=1.000&limit=1&order=DIST&version=V4
CHBH17,35.1714,140.3398,/home/zhangb/work/people/zhangbei/team_claude/team_pytorch/station_cache_d9a7d4d6.csv,1.0,V4,461.1,1,j-shis_meshsearch_avs,5240620731,3,,0.89,Success,,https://www.j-shis.bosai.go.jp/map/api/meshsearch?center=140.33980000%2C35.17140000&epsg=4326&format=geojson&filter=AVS_gt_0&radius=1.000&limit=1&order=DIST&version=V4
CHBH19,35.5943,140.5107,/home/zhangb/work/people/zhangbei/team_claude/team_pytorch/station_cache_d9a7d4d6.csv,1.0,V4,220.0,1,j-shis_meshsearch_avs,5340341024,14,,1.66,Success,,https://www.j-shis.bosai.go.jp/map/api/meshsearch?center=140.51070000%2C35.59430000&epsg=4326&format=geojson&filter=AVS_gt_0&radius=1.000&limit=1&order=DIST&version=V4
CHBH20,35.0882,140.0997,/home/zhangb/work/people/zhangbei/team_claude/team_pytorch/station_cache_d9a7d4d6.csv,1.0,V4,343.0,1,j-shis_meshsearch_avs,5240500742,8,,1.14,Success,,https://www.j-shis.bosai.go.jp/map/api/meshsearch?center=140.09970000%2C35.08820000&epsg=4326&format=geojson&filter=AVS_gt_0&radius=1.000&limit=1&order=DIST&version=V4
EHM001,33.9788,133.5494,/home/zhangb/work/people/zhangbei/team_claude/team_pytorch/station_cache_d9a7d4d6.csv,1.0,V4,405.5,1,j-shis_meshsearch_avs,5033747324,8,,0.99,Success,,https://www.j-shis.bosai.go.jp/map/api/meshsearch?center=133.54940000%2C33.97880000&epsg=4326&format=geojson&filter=AVS_gt_0&radius=1.000&limit=1&order=DIST&version=V4
EHM002,33.9211,133.3079,/home/zhangb/work/people/zhangbei/team_claude/team_pytorch/station_cache_d9a7d4d6.csv,1.0,V4,335.6,1,j-shis_meshsearch_avs,5033720441,11,,1.16,Success,,https://www.j-shis.bosai.go.jp/map/api/meshsearch?center=133.30790000%2C33.92110000&epsg=4326&format=geojson&filter=AVS_gt_0&radius=1.000&limit=1&order=DIST&version=V4
EHM003,33.9253,133.0844,/home/zhangb/work/people/zhangbei/team_claude/team_pytorch/station_cache_d9a7d4d6.csv,1.0,V4,188.9,1,j-shis_meshsearch_avs,5033701622,15,,1.90,Success,,https://www.j-shis.bosai.go.jp/map/api/meshsearch?center=133.08440000%2C33.92530000&epsg=4326&format=geojson&filter=AVS_gt_0&radius=1.000&limit=1&order=DIST&version=V4
EHM004,34.0627,132.9986,/home/zhangb/work/people/zhangbei/team_claude/team_pytorch/station_cache_d9a7d4d6.csv,1.0,V4,207.5,1,j-shis_meshsearch_avs,5132077942,15,,1.75,Success,,https://www.j-shis.bosai.go.jp/map/api/meshsearch?center=132.99860000%2C34.06270000&epsg=4326&format=geojson&filter=AVS_gt_0&radius=1.000&limit=1&order=DIST&version=V4
EHM005,33.7973,132.9144,/home/zhangb/work/people/zhangbei/team_claude/team_pytorch/station_cache_d9a7d4d6.csv,1.0,V4,356.1,1,j-shis_meshsearch_avs,5032575331,11,,1.10,Success,,https://www.j-shis.bosai.go.jp/map/api/meshsearch?center=132.91440000%2C33.79730000&epsg=4326&format=geojson&filter=AVS_gt_0&radius=1.000&limit=1&order=DIST&version=V4
EHM006,33.6412,133.008,/home/zhangb/work/people/zhangbei/team_claude/team_pytorch/station_cache_d9a7d4d6.csv,1.0,V4,400.3,1,j-shis_meshsearch_avs,5033306043,2,,1.00,Success,,https://www.j-shis.bosai.go.jp/map/api/meshsearch?center=133.00800000%2C33.64120000&epsg=4326&format=geojson&filter=AVS_gt_0&radius=1.000&limit=1&order=DIST&version=V4
EHM007,33.9616,132.7719,/home/zhangb/work/people/zhangbei/team_claude/team_pytorch/station_cache_d9a7d4d6.csv,1.0,V4,207.5,1,j-shis_meshsearch_avs,5032765124,15,,1.75,Success,,https://www.j-shis.bosai.go.jp/map/api/meshsearch?center=132.77190000%2C33.96160000&epsg=4326&format=geojson&filter=AVS_gt_0&radius=1.000&limit=1&order=DIST&version=V4
EHM008,33.8199,132.7282,/home/zhangb/work/people/zhangbei/team_claude/team_pytorch/station_cache_d9a7d4d6.csv,1.0,V4,269.6,1,j-shis_meshsearch_avs,5032558814,11,,1.40,Success,,https://www.j-shis.bosai.go.jp/map/api/meshsearch?center=132.72820000%2C33.81990000&epsg=4326&format=geojson&filter=AVS_gt_0&radius=1.000&limit=1&order=DIST&version=V4
EHM009,33.6333,132.7965,/home/zhangb/work/people/zhangbei/team_claude/team_pytorch/station_cache_d9a7d4d6.csv,1.0,V4,775.5,1,j-shis_meshsearch_avs,5032365343,1,,0.57,Success,,https://www.j-shis.bosai.go.jp/map/api/meshsearch?center=132.79650000%2C33.63330000&epsg=4326&format=geojson&filter=AVS_gt_0&radius=1.000&limit=1&order=DIST&version=V4
EHM010,33.4511,132.6881,/home/zhangb/work/people/zhangbei/team_claude/team_pytorch/station_cache_d9a7d4d6.csv,1.0,V4,507.0,1,j-shis_meshsearch_avs,5032154511,8,,0.82,Success,,https://www.j-shis.bosai.go.jp/map/api/meshsearch?center=132.68810000%2C33.45110000&epsg=4326&format=geojson&filter=AVS_gt_0&radius=1.000&limit=1&order=DIST&version=V4
EHM011,33.4498,132.4341,/home/zhangb/work/people/zhangbei/team_claude/team_pytorch/station_cache_d9a7d4d6.csv,1.0,V4,306.2,1,j-shis_meshsearch_avs,5032133443,10,,1.26,Success,,https://www.j-shis.bosai.go.jp/map/api/meshsearch?center=132.43410000%2C33.44980000&epsg=4326&format=geojson&filter=AVS_gt_0&radius=1.000&limit=1&order=DIST&version=V4
EHM012,33.2217,132.5724,/home/zhangb/work/people/zhangbei/team_claude/team_pytorch/station_cache_d9a7d4d6.csv,1.0,V4,775.5,1,j-shis_meshsearch_avs,4932646542,1,,0.57,Success,,https://www.j-shis.bosai.go.jp/map/api/meshsearch?center=132.57240000%2C33.22170000&epsg=4326&format=geojson&filter=AVS_gt_0&radius=1.000&limit=1&order=DIST&version=V4
EHM013,33.3917,132.114,/home/zhangb/work/people/zhangbei/team_claude/team_pytorch/station_cache_d9a7d4d6.csv,1.0,V4,775.5,1,j-shis_meshsearch_avs,5032007911,1,,0.57,Success,,https://www.j-shis.bosai.go.jp/map/api/meshsearch?center=132.11400000%2C33.39170000&epsg=4326&format=geojson&filter=AVS_gt_0&radius=1.000&limit=1&order=DIST&version=V4
EHM014,32.9451,132.5042,/home/zhangb/work/people/zhangbei/team_claude/team_pytorch/station_cache_d9a7d4d6.csv,1.0,V4,775.5,1,j-shis_meshsearch_avs,4932343014,1,,0.57,Success,,https://www.j-shis.bosai.go.jp/map/api/meshsearch?center=132.50420000%2C32.94510000&epsg=4326&format=geojson&filter=AVS_gt_0&radius=1.000&limit=1&order=DIST&version=V4
EHM015,33.6094,132.4768,/home/zhangb/work/people/zhangbei/team_claude/team_pytorch/station_cache_d9a7d4d6.csv,1.0,V4,207.5,1,j-shis_meshsearch_avs,5032333811,15,,1.75,Success,,https://www.j-shis.bosai.go.jp/map/api/meshsearch?center=132.47680000%2C33.60940000&epsg=4326&format=geojson&filter=AVS_gt_0&radius=1.000&limit=1&order=DIST&version=V4
EHM016,33.7654,132.7089,/home/zhangb/work/people/zhangbei/team_claude/team_pytorch/station_cache_d9a7d4d6.csv,1.0,V4,260.2,1,j-shis_meshsearch_avs,5032551643,16,,1.44,Success,,https://www.j-shis.bosai.go.jp/map/api/meshsearch?center=132.70890000%2C33.76540000&epsg=4326&format=geojson&filter=AVS_gt_0&radius=1.000&limit=1&order=DIST&version=V4
EHMH01,33.0556,132.5552,/home/zhangb/work/people/zhangbei/team_claude/team_pytorch/station_cache_d9a7d4d6.csv,1.0,V4,456.3,1,j-shis_meshsearch_avs,4932446432,10,,0.89,Success,,https://www.j-shis.bosai.go.jp/map/api/meshsearch?center=132.55520000%2C33.05560000&epsg=4326&format=geojson&filter=AVS_gt_0&radius=1.000&limit=1&order=DIST&version=V4
EHMH02,33.865,133.184,/home/zhangb/work/people/zhangbei/team_claude/team_pytorch/station_cache_d9a7d4d6.csv,1.0,V4,357.8,1,j-shis_meshsearch_avs,5033613443,10,,1.10,Success,,https://www.j-shis.bosai.go.jp/map/api/meshsearch?center=133.18400000%2C33.86500000&epsg=4326&format=geojson&filter=AVS_gt_0&radius=1.000&limit=1&order=DIST&version=V4
EHMH03,33.9154,133.6497,/home/zhangb/work/people/zhangbei/team_claude/team_pytorch/station_cache_d9a7d4d6.csv,1.0,V4,775.5,1,j-shis_meshsearch_avs,5033659144,1,,0.57,Success,,https://www.j-shis.bosai.go.jp/map/api/meshsearch?center=133.64970000%2C33.91540000&epsg=4326&format=geojson&filter=AVS_gt_0&radius=1.000&limit=1&order=DIST&version=V4
EHMH05,33.7112,132.8032,/home/zhangb/work/people/zhangbei/team_claude/team_pytorch/station_cache_d9a7d4d6.csv,1.0,V4,641.3,1,j-shis_meshsearch_avs,5032465414,1,,0.67,Success,,https://www.j-shis.bosai.go.jp/map/api/meshsearch?center=132.80320000%2C33.71120000&epsg=4326&format=geojson&filter=AVS_gt_0&radius=1.000&limit=1&order=DIST&version=V4
EHMH06,33.3348,132.798,/home/zhangb/work/people/zhangbei/team_claude/team_pytorch/station_cache_d9a7d4d6.csv,1.0,V4,430.4,1,j-shis_meshsearch_avs,5032060322,10,,0.94,Success,,https://www.j-shis.bosai.go.jp/map/api/meshsearch?center=132.79800000%2C33.33480000&epsg=4326&format=geojson&filter=AVS_gt_0&radius=1.000&limit=1&order=DIST&version=V4
EHMH07,33.5022,132.748,/home/zhangb/work/people/zhangbei/team_claude/team_pytorch/station_cache_d9a7d4d6.csv,1.0,V4,775.5,1,j-shis_meshsearch_avs,5032250924,1,,0.57,Success,,https://www.j-shis.bosai.go.jp/map/api/meshsearch?center=132.74800000%2C33.50220000&epsg=4326&format=geojson&filter=AVS_gt_0&radius=1.000&limit=1&order=DIST&version=V4
EHMH09,33.4719,132.3072,/home/zhangb/work/people/zhangbei/team_claude/team_pytorch/station_cache_d9a7d4d6.csv,1.0,V4,207.5,1,j-shis_meshsearch_avs,5032126441,15,,1.75,Success,,https://www.j-shis.bosai.go.jp/map/api/meshsearch?center=132.30720000%2C33.47190000&epsg=4326&format=geojson&filter=AVS_gt_0&radius=1.000&limit=1&order=DIST&version=V4
EHMH10,34.1918,133.0581,/home/zhangb/work/people/zhangbei/team_claude/team_pytorch/station_cache_d9a7d4d6.csv,1.0,V4,253.3,1,j-shis_meshsearch_avs,5133203421,20,,1.48,Success,,https://www.j-shis.bosai.go.jp/map/api/meshsearch?center=133.05810000%2C34.19180000&epsg=4326&format=geojson&filter=AVS_gt_0&radius=1.000&limit=1&order=DIST&version=V4
EHMH11,33.5807,132.6011,/home/zhangb/work/people/zhangbei/team_claude/team_pytorch/station_cache_d9a7d4d6.csv,1.0,V4,775.5,1,j-shis_meshsearch_avs,5032249831,1,,0.57,Success,,https://www.j-shis.bosai.go.jp/map/api/meshsearch?center=132.60110000%2C33.58070000&epsg=4326&format=geojson&filter=AVS_gt_0&radius=1.000&limit=1&order=DIST&version=V4
EHMH12,33.427,132.5055,/home/zhangb/work/people/zhangbei/team_claude/team_pytorch/station_cache_d9a7d4d6.csv,1.0,V4,375.7,1,j-shis_meshsearch_avs,5032141012,11,,1.05,Success,,https://www.j-shis.bosai.go.jp/map/api/meshsearch?center=132.50550000%2C33.42700000&epsg=4326&format=geojson&filter=AVS_gt_0&radius=1.000&limit=1&order=DIST&version=V4
EHMH13,33.3719,132.1157,/home/zhangb/work/people/zhangbei/team_claude/team_pytorch/station_cache_d9a7d4d6.csv,1.0,V4,775.5,1,j-shis_meshsearch_avs,5032004932,1,,0.57,Success,,https://www.j-shis.bosai.go.jp/map/api/meshsearch?center=132.11570000%2C33.37190000&epsg=4326&format=geojson&filter=AVS_gt_0&radius=1.000&limit=1&order=DIST&version=V4
FKI001,36.2193,136.1565,/home/zhangb/work/people/zhangbei/team_claude/team_pytorch/station_cache_d9a7d4d6.csv,1.0,V4,169.3,1,j-shis_meshsearch_avs,5436216223,15,,2.08,Success,,https://www.j-shis.bosai.go.jp/map/api/meshsearch?center=136.15650000%2C36.21930000&epsg=4326&format=geojson&filter=AVS_gt_0&radius=1.000&limit=1&order=DIST&version=V4
FKI002,36.0391,136.0135,/home/zhangb/work/people/zhangbei/team_claude/team_pytorch/station_cache_d9a7d4d6.csv,1.0,V4,641.3,1,j-shis_meshsearch_avs,5436004131,1,,0.67,Success,,https://www.j-shis.bosai.go.jp/map/api/meshsearch?center=136.01350000%2C36.03910000&epsg=4326&format=geojson&filter=AVS_gt_0&radius=1.000&limit=1&order=DIST&version=V4
FKI003,36.074,136.2687,/home/zhangb/work/people/zhangbei/team_claude/team_pytorch/station_cache_d9a7d4d6.csv,1.0,V4,295.5,1,j-shis_meshsearch_avs,5436028134,11,,1.29,Success,,https://www.j-shis.bosai.go.jp/map/api/meshsearch?center=136.26870000%2C36.07400000&epsg=4326&format=geojson&filter=AVS_gt_0&radius=1.000&limit=1&order=DIST&version=V4
FKI004,35.9793,136.4867,/home/zhangb/work/people/zhangbei/team_claude/team_pytorch/station_cache_d9a7d4d6.csv,1.0,V4,356.4,1,j-shis_meshsearch_avs,5336737842,11,,1.10,Success,,https://www.j-shis.bosai.go.jp/map/api/meshsearch?center=136.48670000%2C35.97930000&epsg=4326&format=geojson&filter=AVS_gt_0&radius=1.000&limit=1&order=DIST&version=V4
FKI005,35.9068,136.1748,/home/zhangb/work/people/zhangbei/team_claude/team_pytorch/station_cache_d9a7d4d6.csv,1.0,V4,303.9,1,j-shis_meshsearch_avs,5336618344,11,,1.26,Success,,https://www.j-shis.bosai.go.jp/map/api/meshsearch?center=136.17480000%2C35.90680000&epsg=4326&format=geojson&filter=AVS_gt_0&radius=1.000&limit=1&order=DIST&version=V4
FKI006,35.7731,136.2001,/home/zhangb/work/people/zhangbei/team_claude/team_pytorch/station_cache_d9a7d4d6.csv,1.0,V4,399.7,1,j-shis_meshsearch_avs,5336512633,10,,1.00,Success,,https://www.j-shis.bosai.go.jp/map/api/meshsearch?center=136.20010000%2C35.77310000&epsg=4326&format=geojson&filter=AVS_gt_0&radius=1.000&limit=1&order=DIST&version=V4
FKI007,35.6448,136.0575,/home/zhangb/work/people/zhangbei/team_claude/team_pytorch/station_cache_d9a7d4d6.csv,1.0,V4,202.8,1,j-shis_meshsearch_avs,5336307423,15,,1.78,Success,,https://www.j-shis.bosai.go.jp/map/api/meshsearch?center=136.05750000%2C35.64480000&epsg=4326&format=geojson&filter=AVS_gt_0&radius=1.000&limit=1&order=DIST&version=V4
FKI008,35.5483,135.9091,/home/zhangb/work/people/zhangbei/team_claude/team_pytorch/station_cache_d9a7d4d6.csv,1.0,V4,286.2,1,j-shis_meshsearch_avs,5335275243,11,,1.33,Success,,https://www.j-shis.bosai.go.jp/map/api/meshsearch?center=135.90910000%2C35.54830000&epsg=4326&format=geojson&filter=AVS_gt_0&radius=1.000&limit=1&order=DIST&version=V4
FKI009,35.4956,135.7509,/home/zhangb/work/people/zhangbei/team_claude/team_pytorch/station_cache_d9a7d4d6.csv,1.0,V4,207.5,1,j-shis_meshsearch_avs,5335169013,15,,1.75,Success,,https://www.j-shis.bosai.go.jp/map/api/meshsearch?center=135.75090000%2C35.49560000&epsg=4326&format=geojson&filter=AVS_gt_0&radius=1.000&limit=1&order=DIST&version=V4
FKI010,35.4904,135.5518,/home/zhangb/work/people/zhangbei/team_claude/team_pytorch/station_cache_d9a7d4d6.csv,1.0,V4,260.2,1,j-shis_meshsearch_avs,5335148433,16,,1.44,Success,,https://www.j-shis.bosai.go.jp/map/api/meshsearch?center=135.55180000%2C35.49040000&epsg=4326&format=geojson&filter=AVS_gt_0&radius=1.000&limit=1&order=DIST&version=V4
FKI011,35.9097,136.6682,/home/zhangb/work/people/zhangbei/team_claude/team_pytorch/station_cache_d9a7d4d6.csv,1.0,V4,775.5,1,j-shis_meshsearch_avs,5336659312,1,,0.57,Success,,https://www.j-shis.bosai.go.jp/map/api/meshsearch?center=136.66820000%2C35.90970000&epsg=4326&format=geojson&filter=AVS_gt_0&radius=1.000&limit=1&order=DIST&version=V4
FKIH01,36.0955,136.3617,/home/zhangb/work/people/zhangbei/team_claude/team_pytorch/station_cache_d9a7d4d6.csv,1.0,V4,466.3,1,j-shis_meshsearch_avs,5436121824,8,,0.88,Success,,https://www.j-shis.bosai.go.jp/map/api/meshsearch?center=136.36170000%2C36.09550000&epsg=4326&format=geojson&filter=AVS_gt_0&radius=1.000&limit=1&order=DIST&version=V4
FKIH02,35.9483,136.0556,/home/zhangb/work/people/zhangbei/team_claude/team_pytorch/station_cache_d9a7d4d6.csv,1.0,V4,495.9,1,j-shis_meshsearch_avs,5336703434,8,,0.83,Success,,https://www.j-shis.bosai.go.jp/map/api/meshsearch?center=136.05560000%2C35.94830000&epsg=4326&format=geojson&filter=AVS_gt_0&radius=1.000&limit=1&order=DIST&version=V4
FKIH04,35.5587,135.8694,/home/zhangb/work/people/zhangbei/team_claude/team_pytorch/station_cache_d9a7d4d6.csv,1.0,V4,207.5,1,j-shis_meshsearch_avs,5335267921,15,,1.75,Success,,https://www.j-shis.bosai.go.jp/map/api/meshsearch?center=135.86940000%2C35.55870000&epsg=4326&format=geojson&filter=AVS_gt_0&radius=1.000&limit=1&order=DIST&version=V4
FKIH05,35.639,136.0303,/home/zhangb/work/people/zhangbei/team_claude/team_pytorch/station_cache_d9a7d4d6.csv,1.0,V4,169.0,1,j-shis_meshsearch_avs,5336306232,13,,2.08,Success,,https://www.j-shis.bosai.go.jp/map/api/meshsearch?center=136.03030000%2C35.63900000&epsg=4326&format=geojson&filter=AVS_gt_0&radius=1.000&limit=1&order=DIST&version=V4
FKIH07,35.4573,135.7266,/home/zhangb/work/people/zhangbei/team_claude/team_pytorch/station_cache_d9a7d4d6.csv,1.0,V4,458.2,1,j-shis_meshsearch_avs,5335154833,8,,0.89,Success,,https://www.j-shis.bosai.go.jp/map/api/meshsearch?center=135.72660000%2C35.45730000&epsg=4326&format=geojson&filter=AVS_gt_0&radius=1.000&limit=1&order=DIST&version=V4
FKO001,33.8425,130.5087,/home/zhangb/work/people/zhangbei/team_claude/team_pytorch/station_cache_d9a7d4d6.csv,1.0,V4,194.5,1,j-shis_meshsearch_avs,5030641021,17,,1.85,Success,,https://www.j-shis.bosai.go.jp/map/api/meshsearch?center=130.50870000%2C33.84250000&epsg=4326&format=geojson&filter=AVS_gt_0&radius=1.000&limit=1&order=DIST&version=V4
FKO002,33.8253,130.7058,/home/zhangb/work/people/zhangbei/team_claude/team_pytorch/station_cache_d9a7d4d6.csv,1.0,V4,167.9,1,j-shis_meshsearch_avs,5030559612,13,,2.10,Success,,https://www.j-shis.bosai.go.jp/map/api/meshsearch?center=130.70580000%2C33.82530000&epsg=4326&format=geojson&filter=AVS_gt_0&radius=1.000&limit=1&order=DIST&version=V4
FKO003,33.8324,130.9013,/home/zhangb/work/people/zhangbei/team_claude/team_pytorch/station_cache_d9a7d4d6.csv,1.0,V4,401.0,1,j-shis_meshsearch_avs,5030579233,8,,1.00,Success,,https://www.j-shis.bosai.go.jp/map/api/meshsearch?center=130.90130000%2C33.83240000&epsg=4326&format=geojson&filter=AVS_gt_0&radius=1.000&limit=1&order=DIST&version=V4
FKO004,33.7366,131.0121,/home/zhangb/work/people/zhangbei/team_claude/team_pytorch/station_cache_d9a7d4d6.csv,1.0,V4,236.3,1,j-shis_meshsearch_avs,5031408024,19,,1.57,Success,,https://www.j-shis.bosai.go.jp/map/api/meshsearch?center=131.01210000%2C33.73660000&epsg=4326&format=geojson&filter=AVS_gt_0&radius=1.000&limit=1&order=DIST&version=V4
FKO005,33.652,130.6965,/home/zhangb/work/people/zhangbei/team_claude/team_pytorch/station_cache_d9a7d4d6.csv,1.0,V4,366.8,1,j-shis_meshsearch_avs,5030358521,3,,1.08,Success,,https://www.j-shis.bosai.go.jp/map/api/meshsearch?center=130.69650000%2C33.65200000&epsg=4326&format=geojson&filter=AVS_gt_0&radius=1.000&limit=1&order=DIST&version=V4
FKO007,33.5614,130.2024,/home/zhangb/work/people/zhangbei/team_claude/team_pytorch/station_cache_d9a7d4d6.csv,1.0,V4,379.5,1,j-shis_meshsearch_avs,5030217613,8,,1.05,Success,,https://www.j-shis.bosai.go.jp/map/api/meshsearch?center=130.20240000%2C33.56140000&epsg=4326&format=geojson&filter=AVS_gt_0&radius=1.000&limit=1&order=DIST&version=V4
FKO008,33.5712,130.8546,/home/zhangb/work/people/zhangbei/team_claude/team_pytorch/station_cache_d9a7d4d6.csv,1.0,V4,459.2,1,j-shis_meshsearch_avs,5030268832,8,,0.89,Success,,https://www.j-shis.bosai.go.jp/map/api/meshsearch?center=130.85460000%2C33.57120000&epsg=4326&format=geojson&filter=AVS_gt_0&radius=1.000&limit=1&order=DIST&version=V4
FKO009,33.4954,130.5164,/home/zhangb/work/people/zhangbei/team_claude/team_pytorch/station_cache_d9a7d4d6.csv,1.0,V4,318.4,1,j-shis_meshsearch_avs,5030149114,10,,1.21,Success,,https://www.j-shis.bosai.go.jp/map/api/meshsearch?center=130.51640000%2C33.49540000&epsg=4326&format=geojson&filter=AVS_gt_0&radius=1.000&limit=1&order=DIST&version=V4
FKO010,33.4236,130.6691,/home/zhangb/work/people/zhangbei/team_claude/team_pytorch/station_cache_d9a7d4d6.csv,1.0,V4,389.1,1,j-shis_meshsearch_avs,5030150343,3,,1.02,Success,,https://www.j-shis.bosai.go.jp/map/api/meshsearch?center=130.66910000%2C33.42360000&epsg=4326&format=geojson&filter=AVS_gt_0&radius=1.000&limit=1&order=DIST&version=V4
FKO011,33.3237,130.5118,/home/zhangb/work/people/zhangbei/team_claude/team_pytorch/station_cache_d9a7d4d6.csv,1.0,V4,162.6,1,j-shis_meshsearch_avs,4930748044,13,,2.15,Success,,https://www.j-shis.bosai.go.jp/map/api/meshsearch?center=130.51180000%2C33.32370000&epsg=4326&format=geojson&filter=AVS_gt_0&radius=1.000&limit=1&order=DIST&version=V4
FKO012,33.332,130.794,/home/zhangb/work/people/zhangbei/team_claude/team_pytorch/station_cache_d9a7d4d6.csv,1.0,V4,448.9,1,j-shis_meshsearch_avs,4930769343,8,,0.91,Success,,https://www.j-shis.bosai.go.jp/map/api/meshsearch?center=130.79400000%2C33.33200000&epsg=4326&format=geojson&filter=AVS_gt_0&radius=1.000&limit=1&order=DIST&version=V4
FKO013,33.2254,130.5608,/home/zhangb/work/people/zhangbei/team_claude/team_pytorch/station_cache_d9a7d4d6.csv,1.0,V4,308.6,1,j-shis_meshsearch_avs,4930647422,11,,1.25,Success,,https://www.j-shis.bosai.go.jp/map/api/meshsearch?center=130.56080000%2C33.22540000&epsg=4326&format=geojson&filter=AVS_gt_0&radius=1.000&limit=1&order=DIST&version=V4
FKO014,33.1496,130.8183,/home/zhangb/work/people/zhangbei/team_claude/team_pytorch/station_cache_d9a7d4d6.csv,1.0,V4,641.3,1,j-shis_meshsearch_avs,4930567534,1,,0.67,Success,,https://www.j-shis.bosai.go.jp/map/api/meshsearch?center=130.81830000%2C33.14960000&epsg=4326&format=geojson&filter=AVS_gt_0&radius=1.000&limit=1&order=DIST&version=V4
FKO015,33.1629,130.4052,/home/zhangb/work/people/zhangbei/team_claude/team_pytorch/station_cache_d9a7d4d6.csv,1.0,V4,172.6,1,j-shis_meshsearch_avs,4930539232,15,,2.05,Success,,https://www.j-shis.bosai.go.jp/map/api/meshsearch?center=130.40520000%2C33.16290000&epsg=4326&format=geojson&filter=AVS_gt_0&radius=1.000&limit=1&order=DIST&version=V4
FKO016,33.0159,130.4472,/home/zhangb/work/people/zhangbei/team_claude/team_pytorch/station_cache_d9a7d4d6.csv,1.0,V4,357.4,1,j-shis_meshsearch_avs,4930431544,3,,1.10,Success,,https://www.j-shis.bosai.go.jp/map/api/meshsearch?center=130.44720000%2C33.01590000&epsg=4326&format=geojson&filter=AVS_gt_0&radius=1.000&limit=1&order=DIST&version=V4
FKOH01,33.8849,130.9798,/home/zhangb/work/people/zhangbei/team_claude/team_pytorch/station_cache_d9a7d4d6.csv,1.0,V4,282.6,1,j-shis_meshsearch_avs,5030676812,10,,1.34,Success,,https://www.j-shis.bosai.go.jp/map/api/meshsearch?center=130.97980000%2C33.88490000&epsg=4326&format=geojson&filter=AVS_gt_0&radius=1.000&limit=1&order=DIST&version=V4
FKOH03,33.5608,130.5499,/home/zhangb/work/people/zhangbei/team_claude/team_pytorch/station_cache_d9a7d4d6.csv,1.0,V4,503.4,1,j-shis_meshsearch_avs,5030247324,8,,0.82,Success,,https://www.j-shis.bosai.go.jp/map/api/meshsearch?center=130.54990000%2C33.56080000&epsg=4326&format=geojson&filter=AVS_gt_0&radius=1.000&limit=1&order=DIST&version=V4
FKOH04,33.5512,130.7451,/home/zhangb/work/people/zhangbei/team_claude/team_pytorch/station_cache_d9a7d4d6.csv,1.0,V4,472.5,1,j-shis_meshsearch_avs,5030256921,3,,0.87,Success,,https://www.j-shis.bosai.go.jp/map/api/meshsearch?center=130.74510000%2C33.55120000&epsg=4326&format=geojson&filter=AVS_gt_0&radius=1.000&limit=1&order=DIST&version=V4
FKOH07,33.3678,130.6354,/home/zhangb/work/people/zhangbei/team_claude/team_pytorch/station_cache_d9a7d4d6.csv,1.0,V4,159.8,1,j-shis_meshsearch_avs,5030054022,13,,2.19,Success,,https://www.j-shis.bosai.go.jp/map/api/meshsearch?center=130.63540000%2C33.36780000&epsg=4326&format=geojson&filter=AVS_gt_0&radius=1.000&limit=1&order=DIST&version=V4
FKOH10,33.2891,130.817,/home/zhangb/work/people/zhangbei/team_claude/team_pytorch/station_cache_d9a7d4d6.csv,1.0,V4,641.3,1,j-shis_meshsearch_avs,4930764532,1,,0.67,Success,,https://www.j-shis.bosai.go.jp/map/api/meshsearch?center=130.81700000%2C33.28910000&epsg=4326&format=geojson&filter=AVS_gt_0&radius=1.000&limit=1&order=DIST&version=V4
FKS001,37.7946,140.9192,/home/zhangb/work/people/zhangbei/team_claude/team_pytorch/station_cache_d9a7d4d6.csv,1.0,V4,239.7,1,j-shis_meshsearch_avs,5640575323,10,,1.55,Success,,https://www.j-shis.bosai.go.jp/map/api/meshsearch?center=140.91920000%2C37.79460000&epsg=4326&format=geojson&filter=AVS_gt_0&radius=1.000&limit=1&order=DIST&version=V4
FKS002,37.8453,140.6008,/home/zhangb/work/people/zhangbei/team_claude/team_pytorch/station_cache_d9a7d4d6.csv,1.0,V4,179.5,1,j-shis_meshsearch_avs,5640641813,13,,1.98,Success,,https://www.j-shis.bosai.go.jp/map/api/meshsearch?center=140.60080000%2C37.84530000&epsg=4326&format=geojson&filter=AVS_gt_0&radius=1.000&limit=1&order=DIST&version=V4
FKS003,37.7624,140.4781,/home/zhangb/work/people/zhangbei/team_claude/team_pytorch/station_cache_d9a7d4d6.csv,1.0,V4,327.1,1,j-shis_meshsearch_avs,5640531813,11,,1.19,Success,,https://www.j-shis.bosai.go.jp/map/api/meshsearch?center=140.47810000%2C37.76240000&epsg=4326&format=geojson&filter=AVS_gt_0&radius=1.000&limit=1&order=DIST&version=V4
FKS004,37.6798,140.7342,/home/zhangb/work/people/zhangbei/team_claude/team_pytorch/station_cache_d9a7d4d6.csv,1.0,V4,775.5,1,j-shis_meshsearch_avs,5640451841,1,,0.57,Success,,https://www.j-shis.bosai.go.jp/map/api/meshsearch?center=140.73420000%2C37.67980000&epsg=4326&format=geojson&filter=AVS_gt_0&radius=1.000&limit=1&order=DIST&version=V4
FKS005,37.6389,140.9853,/home/zhangb/work/people/zhangbei/team_claude/team_pytorch/station_cache_d9a7d4d6.csv,1.0,V4,383.1,1,j-shis_meshsearch_avs,5640376842,8,,1.04,Success,,https://www.j-shis.bosai.go.jp/map/api/meshsearch?center=140.98530000%2C37.63890000&epsg=4326&format=geojson&filter=AVS_gt_0&radius=1.000&limit=1&order=DIST&version=V4
FKS006,37.5022,140.7593,/home/zhangb/work/people/zhangbei/team_claude/team_pytorch/station_cache_d9a7d4d6.csv,1.0,V4,775.5,1,j-shis_meshsearch_avs,5640260023,1,,0.57,Success,,https://www.j-shis.bosai.go.jp/map/api/meshsearch?center=140.75930000%2C37.50220000&epsg=4326&format=geojson&filter=AVS_gt_0&radius=1.000&limit=1&order=DIST&version=V4
FKS007,37.4061,140.9632,/home/zhangb/work/people/zhangbei/team_claude/team_pytorch/station_cache_d9a7d4d6.csv,1.0,V4,454.9,1,j-shis_meshsearch_avs,5640078731,8,,0.90,Success,,https://www.j-shis.bosai.go.jp/map/api/meshsearch?center=140.96320000%2C37.40610000&epsg=4326&format=geojson&filter=AVS_gt_0&radius=1.000&limit=1&order=DIST&version=V4
FKS008,37.4343,140.567,/home/zhangb/work/people/zhangbei/team_claude/team_pytorch/station_cache_d9a7d4d6.csv,1.0,V4,775.5,1,j-shis_meshsearch_avs,5640142512,1,,0.57,Success,,https://www.j-shis.bosai.go.jp/map/api/meshsearch?center=140.56700000%2C37.43430000&epsg=4326&format=geojson&filter=AVS_gt_0&radius=1.000&limit=1&order=DIST&version=V4
FKS009,37.2796,140.6344,/home/zhangb/work/people/zhangbei/team_claude/team_pytorch/station_cache_d9a7d4d6.csv,1.0,V4,775.5,1,j-shis_meshsearch_avs,5540753042,1,,0.57,Success,,https://www.j-shis.bosai.go.jp/map/api/meshsearch?center=140.63440000%2C37.27960000&epsg=4326&format=geojson&filter=AVS_gt_0&radius=1.000&limit=1&order=DIST&version=V4
FKS010,37.2338,141.0018,/home/zhangb/work/people/zhangbei/team_claude/team_pytorch/station_cache_d9a7d4d6.csv,1.0,V4,444.1,1,j-shis_meshsearch_avs,5541608011,8,,0.91,Success,,https://www.j-shis.bosai.go.jp/map/api/meshsearch?center=141.00180000%2C37.23380000&epsg=4326&format=geojson&filter=AVS_gt_0&radius=1.000&limit=1&order=DIST&version=V4
FKS011,37.0917,140.9031,/home/zhangb/work/people/zhangbei/team_claude/team_pytorch/station_cache_d9a7d4d6.csv,1.0,V4,411.9,1,j-shis_meshsearch_avs,5540571211,3,,0.98,Success,,https://www.j-shis.bosai.go.jp/map/api/meshsearch?center=140.90310000%2C37.09170000&epsg=4326&format=geojson&filter=AVS_gt_0&radius=1.000&limit=1&order=DIST&version=V4
FKS012,36.9066,140.7928,/home/zhangb/work/people/zhangbei/team_claude/team_pytorch/station_cache_d9a7d4d6.csv,1.0,V4,195.9,1,j-shis_meshsearch_avs,5540268334,15,,1.84,Success,,https://www.j-shis.bosai.go.jp/map/api/meshsearch?center=140.79280000%2C36.90660000&epsg=4326&format=geojson&filter=AVS_gt_0&radius=1.000&limit=1&order=DIST&version=V4
FKS013,37.0893,140.5546,/home/zhangb/work/people/zhangbei/team_claude/team_pytorch/station_cache_d9a7d4d6.csv,1.0,V4,446.1,1,j-shis_meshsearch_avs,5540540432,10,,0.91,Success,,https://www.j-shis.bosai.go.jp/map/api/meshsearch?center=140.55460000%2C37.08930000&epsg=4326&format=geojson&filter=AVS_gt_0&radius=1.000&limit=1&order=DIST&version=V4
FKS014,36.8864,140.4166,/home/zhangb/work/people/zhangbei/team_claude/team_pytorch/station_cache_d9a7d4d6.csv,1.0,V4,402.7,1,j-shis_meshsearch_avs,5540236314,10,,0.99,Success,,https://www.j-shis.bosai.go.jp/map/api/meshsearch?center=140.41660000%2C36.88640000&epsg=4326&format=geojson&filter=AVS_gt_0&radius=1.000&limit=1&order=DIST&version=V4
FKS015,37.0237,140.3763,/home/zhangb/work/people/zhangbei/team_claude/team_pytorch/station_cache_d9a7d4d6.csv,1.0,V4,775.5,1,j-shis_meshsearch_avs,5540432033,1,,0.57,Success,,https://www.j-shis.bosai.go.jp/map/api/meshsearch?center=140.37630000%2C37.02370000&epsg=4326&format=geojson&filter=AVS_gt_0&radius=1.000&limit=1&order=DIST&version=V4
FKS016,37.1232,140.191,/home/zhangb/work/people/zhangbei/team_claude/team_pytorch/station_cache_d9a7d4d6.csv,1.0,V4,463.7,1,j-shis_meshsearch_avs,5540514534,8,,0.88,Success,,https://www.j-shis.bosai.go.jp/map/api/meshsearch?center=140.19100000%2C37.12320000&epsg=4326&format=geojson&filter=AVS_gt_0&radius=1.000&limit=1&order=DIST&version=V4
FKS017,37.2844,140.3689,/home/zhangb/work/people/zhangbei/team_claude/team_pytorch/station_cache_d9a7d4d6.csv,1.0,V4,322.7,1,j-shis_meshsearch_avs,5540724921,9,,1.20,Success,,https://www.j-shis.bosai.go.jp/map/api/meshsearch?center=140.36890000%2C37.28440000&epsg=4326&format=geojson&filter=AVS_gt_0&radius=1.000&limit=1&order=DIST&version=V4
FKS018,37.3959,140.3619,/home/zhangb/work/people/zhangbei/team_claude/team_pytorch/station_cache_d9a7d4d6.csv,1.0,V4,183.8,1,j-shis_meshsearch_avs,5640027842,14,,1.94,Success,,https://www.j-shis.bosai.go.jp/map/api/meshsearch?center=140.36190000%2C37.39590000&epsg=4326&format=geojson&filter=AVS_gt_0&radius=1.000&limit=1&order=DIST&version=V4
FKS019,37.6031,140.4381,/home/zhangb/work/people/zhangbei/team_claude/team_pytorch/station_cache_d9a7d4d6.csv,1.0,V4,357.2,1,j-shis_meshsearch_avs,5640332513,3,,1.10,Success,,https://www.j-shis.bosai.go.jp/map/api/meshsearch?center=140.43810000%2C37.60310000&epsg=4326&format=geojson&filter=AVS_gt_0&radius=1.000&limit=1&order=DIST&version=V4
FKS020,37.556,140.1226,/home/zhangb/work/people/zhangbei/team_claude/team_pytorch/station_cache_d9a7d4d6.csv,1.0,V4,298.8,1,j-shis_meshsearch_avs,5640206942,12,,1.28,Success,,https://www.j-shis.bosai.go.jp/map/api/meshsearch?center=140.12260000%2C37.55600000&epsg=4326&format=geojson&filter=AVS_gt_0&radius=1.000&limit=1&order=DIST&version=V4
FKS021,37.6537,139.8607,/home/zhangb/work/people/zhangbei/team_claude/team_pytorch/station_cache_d9a7d4d6.csv,1.0,V4,365.0,1,j-shis_meshsearch_avs,5639368824,11,,1.08,Success,,https://www.j-shis.bosai.go.jp/map/api/meshsearch?center=139.86070000%2C37.65370000&epsg=4326&format=geojson&filter=AVS_gt_0&radius=1.000&limit=1&order=DIST&version=V4
FKS022,37.6005,139.6472,/home/zhangb/work/people/zhangbei/team_claude/team_pytorch/station_cache_d9a7d4d6.csv,1.0,V4,490.9,1,j-shis_meshsearch_avs,5639352122,8,,0.84,Success,,https://www.j-shis.bosai.go.jp/map/api/meshsearch?center=139.64720000%2C37.60050000&epsg=4326&format=geojson&filter=AVS_gt_0&radius=1.000&limit=1&order=DIST&version=V4
FKS023,37.4775,139.9309,/home/zhangb/work/people/zhangbei/team_claude/team_pytorch/station_cache_d9a7d4d6.csv,1.0,V4,361.0,1,j-shis_meshsearch_avs,5639177414,11,,1.09,Success,,https://www.j-shis.bosai.go.jp/map/api/meshsearch?center=139.93090000%2C37.47750000&epsg=4326&format=geojson&filter=AVS_gt_0&radius=1.000&limit=1&order=DIST&version=V4
FKS024,37.3963,140.1326,/home/zhangb/work/people/zhangbei/team_claude/team_pytorch/station_cache_d9a7d4d6.csv,1.0,V4,479.7,1,j-shis_meshsearch_avs,5640017041,10,,0.86,Success,,https://www.j-shis.bosai.go.jp/map/api/meshsearch?center=140.13260000%2C37.39630000&epsg=4326&format=geojson&filter=AVS_gt_0&radius=1.000&limit=1&order=DIST&version=V4
FKS025,37.3082,139.8994,/home/zhangb/work/people/zhangbei/team_claude/team_pytorch/station_cache_d9a7d4d6.csv,1.0,V4,548.1,1,j-shis_meshsearch_avs,5539776144,8,,0.76,Success,,https://www.j-shis.bosai.go.jp/map/api/meshsearch?center=139.89940000%2C37.30820000&epsg=4326&format=geojson&filter=AVS_gt_0&radius=1.000&limit=1&order=DIST&version=V4
FKS026,37.2664,139.5368,/home/zhangb/work/people/zhangbei/team_claude/team_pytorch/station_cache_d9a7d4d6.csv,1.0,V4,476.1,1,j-shis_meshsearch_avs,5539741244,10,,0.86,Success,,https://www.j-shis.bosai.go.jp/map/api/meshsearch?center=139.53680000%2C37.26640000&epsg=4326&format=geojson&filter=AVS_gt_0&radius=1.000&limit=1&order=DIST&version=V4
FKS027,37.0701,139.6807,/home/zhangb/work/people/zhangbei/team_claude/team_pytorch/station_cache_d9a7d4d6.csv,1.0,V4,641.3,1,j-shis_meshsearch_avs,5539458414,1,,0.67,Success,,https://www.j-shis.bosai.go.jp/map/api/meshsearch?center=139.68070000%2C37.07010000&epsg=4326&format=geojson&filter=AVS_gt_0&radius=1.000&limit=1&order=DIST&version=V4
FKS028,37.3037,139.3619,/home/zhangb/work/people/zhangbei/team_claude/team_pytorch/station_cache_d9a7d4d6.csv,1.0,V4,534.2,1,j-shis_meshsearch_avs,5539726824,8,,0.78,Success,,https://www.j-shis.bosai.go.jp/map/api/meshsearch?center=139.36190000%2C37.30370000&epsg=4326&format=geojson&filter=AVS_gt_0&radius=1.000&limit=1&order=DIST&version=V4
FKS029,37.0159,139.3806,/home/zhangb/work/people/zhangbei/team_claude/team_pytorch/station_cache_d9a7d4d6.csv,1.0,V4,544.2,1,j-shis_meshsearch_avs,5539431034,10,,0.77,Success,,https://www.j-shis.bosai.go.jp/map/api/meshsearch?center=139.38060000%2C37.01590000&epsg=4326&format=geojson&filter=AVS_gt_0&radius=1.000&limit=1&order=DIST&version=V4
FKS030,37.4548,139.5252,/home/zhangb/work/people/zhangbei/team_claude/team_pytorch/station_cache_d9a7d4d6.csv,1.0,V4,534.1,1,j-shis_meshsearch_avs,5639144231,8,,0.78,Success,,https://www.j-shis.bosai.go.jp/map/api/meshsearch?center=139.52520000%2C37.45480000&epsg=4326&format=geojson&filter=AVS_gt_0&radius=1.000&limit=1&order=DIST&version=V4
FKS031,37.3363,140.8087,/home/zhangb/work/people/zhangbei/team_claude/team_pytorch/station_cache_d9a7d4d6.csv,1.0,V4,519.7,1,j-shis_meshsearch_avs,5640060423,8,,0.80,Success,,https://www.j-shis.bosai.go.jp/map/api/meshsearch?center=140.80870000%2C37.33630000&epsg=4326&format=geojson&filter=AVS_gt_0&radius=1.000&limit=1&order=DIST&version=V4
FKSH01,37.7565,139.715,/home/zhangb/work/people/zhangbei/team_claude/team_pytorch/station_cache_d9a7d4d6.csv,1.0,V4,539.3,1,j-shis_meshsearch_avs,5639550733,8,,0.78,Success,,https://www.j-shis.bosai.go.jp/map/api/meshsearch?center=139.71500000%2C37.75650000&epsg=4326&format=geojson&filter=AVS_gt_0&radius=1.000&limit=1&order=DIST&version=V4
FKSH02,37.7317,139.8821,/home/zhangb/work/people/zhangbei/team_claude/team_pytorch/station_cache_d9a7d4d6.csv,1.0,V4,390.6,1,j-shis_meshsearch_avs,5639477043,11,,1.02,Success,,https://www.j-shis.bosai.go.jp/map/api/meshsearch?center=139.88210000%2C37.73170000&epsg=4326&format=geojson&filter=AVS_gt_0&radius=1.000&limit=1&order=DIST&version=V4
FKSH05,37.2544,139.8725,/home/zhangb/work/people/zhangbei/team_claude/team_pytorch/station_cache_d9a7d4d6.csv,1.0,V4,533.9,1,j-shis_meshsearch_avs,5539760942,8,,0.78,Success,,https://www.j-shis.bosai.go.jp/map/api/meshsearch?center=139.87250000%2C37.25440000&epsg=4326&format=geojson&filter=AVS_gt_0&radius=1.000&limit=1&order=DIST&version=V4
FKSH06,37.1723,139.5199,/home/zhangb/work/people/zhangbei/team_claude/team_pytorch/station_cache_d9a7d4d6.csv,1.0,V4,183.8,1,j-shis_meshsearch_avs,5539640141,14,,1.94,Success,,https://www.j-shis.bosai.go.jp/map/api/meshsearch?center=139.51990000%2C37.17230000&epsg=4326&format=geojson&filter=AVS_gt_0&radius=1.000&limit=1&order=DIST&version=V4
FKSH07,37.0103,139.3755,/home/zhangb/work/people/zhangbei/team_claude/team_pytorch/station_cache_d9a7d4d6.csv,1.0,V4,539.8,1,j-shis_meshsearch_avs,5539431011,10,,0.77,Success,,https://www.j-shis.bosai.go.jp/map/api/meshsearch?center=139.37550000%2C37.01030000&epsg=4326&format=geojson&filter=AVS_gt_0&radius=1.000&limit=1&order=DIST&version=V4
FKSH08,37.2822,140.2144,/home/zhangb/work/people/zhangbei/team_claude/team_pytorch/station_cache_d9a7d4d6.csv,1.0,V4,405.6,1,j-shis_meshsearch_avs,5540713733,6,,0.99,Success,,https://www.j-shis.bosai.go.jp/map/api/meshsearch?center=140.21440000%2C37.28220000&epsg=4326&format=geojson&filter=AVS_gt_0&radius=1.000&limit=1&order=DIST&version=V4
FKSH09,37.353,140.4264,/home/zhangb/work/people/zhangbei/team_claude/team_pytorch/station_cache_d9a7d4d6.csv,1.0,V4,358.6,1,j-shis_meshsearch_avs,5640032413,3,,1.10,Success,,https://www.j-shis.bosai.go.jp/map/api/meshsearch?center=140.42640000%2C37.35300000&epsg=4326&format=geojson&filter=AVS_gt_0&radius=1.000&limit=1&order=DIST&version=V4
FKSH10,37.1616,140.093,/home/zhangb/work/people/zhangbei/team_claude/team_pytorch/station_cache_d9a7d4d6.csv,1.0,V4,391.1,1,j-shis_meshsearch_avs,5540509714,8,,1.02,Success,,https://www.j-shis.bosai.go.jp/map/api/meshsearch?center=140.09300000%2C37.16160000&epsg=4326&format=geojson&filter=AVS_gt_0&radius=1.000&limit=1&order=DIST&version=V4
FKSH11,37.2006,140.3386,/home/zhangb/work/people/zhangbei/team_claude/team_pytorch/station_cache_d9a7d4d6.csv,1.0,V4,305.7,1,j-shis_meshsearch_avs,5540624711,9,,1.26,Success,,https://www.j-shis.bosai.go.jp/map/api/meshsearch?center=140.33860000%2C37.20060000&epsg=4326&format=geojson&filter=AVS_gt_0&radius=1.000&limit=1&order=DIST&version=V4
FKSH12,37.2169,140.5703,/home/zhangb/work/people/zhangbei/team_claude/team_pytorch/station_cache_d9a7d4d6.csv,1.0,V4,474.8,1,j-shis_meshsearch_avs,5540646521,10,,0.86,Success,,https://www.j-shis.bosai.go.jp/map/api/meshsearch?center=140.57030000%2C37.21690000&epsg=4326&format=geojson&filter=AVS_gt_0&radius=1.000&limit=1&order=DIST&version=V4
FKSH14,37.0264,140.9702,/home/zhangb/work/people/zhangbei/team_claude/team_pytorch/station_cache_d9a7d4d6.csv,1.0,V4,260.2,1,j-shis_meshsearch_avs,5540473721,16,,1.44,Success,,https://www.j-shis.bosai.go.jp/map/api/meshsearch?center=140.97020000%2C37.02640000&epsg=4326&format=geojson&filter=AVS_gt_0&radius=1.000&limit=1&order=DIST&version=V4
FKSH16,37.7643,140.3766,/home/zhangb/work/people/zhangbei/team_claude/team_pytorch/station_cache_d9a7d4d6.csv,1.0,V4,353.4,1,j-shis_meshsearch_avs,5640531031,11,,1.11,Success,,https://www.j-shis.bosai.go.jp/map/api/meshsearch?center=140.37660000%2C37.76430000&epsg=4326&format=geojson&filter=AVS_gt_0&radius=1.000&limit=1&order=DIST&version=V4
FKSH17,37.6636,140.5974,/home/zhangb/work/people/zhangbei/team_claude/team_pytorch/station_cache_d9a7d4d6.csv,1.0,V4,497.8,1,j-shis_meshsearch_avs,5640349742,8,,0.83,Success,,https://www.j-shis.bosai.go.jp/map/api/meshsearch?center=140.59740000%2C37.66360000&epsg=4326&format=geojson&filter=AVS_gt_0&radius=1.000&limit=1&order=DIST&version=V4
FKSH18,37.4894,140.538,/home/zhangb/work/people/zhangbei/team_claude/team_pytorch/station_cache_d9a7d4d6.csv,1.0,V4,775.5,1,j-shis_meshsearch_avs,5640148331,1,,0.57,Success,,https://www.j-shis.bosai.go.jp/map/api/meshsearch?center=140.53800000%2C37.48940000&epsg=4326&format=geojson&filter=AVS_gt_0&radius=1.000&limit=1&order=DIST&version=V4
FKSH19,37.4703,140.7227,/home/zhangb/work/people/zhangbei/team_claude/team_pytorch/station_cache_d9a7d4d6.csv,1.0,V4,476.6,1,j-shis_meshsearch_avs,5640156724,10,,0.86,Success,,https://www.j-shis.bosai.go.jp/map/api/meshsearch?center=140.72270000%2C37.47030000&epsg=4326&format=geojson&filter=AVS_gt_0&radius=1.000&limit=1&order=DIST&version=V4
FKSH20,37.4911,140.9871,/home/zhangb/work/people/zhangbei/team_claude/team_pytorch/station_cache_d9a7d4d6.csv,1.0,V4,170.4,1,j-shis_meshsearch_avs,5640178844,13,,2.07,Success,,https://www.j-shis.bosai.go.jp/map/api/meshsearch?center=140.98710000%2C37.49110000&epsg=4326&format=geojson&filter=AVS_gt_0&radius=1.000&limit=1&order=DIST&version=V4
GIF001,36.2743,136.8979,/home/zhangb/work/people/zhangbei/team_claude/team_pytorch/station_cache_d9a7d4d6.csv,1.0,V4,551.3,1,j-shis_meshsearch_avs,5436372144,8,,0.76,Success,,https://www.j-shis.bosai.go.jp/map/api/meshsearch?center=136.89790000%2C36.27430000&epsg=4326&format=geojson&filter=AVS_gt_0&radius=1.000&limit=1&order=DIST&version=V4
GIF002,36.2734,137.0261,/home/zhangb/work/people/zhangbei/team_claude/team_pytorch/station_cache_d9a7d4d6.csv,1.0,V4,547.1,1,j-shis_meshsearch_avs,5437302233,8,,0.77,Success,,https://www.j-shis.bosai.go.jp/map/api/meshsearch?center=137.02610000%2C36.27340000&epsg=4326&format=geojson&filter=AVS_gt_0&radius=1.000&limit=1&order=DIST&version=V4
GIF003,36.3326,137.3019,/home/zhangb/work/people/zhangbei/team_claude/team_pytorch/station_cache_d9a7d4d6.csv,1.0,V4,537.4,1,j-shis_meshsearch_avs,5437329433,8,,0.78,Success,,https://www.j-shis.bosai.go.jp/map/api/meshsearch?center=137.30190000%2C36.33260000&epsg=4326&format=geojson&filter=AVS_gt_0&radius=1.000&limit=1&order=DIST&version=V4
GIF004,36.2493,137.5175,/home/zhangb/work/people/zhangbei/team_claude/team_pytorch/station_cache_d9a7d4d6.csv,1.0,V4,428.5,1,j-shis_meshsearch_avs,5437249134,11,,0.94,Success,,https://www.j-shis.bosai.go.jp/map/api/meshsearch?center=137.51750000%2C36.24930000&epsg=4326&format=geojson&filter=AVS_gt_0&radius=1.000&limit=1&order=DIST&version=V4
GIF005,36.1537,137.2513,/home/zhangb/work/people/zhangbei/team_claude/team_pytorch/station_cache_d9a7d4d6.csv,1.0,V4,395.7,1,j-shis_meshsearch_avs,5437128013,11,,1.01,Success,,https://www.j-shis.bosai.go.jp/map/api/meshsearch?center=137.25130000%2C36.15370000&epsg=4326&format=geojson&filter=AVS_gt_0&radius=1.000&limit=1&order=DIST&version=V4
GIF006,36.0334,136.9533,/home/zhangb/work/people/zhangbei/team_claude/team_pytorch/station_cache_d9a7d4d6.csv,1.0,V4,518.1,1,j-shis_meshsearch_avs,5436074612,10,,0.80,Success,,https://www.j-shis.bosai.go.jp/map/api/meshsearch?center=136.95330000%2C36.03340000&epsg=4326&format=geojson&filter=AVS_gt_0&radius=1.000&limit=1&order=DIST&version=V4
GIF007,36.0378,137.4854,/home/zhangb/work/people/zhangbei/team_claude/team_pytorch/station_cache_d9a7d4d6.csv,1.0,V4,775.5,1,j-shis_meshsearch_avs,5437034842,1,,0.57,Success,,https://www.j-shis.bosai.go.jp/map/api/meshsearch?center=137.48540000%2C36.03780000&epsg=4326&format=geojson&filter=AVS_gt_0&radius=1.000&limit=1&order=DIST&version=V4
GIF008,35.9517,137.2604,/home/zhangb/work/people/zhangbei/team_claude/team_pytorch/station_cache_d9a7d4d6.csv,1.0,V4,560.8,1,j-shis_meshsearch_avs,5337724022,8,,0.75,Success,,https://www.j-shis.bosai.go.jp/map/api/meshsearch?center=137.26040000%2C35.95170000&epsg=4326&format=geojson&filter=AVS_gt_0&radius=1.000&limit=1&order=DIST&version=V4
GIF009,35.925,136.8318,/home/zhangb/work/people/zhangbei/team_claude/team_pytorch/station_cache_d9a7d4d6.csv,1.0,V4,482.9,1,j-shis_meshsearch_avs,5336761621,10,,0.85,Success,,https://www.j-shis.bosai.go.jp/map/api/meshsearch?center=136.83180000%2C35.92500000&epsg=4326&format=geojson&filter=AVS_gt_0&radius=1.000&limit=1&order=DIST&version=V4
GIF010,35.8005,137.2484,/home/zhangb/work/people/zhangbei/team_claude/team_pytorch/station_cache_d9a7d4d6.csv,1.0,V4,529.3,1,j-shis_meshsearch_avs,5337516922,8,,0.79,Success,,https://www.j-shis.bosai.go.jp/map/api/meshsearch?center=137.24840000%2C35.80050000&epsg=4326&format=geojson&filter=AVS_gt_0&radius=1.000&limit=1&order=DIST&version=V4
GIF011,35.7596,136.9809,/home/zhangb/work/people/zhangbei/team_claude/team_pytorch/station_cache_d9a7d4d6.csv,1.0,V4,510.0,1,j-shis_meshsearch_avs,5336571812,8,,0.81,Success,,https://www.j-shis.bosai.go.jp/map/api/meshsearch?center=136.98090000%2C35.75960000&epsg=4326&format=geojson&filter=AVS_gt_0&radius=1.000&limit=1&order=DIST&version=V4
GIF012,35.6364,136.4879,/home/zhangb/work/people/zhangbei/team_claude/team_pytorch/station_cache_d9a7d4d6.csv,1.0,V4,522.5,1,j-shis_meshsearch_avs,5336336913,8,,0.80,Success,,https://www.j-shis.bosai.go.jp/map/api/meshsearch?center=136.48790000%2C35.63640000&epsg=4326&format=geojson&filter=AVS_gt_0&radius=1.000&limit=1&order=DIST&version=V4
GIF013,35.663,137.1618,/home/zhangb/work/people/zhangbei/team_claude/team_pytorch/station_cache_d9a7d4d6.csv,1.0,V4,503.6,1,j-shis_meshsearch_avs,5337319242,8,,0.82,Success,,https://www.j-shis.bosai.go.jp/map/api/meshsearch?center=137.16180000%2C35.66300000&epsg=4326&format=geojson&filter=AVS_gt_0&radius=1.000&limit=1&order=DIST&version=V4
GIF014,35.6582,137.4253,/home/zhangb/work/people/zhangbei/team_claude/team_pytorch/station_cache_d9a7d4d6.csv,1.0,V4,532.4,1,j-shis_meshsearch_avs,5337338433,8,,0.78,Success,,https://www.j-shis.bosai.go.jp/map/api/meshsearch?center=137.42530000%2C35.65820000&epsg=4326&format=geojson&filter=AVS_gt_0&radius=1.000&limit=1&order=DIST&version=V4
GIF015,35.5456,136.9076,/home/zhangb/work/people/zhangbei/team_claude/team_pytorch/station_cache_d9a7d4d6.csv,1.0,V4,469.9,1,j-shis_meshsearch_avs,5336275223,8,,0.87,Success,,https://www.j-shis.bosai.go.jp/map/api/meshsearch?center=136.90760000%2C35.54560000&epsg=4326&format=geojson&filter=AVS_gt_0&radius=1.000&limit=1&order=DIST&version=V4
GIF016,35.5427,137.1195,/home/zhangb/work/people/zhangbei/team_claude/team_pytorch/station_cache_d9a7d4d6.csv,1.0,V4,505.6,1,j-shis_meshsearch_avs,5337205921,8,,0.82,Success,,https://www.j-shis.bosai.go.jp/map/api/meshsearch?center=137.11950000%2C35.54270000&epsg=4326&format=geojson&filter=AVS_gt_0&radius=1.000&limit=1&order=DIST&version=V4
GIF017,35.483,136.5713,/home/zhangb/work/people/zhangbei/team_claude/team_pytorch/station_cache_d9a7d4d6.csv,1.0,V4,315.7,1,j-shis_meshsearch_avs,5336147543,11,,1.22,Success,,https://www.j-shis.bosai.go.jp/map/api/meshsearch?center=136.57130000%2C35.48300000&epsg=4326&format=geojson&filter=AVS_gt_0&radius=1.000&limit=1&order=DIST&version=V4
GIF018,35.4955,137.4998,/home/zhangb/work/people/zhangbei/team_claude/team_pytorch/station_cache_d9a7d4d6.csv,1.0,V4,440.5,1,j-shis_meshsearch_avs,5337139924,10,,0.92,Success,,https://www.j-shis.bosai.go.jp/map/api/meshsearch?center=137.49980000%2C35.49550000&epsg=4326&format=geojson&filter=AVS_gt_0&radius=1.000&limit=1&order=DIST&version=V4
GIF019,35.4492,137.4042,/home/zhangb/work/people/zhangbei/team_claude/team_pytorch/station_cache_d9a7d4d6.csv,1.0,V4,515.9,1,j-shis_meshsearch_avs,5337133234,8,,0.81,Success,,https://www.j-shis.bosai.go.jp/map/api/meshsearch?center=137.40420000%2C35.44920000&epsg=4326&format=geojson&filter=AVS_gt_0&radius=1.000&limit=1&order=DIST&version=V4
GIF020,35.4248,136.7568,/home/zhangb/work/people/zhangbei/team_claude/team_pytorch/station_cache_d9a7d4d6.csv,1.0,V4,281.7,1,j-shis_meshsearch_avs,5336160043,11,,1.35,Success,,https://www.j-shis.bosai.go.jp/map/api/meshsearch?center=136.75680000%2C35.42480000&epsg=4326&format=geojson&filter=AVS_gt_0&radius=1.000&limit=1&order=DIST&version=V4
GIF021,35.4426,136.9996,/home/zhangb/work/people/zhangbei/team_claude/team_pytorch/station_cache_d9a7d4d6.csv,1.0,V4,446.7,1,j-shis_meshsearch_avs,5336173922,8,,0.91,Success,,https://www.j-shis.bosai.go.jp/map/api/meshsearch?center=136.99960000%2C35.44260000&epsg=4326&format=geojson&filter=AVS_gt_0&radius=1.000&limit=1&order=DIST&version=V4
GIF022,35.2836,136.473,/home/zhangb/work/people/zhangbei/team_claude/team_pytorch/station_cache_d9a7d4d6.csv,1.0,V4,775.5,1,j-shis_meshsearch_avs,5236734722,1,,0.57,Success,,https://www.j-shis.bosai.go.jp/map/api/meshsearch?center=136.47300000%2C35.28360000&epsg=4326&format=geojson&filter=AVS_gt_0&radius=1.000&limit=1&order=DIST&version=V4
GIF023,35.3879,137.2166,/home/zhangb/work/people/zhangbei/team_claude/team_pytorch/station_cache_d9a7d4d6.csv,1.0,V4,397.3,1,j-shis_meshsearch_avs,5337016732,3,,1.01,Success,,https://www.j-shis.bosai.go.jp/map/api/meshsearch?center=137.21660000%2C35.38790000&epsg=4326&format=geojson&filter=AVS_gt_0&radius=1.000&limit=1&order=DIST&version=V4
GIF024,35.3015,137.3869,/home/zhangb/work/people/zhangbei/team_claude/team_pytorch/station_cache_d9a7d4d6.csv,1.0,V4,447.2,1,j-shis_meshsearch_avs,5237736022,3,,0.91,Success,,https://www.j-shis.bosai.go.jp/map/api/meshsearch?center=137.38690000%2C35.30150000&epsg=4326&format=geojson&filter=AVS_gt_0&radius=1.000&limit=1&order=DIST&version=V4
GIF026,35.5909,136.7418,/home/zhangb/work/people/zhangbei/team_claude/team_pytorch/station_cache_d9a7d4d6.csv,1.0,V4,491.8,1,j-shis_meshsearch_avs,5336350934,8,,0.84,Success,,https://www.j-shis.bosai.go.jp/map/api/meshsearch?center=136.74180000%2C35.59090000&epsg=4326&format=geojson&filter=AVS_gt_0&radius=1.000&limit=1&order=DIST&version=V4
GIFH03,35.6325,136.6134,/home/zhangb/work/people/zhangbei/team_claude/team_pytorch/station_cache_d9a7d4d6.csv,1.0,V4,488.3,1,j-shis_meshsearch_avs,5336345933,8,,0.84,Success,,https://www.j-shis.bosai.go.jp/map/api/meshsearch?center=136.61340000%2C35.63250000&epsg=4326&format=geojson&filter=AVS_gt_0&radius=1.000&limit=1&order=DIST&version=V4
GIFH04,36.2448,137.1983,/home/zhangb/work/people/zhangbei/team_claude/team_pytorch/station_cache_d9a7d4d6.csv,1.0,V4,561.1,1,j-shis_meshsearch_avs,5437219524,8,,0.75,Success,,https://www.j-shis.bosai.go.jp/map/api/meshsearch?center=137.19830000%2C36.24480000&epsg=4326&format=geojson&filter=AVS_gt_0&radius=1.000&limit=1&order=DIST&version=V4
GIFH06,35.5038,136.7939,/home/zhangb/work/people/zhangbei/team_claude/team_pytorch/station_cache_d9a7d4d6.csv,1.0,V4,423.9,1,j-shis_meshsearch_avs,5336260323,3,,0.95,Success,,https://www.j-shis.bosai.go.jp/map/api/meshsearch?center=136.79390000%2C35.50380000&epsg=4326&format=geojson&filter=AVS_gt_0&radius=1.000&limit=1&order=DIST&version=V4
GIFH07,35.4179,136.4347,/home/zhangb/work/people/zhangbei/team_claude/team_pytorch/station_cache_d9a7d4d6.csv,1.0,V4,775.5,1,j-shis_meshsearch_avs,5336130422,1,,0.57,Success,,https://www.j-shis.bosai.go.jp/map/api/meshsearch?center=136.43470000%2C35.41790000&epsg=4326&format=geojson&filter=AVS_gt_0&radius=1.000&limit=1&order=DIST&version=V4
GIFH08,35.8323,136.9621,/home/zhangb/work/people/zhangbei/team_claude/team_pytorch/station_cache_d9a7d4d6.csv,1.0,V4,466.2,1,j-shis_meshsearch_avs,5336579644,10,,0.88,Success,,https://www.j-shis.bosai.go.jp/map/api/meshsearch?center=136.96210000%2C35.83230000&epsg=4326&format=geojson&filter=AVS_gt_0&radius=1.000&limit=1&order=DIST&version=V4
GIFH09,35.2768,136.7002,/home/zhangb/work/people/zhangbei/team_claude/team_pytorch/station_cache_d9a7d4d6.csv,1.0,V4,151.5,1,j-shis_meshsearch_avs,5236753611,13,,2.29,Success,,https://www.j-shis.bosai.go.jp/map/api/meshsearch?center=136.70020000%2C35.27680000&epsg=4326&format=geojson&filter=AVS_gt_0&radius=1.000&limit=1&order=DIST&version=V4
GIFH10,36.3779,137.3716,/home/zhangb/work/people/zhangbei/team_claude/team_pytorch/station_cache_d9a7d4d6.csv,1.0,V4,523.4,1,j-shis_meshsearch_avs,5437425923,10,,0.80,Success,,https://www.j-shis.bosai.go.jp/map/api/meshsearch?center=137.37160000%2C36.37790000&epsg=4326&format=geojson&filter=AVS_gt_0&radius=1.000&limit=1&order=DIST&version=V4
GIFH11,35.4865,137.2464,/home/zhangb/work/people/zhangbei/team_claude/team_pytorch/station_cache_d9a7d4d6.csv,1.0,V4,451.7,1,j-shis_meshsearch_avs,5337118923,3,,0.90,Success,,https://www.j-shis.bosai.go.jp/map/api/meshsearch?center=137.24640000%2C35.48650000&epsg=4326&format=geojson&filter=AVS_gt_0&radius=1.000&limit=1&order=DIST&version=V4
GIFH12,35.6033,136.4134,/home/zhangb/work/people/zhangbei/team_claude/team_pytorch/station_cache_d9a7d4d6.csv,1.0,V4,775.5,1,j-shis_meshsearch_avs,5336332313,1,,0.57,Success,,https://www.j-shis.bosai.go.jp/map/api/meshsearch?center=136.41340000%2C35.60330000&epsg=4326&format=geojson&filter=AVS_gt_0&radius=1.000&limit=1&order=DIST&version=V4
GIFH13,36.2743,136.8979,/home/zhangb/work/people/zhangbei/team_claude/team_pytorch/station_cache_d9a7d4d6.csv,1.0,V4,551.3,1,j-shis_meshsearch_avs,5436372144,8,,0.76,Success,,https://www.j-shis.bosai.go.jp/map/api/meshsearch?center=136.89790000%2C36.27430000&epsg=4326&format=geojson&filter=AVS_gt_0&radius=1.000&limit=1&order=DIST&version=V4
GIFH14,36.2493,137.5174,/home/zhangb/work/people/zhangbei/team_claude/team_pytorch/station_cache_d9a7d4d6.csv,1.0,V4,428.5,1,j-shis_meshsearch_avs,5437249134,11,,0.94,Success,,https://www.j-shis.bosai.go.jp/map/api/meshsearch?center=137.51740000%2C36.24930000&epsg=4326&format=geojson&filter=AVS_gt_0&radius=1.000&limit=1&order=DIST&version=V4
GIFH15,36.1338,137.2208,/home/zhangb/work/people/zhangbei/team_claude/team_pytorch/station_cache_d9a7d4d6.csv,1.0,V4,400.3,1,j-shis_meshsearch_avs,5437116721,2,,1.00,Success,,https://www.j-shis.bosai.go.jp/map/api/meshsearch?center=137.22080000%2C36.13380000&epsg=4326&format=geojson&filter=AVS_gt_0&radius=1.000&limit=1&order=DIST&version=V4
GIFH16,36.094,137.3438,/home/zhangb/work/people/zhangbei/team_claude/team_pytorch/station_cache_d9a7d4d6.csv,1.0,V4,405.6,1,j-shis_meshsearch_avs,5437121723,6,,0.99,Success,,https://www.j-shis.bosai.go.jp/map/api/meshsearch?center=137.34380000%2C36.09400000&epsg=4326&format=geojson&filter=AVS_gt_0&radius=1.000&limit=1&order=DIST&version=V4
GIFH17,35.9514,136.8732,/home/zhangb/work/people/zhangbei/team_claude/team_pytorch/station_cache_d9a7d4d6.csv,1.0,V4,400.3,1,j-shis_meshsearch_avs,5336764922,2,,1.00,Success,,https://www.j-shis.bosai.go.jp/map/api/meshsearch?center=136.87320000%2C35.95140000&epsg=4326&format=geojson&filter=AVS_gt_0&radius=1.000&limit=1&order=DIST&version=V4
GIFH19,36.0216,137.3906,/home/zhangb/work/people/zhangbei/team_claude/team_pytorch/station_cache_d9a7d4d6.csv,1.0,V4,775.5,1,j-shis_meshsearch_avs,5437032131,1,,0.57,Success,,https://www.j-shis.bosai.go.jp/map/api/meshsearch?center=137.39060000%2C36.02160000&epsg=4326&format=geojson&filter=AVS_gt_0&radius=1.000&limit=1&order=DIST&version=V4
GIFH21,35.6665,136.9618,/home/zhangb/work/people/zhangbei/team_claude/team_pytorch/station_cache_d9a7d4d6.csv,1.0,V4,775.5,1,j-shis_meshsearch_avs,5336379644,1,,0.57,Success,,https://www.j-shis.bosai.go.jp/map/api/meshsearch?center=136.96180000%2C35.66650000&epsg=4326&format=geojson&filter=AVS_gt_0&radius=1.000&limit=1&order=DIST&version=V4
GIFH22,35.6682,137.1054,/home/zhangb/work/people/zhangbei/team_claude/team_pytorch/station_cache_d9a7d4d6.csv,1.0,V4,470.9,1,j-shis_meshsearch_avs,5337400812,10,,0.87,Success,,https://www.j-shis.bosai.go.jp/map/api/meshsearch?center=137.10540000%2C35.66820000&epsg=4326&format=geojson&filter=AVS_gt_0&radius=1.000&limit=1&order=DIST&version=V4
GIFH23,35.7235,136.7847,/home/zhangb/work/people/zhangbei/team_claude/team_pytorch/station_cache_d9a7d4d6.csv,1.0,V4,775.5,1,j-shis_meshsearch_avs,5336466244,1,,0.57,Success,,https://www.j-shis.bosai.go.jp/map/api/meshsearch?center=136.78470000%2C35.72350000&epsg=4326&format=geojson&filter=AVS_gt_0&radius=1.000&limit=1&order=DIST&version=V4
GIFH24,35.6401,137.3187,/home/zhangb/work/people/zhangbei/team_claude/team_pytorch/station_cache_d9a7d4d6.csv,1.0,V4,450.5,1,j-shis_meshsearch_avs,5337326534,10,,0.90,Success,,https://www.j-shis.bosai.go.jp/map/api/meshsearch?center=137.31870000%2C35.64010000&epsg=4326&format=geojson&filter=AVS_gt_0&radius=1.000&limit=1&order=DIST&version=V4
GIFH25,35.5214,136.6127,/home/zhangb/work/people/zhangbei/team_claude/team_pytorch/station_cache_d9a7d4d6.csv,1.0,V4,375.4,1,j-shis_meshsearch_avs,5336242931,10,,1.06,Success,,https://www.j-shis.bosai.go.jp/map/api/meshsearch?center=136.61270000%2C35.52140000&epsg=4326&format=geojson&filter=AVS_gt_0&radius=1.000&limit=1&order=DIST&version=V4
GIFH26,35.4121,136.8764,/home/zhangb/work/people/zhangbei/team_claude/team_pytorch/station_cache_d9a7d4d6.csv,1.0,V4,426.6,1,j-shis_meshsearch_avs,5336079013,8,,0.95,Success,,https://www.j-shis.bosai.go.jp/map/api/meshsearch?center=136.87640000%2C35.41210000&epsg=4326&format=geojson&filter=AVS_gt_0&radius=1.000&limit=1&order=DIST&version=V4
GIFH28,35.4571,137.4706,/home/zhangb/work/people/zhangbei/team_claude/team_pytorch/station_cache_d9a7d4d6.csv,1.0,V4,400.3,1,j-shis_meshsearch_avs,5337134743,2,,1.00,Success,,https://www.j-shis.bosai.go.jp/map/api/meshsearch?center=137.47060000%2C35.45710000&epsg=4326&format=geojson&filter=AVS_gt_0&radius=1.000&limit=1&order=DIST&version=V4
GNM001,36.7719,139.2246,/home/zhangb/work/people/zhangbei/team_claude/team_pytorch/station_cache_d9a7d4d6.csv,1.0,V4,533.0,1,j-shis_meshsearch_avs,5539112742,1,,0.78,Success,,https://www.j-shis.bosai.go.jp/map/api/meshsearch?center=139.22460000%2C36.77190000&epsg=4326&format=geojson&filter=AVS_gt_0&radius=1.000&limit=1&order=DIST&version=V4
GNM002,36.7821,138.9695,/home/zhangb/work/people/zhangbei/team_claude/team_pytorch/station_cache_d9a7d4d6.csv,1.0,V4,548.9,1,j-shis_meshsearch_avs,5538173743,8,,0.76,Success,,https://www.j-shis.bosai.go.jp/map/api/meshsearch?center=138.96950000%2C36.78210000&epsg=4326&format=geojson&filter=AVS_gt_0&radius=1.000&limit=1&order=DIST&version=V4
GNM003,36.6581,139.0786,/home/zhangb/work/people/zhangbei/team_claude/team_pytorch/station_cache_d9a7d4d6.csv,1.0,V4,278.5,1,j-shis_meshsearch_avs,5439708634,9,,1.36,Success,,https://www.j-shis.bosai.go.jp/map/api/meshsearch?center=139.07860000%2C36.65810000&epsg=4326&format=geojson&filter=AVS_gt_0&radius=1.000&limit=1&order=DIST&version=V4
GNM004,36.6171,138.5921,/home/zhangb/work/people/zhangbei/team_claude/team_pytorch/station_cache_d9a7d4d6.csv,1.0,V4,432.1,1,j-shis_meshsearch_avs,5438744712,5,,0.94,Success,,https://www.j-shis.bosai.go.jp/map/api/meshsearch?center=138.59210000%2C36.61710000&epsg=4326&format=geojson&filter=AVS_gt_0&radius=1.000&limit=1&order=DIST&version=V4
GNM005,36.5134,138.5176,/home/zhangb/work/people/zhangbei/team_claude/team_pytorch/station_cache_d9a7d4d6.csv,1.0,V4,418.6,1,j-shis_meshsearch_avs,5438641132,8,,0.96,Success,,https://www.j-shis.bosai.go.jp/map/api/meshsearch?center=138.51760000%2C36.51340000&epsg=4326&format=geojson&filter=AVS_gt_0&radius=1.000&limit=1&order=DIST&version=V4
GNM006,36.5105,138.7527,/home/zhangb/work/people/zhangbei/team_claude/team_pytorch/station_cache_d9a7d4d6.csv,1.0,V4,533.0,1,j-shis_meshsearch_avs,5438661013,1,,0.78,Success,,https://www.j-shis.bosai.go.jp/map/api/meshsearch?center=138.75270000%2C36.51050000&epsg=4326&format=geojson&filter=AVS_gt_0&radius=1.000&limit=1&order=DIST&version=V4
GNM007,36.4637,139.0093,/home/zhangb/work/people/zhangbei/team_claude/team_pytorch/station_cache_d9a7d4d6.csv,1.0,V4,349.5,1,j-shis_meshsearch_avs,5439505041,5,,1.12,Success,,https://www.j-shis.bosai.go.jp/map/api/meshsearch?center=139.00930000%2C36.46370000&epsg=4326&format=geojson&filter=AVS_gt_0&radius=1.000&limit=1&order=DIST&version=V4
GNM008,36.3479,139.1368,/home/zhangb/work/people/zhangbei/team_claude/team_pytorch/station_cache_d9a7d4d6.csv,1.0,V4,351.2,1,j-shis_meshsearch_avs,5439411042,11,,1.12,Success,,https://www.j-shis.bosai.go.jp/map/api/meshsearch?center=139.13680000%2C36.34790000&epsg=4326&format=geojson&filter=AVS_gt_0&radius=1.000&limit=1&order=DIST&version=V4
GNM009,36.4105,139.3253,/home/zhangb/work/people/zhangbei/team_claude/team_pytorch/station_cache_d9a7d4d6.csv,1.0,V4,403.5,1,j-shis_meshsearch_avs,5439429613,11,,0.99,Success,,https://www.j-shis.bosai.go.jp/map/api/meshsearch?center=139.32530000%2C36.41050000&epsg=4326&format=geojson&filter=AVS_gt_0&radius=1.000&limit=1&order=DIST&version=V4
GNM010,36.2184,139.4808,/home/zhangb/work/people/zhangbei/team_claude/team_pytorch/station_cache_d9a7d4d6.csv,1.0,V4,198.0,1,j-shis_meshsearch_avs,5439236812,13,,1.82,Success,,https://www.j-shis.bosai.go.jp/map/api/meshsearch?center=139.48080000%2C36.21840000&epsg=4326&format=geojson&filter=AVS_gt_0&radius=1.000&limit=1&order=DIST&version=V4
GNM011,36.2913,139.3607,/home/zhangb/work/people/zhangbei/team_claude/team_pytorch/station_cache_d9a7d4d6.csv,1.0,V4,271.1,1,j-shis_meshsearch_avs,5439324844,8,,1.39,Success,,https://www.j-shis.bosai.go.jp/map/api/meshsearch?center=139.36070000%2C36.29130000&epsg=4326&format=geojson&filter=AVS_gt_0&radius=1.000&limit=1&order=DIST&version=V4
GNM012,36.3118,139.1955,/home/zhangb/work/people/zhangbei/team_claude/team_pytorch/station_cache_d9a7d4d6.csv,1.0,V4,319.2,1,j-shis_meshsearch_avs,5439317523,9,,1.21,Success,,https://www.j-shis.bosai.go.jp/map/api/meshsearch?center=139.19550000%2C36.31180000&epsg=4326&format=geojson&filter=AVS_gt_0&radius=1.000&limit=1&order=DIST&version=V4
GNM013,36.3181,139.0174,/home/zhangb/work/people/zhangbei/team_claude/team_pytorch/station_cache_d9a7d4d6.csv,1.0,V4,245.9,1,j-shis_meshsearch_avs,5439308112,5,,1.51,Success,,https://www.j-shis.bosai.go.jp/map/api/meshsearch?center=139.01740000%2C36.31810000&epsg=4326&format=geojson&filter=AVS_gt_0&radius=1.000&limit=1&order=DIST&version=V4
GNM014,36.3467,138.7211,/home/zhangb/work/people/zhangbei/team_claude/team_pytorch/station_cache_d9a7d4d6.csv,1.0,V4,595.5,1,j-shis_meshsearch_avs,5438451741,9,,0.71,Success,,https://www.j-shis.bosai.go.jp/map/api/meshsearch?center=138.72110000%2C36.34670000&epsg=4326&format=geojson&filter=AVS_gt_0&radius=1.000&limit=1&order=DIST&version=V4
GNM015,36.2286,138.7578,/home/zhangb/work/people/zhangbei/team_claude/team_pytorch/station_cache_d9a7d4d6.csv,1.0,V4,530.3,1,j-shis_meshsearch_avs,5438267023,8,,0.79,Success,,https://www.j-shis.bosai.go.jp/map/api/meshsearch?center=138.75780000%2C36.22860000&epsg=4326&format=geojson&filter=AVS_gt_0&radius=1.000&limit=1&order=DIST&version=V4
GNM016,36.1164,138.925,/home/zhangb/work/people/zhangbei/team_claude/team_pytorch/station_cache_d9a7d4d6.csv,1.0,V4,615.1,1,j-shis_meshsearch_avs,5438173344,8,,0.69,Success,,https://www.j-shis.bosai.go.jp/map/api/meshsearch?center=138.92500000%2C36.11640000&epsg=4326&format=geojson&filter=AVS_gt_0&radius=1.000&limit=1&order=DIST&version=V4
GNMH07,36.6998,139.2104,/home/zhangb/work/people/zhangbei/team_claude/team_pytorch/station_cache_d9a7d4d6.csv,1.0,V4,556.5,1,j-shis_meshsearch_avs,5539013644,8,,0.75,Success,,https://www.j-shis.bosai.go.jp/map/api/meshsearch?center=139.21040000%2C36.69980000&epsg=4326&format=geojson&filter=AVS_gt_0&radius=1.000&limit=1&order=DIST&version=V4
GNMH08,36.4917,138.5244,/home/zhangb/work/people/zhangbei/team_claude/team_pytorch/station_cache_d9a7d4d6.csv,1.0,V4,457.0,1,j-shis_meshsearch_avs,5438549122,5,,0.89,Success,,https://www.j-shis.bosai.go.jp/map/api/meshsearch?center=138.52440000%2C36.49170000&epsg=4326&format=geojson&filter=AVS_gt_0&radius=1.000&limit=1&order=DIST&version=V4
GNMH09,36.6212,138.9068,/home/zhangb/work/people/zhangbei/team_claude/team_pytorch/station_cache_d9a7d4d6.csv,1.0,V4,438.3,1,j-shis_meshsearch_avs,5438774241,9,,0.93,Success,,https://www.j-shis.bosai.go.jp/map/api/meshsearch?center=138.90680000%2C36.62120000&epsg=4326&format=geojson&filter=AVS_gt_0&radius=1.000&limit=1&order=DIST&version=V4
GNMH11,36.2862,138.921,/home/zhangb/work/people/zhangbei/team_claude/team_pytorch/station_cache_d9a7d4d6.csv,1.0,V4,323.9,1,j-shis_meshsearch_avs,5438374323,8,,1.20,Success,,https://www.j-shis.bosai.go.jp/map/api/meshsearch?center=138.92100000%2C36.28620000&epsg=4326&format=geojson&filter=AVS_gt_0&radius=1.000&limit=1&order=DIST&version=V4
GNMH12,36.144,138.9129,/home/zhangb/work/people/zhangbei/team_claude/team_pytorch/station_cache_d9a7d4d6.csv,1.0,V4,580.6,1,j-shis_meshsearch_avs,5438177313,1,,0.73,Success,,https://www.j-shis.bosai.go.jp/map/api/meshsearch?center=138.91290000%2C36.14400000&epsg=4326&format=geojson&filter=AVS_gt_0&radius=1.000&limit=1&order=DIST&version=V4
GNMH13,36.862,139.0627,/home/zhangb/work/people/zhangbei/team_claude/team_pytorch/station_cache_d9a7d4d6.csv,1.0,V4,537.9,1,j-shis_meshsearch_avs,5539203513,2,,0.78,Success,,https://www.j-shis.bosai.go.jp/map/api/meshsearch?center=139.06270000%2C36.86200000&epsg=4326&format=geojson&filter=AVS_gt_0&radius=1.000&limit=1&order=DIST&version=V4
GNMH14,36.4931,139.3219,/home/zhangb/work/people/zhangbei/team_claude/team_pytorch/station_cache_d9a7d4d6.csv,1.0,V4,532.9,1,j-shis_meshsearch_avs,5439529522,1,,0.78,Success,,https://www.j-shis.bosai.go.jp/map/api/meshsearch?center=139.32190000%2C36.49310000&epsg=4326&format=geojson&filter=AVS_gt_0&radius=1.000&limit=1&order=DIST&version=V4
HDKH01,42.7031,142.2296,/home/zhangb/work/people/zhangbei/team_claude/team_pytorch/station_cache_d9a7d4d6.csv,1.0,V4,475.7,1,j-shis_meshsearch_avs,6442014814,8,,0.86,Success,,https://www.j-shis.bosai.go.jp/map/api/meshsearch?center=142.22960000%2C42.70310000&epsg=4326&format=geojson&filter=AVS_gt_0&radius=1.000&limit=1&order=DIST&version=V4
HDKH02,42.7061,142.4054,/home/zhangb/work/people/zhangbei/team_claude/team_pytorch/station_cache_d9a7d4d6.csv,1.0,V4,506.2,1,j-shis_meshsearch_avs,6442034232,8,,0.82,Success,,https://www.j-shis.bosai.go.jp/map/api/meshsearch?center=142.40540000%2C42.70610000&epsg=4326&format=geojson&filter=AVS_gt_0&radius=1.000&limit=1&order=DIST&version=V4
HDKH03,42.5934,142.3521,/home/zhangb/work/people/zhangbei/team_claude/team_pytorch/station_cache_d9a7d4d6.csv,1.0,V4,506.1,1,j-shis_meshsearch_avs,6342721811,8,,0.82,Success,,https://www.j-shis.bosai.go.jp/map/api/meshsearch?center=142.35210000%2C42.59340000&epsg=4326&format=geojson&filter=AVS_gt_0&radius=1.000&limit=1&order=DIST&version=V4
HDKH04,42.5126,142.0381,/home/zhangb/work/people/zhangbei/team_claude/team_pytorch/station_cache_d9a7d4d6.csv,1.0,V4,154.3,1,j-shis_meshsearch_avs,6342601331,13,,2.25,Success,,https://www.j-shis.bosai.go.jp/map/api/meshsearch?center=142.03810000%2C42.51260000&epsg=4326&format=geojson&filter=AVS_gt_0&radius=1.000&limit=1&order=DIST&version=V4
HDKH05,42.5977,142.5446,/home/zhangb/work/people/zhangbei/team_claude/team_pytorch/station_cache_d9a7d4d6.csv,1.0,V4,522.2,1,j-shis_meshsearch_avs,6342741341,8,,0.80,Success,,https://www.j-shis.bosai.go.jp/map/api/meshsearch?center=142.54460000%2C42.59770000&epsg=4326&format=geojson&filter=AVS_gt_0&radius=1.000&limit=1&order=DIST&version=V4
HDKH06,42.3498,142.3572,/home/zhangb/work/people/zhangbei/team_claude/team_pytorch/station_cache_d9a7d4d6.csv,1.0,V4,166.9,1,j-shis_meshsearch_avs,6342421843,13,,2.11,Success,,https://www.j-shis.bosai.go.jp/map/api/meshsearch?center=142.35720000%2C42.34980000&epsg=4326&format=geojson&filter=AVS_gt_0&radius=1.000&limit=1&order=DIST&version=V4
HDKH07,42.133,142.9164,/home/zhangb/work/people/zhangbei/team_claude/team_pytorch/station_cache_d9a7d4d6.csv,1.0,V4,374.2,1,j-shis_meshsearch_avs,6342175334,3,,1.06,Success,,https://www.j-shis.bosai.go.jp/map/api/meshsearch?center=142.91640000%2C42.13300000&epsg=4326&format=geojson&filter=AVS_gt_0&radius=1.000&limit=1&order=DIST&version=V4
HKD004,45.2149,142.226,/home/zhangb/work/people/zhangbei/team_claude/team_pytorch/station_cache_d9a7d4d6.csv,1.0,V4,183.8,1,j-shis_meshsearch_avs,6742615833,15,,1.94,Success,,https://www.j-shis.bosai.go.jp/map/api/meshsearch?center=142.22600000%2C45.21490000&epsg=4326&format=geojson&filter=AVS_gt_0&radius=1.000&limit=1&order=DIST&version=V4
HKD007,44.9702,142.29,/home/zhangb/work/people/zhangbei/team_claude/team_pytorch/station_cache_d9a7d4d6.csv,1.0,V4,302.7,1,j-shis_meshsearch_avs,6742326313,10,,1.27,Success,,https://www.j-shis.bosai.go.jp/map/api/meshsearch?center=142.29000000%2C44.97020000&epsg=4326&format=geojson&filter=AVS_gt_0&radius=1.000&limit=1&order=DIST&version=V4
HKD015,44.8846,141.7503,/home/zhangb/work/people/zhangbei/team_claude/team_pytorch/station_cache_d9a7d4d6.csv,1.0,V4,194.5,1,j-shis_meshsearch_avs,6741266011,18,,1.85,Success,,https://www.j-shis.bosai.go.jp/map/api/meshsearch?center=141.75030000%2C44.88460000&epsg=4326&format=geojson&filter=AVS_gt_0&radius=1.000&limit=1&order=DIST&version=V4
HKD016,44.7199,141.795,/home/zhangb/work/people/zhangbei/team_claude/team_pytorch/station_cache_d9a7d4d6.csv,1.0,V4,183.8,1,j-shis_meshsearch_avs,6741066323,15,,1.94,Success,,https://www.j-shis.bosai.go.jp/map/api/meshsearch?center=141.79500000%2C44.71990000&epsg=4326&format=geojson&filter=AVS_gt_0&radius=1.000&limit=1&order=DIST&version=V4
HKD019,44.3611,141.6978,/home/zhangb/work/people/zhangbei/team_claude/team_pytorch/station_cache_d9a7d4d6.csv,1.0,V4,309.3,1,j-shis_meshsearch_avs,6641453524,8,,1.24,Success,,https://www.j-shis.bosai.go.jp/map/api/meshsearch?center=141.69780000%2C44.36110000&epsg=4326&format=geojson&filter=AVS_gt_0&radius=1.000&limit=1&order=DIST&version=V4
HKD025,44.8116,142.0712,/home/zhangb/work/people/zhangbei/team_claude/team_pytorch/station_cache_d9a7d4d6.csv,1.0,V4,172.3,1,j-shis_meshsearch_avs,6742107523,13,,2.05,Success,,https://www.j-shis.bosai.go.jp/map/api/meshsearch?center=142.07120000%2C44.81160000&epsg=4326&format=geojson&filter=AVS_gt_0&radius=1.000&limit=1&order=DIST&version=V4
HKD034,43.8543,142.7686,/home/zhangb/work/people/zhangbei/team_claude/team_pytorch/station_cache_d9a7d4d6.csv,1.0,V4,405.6,1,j-shis_meshsearch_avs,6542662132,6,,0.99,Success,,https://www.j-shis.bosai.go.jp/map/api/meshsearch?center=142.76860000%2C43.85430000&epsg=4326&format=geojson&filter=AVS_gt_0&radius=1.000&limit=1&order=DIST&version=V4
HKD038,43.1666,142.5662,/home/zhangb/work/people/zhangbei/team_claude/team_pytorch/station_cache_d9a7d4d6.csv,1.0,V4,382.2,1,j-shis_meshsearch_avs,6442549534,11,,1.04,Success,,https://www.j-shis.bosai.go.jp/map/api/meshsearch?center=142.56620000%2C43.16660000&epsg=4326&format=geojson&filter=AVS_gt_0&radius=1.000&limit=1&order=DIST&version=V4
HKD039,43.3421,142.3845,/home/zhangb/work/people/zhangbei/team_claude/team_pytorch/station_cache_d9a7d4d6.csv,1.0,V4,267.1,1,j-shis_meshsearch_avs,6542031022,12,,1.41,Success,,https://www.j-shis.bosai.go.jp/map/api/meshsearch?center=142.38450000%2C43.34210000&epsg=4326&format=geojson&filter=AVS_gt_0&radius=1.000&limit=1&order=DIST&version=V4
HKD040,42.9806,142.3994,/home/zhangb/work/people/zhangbei/team_claude/team_pytorch/station_cache_d9a7d4d6.csv,1.0,V4,448.7,1,j-shis_meshsearch_avs,6442337142,10,,0.91,Success,,https://www.j-shis.bosai.go.jp/map/api/meshsearch?center=142.39940000%2C42.98060000&epsg=4326&format=geojson&filter=AVS_gt_0&radius=1.000&limit=1&order=DIST&version=V4
HKD044,44.4796,143.1276,/home/zhangb/work/people/zhangbei/team_claude/team_pytorch/station_cache_d9a7d4d6.csv,1.0,V4,180.0,1,j-shis_meshsearch_avs,6643517031,15,,1.98,Success,,https://www.j-shis.bosai.go.jp/map/api/meshsearch?center=143.12760000%2C44.47960000&epsg=4326&format=geojson&filter=AVS_gt_0&radius=1.000&limit=1&order=DIST&version=V4
HKD047,44.3677,143.3454,/home/zhangb/work/people/zhangbei/team_claude/team_pytorch/station_cache_d9a7d4d6.csv,1.0,V4,382.7,1,j-shis_meshsearch_avs,6643424721,8,,1.04,Success,,https://www.j-shis.bosai.go.jp/map/api/meshsearch?center=143.34540000%2C44.36770000&epsg=4326&format=geojson&filter=AVS_gt_0&radius=1.000&limit=1&order=DIST&version=V4
HKD048,44.2199,143.6155,/home/zhangb/work/people/zhangbei/team_claude/team_pytorch/station_cache_d9a7d4d6.csv,1.0,V4,259.4,1,j-shis_meshsearch_avs,6643246913,11,,1.45,Success,,https://www.j-shis.bosai.go.jp/map/api/meshsearch?center=143.61550000%2C44.21990000&epsg=4326&format=geojson&filter=AVS_gt_0&radius=1.000&limit=1&order=DIST&version=V4
HKD049,44.0921,143.5336,/home/zhangb/work/people/zhangbei/team_claude/team_pytorch/station_cache_d9a7d4d6.csv,1.0,V4,324.8,1,j-shis_meshsearch_avs,6643141221,11,,1.19,Success,,https://www.j-shis.bosai.go.jp/map/api/meshsearch?center=143.53360000%2C44.09210000&epsg=4326&format=geojson&filter=AVS_gt_0&radius=1.000&limit=1&order=DIST&version=V4
HKD050,43.8785,143.1747,/home/zhangb/work/people/zhangbei/team_claude/team_pytorch/station_cache_d9a7d4d6.csv,1.0,V4,514.7,1,j-shis_meshsearch_avs,6543615324,8,,0.81,Success,,https://www.j-shis.bosai.go.jp/map/api/meshsearch?center=143.17470000%2C43.87850000&epsg=4326&format=geojson&filter=AVS_gt_0&radius=1.000&limit=1&order=DIST&version=V4
HKD051,44.0187,143.7747,/home/zhangb/work/people/zhangbei/team_claude/team_pytorch/station_cache_d9a7d4d6.csv,1.0,V4,312.5,1,j-shis_meshsearch_avs,6643062122,11,,1.23,Success,,https://www.j-shis.bosai.go.jp/map/api/meshsearch?center=143.77470000%2C44.01870000&epsg=4326&format=geojson&filter=AVS_gt_0&radius=1.000&limit=1&order=DIST&version=V4
HKD052,44.1204,144.0712,/home/zhangb/work/people/zhangbei/team_claude/team_pytorch/station_cache_d9a7d4d6.csv,1.0,V4,260.2,1,j-shis_meshsearch_avs,6644104523,16,,1.44,Success,,https://www.j-shis.bosai.go.jp/map/api/meshsearch?center=144.07120000%2C44.12040000&epsg=4326&format=geojson&filter=AVS_gt_0&radius=1.000&limit=1&order=DIST&version=V4
HKD053,43.7849,143.6072,/home/zhangb/work/people/zhangbei/team_claude/team_pytorch/station_cache_d9a7d4d6.csv,1.0,V4,484.6,1,j-shis_meshsearch_avs,6543544821,8,,0.85,Success,,https://www.j-shis.bosai.go.jp/map/api/meshsearch?center=143.60720000%2C43.78490000&epsg=4326&format=geojson&filter=AVS_gt_0&radius=1.000&limit=1&order=DIST&version=V4
HKD054,43.7996,143.9008,/home/zhangb/work/people/zhangbei/team_claude/team_pytorch/station_cache_d9a7d4d6.csv,1.0,V4,430.2,1,j-shis_meshsearch_avs,6543575233,8,,0.94,Success,,https://www.j-shis.bosai.go.jp/map/api/meshsearch?center=143.90080000%2C43.79960000&epsg=4326&format=geojson&filter=AVS_gt_0&radius=1.000&limit=1&order=DIST&version=V4
HKD055,43.8244,144.1087,/home/zhangb/work/people/zhangbei/team_claude/team_pytorch/station_cache_d9a7d4d6.csv,1.0,V4,382.2,1,j-shis_meshsearch_avs,6544508843,8,,1.04,Success,,https://www.j-shis.bosai.go.jp/map/api/meshsearch?center=144.10870000%2C43.82440000&epsg=4326&format=geojson&filter=AVS_gt_0&radius=1.000&limit=1&order=DIST&version=V4
HKD056,43.6705,143.5781,/home/zhangb/work/people/zhangbei/team_claude/team_pytorch/station_cache_d9a7d4d6.csv,1.0,V4,426.1,1,j-shis_meshsearch_avs,6543440613,10,,0.95,Success,,https://www.j-shis.bosai.go.jp/map/api/meshsearch?center=143.57810000%2C43.67050000&epsg=4326&format=geojson&filter=AVS_gt_0&radius=1.000&limit=1&order=DIST&version=V4
HKD057,43.7054,144.0273,/home/zhangb/work/people/zhangbei/team_claude/team_pytorch/station_cache_d9a7d4d6.csv,1.0,V4,469.6,1,j-shis_meshsearch_avs,6544404231,8,,0.87,Success,,https://www.j-shis.bosai.go.jp/map/api/meshsearch?center=144.02730000%2C43.70540000&epsg=4326&format=geojson&filter=AVS_gt_0&radius=1.000&limit=1&order=DIST&version=V4
HKD058,44.0201,144.2729,/home/zhangb/work/people/zhangbei/team_claude/team_pytorch/station_cache_d9a7d4d6.csv,1.0,V4,396.3,1,j-shis_meshsearch_avs,6644022124,8,,1.01,Success,,https://www.j-shis.bosai.go.jp/map/api/meshsearch?center=144.27290000%2C44.02010000&epsg=4326&format=geojson&filter=AVS_gt_0&radius=1.000&limit=1&order=DIST&version=V4
HKD059,43.8574,144.4609,/home/zhangb/work/people/zhangbei/team_claude/team_pytorch/station_cache_d9a7d4d6.csv,1.0,V4,217.7,1,j-shis_meshsearch_avs,6544632644,10,,1.68,Success,,https://www.j-shis.bosai.go.jp/map/api/meshsearch?center=144.46090000%2C43.85740000&epsg=4326&format=geojson&filter=AVS_gt_0&radius=1.000&limit=1&order=DIST&version=V4
HKD060,43.9136,144.6657,/home/zhangb/work/people/zhangbei/team_claude/team_pytorch/station_cache_d9a7d4d6.csv,1.0,V4,194.5,1,j-shis_meshsearch_avs,6544659332,17,,1.85,Success,,https://www.j-shis.bosai.go.jp/map/api/meshsearch?center=144.66570000%2C43.91360000&epsg=4326&format=geojson&filter=AVS_gt_0&radius=1.000&limit=1&order=DIST&version=V4
HKD061,44.0699,144.9973,/home/zhangb/work/people/zhangbei/team_claude/team_pytorch/station_cache_d9a7d4d6.csv,1.0,V4,351.4,1,j-shis_meshsearch_avs,6644078924,7,,1.12,Success,,https://www.j-shis.bosai.go.jp/map/api/meshsearch?center=144.99730000%2C44.06990000&epsg=4326&format=geojson&filter=AVS_gt_0&radius=1.000&limit=1&order=DIST&version=V4
HKD062,43.6746,143.3088,/home/zhangb/work/people/zhangbei/team_claude/team_pytorch/station_cache_d9a7d4d6.csv,1.0,V4,545.8,1,j-shis_meshsearch_avs,6543420443,8,,0.77,Success,,https://www.j-shis.bosai.go.jp/map/api/meshsearch?center=143.30880000%2C43.67460000&epsg=4326&format=geojson&filter=AVS_gt_0&radius=1.000&limit=1&order=DIST&version=V4
HKD063,44.106,145.2478,/home/zhangb/work/people/zhangbei/team_claude/team_pytorch/station_cache_d9a7d4d6.csv,1.0,V4,348.9,1,j-shis_meshsearch_avs,6645112942,8,,1.12,Success,,https://www.j-shis.bosai.go.jp/map/api/meshsearch?center=145.24780000%2C44.10600000&epsg=4326&format=geojson&filter=AVS_gt_0&radius=1.000&limit=1&order=DIST&version=V4
HKD064,44.0202,145.1886,/home/zhangb/work/people/zhangbei/team_claude/team_pytorch/station_cache_d9a7d4d6.csv,1.0,V4,306.8,1,j-shis_meshsearch_avs,6645012513,10,,1.25,Success,,https://www.j-shis.bosai.go.jp/map/api/meshsearch?center=145.18860000%2C44.02020000&epsg=4326&format=geojson&filter=AVS_gt_0&radius=1.000&limit=1&order=DIST&version=V4
HKD065,43.7938,145.0565,/home/zhangb/work/people/zhangbei/team_claude/team_pytorch/station_cache_d9a7d4d6.csv,1.0,V4,282.5,1,j-shis_meshsearch_avs,6545505423,10,,1.34,Success,,https://www.j-shis.bosai.go.jp/map/api/meshsearch?center=145.05650000%2C43.79380000&epsg=4326&format=geojson&filter=AVS_gt_0&radius=1.000&limit=1&order=DIST&version=V4
HKD066,43.6619,145.1307,/home/zhangb/work/people/zhangbei/team_claude/team_pytorch/station_cache_d9a7d4d6.csv,1.0,V4,194.5,1,j-shis_meshsearch_avs,6545319014,18,,1.85,Success,,https://www.j-shis.bosai.go.jp/map/api/meshsearch?center=145.13070000%2C43.66190000&epsg=4326&format=geojson&filter=AVS_gt_0&radius=1.000&limit=1&order=DIST&version=V4
HKD067,43.555,144.9726,/home/zhangb/work/people/zhangbei/team_claude/team_pytorch/station_cache_d9a7d4d6.csv,1.0,V4,244.7,1,j-shis_meshsearch_avs,6544276742,10,,1.52,Success,,https://www.j-shis.bosai.go.jp/map/api/meshsearch?center=144.97260000%2C43.55500000&epsg=4326&format=geojson&filter=AVS_gt_0&radius=1.000&limit=1&order=DIST&version=V4
HKD068,43.4108,144.7704,/home/zhangb/work/people/zhangbei/team_claude/team_pytorch/station_cache_d9a7d4d6.csv,1.0,V4,275.7,1,j-shis_meshsearch_avs,6544069123,9,,1.37,Success,,https://www.j-shis.bosai.go.jp/map/api/meshsearch?center=144.77040000%2C43.41080000&epsg=4326&format=geojson&filter=AVS_gt_0&radius=1.000&limit=1&order=DIST&version=V4
HKD069,43.3941,145.1168,/home/zhangb/work/people/zhangbei/team_claude/team_pytorch/station_cache_d9a7d4d6.csv,1.0,V4,273.4,1,j-shis_meshsearch_avs,6545007914,9,,1.38,Success,,https://www.j-shis.bosai.go.jp/map/api/meshsearch?center=145.11680000%2C43.39410000&epsg=4326&format=geojson&filter=AVS_gt_0&radius=1.000&limit=1&order=DIST&version=V4
HKD070,43.3852,145.284,/home/zhangb/work/people/zhangbei/team_claude/team_pytorch/station_cache_d9a7d4d6.csv,1.0,V4,145.0,1,j-shis_meshsearch_avs,6545026221,15,,2.37,Success,,https://www.j-shis.bosai.go.jp/map/api/meshsearch?center=145.28400000%2C43.38520000&epsg=4326&format=geojson&filter=AVS_gt_0&radius=1.000&limit=1&order=DIST&version=V4
HKD071,43.2326,145.2604,/home/zhangb/work/people/zhangbei/team_claude/team_pytorch/station_cache_d9a7d4d6.csv,1.0,V4,247.4,1,j-shis_meshsearch_avs,6445627044,9,,1.51,Success,,https://www.j-shis.bosai.go.jp/map/api/meshsearch?center=145.26040000%2C43.23260000&epsg=4326&format=geojson&filter=AVS_gt_0&radius=1.000&limit=1&order=DIST&version=V4
HKD072,43.1948,145.5209,/home/zhangb/work/people/zhangbei/team_claude/team_pytorch/station_cache_d9a7d4d6.csv,1.0,V4,242.1,1,j-shis_meshsearch_avs,6445643123,9,,1.53,Success,,https://www.j-shis.bosai.go.jp/map/api/meshsearch?center=145.52090000%2C43.19480000&epsg=4326&format=geojson&filter=AVS_gt_0&radius=1.000&limit=1&order=DIST&version=V4
HKD073,43.3327,145.6003,/home/zhangb/work/people/zhangbei/team_claude/team_pytorch/station_cache_d9a7d4d6.csv,1.0,V4,274.5,1,j-shis_meshsearch_avs,6445749833,9,,1.38,Success,,https://www.j-shis.bosai.go.jp/map/api/meshsearch?center=145.60030000%2C43.33270000&epsg=4326&format=geojson&filter=AVS_gt_0&radius=1.000&limit=1&order=DIST&version=V4
HKD074,43.368,145.8026,/home/zhangb/work/people/zhangbei/team_claude/team_pytorch/station_cache_d9a7d4d6.csv,1.0,V4,246.1,1,j-shis_meshsearch_avs,6545064411,9,,1.51,Success,,https://www.j-shis.bosai.go.jp/map/api/meshsearch?center=145.80260000%2C43.36800000&epsg=4326&format=geojson&filter=AVS_gt_0&radius=1.000&limit=1&order=DIST&version=V4
HKD075,43.1309,145.0288,/home/zhangb/work/people/zhangbei/team_claude/team_pytorch/station_cache_d9a7d4d6.csv,1.0,V4,280.8,1,j-shis_meshsearch_avs,6445505232,9,,1.35,Success,,https://www.j-shis.bosai.go.jp/map/api/meshsearch?center=145.02880000%2C43.13090000&epsg=4326&format=geojson&filter=AVS_gt_0&radius=1.000&limit=1&order=DIST&version=V4
HKD076,43.0509,144.8498,/home/zhangb/work/people/zhangbei/team_claude/team_pytorch/station_cache_d9a7d4d6.csv,1.0,V4,245.6,1,j-shis_meshsearch_avs,6444466722,20,,1.52,Success,,https://www.j-shis.bosai.go.jp/map/api/meshsearch?center=144.84980000%2C43.05090000&epsg=4326&format=geojson&filter=AVS_gt_0&radius=1.000&limit=1&order=DIST&version=V4
HKD077,42.9845,144.3824,/home/zhangb/work/people/zhangbei/team_claude/team_pytorch/station_cache_d9a7d4d6.csv,1.0,V4,260.2,1,j-shis_meshsearch_avs,6444338021,16,,1.44,Success,,https://www.j-shis.bosai.go.jp/map/api/meshsearch?center=144.38240000%2C42.98450000&epsg=4326&format=geojson&filter=AVS_gt_0&radius=1.000&limit=1&order=DIST&version=V4
HKD078,43.1488,144.4976,/home/zhangb/work/people/zhangbei/team_claude/team_pytorch/station_cache_d9a7d4d6.csv,1.0,V4,316.5,1,j-shis_meshsearch_avs,6444537944,8,,1.22,Success,,https://www.j-shis.bosai.go.jp/map/api/meshsearch?center=144.49760000%2C43.14880000&epsg=4326&format=geojson&filter=AVS_gt_0&radius=1.000&limit=1&order=DIST&version=V4
HKD079,43.3034,144.5998,/home/zhangb/work/people/zhangbei/team_claude/team_pytorch/station_cache_d9a7d4d6.csv,1.0,V4,272.0,1,j-shis_meshsearch_avs,6444746724,8,,1.39,Success,,https://www.j-shis.bosai.go.jp/map/api/meshsearch?center=144.59980000%2C43.30340000&epsg=4326&format=geojson&filter=AVS_gt_0&radius=1.000&limit=1&order=DIST&version=V4
HKD080,43.5077,144.4485,/home/zhangb/work/people/zhangbei/team_claude/team_pytorch/station_cache_d9a7d4d6.csv,1.0,V4,273.5,1,j-shis_meshsearch_avs,6544230544,5,,1.38,Success,,https://www.j-shis.bosai.go.jp/map/api/meshsearch?center=144.44850000%2C43.50770000&epsg=4326&format=geojson&filter=AVS_gt_0&radius=1.000&limit=1&order=DIST&version=V4
HKD081,43.6427,144.3901,/home/zhangb/work/people/zhangbei/team_claude/team_pytorch/station_cache_d9a7d4d6.csv,1.0,V4,291.9,1,j-shis_meshsearch_avs,6544337111,5,,1.31,Success,,https://www.j-shis.bosai.go.jp/map/api/meshsearch?center=144.39010000%2C43.64270000&epsg=4326&format=geojson&filter=AVS_gt_0&radius=1.000&limit=1&order=DIST&version=V4
HKD082,43.4369,144.0855,/home/zhangb/work/people/zhangbei/team_claude/team_pytorch/station_cache_d9a7d4d6.csv,1.0,V4,404.4,1,j-shis_meshsearch_avs,6544102624,8,,0.99,Success,,https://www.j-shis.bosai.go.jp/map/api/meshsearch?center=144.08550000%2C43.43690000&epsg=4326&format=geojson&filter=AVS_gt_0&radius=1.000&limit=1&order=DIST&version=V4
HKD083,43.2329,144.3251,/home/zhangb/work/people/zhangbei/team_claude/team_pytorch/station_cache_d9a7d4d6.csv,1.0,V4,282.0,1,j-shis_meshsearch_avs,6444627633,8,,1.35,Success,,https://www.j-shis.bosai.go.jp/map/api/meshsearch?center=144.32510000%2C43.23290000&epsg=4326&format=geojson&filter=AVS_gt_0&radius=1.000&limit=1&order=DIST&version=V4
HKD084,43.1141,144.123,/home/zhangb/work/people/zhangbei/team_claude/team_pytorch/station_cache_d9a7d4d6.csv,1.0,V4,307.9,1,j-shis_meshsearch_avs,6444503942,10,,1.25,Success,,https://www.j-shis.bosai.go.jp/map/api/meshsearch?center=144.12300000%2C43.11410000&epsg=4326&format=geojson&filter=AVS_gt_0&radius=1.000&limit=1&order=DIST&version=V4
HKD085,42.9581,144.0698,/home/zhangb/work/people/zhangbei/team_claude/team_pytorch/station_cache_d9a7d4d6.csv,1.0,V4,207.5,1,j-shis_meshsearch_avs,6444304543,15,,1.75,Success,,https://www.j-shis.bosai.go.jp/map/api/meshsearch?center=144.06980000%2C42.95810000&epsg=4326&format=geojson&filter=AVS_gt_0&radius=1.000&limit=1&order=DIST&version=V4
HKD086,42.8542,143.8579,/home/zhangb/work/people/zhangbei/team_claude/team_pytorch/station_cache_d9a7d4d6.csv,1.0,V4,169.0,1,j-shis_meshsearch_avs,6443262841,13,,2.08,Success,,https://www.j-shis.bosai.go.jp/map/api/meshsearch?center=143.85790000%2C42.85420000&epsg=4326&format=geojson&filter=AVS_gt_0&radius=1.000&limit=1&order=DIST&version=V4
HKD087,43.1502,143.8916,/home/zhangb/work/people/zhangbei/team_claude/team_pytorch/station_cache_d9a7d4d6.csv,1.0,V4,508.2,1,j-shis_meshsearch_avs,6443578112,8,,0.82,Success,,https://www.j-shis.bosai.go.jp/map/api/meshsearch?center=143.89160000%2C43.15020000&epsg=4326&format=geojson&filter=AVS_gt_0&radius=1.000&limit=1&order=DIST&version=V4
HKD088,43.4704,143.7488,/home/zhangb/work/people/zhangbei/team_claude/team_pytorch/station_cache_d9a7d4d6.csv,1.0,V4,520.6,1,j-shis_meshsearch_avs,6543156924,8,,0.80,Success,,https://www.j-shis.bosai.go.jp/map/api/meshsearch?center=143.74880000%2C43.47040000&epsg=4326&format=geojson&filter=AVS_gt_0&radius=1.000&limit=1&order=DIST&version=V4
HKD089,43.2436,143.5544,/home/zhangb/work/people/zhangbei/team_claude/team_pytorch/station_cache_d9a7d4d6.csv,1.0,V4,365.0,1,j-shis_meshsearch_avs,6443649412,10,,1.08,Success,,https://www.j-shis.bosai.go.jp/map/api/meshsearch?center=143.55440000%2C43.24360000&epsg=4326&format=geojson&filter=AVS_gt_0&radius=1.000&limit=1&order=DIST&version=V4
HKD090,43.1213,143.6183,/home/zhangb/work/people/zhangbei/team_claude/team_pytorch/station_cache_d9a7d4d6.csv,1.0,V4,357.6,1,j-shis_meshsearch_avs,6443544932,10,,1.10,Success,,https://www.j-shis.bosai.go.jp/map/api/meshsearch?center=143.61830000%2C43.12130000&epsg=4326&format=geojson&filter=AVS_gt_0&radius=1.000&limit=1&order=DIST&version=V4
HKD091,42.8088,143.659,/home/zhangb/work/people/zhangbei/team_claude/team_pytorch/station_cache_d9a7d4d6.csv,1.0,V4,285.6,1,j-shis_meshsearch_avs,6443157221,10,,1.33,Success,,https://www.j-shis.bosai.go.jp/map/api/meshsearch?center=143.65900000%2C42.80880000&epsg=4326&format=geojson&filter=AVS_gt_0&radius=1.000&limit=1&order=DIST&version=V4
HKD092,42.9283,143.4485,/home/zhangb/work/people/zhangbei/team_claude/team_pytorch/station_cache_d9a7d4d6.csv,1.0,V4,168.1,1,j-shis_meshsearch_avs,6443331524,13,,2.09,Success,,https://www.j-shis.bosai.go.jp/map/api/meshsearch?center=143.44850000%2C42.92830000&epsg=4326&format=geojson&filter=AVS_gt_0&radius=1.000&limit=1&order=DIST&version=V4
HKD093,43.3191,143.3049,/home/zhangb/work/people/zhangbei/team_claude/team_pytorch/station_cache_d9a7d4d6.csv,1.0,V4,510.6,1,j-shis_meshsearch_avs,6443728414,8,,0.81,Success,,https://www.j-shis.bosai.go.jp/map/api/meshsearch?center=143.30490000%2C43.31910000&epsg=4326&format=geojson&filter=AVS_gt_0&radius=1.000&limit=1&order=DIST&version=V4
HKD094,43.1692,143.241,/home/zhangb/work/people/zhangbei/team_claude/team_pytorch/station_cache_d9a7d4d6.csv,1.0,V4,326.8,1,j-shis_meshsearch_avs,6443610914,8,,1.19,Success,,https://www.j-shis.bosai.go.jp/map/api/meshsearch?center=143.24100000%2C43.16920000&epsg=4326&format=geojson&filter=AVS_gt_0&radius=1.000&limit=1&order=DIST&version=V4
HKD095,42.9311,143.2137,/home/zhangb/work/people/zhangbei/team_claude/team_pytorch/station_cache_d9a7d4d6.csv,1.0,V4,308.5,1,j-shis_meshsearch_avs,6443311731,11,,1.25,Success,,https://www.j-shis.bosai.go.jp/map/api/meshsearch?center=143.21370000%2C42.93110000&epsg=4326&format=geojson&filter=AVS_gt_0&radius=1.000&limit=1&order=DIST&version=V4
HKD096,42.6977,143.1357,/home/zhangb/work/people/zhangbei/team_claude/team_pytorch/station_cache_d9a7d4d6.csv,1.0,V4,359.8,1,j-shis_meshsearch_avs,6443013042,8,,1.09,Success,,https://www.j-shis.bosai.go.jp/map/api/meshsearch?center=143.13570000%2C42.69770000&epsg=4326&format=geojson&filter=AVS_gt_0&radius=1.000&limit=1&order=DIST&version=V4
HKD097,42.6181,143.421,/home/zhangb/work/people/zhangbei/team_claude/team_pytorch/station_cache_d9a7d4d6.csv,1.0,V4,324.9,1,j-shis_meshsearch_avs,6343734321,10,,1.19,Success,,https://www.j-shis.bosai.go.jp/map/api/meshsearch?center=143.42100000%2C42.61810000&epsg=4326&format=geojson&filter=AVS_gt_0&radius=1.000&limit=1&order=DIST&version=V4
HKD098,42.4985,143.279,/home/zhangb/work/people/zhangbei/team_claude/team_pytorch/station_cache_d9a7d4d6.csv,1.0,V4,420.8,1,j-shis_meshsearch_avs,6343529234,8,,0.96,Success,,https://www.j-shis.bosai.go.jp/map/api/meshsearch?center=143.27900000%2C42.49850000&epsg=4326&format=geojson&filter=AVS_gt_0&radius=1.000&limit=1&order=DIST&version=V4
HKD099,43.0736,142.8392,/home/zhangb/work/people/zhangbei/team_claude/team_pytorch/station_cache_d9a7d4d6.csv,1.0,V4,312.7,1,j-shis_meshsearch_avs,6442468733,9,,1.23,Success,,https://www.j-shis.bosai.go.jp/map/api/meshsearch?center=142.83920000%2C43.07360000&epsg=4326&format=geojson&filter=AVS_gt_0&radius=1.000&limit=1&order=DIST&version=V4
HKD100,42.2864,143.312,/home/zhangb/work/people/zhangbei/team_claude/team_pytorch/station_cache_d9a7d4d6.csv,1.0,V4,440.8,1,j-shis_meshsearch_avs,6343324424,8,,0.92,Success,,https://www.j-shis.bosai.go.jp/map/api/meshsearch?center=143.31200000%2C42.28640000&epsg=4326&format=geojson&filter=AVS_gt_0&radius=1.000&limit=1&order=DIST&version=V4
HKD102,42.8778,142.4481,/home/zhangb/work/people/zhangbei/team_claude/team_pytorch/station_cache_d9a7d4d6.csv,1.0,V4,517.7,1,j-shis_meshsearch_avs,6442235524,8,,0.80,Success,,https://www.j-shis.bosai.go.jp/map/api/meshsearch?center=142.44810000%2C42.87780000&epsg=4326&format=geojson&filter=AVS_gt_0&radius=1.000&limit=1&order=DIST&version=V4
HKD103,42.7275,142.2973,/home/zhangb/work/people/zhangbei/team_claude/team_pytorch/station_cache_d9a7d4d6.csv,1.0,V4,455.5,1,j-shis_meshsearch_avs,6442027324,8,,0.90,Success,,https://www.j-shis.bosai.go.jp/map/api/meshsearch?center=142.29730000%2C42.72750000&epsg=4326&format=geojson&filter=AVS_gt_0&radius=1.000&limit=1&order=DIST&version=V4
HKD104,42.5886,142.131,/home/zhangb/work/people/zhangbei/team_claude/team_pytorch/station_cache_d9a7d4d6.csv,1.0,V4,318.5,1,j-shis_meshsearch_avs,6342710032,9,,1.21,Success,,https://www.j-shis.bosai.go.jp/map/api/meshsearch?center=142.13100000%2C42.58860000&epsg=4326&format=geojson&filter=AVS_gt_0&radius=1.000&limit=1&order=DIST&version=V4
HKD105,42.4826,142.0538,/home/zhangb/work/people/zhangbei/team_claude/team_pytorch/station_cache_d9a7d4d6.csv,1.0,V4,194.5,1,j-shis_meshsearch_avs,6342507434,18,,1.85,Success,,https://www.j-shis.bosai.go.jp/map/api/meshsearch?center=142.05380000%2C42.48260000&epsg=4326&format=geojson&filter=AVS_gt_0&radius=1.000&limit=1&order=DIST&version=V4
HKD106,42.3414,142.3688,/home/zhangb/work/people/zhangbei/team_claude/team_pytorch/station_cache_d9a7d4d6.csv,1.0,V4,159.4,1,j-shis_meshsearch_avs,6342420943,13,,2.19,Success,,https://www.j-shis.bosai.go.jp/map/api/meshsearch?center=142.36880000%2C42.34140000&epsg=4326&format=geojson&filter=AVS_gt_0&radius=1.000&limit=1&order=DIST&version=V4
HKD107,42.4194,142.4992,/home/zhangb/work/people/zhangbei/team_claude/team_pytorch/station_cache_d9a7d4d6.csv,1.0,V4,344.9,1,j-shis_meshsearch_avs,6342530924,10,,1.13,Success,,https://www.j-shis.bosai.go.jp/map/api/meshsearch?center=142.49920000%2C42.41940000&epsg=4326&format=geojson&filter=AVS_gt_0&radius=1.000&limit=1&order=DIST&version=V4
HKD108,42.2528,142.5643,/home/zhangb/work/people/zhangbei/team_claude/team_pytorch/station_cache_d9a7d4d6.csv,1.0,V4,461.2,1,j-shis_meshsearch_avs,6342340513,8,,0.89,Success,,https://www.j-shis.bosai.go.jp/map/api/meshsearch?center=142.56430000%2C42.25280000&epsg=4326&format=geojson&filter=AVS_gt_0&radius=1.000&limit=1&order=DIST&version=V4
HKD109,42.1678,142.7673,/home/zhangb/work/people/zhangbei/team_claude/team_pytorch/station_cache_d9a7d4d6.csv,1.0,V4,253.3,1,j-shis_meshsearch_avs,6342260112,20,,1.48,Success,,https://www.j-shis.bosai.go.jp/map/api/meshsearch?center=142.76730000%2C42.16780000&epsg=4326&format=geojson&filter=AVS_gt_0&radius=1.000&limit=1&order=DIST&version=V4
HKD110,42.131,142.9354,/home/zhangb/work/people/zhangbei/team_claude/team_pytorch/station_cache_d9a7d4d6.csv,1.0,V4,207.5,1,j-shis_meshsearch_avs,6342175442,15,,1.75,Success,,https://www.j-shis.bosai.go.jp/map/api/meshsearch?center=142.93540000%2C42.13100000&epsg=4326&format=geojson&filter=AVS_gt_0&radius=1.000&limit=1&order=DIST&version=V4
HKD111,42.017,143.1487,/home/zhangb/work/people/zhangbei/team_claude/team_pytorch/station_cache_d9a7d4d6.csv,1.0,V4,207.5,1,j-shis_meshsearch_avs,6343012122,15,,1.75,Success,,https://www.j-shis.bosai.go.jp/map/api/meshsearch?center=143.14870000%2C42.01700000&epsg=4326&format=geojson&filter=AVS_gt_0&radius=1.000&limit=1&order=DIST&version=V4
HKD112,41.937,143.2403,/home/zhangb/work/people/zhangbei/team_claude/team_pytorch/station_cache_d9a7d4d6.csv,1.0,V4,361.9,1,j-shis_meshsearch_avs,6243712913,8,,1.09,Success,,https://www.j-shis.bosai.go.jp/map/api/meshsearch?center=143.24030000%2C41.93700000&epsg=4326&format=geojson&filter=AVS_gt_0&radius=1.000&limit=1&order=DIST&version=V4
HKD113,42.1287,143.3153,/home/zhangb/work/people/zhangbei/team_claude/team_pytorch/station_cache_d9a7d4d6.csv,1.0,V4,207.5,1,j-shis_meshsearch_avs,6343125513,15,,1.75,Success,,https://www.j-shis.bosai.go.jp/map/api/meshsearch?center=143.31530000%2C42.12870000&epsg=4326&format=geojson&filter=AVS_gt_0&radius=1.000&limit=1&order=DIST&version=V4
HKD120,43.3442,141.6633,/home/zhangb/work/people/zhangbei/team_claude/team_pytorch/station_cache_d9a7d4d6.csv,1.0,V4,448.4,1,j-shis_meshsearch_avs,6541051313,8,,0.91,Success,,https://www.j-shis.bosai.go.jp/map/api/meshsearch?center=141.66330000%2C43.34420000&epsg=4326&format=geojson&filter=AVS_gt_0&radius=1.000&limit=1&order=DIST&version=V4
HKD121,43.3332,141.8553,/home/zhangb/work/people/zhangbei/team_claude/team_pytorch/station_cache_d9a7d4d6.csv,1.0,V4,298.2,1,j-shis_meshsearch_avs,6441769834,11,,1.28,Success,,https://www.j-shis.bosai.go.jp/map/api/meshsearch?center=141.85530000%2C43.33320000&epsg=4326&format=geojson&filter=AVS_gt_0&radius=1.000&limit=1&order=DIST&version=V4
HKD122,43.1974,141.7754,/home/zhangb/work/people/zhangbei/team_claude/team_pytorch/station_cache_d9a7d4d6.csv,1.0,V4,416.4,1,j-shis_meshsearch_avs,6441663231,8,,0.97,Success,,https://www.j-shis.bosai.go.jp/map/api/meshsearch?center=141.77540000%2C43.19740000&epsg=4326&format=geojson&filter=AVS_gt_0&radius=1.000&limit=1&order=DIST&version=V4
HKD123,42.9933,142.0085,/home/zhangb/work/people/zhangbei/team_claude/team_pytorch/station_cache_d9a7d4d6.csv,1.0,V4,511.1,1,j-shis_meshsearch_avs,6442309021,8,,0.81,Success,,https://www.j-shis.bosai.go.jp/map/api/meshsearch?center=142.00850000%2C42.99330000&epsg=4326&format=geojson&filter=AVS_gt_0&radius=1.000&limit=1&order=DIST&version=V4
HKD124,42.9986,141.7903,/home/zhangb/work/people/zhangbei/team_claude/team_pytorch/station_cache_d9a7d4d6.csv,1.0,V4,177.9,1,j-shis_meshsearch_avs,6441369333,13,,1.99,Success,,https://www.j-shis.bosai.go.jp/map/api/meshsearch?center=141.79030000%2C42.99860000&epsg=4326&format=geojson&filter=AVS_gt_0&radius=1.000&limit=1&order=DIST&version=V4
HKD125,42.7609,142.1344,/home/zhangb/work/people/zhangbei/team_claude/team_pytorch/station_cache_d9a7d4d6.csv,1.0,V4,471.7,1,j-shis_meshsearch_avs,6442111024,8,,0.87,Success,,https://www.j-shis.bosai.go.jp/map/api/meshsearch?center=142.13440000%2C42.76090000&epsg=4326&format=geojson&filter=AVS_gt_0&radius=1.000&limit=1&order=DIST&version=V4
HKD126,42.5748,141.9284,/home/zhangb/work/people/zhangbei/team_claude/team_pytorch/station_cache_d9a7d4d6.csv,1.0,V4,159.3,1,j-shis_meshsearch_avs,6341678434,13,,2.19,Success,,https://www.j-shis.bosai.go.jp/map/api/meshsearch?center=141.92840000%2C42.57480000&epsg=4326&format=geojson&filter=AVS_gt_0&radius=1.000&limit=1&order=DIST&version=V4
HKD127,42.8743,141.8204,/home/zhangb/work/people/zhangbei/team_claude/team_pytorch/station_cache_d9a7d4d6.csv,1.0,V4,281.3,1,j-shis_meshsearch_avs,6441264543,9,,1.35,Success,,https://www.j-shis.bosai.go.jp/map/api/meshsearch?center=141.82040000%2C42.87430000&epsg=4326&format=geojson&filter=AVS_gt_0&radius=1.000&limit=1&order=DIST&version=V4
HKD128,42.7656,141.8219,/home/zhangb/work/people/zhangbei/team_claude/team_pytorch/station_cache_d9a7d4d6.csv,1.0,V4,281.6,1,j-shis_meshsearch_avs,6441161544,9,,1.35,Success,,https://www.j-shis.bosai.go.jp/map/api/meshsearch?center=141.82190000%2C42.76560000&epsg=4326&format=geojson&filter=AVS_gt_0&radius=1.000&limit=1&order=DIST&version=V4
HKD129,42.6347,141.6057,/home/zhangb/work/people/zhangbei/team_claude/team_pytorch/station_cache_d9a7d4d6.csv,1.0,V4,260.2,1,j-shis_meshsearch_avs,6341746812,16,,1.44,Success,,https://www.j-shis.bosai.go.jp/map/api/meshsearch?center=141.60570000%2C42.63470000&epsg=4326&format=geojson&filter=AVS_gt_0&radius=1.000&limit=1&order=DIST&version=V4
HKD130,42.5626,141.3502,/home/zhangb/work/people/zhangbei/team_claude/team_pytorch/station_cache_d9a7d4d6.csv,1.0,V4,405.6,1,j-shis_meshsearch_avs,6341627831,6,,0.99,Success,,https://www.j-shis.bosai.go.jp/map/api/meshsearch?center=141.35020000%2C42.56260000&epsg=4326&format=geojson&filter=AVS_gt_0&radius=1.000&limit=1&order=DIST&version=V4
HKD131,42.4206,141.0809,/home/zhangb/work/people/zhangbei/team_claude/team_pytorch/station_cache_d9a7d4d6.csv,1.0,V4,243.5,1,j-shis_meshsearch_avs,6341500614,10,,1.53,Success,,https://www.j-shis.bosai.go.jp/map/api/meshsearch?center=141.08090000%2C42.42060000&epsg=4326&format=geojson&filter=AVS_gt_0&radius=1.000&limit=1&order=DIST&version=V4
HKD132,42.3484,141.0318,/home/zhangb/work/people/zhangbei/team_claude/team_pytorch/station_cache_d9a7d4d6.csv,1.0,V4,207.5,1,j-shis_meshsearch_avs,6341401243,15,,1.75,Success,,https://www.j-shis.bosai.go.jp/map/api/meshsearch?center=141.03180000%2C42.34840000&epsg=4326&format=geojson&filter=AVS_gt_0&radius=1.000&limit=1&order=DIST&version=V4
HKD133,42.4727,140.8657,/home/zhangb/work/people/zhangbei/team_claude/team_pytorch/station_cache_d9a7d4d6.csv,1.0,V4,259.2,1,j-shis_meshsearch_avs,6340566932,5,,1.45,Success,,https://www.j-shis.bosai.go.jp/map/api/meshsearch?center=140.86570000%2C42.47270000&epsg=4326&format=geojson&filter=AVS_gt_0&radius=1.000&limit=1&order=DIST&version=V4
HKD134,42.6713,141.079,/home/zhangb/work/people/zhangbei/team_claude/team_pytorch/station_cache_d9a7d4d6.csv,1.0,V4,494.3,1,j-shis_meshsearch_avs,6441000632,8,,0.83,Success,,https://www.j-shis.bosai.go.jp/map/api/meshsearch?center=141.07900000%2C42.67130000&epsg=4326&format=geojson&filter=AVS_gt_0&radius=1.000&limit=1&order=DIST&version=V4
HKD135,42.5533,140.8864,/home/zhangb/work/people/zhangbei/team_claude/team_pytorch/station_cache_d9a7d4d6.csv,1.0,V4,359.7,1,j-shis_meshsearch_avs,6340676024,8,,1.09,Success,,https://www.j-shis.bosai.go.jp/map/api/meshsearch?center=140.88640000%2C42.55330000&epsg=4326&format=geojson&filter=AVS_gt_0&radius=1.000&limit=1&order=DIST&version=V4
HKD136,42.5901,140.6441,/home/zhangb/work/people/zhangbei/team_claude/team_pytorch/station_cache_d9a7d4d6.csv,1.0,V4,193.0,1,j-shis_meshsearch_avs,6340750143,12,,1.86,Success,,https://www.j-shis.bosai.go.jp/map/api/meshsearch?center=140.64410000%2C42.59010000&epsg=4326&format=geojson&filter=AVS_gt_0&radius=1.000&limit=1&order=DIST&version=V4
HKD138,43.2923,140.6013,/home/zhangb/work/people/zhangbei/team_claude/team_pytorch/station_cache_d9a7d4d6.csv,1.0,V4,422.6,1,j-shis_meshsearch_avs,6440745811,8,,0.95,Success,,https://www.j-shis.bosai.go.jp/map/api/meshsearch?center=140.60130000%2C43.29230000&epsg=4326&format=geojson&filter=AVS_gt_0&radius=1.000&limit=1&order=DIST&version=V4
HKD139,43.1975,140.7819,/home/zhangb/work/people/zhangbei/team_claude/team_pytorch/station_cache_d9a7d4d6.csv,1.0,V4,375.9,1,j-shis_meshsearch_avs,6440663241,3,,1.05,Success,,https://www.j-shis.bosai.go.jp/map/api/meshsearch?center=140.78190000%2C43.19750000&epsg=4326&format=geojson&filter=AVS_gt_0&radius=1.000&limit=1&order=DIST&version=V4
HKD140,43.1908,140.9933,/home/zhangb/work/people/zhangbei/team_claude/team_pytorch/station_cache_d9a7d4d6.csv,1.0,V4,354.6,1,j-shis_meshsearch_avs,6440672934,10,,1.11,Success,,https://www.j-shis.bosai.go.jp/map/api/meshsearch?center=140.99330000%2C43.19080000&epsg=4326&format=geojson&filter=AVS_gt_0&radius=1.000&limit=1&order=DIST&version=V4
HKD142,43.0841,140.8202,/home/zhangb/work/people/zhangbei/team_claude/team_pytorch/station_cache_d9a7d4d6.csv,1.0,V4,443.8,1,j-shis_meshsearch_avs,6440560521,8,,0.92,Success,,https://www.j-shis.bosai.go.jp/map/api/meshsearch?center=140.82020000%2C43.08410000&epsg=4326&format=geojson&filter=AVS_gt_0&radius=1.000&limit=1&order=DIST&version=V4
HKD144,42.9059,140.767,/home/zhangb/work/people/zhangbei/team_claude/team_pytorch/station_cache_d9a7d4d6.csv,1.0,V4,181.2,1,j-shis_meshsearch_avs,6440268132,13,,1.96,Success,,https://www.j-shis.bosai.go.jp/map/api/meshsearch?center=140.76700000%2C42.90590000&epsg=4326&format=geojson&filter=AVS_gt_0&radius=1.000&limit=1&order=DIST&version=V4
HKD145,42.7978,140.9361,/home/zhangb/work/people/zhangbei/team_claude/team_pytorch/station_cache_d9a7d4d6.csv,1.0,V4,371.8,1,j-shis_meshsearch_avs,6440175442,10,,1.06,Success,,https://www.j-shis.bosai.go.jp/map/api/meshsearch?center=140.93610000%2C42.79780000&epsg=4326&format=geojson&filter=AVS_gt_0&radius=1.000&limit=1&order=DIST&version=V4
HKD146,42.8076,140.6878,/home/zhangb/work/people/zhangbei/team_claude/team_pytorch/station_cache_d9a7d4d6.csv,1.0,V4,405.6,1,j-shis_meshsearch_avs,6440156533,6,,0.99,Success,,https://www.j-shis.bosai.go.jp/map/api/meshsearch?center=140.68780000%2C42.80760000&epsg=4326&format=geojson&filter=AVS_gt_0&radius=1.000&limit=1&order=DIST&version=V4
HKD147,42.8056,140.5305,/home/zhangb/work/people/zhangbei/team_claude/team_pytorch/station_cache_d9a7d4d6.csv,1.0,V4,442.1,1,j-shis_meshsearch_avs,6440146232,8,,0.92,Success,,https://www.j-shis.bosai.go.jp/map/api/meshsearch?center=140.53050000%2C42.80560000&epsg=4326&format=geojson&filter=AVS_gt_0&radius=1.000&limit=1&order=DIST&version=V4
HKD151,42.4948,140.3539,/home/zhangb/work/people/zhangbei/team_claude/team_pytorch/station_cache_d9a7d4d6.csv,1.0,V4,195.9,1,j-shis_meshsearch_avs,6340529814,15,,1.84,Success,,https://www.j-shis.bosai.go.jp/map/api/meshsearch?center=140.35390000%2C42.49480000&epsg=4326&format=geojson&filter=AVS_gt_0&radius=1.000&limit=1&order=DIST&version=V4
HKD152,42.2586,140.2638,/home/zhangb/work/people/zhangbei/team_claude/team_pytorch/station_cache_d9a7d4d6.csv,1.0,V4,188.9,1,j-shis_meshsearch_avs,6340321111,15,,1.90,Success,,https://www.j-shis.bosai.go.jp/map/api/meshsearch?center=140.26380000%2C42.25860000&epsg=4326&format=geojson&filter=AVS_gt_0&radius=1.000&limit=1&order=DIST&version=V4
HKD154,42.0965,140.5636,/home/zhangb/work/people/zhangbei/team_claude/team_pytorch/station_cache_d9a7d4d6.csv,1.0,V4,308.0,1,j-shis_meshsearch_avs,6340141531,5,,1.25,Success,,https://www.j-shis.bosai.go.jp/map/api/meshsearch?center=140.56360000%2C42.09650000&epsg=4326&format=geojson&filter=AVS_gt_0&radius=1.000&limit=1&order=DIST&version=V4
HKD155,42.0438,140.8064,/home/zhangb/work/people/zhangbei/team_claude/team_pytorch/station_cache_d9a7d4d6.csv,1.0,V4,161.4,1,j-shis_meshsearch_avs,6340065423,15,,2.17,Success,,https://www.j-shis.bosai.go.jp/map/api/meshsearch?center=140.80640000%2C42.04380000&epsg=4326&format=geojson&filter=AVS_gt_0&radius=1.000&limit=1&order=DIST&version=V4
HKD156,41.8996,140.696,/home/zhangb/work/people/zhangbei/team_claude/team_pytorch/station_cache_d9a7d4d6.csv,1.0,V4,475.5,1,j-shis_meshsearch_avs,6240657543,8,,0.86,Success,,https://www.j-shis.bosai.go.jp/map/api/meshsearch?center=140.69600000%2C41.89960000&epsg=4326&format=geojson&filter=AVS_gt_0&radius=1.000&limit=1&order=DIST&version=V4
HKD157,41.9053,140.9698,/home/zhangb/work/people/zhangbei/team_claude/team_pytorch/station_cache_d9a7d4d6.csv,1.0,V4,447.6,1,j-shis_meshsearch_avs,6240678741,8,,0.91,Success,,https://www.j-shis.bosai.go.jp/map/api/meshsearch?center=140.96980000%2C41.90530000&epsg=4326&format=geojson&filter=AVS_gt_0&radius=1.000&limit=1&order=DIST&version=V4
HKD158,41.8349,141.1408,/home/zhangb/work/people/zhangbei/team_claude/team_pytorch/station_cache_d9a7d4d6.csv,1.0,V4,202.8,1,j-shis_meshsearch_avs,6241610112,15,,1.78,Success,,https://www.j-shis.bosai.go.jp/map/api/meshsearch?center=141.14080000%2C41.83490000&epsg=4326&format=geojson&filter=AVS_gt_0&radius=1.000&limit=1&order=DIST&version=V4
HKD159,41.716,141.0046,/home/zhangb/work/people/zhangbei/team_claude/team_pytorch/station_cache_d9a7d4d6.csv,1.0,V4,384.0,1,j-shis_meshsearch_avs,6241405034,8,,1.04,Success,,https://www.j-shis.bosai.go.jp/map/api/meshsearch?center=141.00460000%2C41.71600000&epsg=4326&format=geojson&filter=AVS_gt_0&radius=1.000&limit=1&order=DIST&version=V4
HKD160,41.77,140.7383,/home/zhangb/work/people/zhangbei/team_claude/team_pytorch/station_cache_d9a7d4d6.csv,1.0,V4,260.2,1,j-shis_meshsearch_avs,6240552913,16,,1.44,Success,,https://www.j-shis.bosai.go.jp/map/api/meshsearch?center=140.73830000%2C41.77000000&epsg=4326&format=geojson&filter=AVS_gt_0&radius=1.000&limit=1&order=DIST&version=V4
HKD161,41.68,140.4329,/home/zhangb/work/people/zhangbei/team_claude/team_pytorch/station_cache_d9a7d4d6.csv,1.0,V4,207.5,1,j-shis_meshsearch_avs,6240431441,15,,1.75,Success,,https://www.j-shis.bosai.go.jp/map/api/meshsearch?center=140.43290000%2C41.68000000&epsg=4326&format=geojson&filter=AVS_gt_0&radius=1.000&limit=1&order=DIST&version=V4
HKD162,41.4859,140.2469,/home/zhangb/work/people/zhangbei/team_claude/team_pytorch/station_cache_d9a7d4d6.csv,1.0,V4,281.9,1,j-shis_meshsearch_avs,6240118924,10,,1.35,Success,,https://www.j-shis.bosai.go.jp/map/api/meshsearch?center=140.24690000%2C41.48590000&epsg=4326&format=geojson&filter=AVS_gt_0&radius=1.000&limit=1&order=DIST&version=V4
HKD163,41.4338,140.1117,/home/zhangb/work/people/zhangbei/team_claude/team_pytorch/station_cache_d9a7d4d6.csv,1.0,V4,270.3,1,j-shis_meshsearch_avs,6240102822,10,,1.40,Success,,https://www.j-shis.bosai.go.jp/map/api/meshsearch?center=140.11170000%2C41.43380000&epsg=4326&format=geojson&filter=AVS_gt_0&radius=1.000&limit=1&order=DIST&version=V4
HKD167,42.1297,139.9813,/home/zhangb/work/people/zhangbei/team_claude/team_pytorch/station_cache_d9a7d4d6.csv,1.0,V4,432.4,1,j-shis_meshsearch_avs,6339175841,8,,0.94,Success,,https://www.j-shis.bosai.go.jp/map/api/meshsearch?center=139.98130000%2C42.12970000&epsg=4326&format=geojson&filter=AVS_gt_0&radius=1.000&limit=1&order=DIST&version=V4
HKD168,41.8691,140.1266,/home/zhangb/work/people/zhangbei/team_claude/team_pytorch/station_cache_d9a7d4d6.csv,1.0,V4,223.1,1,j-shis_meshsearch_avs,6240614013,20,,1.64,Success,,https://www.j-shis.bosai.go.jp/map/api/meshsearch?center=140.12660000%2C41.86910000&epsg=4326&format=geojson&filter=AVS_gt_0&radius=1.000&limit=1&order=DIST&version=V4
HKD169,41.9351,140.3678,/home/zhangb/work/people/zhangbei/team_claude/team_pytorch/station_cache_d9a7d4d6.csv,1.0,V4,352.8,1,j-shis_meshsearch_avs,6240722912,11,,1.11,Success,,https://www.j-shis.bosai.go.jp/map/api/meshsearch?center=140.36780000%2C41.93510000&epsg=4326&format=geojson&filter=AVS_gt_0&radius=1.000&limit=1&order=DIST&version=V4
HKD170,41.7495,140.251,/home/zhangb/work/people/zhangbei/team_claude/team_pytorch/station_cache_d9a7d4d6.csv,1.0,V4,477.3,1,j-shis_meshsearch_avs,6240429033,8,,0.86,Success,,https://www.j-shis.bosai.go.jp/map/api/meshsearch?center=140.25100000%2C41.74950000&epsg=4326&format=geojson&filter=AVS_gt_0&radius=1.000&limit=1&order=DIST&version=V4
HKD171,41.649,139.9979,/home/zhangb/work/people/zhangbei/team_claude/team_pytorch/station_cache_d9a7d4d6.csv,1.0,V4,450.6,1,j-shis_meshsearch_avs,6239377944,8,,0.90,Success,,https://www.j-shis.bosai.go.jp/map/api/meshsearch?center=139.99790000%2C41.64900000&epsg=4326&format=geojson&filter=AVS_gt_0&radius=1.000&limit=1&order=DIST&version=V4
HKD178,43.172,141.3043,/home/zhangb/work/people/zhangbei/team_claude/team_pytorch/station_cache_d9a7d4d6.csv,1.0,V4,260.2,1,j-shis_meshsearch_avs,6441620432,16,,1.44,Success,,https://www.j-shis.bosai.go.jp/map/api/meshsearch?center=141.30430000%2C43.17200000&epsg=4326&format=geojson&filter=AVS_gt_0&radius=1.000&limit=1&order=DIST&version=V4
HKD179,43.2236,141.5175,/home/zhangb/work/people/zhangbei/team_claude/team_pytorch/station_cache_d9a7d4d6.csv,1.0,V4,165.6,1,j-shis_meshsearch_avs,6441646134,13,,2.12,Success,,https://www.j-shis.bosai.go.jp/map/api/meshsearch?center=141.51750000%2C43.22360000&epsg=4326&format=geojson&filter=AVS_gt_0&radius=1.000&limit=1&order=DIST&version=V4
HKD180,43.1391,141.3513,/home/zhangb/work/people/zhangbei/team_claude/team_pytorch/station_cache_d9a7d4d6.csv,1.0,V4,149.0,1,j-shis_meshsearch_avs,6441526831,13,,2.32,Success,,https://www.j-shis.bosai.go.jp/map/api/meshsearch?center=141.35130000%2C43.13910000&epsg=4326&format=geojson&filter=AVS_gt_0&radius=1.000&limit=1&order=DIST&version=V4
HKD181,43.1161,141.5462,/home/zhangb/work/people/zhangbei/team_claude/team_pytorch/station_cache_d9a7d4d6.csv,1.0,V4,199.4,1,j-shis_meshsearch_avs,6441543343,9,,1.81,Success,,https://www.j-shis.bosai.go.jp/map/api/meshsearch?center=141.54620000%2C43.11610000&epsg=4326&format=geojson&filter=AVS_gt_0&radius=1.000&limit=1&order=DIST&version=V4
HKD182,42.9721,141.5161,/home/zhangb/work/people/zhangbei/team_claude/team_pytorch/station_cache_d9a7d4d6.csv,1.0,V4,294.2,1,j-shis_meshsearch_avs,6441346132,5,,1.30,Success,,https://www.j-shis.bosai.go.jp/map/api/meshsearch?center=141.51610000%2C42.97210000&epsg=4326&format=geojson&filter=AVS_gt_0&radius=1.000&limit=1&order=DIST&version=V4
HKD184,42.7898,141.6008,/home/zhangb/work/people/zhangbei/team_claude/team_pytorch/station_cache_d9a7d4d6.csv,1.0,V4,280.2,1,j-shis_meshsearch_avs,6441144833,5,,1.35,Success,,https://www.j-shis.bosai.go.jp/map/api/meshsearch?center=141.60080000%2C42.78980000&epsg=4326&format=geojson&filter=AVS_gt_0&radius=1.000&limit=1&order=DIST&version=V4
HKD185,42.7756,141.4016,/home/zhangb/work/people/zhangbei/team_claude/team_pytorch/station_cache_d9a7d4d6.csv,1.0,V4,330.3,1,j-shis_meshsearch_avs,6441133211,5,,1.18,Success,,https://www.j-shis.bosai.go.jp/map/api/meshsearch?center=141.40160000%2C42.77560000&epsg=4326&format=geojson&filter=AVS_gt_0&radius=1.000&limit=1&order=DIST&version=V4
HRS001,35.0339,132.9018,/home/zhangb/work/people/zhangbei/team_claude/team_pytorch/station_cache_d9a7d4d6.csv,1.0,V4,539.0,1,j-shis_meshsearch_avs,5232474211,8,,0.78,Success,,https://www.j-shis.bosai.go.jp/map/api/meshsearch?center=132.90180000%2C35.03390000&epsg=4326&format=geojson&filter=AVS_gt_0&radius=1.000&limit=1&order=DIST&version=V4
HRS002,34.8951,133.2753,/home/zhangb/work/people/zhangbei/team_claude/team_pytorch/station_cache_d9a7d4d6.csv,1.0,V4,452.6,1,j-shis_meshsearch_avs,5233227213,10,,0.90,Success,,https://www.j-shis.bosai.go.jp/map/api/meshsearch?center=133.27530000%2C34.89510000&epsg=4326&format=geojson&filter=AVS_gt_0&radius=1.000&limit=1&order=DIST&version=V4
HRS003,34.8138,132.8427,/home/zhangb/work/people/zhangbei/team_claude/team_pytorch/station_cache_d9a7d4d6.csv,1.0,V4,405.3,1,j-shis_meshsearch_avs,5232167732,10,,0.99,Success,,https://www.j-shis.bosai.go.jp/map/api/meshsearch?center=132.84270000%2C34.81380000&epsg=4326&format=geojson&filter=AVS_gt_0&radius=1.000&limit=1&order=DIST&version=V4
HRS004,34.7263,132.2773,/home/zhangb/work/people/zhangbei/team_claude/team_pytorch/station_cache_d9a7d4d6.csv,1.0,V4,497.1,1,j-shis_meshsearch_avs,5232027211,10,,0.83,Success,,https://www.j-shis.bosai.go.jp/map/api/meshsearch?center=132.27730000%2C34.72630000&epsg=4326&format=geojson&filter=AVS_gt_0&radius=1.000&limit=1&order=DIST&version=V4
HRS005,34.7774,133.2803,/home/zhangb/work/people/zhangbei/team_claude/team_pytorch/station_cache_d9a7d4d6.csv,1.0,V4,422.8,1,j-shis_meshsearch_avs,5233123214,3,,0.95,Success,,https://www.j-shis.bosai.go.jp/map/api/meshsearch?center=133.28030000%2C34.77740000&epsg=4326&format=geojson&filter=AVS_gt_0&radius=1.000&limit=1&order=DIST&version=V4
HRS006,34.6666,132.408,/home/zhangb/work/people/zhangbei/team_claude/team_pytorch/station_cache_d9a7d4d6.csv,1.0,V4,466.3,1,j-shis_meshsearch_avs,5132739243,10,,0.88,Success,,https://www.j-shis.bosai.go.jp/map/api/meshsearch?center=132.40800000%2C34.66660000&epsg=4326&format=geojson&filter=AVS_gt_0&radius=1.000&limit=1&order=DIST&version=V4
HRS007,34.7029,133.0886,/home/zhangb/work/people/zhangbei/team_claude/team_pytorch/station_cache_d9a7d4d6.csv,1.0,V4,775.5,1,j-shis_meshsearch_avs,5233004713,1,,0.57,Success,,https://www.j-shis.bosai.go.jp/map/api/meshsearch?center=133.08860000%2C34.70290000&epsg=4326&format=geojson&filter=AVS_gt_0&radius=1.000&limit=1&order=DIST&version=V4
HRS008,34.6029,132.7201,/home/zhangb/work/people/zhangbei/team_claude/team_pytorch/station_cache_d9a7d4d6.csv,1.0,V4,513.1,1,j-shis_meshsearch_avs,5132752723,8,,0.81,Success,,https://www.j-shis.bosai.go.jp/map/api/meshsearch?center=132.72010000%2C34.60290000&epsg=4326&format=geojson&filter=AVS_gt_0&radius=1.000&limit=1&order=DIST&version=V4
HRS009,34.4927,132.2802,/home/zhangb/work/people/zhangbei/team_claude/team_pytorch/station_cache_d9a7d4d6.csv,1.0,V4,504.3,1,j-shis_meshsearch_avs,5132529212,8,,0.82,Success,,https://www.j-shis.bosai.go.jp/map/api/meshsearch?center=132.28020000%2C34.49270000&epsg=4326&format=geojson&filter=AVS_gt_0&radius=1.000&limit=1&order=DIST&version=V4
HRS010,34.5834,133.0515,/home/zhangb/work/people/zhangbei/team_claude/team_pytorch/station_cache_d9a7d4d6.csv,1.0,V4,452.7,1,j-shis_meshsearch_avs,5133700411,10,,0.90,Success,,https://www.j-shis.bosai.go.jp/map/api/meshsearch?center=133.05150000%2C34.58340000&epsg=4326&format=geojson&filter=AVS_gt_0&radius=1.000&limit=1&order=DIST&version=V4
HRS011,34.5686,133.2364,/home/zhangb/work/people/zhangbei/team_claude/team_pytorch/station_cache_d9a7d4d6.csv,1.0,V4,308.7,1,j-shis_meshsearch_avs,5133618822,10,,1.25,Success,,https://www.j-shis.bosai.go.jp/map/api/meshsearch?center=133.23640000%2C34.56860000&epsg=4326&format=geojson&filter=AVS_gt_0&radius=1.000&limit=1&order=DIST&version=V4
HRS012,34.4274,132.7422,/home/zhangb/work/people/zhangbei/team_claude/team_pytorch/station_cache_d9a7d4d6.csv,1.0,V4,366.1,1,j-shis_meshsearch_avs,5132551914,11,,1.08,Success,,https://www.j-shis.bosai.go.jp/map/api/meshsearch?center=132.74220000%2C34.42740000&epsg=4326&format=geojson&filter=AVS_gt_0&radius=1.000&limit=1&order=DIST&version=V4
HRS013,34.3768,132.4502,/home/zhangb/work/people/zhangbei/team_claude/team_pytorch/station_cache_d9a7d4d6.csv,1.0,V4,229.9,1,j-shis_meshsearch_avs,5132435611,19,,1.60,Success,,https://www.j-shis.bosai.go.jp/map/api/meshsearch?center=132.45020000%2C34.37680000&epsg=4326&format=geojson&filter=AVS_gt_0&radius=1.000&limit=1&order=DIST&version=V4
HRS014,34.2864,132.2765,/home/zhangb/work/people/zhangbei/team_claude/team_pytorch/station_cache_d9a7d4d6.csv,1.0,V4,236.3,1,j-shis_meshsearch_avs,5132324213,19,,1.57,Success,,https://www.j-shis.bosai.go.jp/map/api/meshsearch?center=132.27650000%2C34.28640000&epsg=4326&format=geojson&filter=AVS_gt_0&radius=1.000&limit=1&order=DIST&version=V4
HRS015,34.4852,133.3619,/home/zhangb/work/people/zhangbei/team_claude/team_pytorch/station_cache_d9a7d4d6.csv,1.0,V4,207.5,1,j-shis_meshsearch_avs,5133528822,15,,1.75,Success,,https://www.j-shis.bosai.go.jp/map/api/meshsearch?center=133.36190000%2C34.48520000&epsg=4326&format=geojson&filter=AVS_gt_0&radius=1.000&limit=1&order=DIST&version=V4
HRS016,34.4201,133.1979,/home/zhangb/work/people/zhangbei/team_claude/team_pytorch/station_cache_d9a7d4d6.csv,1.0,V4,775.5,1,j-shis_meshsearch_avs,5133510524,1,,0.57,Success,,https://www.j-shis.bosai.go.jp/map/api/meshsearch?center=133.19790000%2C34.42010000&epsg=4326&format=geojson&filter=AVS_gt_0&radius=1.000&limit=1&order=DIST&version=V4
HRS017,34.4037,133.0838,/home/zhangb/work/people/zhangbei/team_claude/team_pytorch/station_cache_d9a7d4d6.csv,1.0,V4,207.5,1,j-shis_meshsearch_avs,5133408623,15,,1.75,Success,,https://www.j-shis.bosai.go.jp/map/api/meshsearch?center=133.08380000%2C34.40370000&epsg=4326&format=geojson&filter=AVS_gt_0&radius=1.000&limit=1&order=DIST&version=V4
HRS018,34.3413,132.9069,/home/zhangb/work/people/zhangbei/team_claude/team_pytorch/station_cache_d9a7d4d6.csv,1.0,V4,236.3,1,j-shis_meshsearch_avs,5132470243,19,,1.57,Success,,https://www.j-shis.bosai.go.jp/map/api/meshsearch?center=132.90690000%2C34.34130000&epsg=4326&format=geojson&filter=AVS_gt_0&radius=1.000&limit=1&order=DIST&version=V4
HRS019,34.253,132.5617,/home/zhangb/work/people/zhangbei/team_claude/team_pytorch/station_cache_d9a7d4d6.csv,1.0,V4,207.5,1,j-shis_meshsearch_avs,5132340424,15,,1.75,Success,,https://www.j-shis.bosai.go.jp/map/api/meshsearch?center=132.56170000%2C34.25300000&epsg=4326&format=geojson&filter=AVS_gt_0&radius=1.000&limit=1&order=DIST&version=V4
HRS020,34.2936,133.1776,/home/zhangb/work/people/zhangbei/team_claude/team_pytorch/station_cache_d9a7d4d6.csv,1.0,V4,402.2,1,j-shis_meshsearch_avs,5133315411,3,,1.00,Success,,https://www.j-shis.bosai.go.jp/map/api/meshsearch?center=133.17760000%2C34.29360000&epsg=4326&format=geojson&filter=AVS_gt_0&radius=1.000&limit=1&order=DIST&version=V4
HRS021,34.9413,133.1185,/home/zhangb/work/people/zhangbei/team_claude/team_pytorch/station_cache_d9a7d4d6.csv,1.0,V4,447.3,1,j-shis_meshsearch_avs,5233302934,10,,0.91,Success,,https://www.j-shis.bosai.go.jp/map/api/meshsearch?center=133.11850000%2C34.94130000&epsg=4326&format=geojson&filter=AVS_gt_0&radius=1.000&limit=1&order=DIST&version=V4
HRSH01,34.3736,133.0236,/home/zhangb/work/people/zhangbei/team_claude/team_pytorch/station_cache_d9a7d4d6.csv,1.0,V4,775.5,1,j-shis_meshsearch_avs,5133404144,1,,0.57,Success,,https://www.j-shis.bosai.go.jp/map/api/meshsearch?center=133.02360000%2C34.37360000&epsg=4326&format=geojson&filter=AVS_gt_0&radius=1.000&limit=1&order=DIST&version=V4
HRSH03,34.5183,133.1375,/home/zhangb/work/people/zhangbei/team_claude/team_pytorch/station_cache_d9a7d4d6.csv,1.0,V4,775.5,1,j-shis_meshsearch_avs,5133612022,1,,0.57,Success,,https://www.j-shis.bosai.go.jp/map/api/meshsearch?center=133.13750000%2C34.51830000&epsg=4326&format=geojson&filter=AVS_gt_0&radius=1.000&limit=1&order=DIST&version=V4
HRSH04,34.3785,133.3493,/home/zhangb/work/people/zhangbei/team_claude/team_pytorch/station_cache_d9a7d4d6.csv,1.0,V4,207.5,1,j-shis_meshsearch_avs,5133425724,15,,1.75,Success,,https://www.j-shis.bosai.go.jp/map/api/meshsearch?center=133.34930000%2C34.37850000&epsg=4326&format=geojson&filter=AVS_gt_0&radius=1.000&limit=1&order=DIST&version=V4
HRSH05,34.5566,133.4179,/home/zhangb/work/people/zhangbei/team_claude/team_pytorch/station_cache_d9a7d4d6.csv,1.0,V4,295.6,1,j-shis_meshsearch_avs,5133636334,10,,1.29,Success,,https://www.j-shis.bosai.go.jp/map/api/meshsearch?center=133.41790000%2C34.55660000&epsg=4326&format=geojson&filter=AVS_gt_0&radius=1.000&limit=1&order=DIST&version=V4
HRSH06,34.9137,132.9123,/home/zhangb/work/people/zhangbei/team_claude/team_pytorch/station_cache_d9a7d4d6.csv,1.0,V4,409.5,1,j-shis_meshsearch_avs,5232279242,3,,0.98,Success,,https://www.j-shis.bosai.go.jp/map/api/meshsearch?center=132.91230000%2C34.91370000&epsg=4326&format=geojson&filter=AVS_gt_0&radius=1.000&limit=1&order=DIST&version=V4
HRSH07,34.2883,132.6411,/home/zhangb/work/people/zhangbei/team_claude/team_pytorch/station_cache_d9a7d4d6.csv,1.0,V4,400.3,1,j-shis_meshsearch_avs,5132354132,2,,1.00,Success,,https://www.j-shis.bosai.go.jp/map/api/meshsearch?center=132.64110000%2C34.28830000&epsg=4326&format=geojson&filter=AVS_gt_0&radius=1.000&limit=1&order=DIST&version=V4
HRSH09,34.7016,132.9524,/home/zhangb/work/people/zhangbei/team_claude/team_pytorch/station_cache_d9a7d4d6.csv,1.0,V4,775.5,1,j-shis_meshsearch_avs,5232074611,1,,0.57,Success,,https://www.j-shis.bosai.go.jp/map/api/meshsearch?center=132.95240000%2C34.70160000&epsg=4326&format=geojson&filter=AVS_gt_0&radius=1.000&limit=1&order=DIST&version=V4
HRSH10,34.7471,132.3794,/home/zhangb/work/people/zhangbei/team_claude/team_pytorch/station_cache_d9a7d4d6.csv,1.0,V4,775.5,1,j-shis_meshsearch_avs,5232039032,1,,0.57,Success,,https://www.j-shis.bosai.go.jp/map/api/meshsearch?center=132.37940000%2C34.74710000&epsg=4326&format=geojson&filter=AVS_gt_0&radius=1.000&limit=1&order=DIST&version=V4
HRSH11,34.8225,133.1674,/home/zhangb/work/people/zhangbei/team_claude/team_pytorch/station_cache_d9a7d4d6.csv,1.0,V4,484.9,1,j-shis_meshsearch_avs,5233118332,10,,0.85,Success,,https://www.j-shis.bosai.go.jp/map/api/meshsearch?center=133.16740000%2C34.82250000&epsg=4326&format=geojson&filter=AVS_gt_0&radius=1.000&limit=1&order=DIST&version=V4
HRSH13,34.4122,132.3907,/home/zhangb/work/people/zhangbei/team_claude/team_pytorch/station_cache_d9a7d4d6.csv,1.0,V4,775.5,1,j-shis_meshsearch_avs,5132439114,1,,0.57,Success,,https://www.j-shis.bosai.go.jp/map/api/meshsearch?center=132.39070000%2C34.41220000&epsg=4326&format=geojson&filter=AVS_gt_0&radius=1.000&limit=1&order=DIST&version=V4
HRSH14,34.209,132.4063,/home/zhangb/work/people/zhangbei/team_claude/team_pytorch/station_cache_d9a7d4d6.csv,1.0,V4,400.3,1,j-shis_meshsearch_avs,5132235221,2,,1.00,Success,,https://www.j-shis.bosai.go.jp/map/api/meshsearch?center=132.40630000%2C34.20900000&epsg=4326&format=geojson&filter=AVS_gt_0&radius=1.000&limit=1&order=DIST&version=V4
HRSH15,34.1161,132.5053,/home/zhangb/work/people/zhangbei/team_claude/team_pytorch/station_cache_d9a7d4d6.csv,1.0,V4,775.5,1,j-shis_meshsearch_avs,5132143034,1,,0.57,Success,,https://www.j-shis.bosai.go.jp/map/api/meshsearch?center=132.50530000%2C34.11610000&epsg=4326&format=geojson&filter=AVS_gt_0&radius=1.000&limit=1&order=DIST&version=V4
HRSH16,34.6629,132.6689,/home/zhangb/work/people/zhangbei/team_claude/team_pytorch/station_cache_d9a7d4d6.csv,1.0,V4,775.5,1,j-shis_meshsearch_avs,5132759341,1,,0.57,Success,,https://www.j-shis.bosai.go.jp/map/api/meshsearch?center=132.66890000%2C34.66290000&epsg=4326&format=geojson&filter=AVS_gt_0&radius=1.000&limit=1&order=DIST&version=V4
HRSH17,34.5716,132.2326,/home/zhangb/work/people/zhangbei/team_claude/team_pytorch/station_cache_d9a7d4d6.csv,1.0,V4,442.4,1,j-shis_meshsearch_avs,5132618841,10,,0.92,Success,,https://www.j-shis.bosai.go.jp/map/api/meshsearch?center=132.23260000%2C34.57160000&epsg=4326&format=geojson&filter=AVS_gt_0&radius=1.000&limit=1&order=DIST&version=V4
HRSH18,34.4572,132.7923,/home/zhangb/work/people/zhangbei/team_claude/team_pytorch/station_cache_d9a7d4d6.csv,1.0,V4,351.4,1,j-shis_meshsearch_avs,5132564334,7,,1.12,Success,,https://www.j-shis.bosai.go.jp/map/api/meshsearch?center=132.79230000%2C34.45720000&epsg=4326&format=geojson&filter=AVS_gt_0&radius=1.000&limit=1&order=DIST&version=V4
HYG001,35.6197,134.4506,/home/zhangb/work/people/zhangbei/team_claude/team_pytorch/station_cache_d9a7d4d6.csv,1.0,V4,194.5,1,j-shis_meshsearch_avs,5334334613,17,,1.85,Success,,https://www.j-shis.bosai.go.jp/map/api/meshsearch?center=134.45060000%2C35.61970000&epsg=4326&format=geojson&filter=AVS_gt_0&radius=1.000&limit=1&order=DIST&version=V4
HYG002,35.6394,134.628,/home/zhangb/work/people/zhangbei/team_claude/team_pytorch/station_cache_d9a7d4d6.csv,1.0,V4,260.2,1,j-shis_meshsearch_avs,5334356031,16,,1.44,Success,,https://www.j-shis.bosai.go.jp/map/api/meshsearch?center=134.62800000%2C35.63940000&epsg=4326&format=geojson&filter=AVS_gt_0&radius=1.000&limit=1&order=DIST&version=V4
HYG003,35.4613,134.8758,/home/zhangb/work/people/zhangbei/team_claude/team_pytorch/station_cache_d9a7d4d6.csv,1.0,V4,215.3,1,j-shis_meshsearch_avs,5334175013,12,,1.70,Success,,https://www.j-shis.bosai.go.jp/map/api/meshsearch?center=134.87580000%2C35.46130000&epsg=4326&format=geojson&filter=AVS_gt_0&radius=1.000&limit=1&order=DIST&version=V4
HYG004,35.4583,134.5782,/home/zhangb/work/people/zhangbei/team_claude/team_pytorch/station_cache_d9a7d4d6.csv,1.0,V4,641.3,1,j-shis_meshsearch_avs,5334144634,1,,0.67,Success,,https://www.j-shis.bosai.go.jp/map/api/meshsearch?center=134.57820000%2C35.45830000&epsg=4326&format=geojson&filter=AVS_gt_0&radius=1.000&limit=1&order=DIST&version=V4
HYG005,35.3408,134.8616,/home/zhangb/work/people/zhangbei/team_claude/team_pytorch/station_cache_d9a7d4d6.csv,1.0,V4,364.6,1,j-shis_meshsearch_avs,5334060844,10,,1.08,Success,,https://www.j-shis.bosai.go.jp/map/api/meshsearch?center=134.86160000%2C35.34080000&epsg=4326&format=geojson&filter=AVS_gt_0&radius=1.000&limit=1&order=DIST&version=V4
HYG006,35.3329,134.6649,/home/zhangb/work/people/zhangbei/team_claude/team_pytorch/station_cache_d9a7d4d6.csv,1.0,V4,500.4,1,j-shis_meshsearch_avs,5234759333,8,,0.83,Success,,https://www.j-shis.bosai.go.jp/map/api/meshsearch?center=134.66490000%2C35.33290000&epsg=4326&format=geojson&filter=AVS_gt_0&radius=1.000&limit=1&order=DIST&version=V4
HYG007,35.1638,134.5458,/home/zhangb/work/people/zhangbei/team_claude/team_pytorch/station_cache_d9a7d4d6.csv,1.0,V4,377.8,1,j-shis_meshsearch_avs,5234549341,11,,1.05,Success,,https://www.j-shis.bosai.go.jp/map/api/meshsearch?center=134.54580000%2C35.16380000&epsg=4326&format=geojson&filter=AVS_gt_0&radius=1.000&limit=1&order=DIST&version=V4
HYG008,35.1487,134.788,/home/zhangb/work/people/zhangbei/team_claude/team_pytorch/station_cache_d9a7d4d6.csv,1.0,V4,775.5,1,j-shis_meshsearch_avs,5234567333,1,,0.57,Success,,https://www.j-shis.bosai.go.jp/map/api/meshsearch?center=134.78800000%2C35.14870000&epsg=4326&format=geojson&filter=AVS_gt_0&radius=1.000&limit=1&order=DIST&version=V4
HYG009,35.1699,135.1025,/home/zhangb/work/people/zhangbei/team_claude/team_pytorch/station_cache_d9a7d4d6.csv,1.0,V4,364.3,1,j-shis_meshsearch_avs,5235600813,10,,1.08,Success,,https://www.j-shis.bosai.go.jp/map/api/meshsearch?center=135.10250000%2C35.16990000&epsg=4326&format=geojson&filter=AVS_gt_0&radius=1.000&limit=1&order=DIST&version=V4
HYG010,35.0592,135.1776,/home/zhangb/work/people/zhangbei/team_claude/team_pytorch/station_cache_d9a7d4d6.csv,1.0,V4,484.8,1,j-shis_meshsearch_avs,5235417411,8,,0.85,Success,,https://www.j-shis.bosai.go.jp/map/api/meshsearch?center=135.17760000%2C35.05920000&epsg=4326&format=geojson&filter=AVS_gt_0&radius=1.000&limit=1&order=DIST&version=V4
HYG011,34.985,134.3226,/home/zhangb/work/people/zhangbei/team_claude/team_pytorch/station_cache_d9a7d4d6.csv,1.0,V4,370.8,1,j-shis_meshsearch_avs,5234328522,10,,1.07,Success,,https://www.j-shis.bosai.go.jp/map/api/meshsearch?center=134.32260000%2C34.98500000&epsg=4326&format=geojson&filter=AVS_gt_0&radius=1.000&limit=1&order=DIST&version=V4
HYG012,34.9958,134.5523,/home/zhangb/work/people/zhangbei/team_claude/team_pytorch/station_cache_d9a7d4d6.csv,1.0,V4,373.5,1,j-shis_meshsearch_avs,5234349413,10,,1.06,Success,,https://www.j-shis.bosai.go.jp/map/api/meshsearch?center=134.55230000%2C34.99580000&epsg=4326&format=geojson&filter=AVS_gt_0&radius=1.000&limit=1&order=DIST&version=V4
HYG013,34.9895,134.7636,/home/zhangb/work/people/zhangbei/team_claude/team_pytorch/station_cache_d9a7d4d6.csv,1.0,V4,371.8,1,j-shis_meshsearch_avs,5234368131,10,,1.06,Success,,https://www.j-shis.bosai.go.jp/map/api/meshsearch?center=134.76360000%2C34.98950000&epsg=4326&format=geojson&filter=AVS_gt_0&radius=1.000&limit=1&order=DIST&version=V4
HYG014,35.0019,134.9994,/home/zhangb/work/people/zhangbei/team_claude/team_pytorch/station_cache_d9a7d4d6.csv,1.0,V4,775.5,1,j-shis_meshsearch_avs,5234470922,1,,0.57,Success,,https://www.j-shis.bosai.go.jp/map/api/meshsearch?center=134.99940000%2C35.00190000&epsg=4326&format=geojson&filter=AVS_gt_0&radius=1.000&limit=1&order=DIST&version=V4
HYG015,34.9499,135.2714,/home/zhangb/work/people/zhangbei/team_claude/team_pytorch/station_cache_d9a7d4d6.csv,1.0,V4,375.6,1,j-shis_meshsearch_avs,5235323143,11,,1.06,Success,,https://www.j-shis.bosai.go.jp/map/api/meshsearch?center=135.27140000%2C34.94990000&epsg=4326&format=geojson&filter=AVS_gt_0&radius=1.000&limit=1&order=DIST&version=V4
HYG016,34.7553,134.39,/home/zhangb/work/people/zhangbei/team_claude/team_pytorch/station_cache_d9a7d4d6.csv,1.0,V4,207.5,1,j-shis_meshsearch_avs,5234130131,15,,1.75,Success,,https://www.j-shis.bosai.go.jp/map/api/meshsearch?center=134.39000000%2C34.75530000&epsg=4326&format=geojson&filter=AVS_gt_0&radius=1.000&limit=1&order=DIST&version=V4
HYG017,34.8591,134.5446,/home/zhangb/work/people/zhangbei/team_claude/team_pytorch/station_cache_d9a7d4d6.csv,1.0,V4,299.4,1,j-shis_meshsearch_avs,5234243321,11,,1.28,Success,,https://www.j-shis.bosai.go.jp/map/api/meshsearch?center=134.54460000%2C34.85910000&epsg=4326&format=geojson&filter=AVS_gt_0&radius=1.000&limit=1&order=DIST&version=V4
HYG018,34.8145,134.6871,/home/zhangb/work/people/zhangbei/team_claude/team_pytorch/station_cache_d9a7d4d6.csv,1.0,V4,266.3,1,j-shis_meshsearch_avs,5234157442,11,,1.41,Success,,https://www.j-shis.bosai.go.jp/map/api/meshsearch?center=134.68710000%2C34.81450000&epsg=4326&format=geojson&filter=AVS_gt_0&radius=1.000&limit=1&order=DIST&version=V4
HYG019,34.8321,134.8234,/home/zhangb/work/people/zhangbei/team_claude/team_pytorch/station_cache_d9a7d4d6.csv,1.0,V4,364.6,1,j-shis_meshsearch_avs,5234169544,3,,1.08,Success,,https://www.j-shis.bosai.go.jp/map/api/meshsearch?center=134.82340000%2C34.83210000&epsg=4326&format=geojson&filter=AVS_gt_0&radius=1.000&limit=1&order=DIST&version=V4
HYG020,34.7974,134.9889,/home/zhangb/work/people/zhangbei/team_claude/team_pytorch/station_cache_d9a7d4d6.csv,1.0,V4,424.6,1,j-shis_meshsearch_avs,5234175931,8,,0.95,Success,,https://www.j-shis.bosai.go.jp/map/api/meshsearch?center=134.98890000%2C34.79740000&epsg=4326&format=geojson&filter=AVS_gt_0&radius=1.000&limit=1&order=DIST&version=V4
HYG021,34.6904,135.1591,/home/zhangb/work/people/zhangbei/team_claude/team_pytorch/station_cache_d9a7d4d6.csv,1.0,V4,775.5,1,j-shis_meshsearch_avs,5235012243,1,,0.57,Success,,https://www.j-shis.bosai.go.jp/map/api/meshsearch?center=135.15910000%2C34.69040000&epsg=4326&format=geojson&filter=AVS_gt_0&radius=1.000&limit=1&order=DIST&version=V4
HYG022,34.7463,135.3501,/home/zhangb/work/people/zhangbei/team_claude/team_pytorch/station_cache_d9a7d4d6.csv,1.0,V4,275.3,1,j-shis_meshsearch_avs,5235029831,11,,1.37,Success,,https://www.j-shis.bosai.go.jp/map/api/meshsearch?center=135.35010000%2C34.74630000&epsg=4326&format=geojson&filter=AVS_gt_0&radius=1.000&limit=1&order=DIST&version=V4
HYG023,34.6444,134.998,/home/zhangb/work/people/zhangbei/team_claude/team_pytorch/station_cache_d9a7d4d6.csv,1.0,V4,260.2,1,j-shis_meshsearch_avs,5134777924,16,,1.44,Success,,https://www.j-shis.bosai.go.jp/map/api/meshsearch?center=134.99800000%2C34.64440000&epsg=4326&format=geojson&filter=AVS_gt_0&radius=1.000&limit=1&order=DIST&version=V4
HYG024,34.533,134.9904,/home/zhangb/work/people/zhangbei/team_claude/team_pytorch/station_cache_d9a7d4d6.csv,1.0,V4,207.5,1,j-shis_meshsearch_avs,5134673933,15,,1.75,Success,,https://www.j-shis.bosai.go.jp/map/api/meshsearch?center=134.99040000%2C34.53300000&epsg=4326&format=geojson&filter=AVS_gt_0&radius=1.000&limit=1&order=DIST&version=V4
HYG025,34.3389,134.9011,/home/zhangb/work/people/zhangbei/team_claude/team_pytorch/station_cache_d9a7d4d6.csv,1.0,V4,775.5,1,j-shis_meshsearch_avs,5134470231,1,,0.57,Success,,https://www.j-shis.bosai.go.jp/map/api/meshsearch?center=134.90110000%2C34.33890000&epsg=4326&format=geojson&filter=AVS_gt_0&radius=1.000&limit=1&order=DIST&version=V4
HYG026,34.4147,134.7914,/home/zhangb/work/people/zhangbei/team_claude/team_pytorch/station_cache_d9a7d4d6.csv,1.0,V4,476.3,1,j-shis_meshsearch_avs,5134469334,3,,0.86,Success,,https://www.j-shis.bosai.go.jp/map/api/meshsearch?center=134.79140000%2C34.41470000&epsg=4326&format=geojson&filter=AVS_gt_0&radius=1.000&limit=1&order=DIST&version=V4
HYG027,34.2496,134.7292,/home/zhangb/work/people/zhangbei/team_claude/team_pytorch/station_cache_d9a7d4d6.csv,1.0,V4,422.6,1,j-shis_meshsearch_avs,5134259834,3,,0.95,Success,,https://www.j-shis.bosai.go.jp/map/api/meshsearch?center=134.72920000%2C34.24960000&epsg=4326&format=geojson&filter=AVS_gt_0&radius=1.000&limit=1&order=DIST&version=V4
HYGH01,34.2937,134.7941,/home/zhangb/work/people/zhangbei/team_claude/team_pytorch/station_cache_d9a7d4d6.csv,1.0,V4,454.5,1,j-shis_meshsearch_avs,5134365321,8,,0.90,Success,,https://www.j-shis.bosai.go.jp/map/api/meshsearch?center=134.79410000%2C34.29370000&epsg=4326&format=geojson&filter=AVS_gt_0&radius=1.000&limit=1&order=DIST&version=V4
HYGH02,35.0671,134.4234,/home/zhangb/work/people/zhangbei/team_claude/team_pytorch/station_cache_d9a7d4d6.csv,1.0,V4,514.0,1,j-shis_meshsearch_avs,5234438322,8,,0.81,Success,,https://www.j-shis.bosai.go.jp/map/api/meshsearch?center=134.42340000%2C35.06710000&epsg=4326&format=geojson&filter=AVS_gt_0&radius=1.000&limit=1&order=DIST&version=V4
HYGH03,35.2193,134.5237,/home/zhangb/work/people/zhangbei/team_claude/team_pytorch/station_cache_d9a7d4d6.csv,1.0,V4,775.5,1,j-shis_meshsearch_avs,5234646124,1,,0.57,Success,,https://www.j-shis.bosai.go.jp/map/api/meshsearch?center=134.52370000%2C35.21930000&epsg=4326&format=geojson&filter=AVS_gt_0&radius=1.000&limit=1&order=DIST&version=V4
HYGH04,35.0708,135.2811,/home/zhangb/work/people/zhangbei/team_claude/team_pytorch/station_cache_d9a7d4d6.csv,1.0,V4,420.9,1,j-shis_meshsearch_avs,5235428214,10,,0.96,Success,,https://www.j-shis.bosai.go.jp/map/api/meshsearch?center=135.28110000%2C35.07080000&epsg=4326&format=geojson&filter=AVS_gt_0&radius=1.000&limit=1&order=DIST&version=V4
HYGH06,34.7935,134.4792,/home/zhangb/work/people/zhangbei/team_claude/team_pytorch/station_cache_d9a7d4d6.csv,1.0,V4,775.5,1,j-shis_meshsearch_avs,5234135812,1,,0.57,Success,,https://www.j-shis.bosai.go.jp/map/api/meshsearch?center=134.47920000%2C34.79350000&epsg=4326&format=geojson&filter=AVS_gt_0&radius=1.000&limit=1&order=DIST&version=V4
HYGH07,35.0322,134.6701,/home/zhangb/work/people/zhangbei/team_claude/team_pytorch/station_cache_d9a7d4d6.csv,1.0,V4,403.8,1,j-shis_meshsearch_avs,5234453343,10,,0.99,Success,,https://www.j-shis.bosai.go.jp/map/api/meshsearch?center=134.67010000%2C35.03220000&epsg=4326&format=geojson&filter=AVS_gt_0&radius=1.000&limit=1&order=DIST&version=V4
HYGH08,35.101,134.9036,/home/zhangb/work/people/zhangbei/team_claude/team_pytorch/station_cache_d9a7d4d6.csv,1.0,V4,400.3,1,j-shis_meshsearch_avs,5234572212,2,,1.00,Success,,https://www.j-shis.bosai.go.jp/map/api/meshsearch?center=134.90360000%2C35.10100000&epsg=4326&format=geojson&filter=AVS_gt_0&radius=1.000&limit=1&order=DIST&version=V4
HYGH09,34.9082,135.0844,/home/zhangb/work/people/zhangbei/team_claude/team_pytorch/station_cache_d9a7d4d6.csv,1.0,V4,425.5,1,j-shis_meshsearch_avs,5235208644,3,,0.95,Success,,https://www.j-shis.bosai.go.jp/map/api/meshsearch?center=135.08440000%2C34.90820000&epsg=4326&format=geojson&filter=AVS_gt_0&radius=1.000&limit=1&order=DIST&version=V4
HYGH10,34.8164,134.8078,/home/zhangb/work/people/zhangbei/team_claude/team_pytorch/station_cache_d9a7d4d6.csv,1.0,V4,399.5,1,j-shis_meshsearch_avs,5234167443,8,,1.00,Success,,https://www.j-shis.bosai.go.jp/map/api/meshsearch?center=134.80780000%2C34.81640000&epsg=4326&format=geojson&filter=AVS_gt_0&radius=1.000&limit=1&order=DIST&version=V4
HYGH11,35.2925,134.9071,/home/zhangb/work/people/zhangbei/team_claude/team_pytorch/station_cache_d9a7d4d6.csv,1.0,V4,400.3,1,j-shis_meshsearch_avs,5234775221,2,,1.00,Success,,https://www.j-shis.bosai.go.jp/map/api/meshsearch?center=134.90710000%2C35.29250000&epsg=4326&format=geojson&filter=AVS_gt_0&radius=1.000&limit=1&order=DIST&version=V4
HYGH12,34.9313,134.5423,/home/zhangb/work/people/zhangbei/team_claude/team_pytorch/station_cache_d9a7d4d6.csv,1.0,V4,400.3,1,j-shis_meshsearch_avs,5234341334,2,,1.00,Success,,https://www.j-shis.bosai.go.jp/map/api/meshsearch?center=134.54230000%2C34.93130000&epsg=4326&format=geojson&filter=AVS_gt_0&radius=1.000&limit=1&order=DIST&version=V4
HYGH13,35.6208,134.6566,/home/zhangb/work/people/zhangbei/team_claude/team_pytorch/station_cache_d9a7d4d6.csv,1.0,V4,400.3,1,j-shis_meshsearch_avs,5334354223,2,,1.00,Success,,https://www.j-shis.bosai.go.jp/map/api/meshsearch?center=134.65660000%2C35.62080000&epsg=4326&format=geojson&filter=AVS_gt_0&radius=1.000&limit=1&order=DIST&version=V4
HYGH15,35.4697,134.5953,/home/zhangb/work/people/zhangbei/team_claude/team_pytorch/station_cache_d9a7d4d6.csv,1.0,V4,429.3,1,j-shis_meshsearch_avs,5334146723,10,,0.94,Success,,https://www.j-shis.bosai.go.jp/map/api/meshsearch?center=134.59530000%2C35.46970000&epsg=4326&format=geojson&filter=AVS_gt_0&radius=1.000&limit=1&order=DIST&version=V4
HYMH01,42.4851,139.9678,/home/zhangb/work/people/zhangbei/team_claude/team_pytorch/station_cache_d9a7d4d6.csv,1.0,V4,473.9,1,j-shis_meshsearch_avs,6339578712,8,,0.87,Success,,https://www.j-shis.bosai.go.jp/map/api/meshsearch?center=139.96780000%2C42.48510000&epsg=4326&format=geojson&filter=AVS_gt_0&radius=1.000&limit=1&order=DIST&version=V4
HYMH02,41.9856,140.3087,/home/zhangb/work/people/zhangbei/team_claude/team_pytorch/station_cache_d9a7d4d6.csv,1.0,V4,451.2,1,j-shis_meshsearch_avs,6240728423,8,,0.90,Success,,https://www.j-shis.bosai.go.jp/map/api/meshsearch?center=140.30870000%2C41.98560000&epsg=4326&format=geojson&filter=AVS_gt_0&radius=1.000&limit=1&order=DIST&version=V4
HYMH03,42.1344,140.004,/home/zhangb/work/people/zhangbei/team_claude/team_pytorch/station_cache_d9a7d4d6.csv,1.0,V4,476.6,1,j-shis_meshsearch_avs,6340106012,8,,0.86,Success,,https://www.j-shis.bosai.go.jp/map/api/meshsearch?center=140.00400000%2C42.13440000&epsg=4326&format=geojson&filter=AVS_gt_0&radius=1.000&limit=1&order=DIST&version=V4
IBR001,36.7763,140.3582,/home/zhangb/work/people/zhangbei/team_claude/team_pytorch/station_cache_d9a7d4d6.csv,1.0,V4,482.0,1,j-shis_meshsearch_avs,5540123821,10,,0.85,Success,,https://www.j-shis.bosai.go.jp/map/api/meshsearch?center=140.35820000%2C36.77630000&epsg=4326&format=geojson&filter=AVS_gt_0&radius=1.000&limit=1&order=DIST&version=V4
IBR002,36.7126,140.7073,/home/zhangb/work/people/zhangbei/team_claude/team_pytorch/station_cache_d9a7d4d6.csv,1.0,V4,270.8,1,j-shis_meshsearch_avs,5540055641,15,,1.39,Success,,https://www.j-shis.bosai.go.jp/map/api/meshsearch?center=140.70730000%2C36.71260000&epsg=4326&format=geojson&filter=AVS_gt_0&radius=1.000&limit=1&order=DIST&version=V4
IBR003,36.5914,140.6453,/home/zhangb/work/people/zhangbei/team_claude/team_pytorch/station_cache_d9a7d4d6.csv,1.0,V4,342.5,1,j-shis_meshsearch_avs,5440750143,9,,1.14,Success,,https://www.j-shis.bosai.go.jp/map/api/meshsearch?center=140.64530000%2C36.59140000&epsg=4326&format=geojson&filter=AVS_gt_0&radius=1.000&limit=1&order=DIST&version=V4
IBR004,36.5516,140.4102,/home/zhangb/work/people/zhangbei/team_claude/team_pytorch/station_cache_d9a7d4d6.csv,1.0,V4,407.4,1,j-shis_meshsearch_avs,5440636222,9,,0.98,Success,,https://www.j-shis.bosai.go.jp/map/api/meshsearch?center=140.41020000%2C36.55160000&epsg=4326&format=geojson&filter=AVS_gt_0&radius=1.000&limit=1&order=DIST&version=V4
IBR005,36.3851,140.2373,/home/zhangb/work/people/zhangbei/team_claude/team_pytorch/station_cache_d9a7d4d6.csv,1.0,V4,421.3,1,j-shis_meshsearch_avs,5440416822,9,,0.96,Success,,https://www.j-shis.bosai.go.jp/map/api/meshsearch?center=140.23730000%2C36.38510000&epsg=4326&format=geojson&filter=AVS_gt_0&radius=1.000&limit=1&order=DIST&version=V4
IBR006,36.3665,140.4543,/home/zhangb/work/people/zhangbei/team_claude/team_pytorch/station_cache_d9a7d4d6.csv,1.0,V4,332.1,1,j-shis_meshsearch_avs,5440433634,9,,1.17,Success,,https://www.j-shis.bosai.go.jp/map/api/meshsearch?center=140.45430000%2C36.36650000&epsg=4326&format=geojson&filter=AVS_gt_0&radius=1.000&limit=1&order=DIST&version=V4
IBR007,36.3526,140.5954,/home/zhangb/work/people/zhangbei/team_claude/team_pytorch/station_cache_d9a7d4d6.csv,1.0,V4,350.0,1,j-shis_meshsearch_avs,5440442723,9,,1.12,Success,,https://www.j-shis.bosai.go.jp/map/api/meshsearch?center=140.59540000%2C36.35260000&epsg=4326&format=geojson&filter=AVS_gt_0&radius=1.000&limit=1&order=DIST&version=V4
IBR008,36.3061,139.9826,/home/zhangb/work/people/zhangbei/team_claude/team_pytorch/station_cache_d9a7d4d6.csv,1.0,V4,294.9,1,j-shis_meshsearch_avs,5439376841,11,,1.30,Success,,https://www.j-shis.bosai.go.jp/map/api/meshsearch?center=139.98260000%2C36.30610000&epsg=4326&format=geojson&filter=AVS_gt_0&radius=1.000&limit=1&order=DIST&version=V4
IBR009,36.185,139.7037,/home/zhangb/work/people/zhangbei/team_claude/team_pytorch/station_cache_d9a7d4d6.csv,1.0,V4,234.5,1,j-shis_meshsearch_avs,5439252612,9,,1.58,Success,,https://www.j-shis.bosai.go.jp/map/api/meshsearch?center=139.70370000%2C36.18500000&epsg=4326&format=geojson&filter=AVS_gt_0&radius=1.000&limit=1&order=DIST&version=V4
IBR010,36.1844,139.9652,/home/zhangb/work/people/zhangbei/team_claude/team_pytorch/station_cache_d9a7d4d6.csv,1.0,V4,136.1,1,j-shis_meshsearch_avs,5439272711,9,,2.51,Success,,https://www.j-shis.bosai.go.jp/map/api/meshsearch?center=139.96520000%2C36.18440000&epsg=4326&format=geojson&filter=AVS_gt_0&radius=1.000&limit=1&order=DIST&version=V4
IBR011,36.1256,140.0901,/home/zhangb/work/people/zhangbei/team_claude/team_pytorch/station_cache_d9a7d4d6.csv,1.0,V4,222.6,1,j-shis_meshsearch_avs,5440105711,9,,1.65,Success,,https://www.j-shis.bosai.go.jp/map/api/meshsearch?center=140.09010000%2C36.12560000&epsg=4326&format=geojson&filter=AVS_gt_0&radius=1.000&limit=1&order=DIST&version=V4
IBR012,36.1954,140.2713,/home/zhangb/work/people/zhangbei/team_claude/team_pytorch/station_cache_d9a7d4d6.csv,1.0,V4,250.4,1,j-shis_meshsearch_avs,5440223123,9,,1.49,Success,,https://www.j-shis.bosai.go.jp/map/api/meshsearch?center=140.27130000%2C36.19540000&epsg=4326&format=geojson&filter=AVS_gt_0&radius=1.000&limit=1&order=DIST&version=V4
IBR013,36.1587,140.4892,/home/zhangb/work/people/zhangbei/team_claude/team_pytorch/station_cache_d9a7d4d6.csv,1.0,V4,268.5,1,j-shis_meshsearch_avs,5440139911,9,,1.40,Success,,https://www.j-shis.bosai.go.jp/map/api/meshsearch?center=140.48920000%2C36.15870000&epsg=4326&format=geojson&filter=AVS_gt_0&radius=1.000&limit=1&order=DIST&version=V4
IBR014,36.0729,140.1948,/home/zhangb/work/people/zhangbei/team_claude/team_pytorch/station_cache_d9a7d4d6.csv,1.0,V4,196.0,1,j-shis_meshsearch_avs,5440018541,9,,1.84,Success,,https://www.j-shis.bosai.go.jp/map/api/meshsearch?center=140.19480000%2C36.07290000&epsg=4326&format=geojson&filter=AVS_gt_0&radius=1.000&limit=1&order=DIST&version=V4
IBR015,36.0698,139.9082,/home/zhangb/work/people/zhangbei/team_claude/team_pytorch/station_cache_d9a7d4d6.csv,1.0,V4,231.6,1,j-shis_meshsearch_avs,5439078223,9,,1.59,Success,,https://www.j-shis.bosai.go.jp/map/api/meshsearch?center=139.90820000%2C36.06980000&epsg=4326&format=geojson&filter=AVS_gt_0&radius=1.000&limit=1&order=DIST&version=V4
IBR016,35.9114,140.0494,/home/zhangb/work/people/zhangbei/team_claude/team_pytorch/station_cache_d9a7d4d6.csv,1.0,V4,253.6,1,j-shis_meshsearch_avs,5340609324,10,,1.47,Success,,https://www.j-shis.bosai.go.jp/map/api/meshsearch?center=140.04940000%2C35.91140000&epsg=4326&format=geojson&filter=AVS_gt_0&radius=1.000&limit=1&order=DIST&version=V4
IBR017,35.9538,140.3196,/home/zhangb/work/people/zhangbei/team_claude/team_pytorch/station_cache_d9a7d4d6.csv,1.0,V4,180.7,1,j-shis_meshsearch_avs,5340724523,16,,1.97,Success,,https://www.j-shis.bosai.go.jp/map/api/meshsearch?center=140.31960000%2C35.95380000&epsg=4326&format=geojson&filter=AVS_gt_0&radius=1.000&limit=1&order=DIST&version=V4
IBR018,35.9766,140.6306,/home/zhangb/work/people/zhangbei/team_claude/team_pytorch/station_cache_d9a7d4d6.csv,1.0,V4,287.9,1,j-shis_meshsearch_avs,5340757012,9,,1.32,Success,,https://www.j-shis.bosai.go.jp/map/api/meshsearch?center=140.63060000%2C35.97660000&epsg=4326&format=geojson&filter=AVS_gt_0&radius=1.000&limit=1&order=DIST&version=V4
IBRH06,36.8809,140.6545,/home/zhangb/work/people/zhangbei/team_claude/team_pytorch/station_cache_d9a7d4d6.csv,1.0,V4,432.7,1,j-shis_meshsearch_avs,5540255232,10,,0.94,Success,,https://www.j-shis.bosai.go.jp/map/api/meshsearch?center=140.65450000%2C36.88090000&epsg=4326&format=geojson&filter=AVS_gt_0&radius=1.000&limit=1&order=DIST&version=V4
IBRH07,35.9521,140.3301,/home/zhangb/work/people/zhangbei/team_claude/team_pytorch/station_cache_d9a7d4d6.csv,1.0,V4,104.4,1,j-shis_meshsearch_avs,5340724614,19,,3.14,Success,,https://www.j-shis.bosai.go.jp/map/api/meshsearch?center=140.33010000%2C35.95210000&epsg=4326&format=geojson&filter=AVS_gt_0&radius=1.000&limit=1&order=DIST&version=V4
IBRH08,36.1188,140.5621,/home/zhangb/work/people/zhangbei/team_claude/team_pytorch/station_cache_d9a7d4d6.csv,1.0,V4,318.8,1,j-shis_meshsearch_avs,5440144424,9,,1.21,Success,,https://www.j-shis.bosai.go.jp/map/api/meshsearch?center=140.56210000%2C36.11880000&epsg=4326&format=geojson&filter=AVS_gt_0&radius=1.000&limit=1&order=DIST&version=V4
IBRH09,36.439,140.3559,/home/zhangb/work/people/zhangbei/team_claude/team_pytorch/station_cache_d9a7d4d6.csv,1.0,V4,295.6,1,j-shis_meshsearch_avs,5440522832,9,,1.29,Success,,https://www.j-shis.bosai.go.jp/map/api/meshsearch?center=140.35590000%2C36.43900000&epsg=4326&format=geojson&filter=AVS_gt_0&radius=1.000&limit=1&order=DIST&version=V4
IBRH11,36.3701,140.1401,/home/zhangb/work/people/zhangbei/team_claude/team_pytorch/station_cache_d9a7d4d6.csv,1.0,V4,394.6,1,j-shis_meshsearch_avs,5440414113,9,,1.01,Success,,https://www.j-shis.bosai.go.jp/map/api/meshsearch?center=140.14010000%2C36.37010000&epsg=4326&format=geojson&filter=AVS_gt_0&radius=1.000&limit=1&order=DIST&version=V4
IBRH12,36.8369,140.3181,/home/zhangb/work/people/zhangbei/team_claude/team_pytorch/station_cache_d9a7d4d6.csv,1.0,V4,575.5,1,j-shis_meshsearch_avs,5540220514,10,,0.73,Success,,https://www.j-shis.bosai.go.jp/map/api/meshsearch?center=140.31810000%2C36.83690000&epsg=4326&format=geojson&filter=AVS_gt_0&radius=1.000&limit=1&order=DIST&version=V4
IBRH13,36.7955,140.575,/home/zhangb/work/people/zhangbei/team_claude/team_pytorch/station_cache_d9a7d4d6.csv,1.0,V4,539.8,1,j-shis_meshsearch_avs,5540145524,1,,0.77,Success,,https://www.j-shis.bosai.go.jp/map/api/meshsearch?center=140.57500000%2C36.79550000&epsg=4326&format=geojson&filter=AVS_gt_0&radius=1.000&limit=1&order=DIST&version=V4
IBRH15,36.5566,140.3013,/home/zhangb/work/people/zhangbei/team_claude/team_pytorch/station_cache_d9a7d4d6.csv,1.0,V4,442.6,1,j-shis_meshsearch_avs,5440626433,10,,0.92,Success,,https://www.j-shis.bosai.go.jp/map/api/meshsearch?center=140.30130000%2C36.55660000&epsg=4326&format=geojson&filter=AVS_gt_0&radius=1.000&limit=1&order=DIST&version=V4
IBRH16,36.6405,140.3976,/home/zhangb/work/people/zhangbei/team_claude/team_pytorch/station_cache_d9a7d4d6.csv,1.0,V4,367.7,1,j-shis_meshsearch_avs,5440736144,9,,1.07,Success,,https://www.j-shis.bosai.go.jp/map/api/meshsearch?center=140.39760000%2C36.64050000&epsg=4326&format=geojson&filter=AVS_gt_0&radius=1.000&limit=1&order=DIST&version=V4
IBRH17,36.0864,140.314,/home/zhangb/work/people/zhangbei/team_claude/team_pytorch/station_cache_d9a7d4d6.csv,1.0,V4,268.9,1,j-shis_meshsearch_avs,5440120513,9,,1.40,Success,,https://www.j-shis.bosai.go.jp/map/api/meshsearch?center=140.31400000%2C36.08640000&epsg=4326&format=geojson&filter=AVS_gt_0&radius=1.000&limit=1&order=DIST&version=V4
IBRH19,36.2137,140.0893,/home/zhangb/work/people/zhangbei/team_claude/team_pytorch/station_cache_d9a7d4d6.csv,1.0,V4,531.1,1,j-shis_meshsearch_avs,5440205731,1,,0.79,Success,,https://www.j-shis.bosai.go.jp/map/api/meshsearch?center=140.08930000%2C36.21370000&epsg=4326&format=geojson&filter=AVS_gt_0&radius=1.000&limit=1&order=DIST&version=V4
IBRH20,35.8284,140.7323,/home/zhangb/work/people/zhangbei/team_claude/team_pytorch/station_cache_d9a7d4d6.csv,1.0,V4,251.8,1,j-shis_meshsearch_avs,5340559823,16,,1.48,Success,,https://www.j-shis.bosai.go.jp/map/api/meshsearch?center=140.73230000%2C35.82840000&epsg=4326&format=geojson&filter=AVS_gt_0&radius=1.000&limit=1&order=DIST&version=V4
IBUH01,42.8739,141.8191,/home/zhangb/work/people/zhangbei/team_claude/team_pytorch/station_cache_d9a7d4d6.csv,1.0,V4,281.3,1,j-shis_meshsearch_avs,6441264543,9,,1.35,Success,,https://www.j-shis.bosai.go.jp/map/api/meshsearch?center=141.81910000%2C42.87390000&epsg=4326&format=geojson&filter=AVS_gt_0&radius=1.000&limit=1&order=DIST&version=V4
IBUH02,42.8714,142.1285,/home/zhangb/work/people/zhangbei/team_claude/team_pytorch/station_cache_d9a7d4d6.csv,1.0,V4,411.4,1,j-shis_meshsearch_avs,6442214032,10,,0.98,Success,,https://www.j-shis.bosai.go.jp/map/api/meshsearch?center=142.12850000%2C42.87140000&epsg=4326&format=geojson&filter=AVS_gt_0&radius=1.000&limit=1&order=DIST&version=V4
IBUH04,42.6415,140.665,/home/zhangb/work/people/zhangbei/team_claude/team_pytorch/station_cache_d9a7d4d6.csv,1.0,V4,405.6,1,j-shis_meshsearch_avs,6340756333,6,,0.99,Success,,https://www.j-shis.bosai.go.jp/map/api/meshsearch?center=140.66500000%2C42.64150000&epsg=4326&format=geojson&filter=AVS_gt_0&radius=1.000&limit=1&order=DIST&version=V4
IBUH05,42.5629,141.3497,/home/zhangb/work/people/zhangbei/team_claude/team_pytorch/station_cache_d9a7d4d6.csv,1.0,V4,405.6,1,j-shis_meshsearch_avs,6341627742,6,,0.99,Success,,https://www.j-shis.bosai.go.jp/map/api/meshsearch?center=141.34970000%2C42.56290000&epsg=4326&format=geojson&filter=AVS_gt_0&radius=1.000&limit=1&order=DIST&version=V4
IBUH06,42.4116,141.0017,/home/zhangb/work/people/zhangbei/team_claude/team_pytorch/station_cache_d9a7d4d6.csv,1.0,V4,510.4,1,j-shis_meshsearch_avs,6341409013,4,,0.81,Success,,https://www.j-shis.bosai.go.jp/map/api/meshsearch?center=141.00170000%2C42.41160000&epsg=4326&format=geojson&filter=AVS_gt_0&radius=1.000&limit=1&order=DIST&version=V4
IBUH07,42.6476,141.0643,/home/zhangb/work/people/zhangbei/team_claude/team_pytorch/station_cache_d9a7d4d6.csv,1.0,V4,442.0,1,j-shis_meshsearch_avs,6341707531,8,,0.92,Success,,https://www.j-shis.bosai.go.jp/map/api/meshsearch?center=141.06430000%2C42.64760000&epsg=4326&format=geojson&filter=AVS_gt_0&radius=1.000&limit=1&order=DIST&version=V4
IKRH01,43.4087,141.5836,/home/zhangb/work/people/zhangbei/team_claude/team_pytorch/station_cache_d9a7d4d6.csv,1.0,V4,450.0,1,j-shis_meshsearch_avs,6541049621,8,,0.90,Success,,https://www.j-shis.bosai.go.jp/map/api/meshsearch?center=141.58360000%2C43.40870000&epsg=4326&format=geojson&filter=AVS_gt_0&radius=1.000&limit=1&order=DIST&version=V4
IKRH02,43.2204,141.6523,/home/zhangb/work/people/zhangbei/team_claude/team_pytorch/station_cache_d9a7d4d6.csv,1.0,V4,191.1,1,j-shis_meshsearch_avs,6441656213,12,,1.88,Success,,https://www.j-shis.bosai.go.jp/map/api/meshsearch?center=141.65230000%2C43.22040000&epsg=4326&format=geojson&filter=AVS_gt_0&radius=1.000&limit=1&order=DIST&version=V4
IKRH03,42.888,141.6399,/home/zhangb/work/people/zhangbei/team_claude/team_pytorch/station_cache_d9a7d4d6.csv,1.0,V4,156.5,1,j-shis_meshsearch_avs,6441256131,13,,2.22,Success,,https://www.j-shis.bosai.go.jp/map/api/meshsearch?center=141.63990000%2C42.88800000&epsg=4326&format=geojson&filter=AVS_gt_0&radius=1.000&limit=1&order=DIST&version=V4
ISK001,37.5,137.1767,/home/zhangb/work/people/zhangbei/team_claude/team_pytorch/station_cache_d9a7d4d6.csv,1.0,V4,341.3,1,j-shis_meshsearch_avs,5637210411,8,,1.14,Success,,https://www.j-shis.bosai.go.jp/map/api/meshsearch?center=137.17670000%2C37.50000000&epsg=4326&format=geojson&filter=AVS_gt_0&radius=1.000&limit=1&order=DIST&version=V4
ISK002,37.4473,137.2877,/home/zhangb/work/people/zhangbei/team_claude/team_pytorch/station_cache_d9a7d4d6.csv,1.0,V4,260.2,1,j-shis_meshsearch_avs,5637123331,16,,1.44,Success,,https://www.j-shis.bosai.go.jp/map/api/meshsearch?center=137.28770000%2C37.44730000&epsg=4326&format=geojson&filter=AVS_gt_0&radius=1.000&limit=1&order=DIST&version=V4
ISK003,37.3924,136.9078,/home/zhangb/work/people/zhangbei/team_claude/team_pytorch/station_cache_d9a7d4d6.csv,1.0,V4,207.5,1,j-shis_meshsearch_avs,5636077221,15,,1.75,Success,,https://www.j-shis.bosai.go.jp/map/api/meshsearch?center=136.90780000%2C37.39240000&epsg=4326&format=geojson&filter=AVS_gt_0&radius=1.000&limit=1&order=DIST&version=V4
ISK004,37.308,137.1471,/home/zhangb/work/people/zhangbei/team_claude/team_pytorch/station_cache_d9a7d4d6.csv,1.0,V4,260.2,1,j-shis_meshsearch_avs,5537716144,16,,1.44,Success,,https://www.j-shis.bosai.go.jp/map/api/meshsearch?center=137.14710000%2C37.30800000&epsg=4326&format=geojson&filter=AVS_gt_0&radius=1.000&limit=1&order=DIST&version=V4
ISK005,37.2309,136.9041,/home/zhangb/work/people/zhangbei/team_claude/team_pytorch/station_cache_d9a7d4d6.csv,1.0,V4,207.5,1,j-shis_meshsearch_avs,5536677232,15,,1.75,Success,,https://www.j-shis.bosai.go.jp/map/api/meshsearch?center=136.90410000%2C37.23090000&epsg=4326&format=geojson&filter=AVS_gt_0&radius=1.000&limit=1&order=DIST&version=V4
ISK006,37.1603,136.6896,/home/zhangb/work/people/zhangbei/team_claude/team_pytorch/station_cache_d9a7d4d6.csv,1.0,V4,408.5,1,j-shis_meshsearch_avs,5536559511,3,,0.98,Success,,https://www.j-shis.bosai.go.jp/map/api/meshsearch?center=136.68960000%2C37.16030000&epsg=4326&format=geojson&filter=AVS_gt_0&radius=1.000&limit=1&order=DIST&version=V4
ISK007,37.0426,136.968,/home/zhangb/work/people/zhangbei/team_claude/team_pytorch/station_cache_d9a7d4d6.csv,1.0,V4,202.8,1,j-shis_meshsearch_avs,5536475712,15,,1.78,Success,,https://www.j-shis.bosai.go.jp/map/api/meshsearch?center=136.96800000%2C37.04260000&epsg=4326&format=geojson&filter=AVS_gt_0&radius=1.000&limit=1&order=DIST&version=V4
ISK008,36.8937,136.7784,/home/zhangb/work/people/zhangbei/team_claude/team_pytorch/station_cache_d9a7d4d6.csv,1.0,V4,194.5,1,j-shis_meshsearch_avs,5536267212,17,,1.85,Success,,https://www.j-shis.bosai.go.jp/map/api/meshsearch?center=136.77840000%2C36.89370000&epsg=4326&format=geojson&filter=AVS_gt_0&radius=1.000&limit=1&order=DIST&version=V4
ISK009,36.7334,136.7025,/home/zhangb/work/people/zhangbei/team_claude/team_pytorch/station_cache_d9a7d4d6.csv,1.0,V4,194.5,1,j-shis_meshsearch_avs,5536058611,17,,1.85,Success,,https://www.j-shis.bosai.go.jp/map/api/meshsearch?center=136.70250000%2C36.73340000&epsg=4326&format=geojson&filter=AVS_gt_0&radius=1.000&limit=1&order=DIST&version=V4
ISK010,36.5421,136.6435,/home/zhangb/work/people/zhangbei/team_claude/team_pytorch/station_cache_d9a7d4d6.csv,1.0,V4,371.2,1,j-shis_meshsearch_avs,5436655112,8,,1.07,Success,,https://www.j-shis.bosai.go.jp/map/api/meshsearch?center=136.64350000%2C36.54210000&epsg=4326&format=geojson&filter=AVS_gt_0&radius=1.000&limit=1&order=DIST&version=V4
ISK011,36.3976,136.4409,/home/zhangb/work/people/zhangbei/team_claude/team_pytorch/station_cache_d9a7d4d6.csv,1.0,V4,187.0,1,j-shis_meshsearch_avs,5436437532,15,,1.91,Success,,https://www.j-shis.bosai.go.jp/map/api/meshsearch?center=136.44090000%2C36.39760000&epsg=4326&format=geojson&filter=AVS_gt_0&radius=1.000&limit=1&order=DIST&version=V4
ISK012,36.3579,136.6049,/home/zhangb/work/people/zhangbei/team_claude/team_pytorch/station_cache_d9a7d4d6.csv,1.0,V4,500.5,1,j-shis_meshsearch_avs,5436442834,8,,0.83,Success,,https://www.j-shis.bosai.go.jp/map/api/meshsearch?center=136.60490000%2C36.35790000&epsg=4326&format=geojson&filter=AVS_gt_0&radius=1.000&limit=1&order=DIST&version=V4
ISK013,36.1804,136.6246,/home/zhangb/work/people/zhangbei/team_claude/team_pytorch/station_cache_d9a7d4d6.csv,1.0,V4,551.6,1,j-shis_meshsearch_avs,5436241942,8,,0.76,Success,,https://www.j-shis.bosai.go.jp/map/api/meshsearch?center=136.62460000%2C36.18040000&epsg=4326&format=geojson&filter=AVS_gt_0&radius=1.000&limit=1&order=DIST&version=V4
ISK014,36.3031,136.3154,/home/zhangb/work/people/zhangbei/team_claude/team_pytorch/station_cache_d9a7d4d6.csv,1.0,V4,165.8,1,j-shis_meshsearch_avs,5436326513,13,,2.12,Success,,https://www.j-shis.bosai.go.jp/map/api/meshsearch?center=136.31540000%2C36.30310000&epsg=4326&format=geojson&filter=AVS_gt_0&radius=1.000&limit=1&order=DIST&version=V4
ISK015,37.2265,136.9087,/home/zhangb/work/people/zhangbei/team_claude/team_pytorch/station_cache_d9a7d4d6.csv,1.0,V4,207.5,1,j-shis_meshsearch_avs,5536677221,15,,1.75,Success,,https://www.j-shis.bosai.go.jp/map/api/meshsearch?center=136.90870000%2C37.22650000&epsg=4326&format=geojson&filter=AVS_gt_0&radius=1.000&limit=1&order=DIST&version=V4
ISKH01,37.5266,137.2844,/home/zhangb/work/people/zhangbei/team_claude/team_pytorch/station_cache_d9a7d4d6.csv,1.0,V4,464.0,1,j-shis_meshsearch_avs,5637223222,8,,0.88,Success,,https://www.j-shis.bosai.go.jp/map/api/meshsearch?center=137.28440000%2C37.52660000&epsg=4326&format=geojson&filter=AVS_gt_0&radius=1.000&limit=1&order=DIST&version=V4
ISKH02,37.3644,137.0413,/home/zhangb/work/people/zhangbei/team_claude/team_pytorch/station_cache_d9a7d4d6.csv,1.0,V4,499.5,1,j-shis_meshsearch_avs,5637003332,8,,0.83,Success,,https://www.j-shis.bosai.go.jp/map/api/meshsearch?center=137.04130000%2C37.36440000&epsg=4326&format=geojson&filter=AVS_gt_0&radius=1.000&limit=1&order=DIST&version=V4
ISKH03,37.3458,137.2436,/home/zhangb/work/people/zhangbei/team_claude/team_pytorch/station_cache_d9a7d4d6.csv,1.0,V4,414.5,1,j-shis_meshsearch_avs,5637011914,8,,0.97,Success,,https://www.j-shis.bosai.go.jp/map/api/meshsearch?center=137.24360000%2C37.34580000&epsg=4326&format=geojson&filter=AVS_gt_0&radius=1.000&limit=1&order=DIST&version=V4
ISKH04,37.1902,136.7176,/home/zhangb/work/people/zhangbei/team_claude/team_pytorch/station_cache_d9a7d4d6.csv,1.0,V4,347.6,1,j-shis_meshsearch_avs,5536652734,10,,1.13,Success,,https://www.j-shis.bosai.go.jp/map/api/meshsearch?center=136.71760000%2C37.19020000&epsg=4326&format=geojson&filter=AVS_gt_0&radius=1.000&limit=1&order=DIST&version=V4
ISKH06,37.0533,136.8206,/home/zhangb/work/people/zhangbei/team_claude/team_pytorch/station_cache_d9a7d4d6.csv,1.0,V4,308.1,1,j-shis_meshsearch_avs,5536466523,10,,1.25,Success,,https://www.j-shis.bosai.go.jp/map/api/meshsearch?center=136.82060000%2C37.05330000&epsg=4326&format=geojson&filter=AVS_gt_0&radius=1.000&limit=1&order=DIST&version=V4
ISKH08,36.738,136.7906,/home/zhangb/work/people/zhangbei/team_claude/team_pytorch/station_cache_d9a7d4d6.csv,1.0,V4,641.3,1,j-shis_meshsearch_avs,5536068331,1,,0.67,Success,,https://www.j-shis.bosai.go.jp/map/api/meshsearch?center=136.79060000%2C36.73800000&epsg=4326&format=geojson&filter=AVS_gt_0&radius=1.000&limit=1&order=DIST&version=V4
ISKH09,36.2667,136.7168,/home/zhangb/work/people/zhangbei/team_claude/team_pytorch/station_cache_d9a7d4d6.csv,1.0,V4,566.1,1,j-shis_meshsearch_avs,5436352712,8,,0.74,Success,,https://www.j-shis.bosai.go.jp/map/api/meshsearch?center=136.71680000%2C36.26670000&epsg=4326&format=geojson&filter=AVS_gt_0&radius=1.000&limit=1&order=DIST&version=V4
IWT001,40.4101,141.7193,/home/zhangb/work/people/zhangbei/team_claude/team_pytorch/station_cache_d9a7d4d6.csv,1.0,V4,197.4,1,j-shis_meshsearch_avs,6041459721,9,,1.83,Success,,https://www.j-shis.bosai.go.jp/map/api/meshsearch?center=141.71930000%2C40.41010000&epsg=4326&format=geojson&filter=AVS_gt_0&radius=1.000&limit=1&order=DIST&version=V4
IWT002,40.182,141.7643,/home/zhangb/work/people/zhangbei/team_claude/team_pytorch/station_cache_d9a7d4d6.csv,1.0,V4,468.1,1,j-shis_meshsearch_avs,6041261133,3,,0.87,Success,,https://www.j-shis.bosai.go.jp/map/api/meshsearch?center=141.76430000%2C40.18200000&epsg=4326&format=geojson&filter=AVS_gt_0&radius=1.000&limit=1&order=DIST&version=V4
IWT003,40.0083,141.8885,/home/zhangb/work/people/zhangbei/team_claude/team_pytorch/station_cache_d9a7d4d6.csv,1.0,V4,273.3,1,j-shis_meshsearch_avs,6041070133,10,,1.38,Success,,https://www.j-shis.bosai.go.jp/map/api/meshsearch?center=141.88850000%2C40.00830000&epsg=4326&format=geojson&filter=AVS_gt_0&radius=1.000&limit=1&order=DIST&version=V4
IWT004,39.7356,141.9671,/home/zhangb/work/people/zhangbei/team_claude/team_pytorch/station_cache_d9a7d4d6.csv,1.0,V4,295.9,1,j-shis_meshsearch_avs,5941478714,10,,1.29,Success,,https://www.j-shis.bosai.go.jp/map/api/meshsearch?center=141.96710000%2C39.73560000&epsg=4326&format=geojson&filter=AVS_gt_0&radius=1.000&limit=1&order=DIST&version=V4
IWT005,39.6478,141.9465,/home/zhangb/work/people/zhangbei/team_claude/team_pytorch/station_cache_d9a7d4d6.csv,1.0,V4,207.5,1,j-shis_meshsearch_avs,5941377541,15,,1.75,Success,,https://www.j-shis.bosai.go.jp/map/api/meshsearch?center=141.94650000%2C39.64780000&epsg=4326&format=geojson&filter=AVS_gt_0&radius=1.000&limit=1&order=DIST&version=V4
IWT006,39.485,141.9748,/home/zhangb/work/people/zhangbei/team_claude/team_pytorch/station_cache_d9a7d4d6.csv,1.0,V4,260.2,1,j-shis_meshsearch_avs,5941178722,16,,1.44,Success,,https://www.j-shis.bosai.go.jp/map/api/meshsearch?center=141.97480000%2C39.48500000&epsg=4326&format=geojson&filter=AVS_gt_0&radius=1.000&limit=1&order=DIST&version=V4
IWT007,39.2699,141.8567,/home/zhangb/work/people/zhangbei/team_claude/team_pytorch/station_cache_d9a7d4d6.csv,1.0,V4,267.7,1,j-shis_meshsearch_avs,5841762823,10,,1.41,Success,,https://www.j-shis.bosai.go.jp/map/api/meshsearch?center=141.85670000%2C39.26990000&epsg=4326&format=geojson&filter=AVS_gt_0&radius=1.000&limit=1&order=DIST&version=V4
IWT008,39.0815,141.7093,/home/zhangb/work/people/zhangbei/team_claude/team_pytorch/station_cache_d9a7d4d6.csv,1.0,V4,418.2,1,j-shis_meshsearch_avs,5841459643,3,,0.96,Success,,https://www.j-shis.bosai.go.jp/map/api/meshsearch?center=141.70930000%2C39.08150000&epsg=4326&format=geojson&filter=AVS_gt_0&radius=1.000&limit=1&order=DIST&version=V4
IWT009,39.019,141.4053,/home/zhangb/work/people/zhangbei/team_claude/team_pytorch/station_cache_d9a7d4d6.csv,1.0,V4,409.4,1,j-shis_meshsearch_avs,5841432214,10,,0.98,Success,,https://www.j-shis.bosai.go.jp/map/api/meshsearch?center=141.40530000%2C39.01900000&epsg=4326&format=geojson&filter=AVS_gt_0&radius=1.000&limit=1&order=DIST&version=V4
IWT010,38.9346,141.1264,/home/zhangb/work/people/zhangbei/team_claude/team_pytorch/station_cache_d9a7d4d6.csv,1.0,V4,427.8,1,j-shis_meshsearch_avs,5841312011,8,,0.94,Success,,https://www.j-shis.bosai.go.jp/map/api/meshsearch?center=141.12640000%2C38.93460000&epsg=4326&format=geojson&filter=AVS_gt_0&radius=1.000&limit=1&order=DIST&version=V4
IWT011,39.1453,141.1527,/home/zhangb/work/people/zhangbei/team_claude/team_pytorch/station_cache_d9a7d4d6.csv,1.0,V4,316.2,1,j-shis_meshsearch_avs,5841517213,11,,1.22,Success,,https://www.j-shis.bosai.go.jp/map/api/meshsearch?center=141.15270000%2C39.14530000&epsg=4326&format=geojson&filter=AVS_gt_0&radius=1.000&limit=1&order=DIST&version=V4
IWT012,39.3206,141.1388,/home/zhangb/work/people/zhangbei/team_claude/team_pytorch/station_cache_d9a7d4d6.csv,1.0,V4,183.8,1,j-shis_meshsearch_avs,5841718113,14,,1.94,Success,,https://www.j-shis.bosai.go.jp/map/api/meshsearch?center=141.13880000%2C39.32060000&epsg=4326&format=geojson&filter=AVS_gt_0&radius=1.000&limit=1&order=DIST&version=V4
IWT013,39.329,141.5638,/home/zhangb/work/people/zhangbei/team_claude/team_pytorch/station_cache_d9a7d4d6.csv,1.0,V4,439.9,1,j-shis_meshsearch_avs,5841749513,10,,0.92,Success,,https://www.j-shis.bosai.go.jp/map/api/meshsearch?center=141.56380000%2C39.32900000&epsg=4326&format=geojson&filter=AVS_gt_0&radius=1.000&limit=1&order=DIST&version=V4
IWT014,39.4846,141.1466,/home/zhangb/work/people/zhangbei/team_claude/team_pytorch/station_cache_d9a7d4d6.csv,1.0,V4,177.1,1,j-shis_meshsearch_avs,5941118121,13,,2.00,Success,,https://www.j-shis.bosai.go.jp/map/api/meshsearch?center=141.14660000%2C39.48460000&epsg=4326&format=geojson&filter=AVS_gt_0&radius=1.000&limit=1&order=DIST&version=V4
IWT015,39.3183,140.7794,/home/zhangb/work/people/zhangbei/team_claude/team_pytorch/station_cache_d9a7d4d6.csv,1.0,V4,521.6,1,j-shis_meshsearch_avs,5840768212,8,,0.80,Success,,https://www.j-shis.bosai.go.jp/map/api/meshsearch?center=140.77940000%2C39.31830000&epsg=4326&format=geojson&filter=AVS_gt_0&radius=1.000&limit=1&order=DIST&version=V4
IWT016,39.6,141.679,/home/zhangb/work/people/zhangbei/team_claude/team_pytorch/station_cache_d9a7d4d6.csv,1.0,V4,775.5,1,j-shis_meshsearch_avs,5941352412,1,,0.57,Success,,https://www.j-shis.bosai.go.jp/map/api/meshsearch?center=141.67900000%2C39.60000000&epsg=4326&format=geojson&filter=AVS_gt_0&radius=1.000&limit=1&order=DIST&version=V4
IWT017,39.6339,141.4379,/home/zhangb/work/people/zhangbei/team_claude/team_pytorch/station_cache_d9a7d4d6.csv,1.0,V4,548.6,1,j-shis_meshsearch_avs,5941336511,8,,0.76,Success,,https://www.j-shis.bosai.go.jp/map/api/meshsearch?center=141.43790000%2C39.63390000&epsg=4326&format=geojson&filter=AVS_gt_0&radius=1.000&limit=1&order=DIST&version=V4
IWT018,39.6954,141.1477,/home/zhangb/work/people/zhangbei/team_claude/team_pytorch/station_cache_d9a7d4d6.csv,1.0,V4,341.8,1,j-shis_meshsearch_avs,5941413124,11,,1.14,Success,,https://www.j-shis.bosai.go.jp/map/api/meshsearch?center=141.14770000%2C39.69540000&epsg=4326&format=geojson&filter=AVS_gt_0&radius=1.000&limit=1&order=DIST&version=V4
IWT019,39.803,141.6584,/home/zhangb/work/people/zhangbei/team_claude/team_pytorch/station_cache_d9a7d4d6.csv,1.0,V4,545.6,1,j-shis_meshsearch_avs,5941556223,8,,0.77,Success,,https://www.j-shis.bosai.go.jp/map/api/meshsearch?center=141.65840000%2C39.80300000&epsg=4326&format=geojson&filter=AVS_gt_0&radius=1.000&limit=1&order=DIST&version=V4
IWT020,39.7844,141.3296,/home/zhangb/work/people/zhangbei/team_claude/team_pytorch/station_cache_d9a7d4d6.csv,1.0,V4,505.1,1,j-shis_meshsearch_avs,5941524612,10,,0.82,Success,,https://www.j-shis.bosai.go.jp/map/api/meshsearch?center=141.32960000%2C39.78440000&epsg=4326&format=geojson&filter=AVS_gt_0&radius=1.000&limit=1&order=DIST&version=V4
IWT021,39.9203,141.0822,/home/zhangb/work/people/zhangbei/team_claude/team_pytorch/station_cache_d9a7d4d6.csv,1.0,V4,275.2,1,j-shis_meshsearch_avs,5941700623,5,,1.38,Success,,https://www.j-shis.bosai.go.jp/map/api/meshsearch?center=141.08220000%2C39.92030000&epsg=4326&format=geojson&filter=AVS_gt_0&radius=1.000&limit=1&order=DIST&version=V4
IWT022,40.1009,141.0528,/home/zhangb/work/people/zhangbei/team_claude/team_pytorch/station_cache_d9a7d4d6.csv,1.0,V4,444.3,1,j-shis_meshsearch_avs,6041102411,10,,0.91,Success,,https://www.j-shis.bosai.go.jp/map/api/meshsearch?center=141.05280000%2C40.10090000&epsg=4326&format=geojson&filter=AVS_gt_0&radius=1.000&limit=1&order=DIST&version=V4
IWT023,40.037,141.4501,/home/zhangb/work/people/zhangbei/team_claude/team_pytorch/station_cache_d9a7d4d6.csv,1.0,V4,467.5,1,j-shis_meshsearch_avs,6041034613,10,,0.88,Success,,https://www.j-shis.bosai.go.jp/map/api/meshsearch?center=141.45010000%2C40.03700000&epsg=4326&format=geojson&filter=AVS_gt_0&radius=1.000&limit=1&order=DIST&version=V4
IWT024,40.2612,141.2908,/home/zhangb/work/people/zhangbei/team_claude/team_pytorch/station_cache_d9a7d4d6.csv,1.0,V4,481.5,1,j-shis_meshsearch_avs,6041321314,8,,0.85,Success,,https://www.j-shis.bosai.go.jp/map/api/meshsearch?center=141.29080000%2C40.26120000&epsg=4326&format=geojson&filter=AVS_gt_0&radius=1.000&limit=1&order=DIST&version=V4
IWT025,39.5169,140.8299,/home/zhangb/work/people/zhangbei/team_claude/team_pytorch/station_cache_d9a7d4d6.csv,1.0,V4,392.8,1,j-shis_meshsearch_avs,5940262612,11,,1.02,Success,,https://www.j-shis.bosai.go.jp/map/api/meshsearch?center=140.82990000%2C39.51690000&epsg=4326&format=geojson&filter=AVS_gt_0&radius=1.000&limit=1&order=DIST&version=V4
IWT026,39.2569,141.0983,/home/zhangb/work/people/zhangbei/team_claude/team_pytorch/station_cache_d9a7d4d6.csv,1.0,V4,406.4,1,j-shis_meshsearch_avs,5841700744,8,,0.99,Success,,https://www.j-shis.bosai.go.jp/map/api/meshsearch?center=141.09830000%2C39.25690000&epsg=4326&format=geojson&filter=AVS_gt_0&radius=1.000&limit=1&order=DIST&version=V4
IWTH01,40.2383,141.3423,/home/zhangb/work/people/zhangbei/team_claude/team_pytorch/station_cache_d9a7d4d6.csv,1.0,V4,509.0,1,j-shis_meshsearch_avs,6041228732,8,,0.81,Success,,https://www.j-shis.bosai.go.jp/map/api/meshsearch?center=141.34230000%2C40.23830000&epsg=4326&format=geojson&filter=AVS_gt_0&radius=1.000&limit=1&order=DIST&version=V4
IWTH02,39.825,141.3826,/home/zhangb/work/people/zhangbei/team_claude/team_pytorch/station_cache_d9a7d4d6.csv,1.0,V4,505.8,1,j-shis_meshsearch_avs,5941539021,10,,0.82,Success,,https://www.j-shis.bosai.go.jp/map/api/meshsearch?center=141.38260000%2C39.82500000&epsg=4326&format=geojson&filter=AVS_gt_0&radius=1.000&limit=1&order=DIST&version=V4
IWTH03,39.802,141.652,/home/zhangb/work/people/zhangbei/team_claude/team_pytorch/station_cache_d9a7d4d6.csv,1.0,V4,529.3,1,j-shis_meshsearch_avs,5941556211,8,,0.79,Success,,https://www.j-shis.bosai.go.jp/map/api/meshsearch?center=141.65200000%2C39.80200000&epsg=4326&format=geojson&filter=AVS_gt_0&radius=1.000&limit=1&order=DIST&version=V4
IWTH04,39.1809,141.3909,/home/zhangb/work/people/zhangbei/team_claude/team_pytorch/station_cache_d9a7d4d6.csv,1.0,V4,497.3,1,j-shis_meshsearch_avs,5841631132,10,,0.83,Success,,https://www.j-shis.bosai.go.jp/map/api/meshsearch?center=141.39090000%2C39.18090000&epsg=4326&format=geojson&filter=AVS_gt_0&radius=1.000&limit=1&order=DIST&version=V4
IWTH05,38.8654,141.3512,/home/zhangb/work/people/zhangbei/team_claude/team_pytorch/station_cache_d9a7d4d6.csv,1.0,V4,420.8,1,j-shis_meshsearch_avs,5841223833,3,,0.96,Success,,https://www.j-shis.bosai.go.jp/map/api/meshsearch?center=141.35120000%2C38.86540000&epsg=4326&format=geojson&filter=AVS_gt_0&radius=1.000&limit=1&order=DIST&version=V4
IWTH07,40.2705,141.5709,/home/zhangb/work/people/zhangbei/team_claude/team_pytorch/station_cache_d9a7d4d6.csv,1.0,V4,513.8,1,j-shis_meshsearch_avs,6041342523,8,,0.81,Success,,https://www.j-shis.bosai.go.jp/map/api/meshsearch?center=141.57090000%2C40.27050000&epsg=4326&format=geojson&filter=AVS_gt_0&radius=1.000&limit=1&order=DIST&version=V4
IWTH08,40.2686,141.7831,/home/zhangb/work/people/zhangbei/team_claude/team_pytorch/station_cache_d9a7d4d6.csv,1.0,V4,415.7,1,j-shis_meshsearch_avs,6041362221,3,,0.97,Success,,https://www.j-shis.bosai.go.jp/map/api/meshsearch?center=141.78310000%2C40.26860000&epsg=4326&format=geojson&filter=AVS_gt_0&radius=1.000&limit=1&order=DIST&version=V4
IWTH09,40.0861,141.712,/home/zhangb/work/people/zhangbei/team_claude/team_pytorch/station_cache_d9a7d4d6.csv,1.0,V4,529.4,1,j-shis_meshsearch_avs,6041150624,8,,0.79,Success,,https://www.j-shis.bosai.go.jp/map/api/meshsearch?center=141.71200000%2C40.08610000&epsg=4326&format=geojson&filter=AVS_gt_0&radius=1.000&limit=1&order=DIST&version=V4
IWTH10,40.1391,140.9529,/home/zhangb/work/people/zhangbei/team_claude/team_pytorch/station_cache_d9a7d4d6.csv,1.0,V4,445.7,1,j-shis_meshsearch_avs,6040176631,10,,0.91,Success,,https://www.j-shis.bosai.go.jp/map/api/meshsearch?center=140.95290000%2C40.13910000&epsg=4326&format=geojson&filter=AVS_gt_0&radius=1.000&limit=1&order=DIST&version=V4
IWTH12,40.1533,141.4245,/home/zhangb/work/people/zhangbei/team_claude/team_pytorch/station_cache_d9a7d4d6.csv,1.0,V4,400.3,1,j-shis_meshsearch_avs,6041138324,2,,1.00,Success,,https://www.j-shis.bosai.go.jp/map/api/meshsearch?center=141.42450000%2C40.15330000&epsg=4326&format=geojson&filter=AVS_gt_0&radius=1.000&limit=1&order=DIST&version=V4
IWTH13,39.9398,141.5492,/home/zhangb/work/people/zhangbei/team_claude/team_pytorch/station_cache_d9a7d4d6.csv,1.0,V4,775.5,1,j-shis_meshsearch_avs,5941742344,1,,0.57,Success,,https://www.j-shis.bosai.go.jp/map/api/meshsearch?center=141.54920000%2C39.93980000&epsg=4326&format=geojson&filter=AVS_gt_0&radius=1.000&limit=1&order=DIST&version=V4
IWTH14,39.7435,141.9087,/home/zhangb/work/people/zhangbei/team_claude/team_pytorch/station_cache_d9a7d4d6.csv,1.0,V4,775.5,1,j-shis_meshsearch_avs,5941479221,1,,0.57,Success,,https://www.j-shis.bosai.go.jp/map/api/meshsearch?center=141.90870000%2C39.74350000&epsg=4326&format=geojson&filter=AVS_gt_0&radius=1.000&limit=1&order=DIST&version=V4
IWTH15,39.6148,141.0929,/home/zhangb/work/people/zhangbei/team_claude/team_pytorch/station_cache_d9a7d4d6.csv,1.0,V4,421.3,1,j-shis_meshsearch_avs,5941303734,10,,0.96,Success,,https://www.j-shis.bosai.go.jp/map/api/meshsearch?center=141.09290000%2C39.61480000&epsg=4326&format=geojson&filter=AVS_gt_0&radius=1.000&limit=1&order=DIST&version=V4
IWTH16,39.6436,140.9465,/home/zhangb/work/people/zhangbei/team_claude/team_pytorch/station_cache_d9a7d4d6.csv,1.0,V4,502.3,1,j-shis_meshsearch_avs,5940377521,8,,0.82,Success,,https://www.j-shis.bosai.go.jp/map/api/meshsearch?center=140.94650000%2C39.64360000&epsg=4326&format=geojson&filter=AVS_gt_0&radius=1.000&limit=1&order=DIST&version=V4
IWTH17,39.6442,141.5977,/home/zhangb/work/people/zhangbei/team_claude/team_pytorch/station_cache_d9a7d4d6.csv,1.0,V4,775.5,1,j-shis_meshsearch_avs,5941347724,1,,0.57,Success,,https://www.j-shis.bosai.go.jp/map/api/meshsearch?center=141.59770000%2C39.64420000&epsg=4326&format=geojson&filter=AVS_gt_0&radius=1.000&limit=1&order=DIST&version=V4
IWTH18,39.463,141.6775,/home/zhangb/work/people/zhangbei/team_claude/team_pytorch/station_cache_d9a7d4d6.csv,1.0,V4,489.7,1,j-shis_meshsearch_avs,5941155431,10,,0.84,Success,,https://www.j-shis.bosai.go.jp/map/api/meshsearch?center=141.67750000%2C39.46300000&epsg=4326&format=geojson&filter=AVS_gt_0&radius=1.000&limit=1&order=DIST&version=V4
IWTH19,39.4559,141.0001,/home/zhangb/work/people/zhangbei/team_claude/team_pytorch/station_cache_d9a7d4d6.csv,1.0,V4,516.8,1,j-shis_meshsearch_avs,5941104031,8,,0.80,Success,,https://www.j-shis.bosai.go.jp/map/api/meshsearch?center=141.00010000%2C39.45590000&epsg=4326&format=geojson&filter=AVS_gt_0&radius=1.000&limit=1&order=DIST&version=V4
IWTH20,39.3434,141.0473,/home/zhangb/work/people/zhangbei/team_claude/team_pytorch/station_cache_d9a7d4d6.csv,1.0,V4,351.1,1,j-shis_meshsearch_avs,5941001322,8,,1.12,Success,,https://www.j-shis.bosai.go.jp/map/api/meshsearch?center=141.04730000%2C39.34340000&epsg=4326&format=geojson&filter=AVS_gt_0&radius=1.000&limit=1&order=DIST&version=V4
IWTH21,39.4734,141.9336,/home/zhangb/work/people/zhangbei/team_claude/team_pytorch/station_cache_d9a7d4d6.csv,1.0,V4,287.3,1,j-shis_meshsearch_avs,5941176443,10,,1.33,Success,,https://www.j-shis.bosai.go.jp/map/api/meshsearch?center=141.93360000%2C39.47340000&epsg=4326&format=geojson&filter=AVS_gt_0&radius=1.000&limit=1&order=DIST&version=V4
IWTH22,39.334,141.3015,/home/zhangb/work/people/zhangbei/team_claude/team_pytorch/station_cache_d9a7d4d6.csv,1.0,V4,775.5,1,j-shis_meshsearch_avs,5941020411,1,,0.57,Success,,https://www.j-shis.bosai.go.jp/map/api/meshsearch?center=141.30150000%2C39.33400000&epsg=4326&format=geojson&filter=AVS_gt_0&radius=1.000&limit=1&order=DIST&version=V4
IWTH23,39.2741,141.8233,/home/zhangb/work/people/zhangbei/team_claude/team_pytorch/station_cache_d9a7d4d6.csv,1.0,V4,344.9,1,j-shis_meshsearch_avs,5841762544,10,,1.13,Success,,https://www.j-shis.bosai.go.jp/map/api/meshsearch?center=141.82330000%2C39.27410000&epsg=4326&format=geojson&filter=AVS_gt_0&radius=1.000&limit=1&order=DIST&version=V4
IWTH24,39.1979,141.0118,/home/zhangb/work/people/zhangbei/team_claude/team_pytorch/station_cache_d9a7d4d6.csv,1.0,V4,332.0,1,j-shis_meshsearch_avs,5841603042,3,,1.17,Success,,https://www.j-shis.bosai.go.jp/map/api/meshsearch?center=141.01180000%2C39.19790000&epsg=4326&format=geojson&filter=AVS_gt_0&radius=1.000&limit=1&order=DIST&version=V4
IWTH26,38.969,141.0013,/home/zhangb/work/people/zhangbei/team_claude/team_pytorch/station_cache_d9a7d4d6.csv,1.0,V4,493.2,1,j-shis_meshsearch_avs,5841306013,8,,0.84,Success,,https://www.j-shis.bosai.go.jp/map/api/meshsearch?center=141.00130000%2C38.96900000&epsg=4326&format=geojson&filter=AVS_gt_0&radius=1.000&limit=1&order=DIST&version=V4
IWTH27,39.0307,141.532,/home/zhangb/work/people/zhangbei/team_claude/team_pytorch/station_cache_d9a7d4d6.csv,1.0,V4,775.5,1,j-shis_meshsearch_avs,5841443241,1,,0.57,Success,,https://www.j-shis.bosai.go.jp/map/api/meshsearch?center=141.53200000%2C39.03070000&epsg=4326&format=geojson&filter=AVS_gt_0&radius=1.000&limit=1&order=DIST&version=V4
IWTH28,39.0094,140.864,/home/zhangb/work/people/zhangbei/team_claude/team_pytorch/station_cache_d9a7d4d6.csv,1.0,V4,400.3,1,j-shis_meshsearch_avs,5840461911,2,,1.00,Success,,https://www.j-shis.bosai.go.jp/map/api/meshsearch?center=140.86400000%2C39.00940000&epsg=4326&format=geojson&filter=AVS_gt_0&radius=1.000&limit=1&order=DIST&version=V4
KGS001,32.1947,130.1763,/home/zhangb/work/people/zhangbei/team_claude/team_pytorch/station_cache_d9a7d4d6.csv,1.0,V4,510.4,1,j-shis_meshsearch_avs,4830213413,4,,0.81,Success,,https://www.j-shis.bosai.go.jp/map/api/meshsearch?center=130.17630000%2C32.19470000&epsg=4326&format=geojson&filter=AVS_gt_0&radius=1.000&limit=1&order=DIST&version=V4
KGS002,32.0916,130.3519,/home/zhangb/work/people/zhangbei/team_claude/team_pytorch/station_cache_d9a7d4d6.csv,1.0,V4,283.3,1,j-shis_meshsearch_avs,4830120833,11,,1.34,Success,,https://www.j-shis.bosai.go.jp/map/api/meshsearch?center=130.35190000%2C32.09160000&epsg=4326&format=geojson&filter=AVS_gt_0&radius=1.000&limit=1&order=DIST&version=V4
KGS003,32.0559,130.5874,/home/zhangb/work/people/zhangbei/team_claude/team_pytorch/station_cache_d9a7d4d6.csv,1.0,V4,405.6,1,j-shis_meshsearch_avs,4830046642,6,,0.99,Success,,https://www.j-shis.bosai.go.jp/map/api/meshsearch?center=130.58740000%2C32.05590000&epsg=4326&format=geojson&filter=AVS_gt_0&radius=1.000&limit=1&order=DIST&version=V4
KGS004,32.0145,130.1927,/home/zhangb/work/people/zhangbei/team_claude/team_pytorch/station_cache_d9a7d4d6.csv,1.0,V4,207.5,1,j-shis_meshsearch_avs,4830011532,15,,1.75,Success,,https://www.j-shis.bosai.go.jp/map/api/meshsearch?center=130.19270000%2C32.01450000&epsg=4326&format=geojson&filter=AVS_gt_0&radius=1.000&limit=1&order=DIST&version=V4
KGS005,31.9006,130.4513,/home/zhangb/work/people/zhangbei/team_claude/team_pytorch/station_cache_d9a7d4d6.csv,1.0,V4,405.6,1,j-shis_meshsearch_avs,4730638611,6,,0.99,Success,,https://www.j-shis.bosai.go.jp/map/api/meshsearch?center=130.45130000%2C31.90060000&epsg=4326&format=geojson&filter=AVS_gt_0&radius=1.000&limit=1&order=DIST&version=V4
KGS006,31.906,130.7021,/home/zhangb/work/people/zhangbei/team_claude/team_pytorch/station_cache_d9a7d4d6.csv,1.0,V4,312.4,1,j-shis_meshsearch_avs,4730658631,10,,1.23,Success,,https://www.j-shis.bosai.go.jp/map/api/meshsearch?center=130.70210000%2C31.90600000&epsg=4326&format=geojson&filter=AVS_gt_0&radius=1.000&limit=1&order=DIST&version=V4
KGS007,31.8143,130.3032,/home/zhangb/work/people/zhangbei/team_claude/team_pytorch/station_cache_d9a7d4d6.csv,1.0,V4,166.8,1,j-shis_meshsearch_avs,4730527432,13,,2.11,Success,,https://www.j-shis.bosai.go.jp/map/api/meshsearch?center=130.30320000%2C31.81430000&epsg=4326&format=geojson&filter=AVS_gt_0&radius=1.000&limit=1&order=DIST&version=V4
KGS008,31.7638,130.5659,/home/zhangb/work/people/zhangbei/team_claude/team_pytorch/station_cache_d9a7d4d6.csv,1.0,V4,240.4,1,j-shis_meshsearch_avs,4730541532,10,,1.54,Success,,https://www.j-shis.bosai.go.jp/map/api/meshsearch?center=130.56590000%2C31.76380000&epsg=4326&format=geojson&filter=AVS_gt_0&radius=1.000&limit=1&order=DIST&version=V4
KGS009,31.7368,130.7613,/home/zhangb/work/people/zhangbei/team_claude/team_pytorch/station_cache_d9a7d4d6.csv,1.0,V4,156.3,1,j-shis_meshsearch_avs,4730468024,13,,2.23,Success,,https://www.j-shis.bosai.go.jp/map/api/meshsearch?center=130.76130000%2C31.73680000&epsg=4326&format=geojson&filter=AVS_gt_0&radius=1.000&limit=1&order=DIST&version=V4
KGS010,31.7123,130.2735,/home/zhangb/work/people/zhangbei/team_claude/team_pytorch/station_cache_d9a7d4d6.csv,1.0,V4,405.6,1,j-shis_meshsearch_avs,4730425124,6,,0.99,Success,,https://www.j-shis.bosai.go.jp/map/api/meshsearch?center=130.27350000%2C31.71230000&epsg=4326&format=geojson&filter=AVS_gt_0&radius=1.000&limit=1&order=DIST&version=V4
KGS011,31.5896,130.349,/home/zhangb/work/people/zhangbei/team_claude/team_pytorch/station_cache_d9a7d4d6.csv,1.0,V4,207.5,1,j-shis_meshsearch_avs,4730320744,15,,1.75,Success,,https://www.j-shis.bosai.go.jp/map/api/meshsearch?center=130.34900000%2C31.58960000&epsg=4326&format=geojson&filter=AVS_gt_0&radius=1.000&limit=1&order=DIST&version=V4
KGS012,31.6057,130.574,/home/zhangb/work/people/zhangbei/team_claude/team_pytorch/station_cache_d9a7d4d6.csv,1.0,V4,193.4,1,j-shis_meshsearch_avs,4730342542,20,,1.86,Success,,https://www.j-shis.bosai.go.jp/map/api/meshsearch?center=130.57400000%2C31.60570000&epsg=4326&format=geojson&filter=AVS_gt_0&radius=1.000&limit=1&order=DIST&version=V4
KGS013,31.5973,130.9938,/home/zhangb/work/people/zhangbei/team_claude/team_pytorch/station_cache_d9a7d4d6.csv,1.0,V4,323.6,1,j-shis_meshsearch_avs,4730371941,10,,1.20,Success,,https://www.j-shis.bosai.go.jp/map/api/meshsearch?center=130.99380000%2C31.59730000&epsg=4326&format=geojson&filter=AVS_gt_0&radius=1.000&limit=1&order=DIST&version=V4
KGS014,31.4963,130.6994,/home/zhangb/work/people/zhangbei/team_claude/team_pytorch/station_cache_d9a7d4d6.csv,1.0,V4,260.2,1,j-shis_meshsearch_avs,4730159542,16,,1.44,Success,,https://www.j-shis.bosai.go.jp/map/api/meshsearch?center=130.69940000%2C31.49630000&epsg=4326&format=geojson&filter=AVS_gt_0&radius=1.000&limit=1&order=DIST&version=V4
KGS015,31.4308,131.0109,/home/zhangb/work/people/zhangbei/team_claude/team_pytorch/station_cache_d9a7d4d6.csv,1.0,V4,206.7,1,j-shis_meshsearch_avs,4731101042,5,,1.76,Success,,https://www.j-shis.bosai.go.jp/map/api/meshsearch?center=131.01090000%2C31.43080000&epsg=4326&format=geojson&filter=AVS_gt_0&radius=1.000&limit=1&order=DIST&version=V4
KGS016,31.4162,130.3225,/home/zhangb/work/people/zhangbei/team_claude/team_pytorch/station_cache_d9a7d4d6.csv,1.0,V4,183.8,1,j-shis_meshsearch_avs,4730029544,14,,1.94,Success,,https://www.j-shis.bosai.go.jp/map/api/meshsearch?center=130.32250000%2C31.41620000&epsg=4326&format=geojson&filter=AVS_gt_0&radius=1.000&limit=1&order=DIST&version=V4
KGS017,31.3954,130.8702,/home/zhangb/work/people/zhangbei/team_claude/team_pytorch/station_cache_d9a7d4d6.csv,1.0,V4,255.9,1,j-shis_meshsearch_avs,4730067923,5,,1.46,Success,,https://www.j-shis.bosai.go.jp/map/api/meshsearch?center=130.87020000%2C31.39540000&epsg=4326&format=geojson&filter=AVS_gt_0&radius=1.000&limit=1&order=DIST&version=V4
KGS018,31.3757,130.5449,/home/zhangb/work/people/zhangbei/team_claude/team_pytorch/station_cache_d9a7d4d6.csv,1.0,V4,260.2,1,j-shis_meshsearch_avs,4730045321,16,,1.44,Success,,https://www.j-shis.bosai.go.jp/map/api/meshsearch?center=130.54490000%2C31.37570000&epsg=4326&format=geojson&filter=AVS_gt_0&radius=1.000&limit=1&order=DIST&version=V4
KGS019,31.2776,130.3008,/home/zhangb/work/people/zhangbei/team_claude/team_pytorch/station_cache_d9a7d4d6.csv,1.0,V4,405.6,1,j-shis_meshsearch_avs,4630723413,6,,0.99,Success,,https://www.j-shis.bosai.go.jp/map/api/meshsearch?center=130.30080000%2C31.27760000&epsg=4326&format=geojson&filter=AVS_gt_0&radius=1.000&limit=1&order=DIST&version=V4
KGS020,31.2396,130.4915,/home/zhangb/work/people/zhangbei/team_claude/team_pytorch/station_cache_d9a7d4d6.csv,1.0,V4,267.3,1,j-shis_meshsearch_avs,4630638934,5,,1.41,Success,,https://www.j-shis.bosai.go.jp/map/api/meshsearch?center=130.49150000%2C31.23960000&epsg=4326&format=geojson&filter=AVS_gt_0&radius=1.000&limit=1&order=DIST&version=V4
KGS021,31.2535,130.6324,/home/zhangb/work/people/zhangbei/team_claude/team_pytorch/station_cache_d9a7d4d6.csv,1.0,V4,256.1,1,j-shis_meshsearch_avs,4630750023,5,,1.46,Success,,https://www.j-shis.bosai.go.jp/map/api/meshsearch?center=130.63240000%2C31.25350000&epsg=4326&format=geojson&filter=AVS_gt_0&radius=1.000&limit=1&order=DIST&version=V4
KGS022,31.2804,131.0504,/home/zhangb/work/people/zhangbei/team_claude/team_pytorch/station_cache_d9a7d4d6.csv,1.0,V4,288.5,1,j-shis_meshsearch_avs,4631703431,11,,1.32,Success,,https://www.j-shis.bosai.go.jp/map/api/meshsearch?center=131.05040000%2C31.28040000&epsg=4326&format=geojson&filter=AVS_gt_0&radius=1.000&limit=1&order=DIST&version=V4
KGS023,31.199,130.849,/home/zhangb/work/people/zhangbei/team_claude/team_pytorch/station_cache_d9a7d4d6.csv,1.0,V4,408.6,1,j-shis_meshsearch_avs,4630663744,10,,0.98,Success,,https://www.j-shis.bosai.go.jp/map/api/meshsearch?center=130.84900000%2C31.19900000&epsg=4326&format=geojson&filter=AVS_gt_0&radius=1.000&limit=1&order=DIST&version=V4
KGS024,31.0888,130.6982,/home/zhangb/work/people/zhangbei/team_claude/team_pytorch/station_cache_d9a7d4d6.csv,1.0,V4,405.6,1,j-shis_meshsearch_avs,4630550542,6,,0.99,Success,,https://www.j-shis.bosai.go.jp/map/api/meshsearch?center=130.69820000%2C31.08880000&epsg=4326&format=geojson&filter=AVS_gt_0&radius=1.000&limit=1&order=DIST&version=V4
KGS025,30.7319,130.9977,/home/zhangb/work/people/zhangbei/team_claude/team_pytorch/station_cache_d9a7d4d6.csv,1.0,V4,280.1,1,j-shis_meshsearch_avs,4630077944,9,,1.35,Success,,https://www.j-shis.bosai.go.jp/map/api/meshsearch?center=130.99770000%2C30.73190000&epsg=4326&format=geojson&filter=AVS_gt_0&radius=1.000&limit=1&order=DIST&version=V4
KGS026,30.5199,130.9553,/home/zhangb/work/people/zhangbei/team_claude/team_pytorch/station_cache_d9a7d4d6.csv,1.0,V4,291.9,1,j-shis_meshsearch_avs,4530672614,9,,1.31,Success,,https://www.j-shis.bosai.go.jp/map/api/meshsearch?center=130.95530000%2C30.51990000&epsg=4326&format=geojson&filter=AVS_gt_0&radius=1.000&limit=1&order=DIST&version=V4
KGS027,30.3488,130.8829,/home/zhangb/work/people/zhangbei/team_claude/team_pytorch/station_cache_d9a7d4d6.csv,1.0,V4,322.1,1,j-shis_meshsearch_avs,4530471043,9,,1.20,Success,,https://www.j-shis.bosai.go.jp/map/api/meshsearch?center=130.88290000%2C30.34880000&epsg=4326&format=geojson&filter=AVS_gt_0&radius=1.000&limit=1&order=DIST&version=V4
KGS028,30.4204,130.5771,/home/zhangb/work/people/zhangbei/team_claude/team_pytorch/station_cache_d9a7d4d6.csv,1.0,V4,308.9,1,j-shis_meshsearch_avs,4530540613,9,,1.25,Success,,https://www.j-shis.bosai.go.jp/map/api/meshsearch?center=130.57710000%2C30.42040000&epsg=4326&format=geojson&filter=AVS_gt_0&radius=1.000&limit=1&order=DIST&version=V4
KGS029,30.2363,130.5553,/home/zhangb/work/people/zhangbei/team_claude/team_pytorch/station_cache_d9a7d4d6.csv,1.0,V4,312.0,1,j-shis_meshsearch_avs,4530248414,9,,1.24,Success,,https://www.j-shis.bosai.go.jp/map/api/meshsearch?center=130.55530000%2C30.23630000&epsg=4326&format=geojson&filter=AVS_gt_0&radius=1.000&limit=1&order=DIST&version=V4
KGS030,28.451,129.6784,/home/zhangb/work/people/zhangbei/team_claude/team_pytorch/station_cache_d9a7d4d6.csv,1.0,V4,267.3,1,j-shis_meshsearch_avs,4229554412,10,,1.41,Success,,https://www.j-shis.bosai.go.jp/map/api/meshsearch?center=129.67840000%2C28.45100000&epsg=4326&format=geojson&filter=AVS_gt_0&radius=1.000&limit=1&order=DIST&version=V4
KGS033,27.6883,128.9421,/home/zhangb/work/people/zhangbei/team_claude/team_pytorch/station_cache_d9a7d4d6.csv,1.0,V4,351.4,1,j-shis_meshsearch_avs,4128472532,7,,1.12,Success,,https://www.j-shis.bosai.go.jp/map/api/meshsearch?center=128.94210000%2C27.68830000&epsg=4326&format=geojson&filter=AVS_gt_0&radius=1.000&limit=1&order=DIST&version=V4
KGS036,31.836,129.8678,/home/zhangb/work/people/zhangbei/team_claude/team_pytorch/station_cache_d9a7d4d6.csv,1.0,V4,641.3,1,j-shis_meshsearch_avs,4729660914,1,,0.67,Success,,https://www.j-shis.bosai.go.jp/map/api/meshsearch?center=129.86780000%2C31.83600000&epsg=4326&format=geojson&filter=AVS_gt_0&radius=1.000&limit=1&order=DIST&version=V4
KGS037,31.639,129.7078,/home/zhangb/work/people/zhangbei/team_claude/team_pytorch/station_cache_d9a7d4d6.csv,1.0,V4,260.2,1,j-shis_meshsearch_avs,4729356641,16,,1.44,Success,,https://www.j-shis.bosai.go.jp/map/api/meshsearch?center=129.70780000%2C31.63900000&epsg=4326&format=geojson&filter=AVS_gt_0&radius=1.000&limit=1&order=DIST&version=V4
KGSH01,32.1554,130.1191,/home/zhangb/work/people/zhangbei/team_claude/team_pytorch/station_cache_d9a7d4d6.csv,1.0,V4,510.4,1,j-shis_meshsearch_avs,4830108941,4,,0.81,Success,,https://www.j-shis.bosai.go.jp/map/api/meshsearch?center=130.11910000%2C32.15540000&epsg=4326&format=geojson&filter=AVS_gt_0&radius=1.000&limit=1&order=DIST&version=V4
KGSH02,31.994,130.2077,/home/zhangb/work/people/zhangbei/team_claude/team_pytorch/station_cache_d9a7d4d6.csv,1.0,V4,641.3,1,j-shis_meshsearch_avs,4730719623,1,,0.67,Success,,https://www.j-shis.bosai.go.jp/map/api/meshsearch?center=130.20770000%2C31.99400000&epsg=4326&format=geojson&filter=AVS_gt_0&radius=1.000&limit=1&order=DIST&version=V4
KGSH03,31.9812,130.4438,/home/zhangb/work/people/zhangbei/team_claude/team_pytorch/station_cache_d9a7d4d6.csv,1.0,V4,775.5,1,j-shis_meshsearch_avs,4730737541,1,,0.57,Success,,https://www.j-shis.bosai.go.jp/map/api/meshsearch?center=130.44380000%2C31.98120000&epsg=4326&format=geojson&filter=AVS_gt_0&radius=1.000&limit=1&order=DIST&version=V4
KGSH05,31.8699,130.4958,/home/zhangb/work/people/zhangbei/team_claude/team_pytorch/station_cache_d9a7d4d6.csv,1.0,V4,304.6,1,j-shis_meshsearch_avs,4730634923,10,,1.26,Success,,https://www.j-shis.bosai.go.jp/map/api/meshsearch?center=130.49580000%2C31.86990000&epsg=4326&format=geojson&filter=AVS_gt_0&radius=1.000&limit=1&order=DIST&version=V4
KGSH06,31.6988,130.4594,/home/zhangb/work/people/zhangbei/team_claude/team_pytorch/station_cache_d9a7d4d6.csv,1.0,V4,405.6,1,j-shis_meshsearch_avs,4730433644,6,,0.99,Success,,https://www.j-shis.bosai.go.jp/map/api/meshsearch?center=130.45940000%2C31.69880000&epsg=4326&format=geojson&filter=AVS_gt_0&radius=1.000&limit=1&order=DIST&version=V4
KGSH07,31.714,130.6149,/home/zhangb/work/people/zhangbei/team_claude/team_pytorch/station_cache_d9a7d4d6.csv,1.0,V4,290.0,1,j-shis_meshsearch_avs,4730445931,8,,1.32,Success,,https://www.j-shis.bosai.go.jp/map/api/meshsearch?center=130.61490000%2C31.71400000&epsg=4326&format=geojson&filter=AVS_gt_0&radius=1.000&limit=1&order=DIST&version=V4
KGSH08,31.5618,130.9969,/home/zhangb/work/people/zhangbei/team_claude/team_pytorch/station_cache_d9a7d4d6.csv,1.0,V4,405.6,1,j-shis_meshsearch_avs,4730277924,6,,0.99,Success,,https://www.j-shis.bosai.go.jp/map/api/meshsearch?center=130.99690000%2C31.56180000&epsg=4326&format=geojson&filter=AVS_gt_0&radius=1.000&limit=1&order=DIST&version=V4
KGSH09,31.3741,130.4333,/home/zhangb/work/people/zhangbei/team_claude/team_pytorch/station_cache_d9a7d4d6.csv,1.0,V4,379.2,1,j-shis_meshsearch_avs,4730034443,10,,1.05,Success,,https://www.j-shis.bosai.go.jp/map/api/meshsearch?center=130.43330000%2C31.37410000&epsg=4326&format=geojson&filter=AVS_gt_0&radius=1.000&limit=1&order=DIST&version=V4
KGSH10,31.2066,130.6183,/home/zhangb/work/people/zhangbei/team_claude/team_pytorch/station_cache_d9a7d4d6.csv,1.0,V4,316.7,1,j-shis_meshsearch_avs,4630644934,5,,1.22,Success,,https://www.j-shis.bosai.go.jp/map/api/meshsearch?center=130.61830000%2C31.20660000&epsg=4326&format=geojson&filter=AVS_gt_0&radius=1.000&limit=1&order=DIST&version=V4
KGW001,34.5452,134.2804,/home/zhangb/work/people/zhangbei/team_claude/team_pytorch/station_cache_d9a7d4d6.csv,1.0,V4,400.3,1,j-shis_meshsearch_avs,5134625214,2,,1.00,Success,,https://www.j-shis.bosai.go.jp/map/api/meshsearch?center=134.28040000%2C34.54520000&epsg=4326&format=geojson&filter=AVS_gt_0&radius=1.000&limit=1&order=DIST&version=V4
KGW002,34.4724,134.3142,/home/zhangb/work/people/zhangbei/team_claude/team_pytorch/station_cache_d9a7d4d6.csv,1.0,V4,253.3,1,j-shis_meshsearch_avs,5134526531,20,,1.48,Success,,https://www.j-shis.bosai.go.jp/map/api/meshsearch?center=134.31420000%2C34.47240000&epsg=4326&format=geojson&filter=AVS_gt_0&radius=1.000&limit=1&order=DIST&version=V4
KGW003,34.2644,133.7896,/home/zhangb/work/people/zhangbei/team_claude/team_pytorch/station_cache_d9a7d4d6.csv,1.0,V4,287.1,1,j-shis_meshsearch_avs,5133361331,11,,1.33,Success,,https://www.j-shis.bosai.go.jp/map/api/meshsearch?center=133.78960000%2C34.26440000&epsg=4326&format=geojson&filter=AVS_gt_0&radius=1.000&limit=1&order=DIST&version=V4
KGW004,34.3473,134.0375,/home/zhangb/work/people/zhangbei/team_claude/team_pytorch/station_cache_d9a7d4d6.csv,1.0,V4,260.2,1,j-shis_meshsearch_avs,5134401242,16,,1.44,Success,,https://www.j-shis.bosai.go.jp/map/api/meshsearch?center=134.03750000%2C34.34730000&epsg=4326&format=geojson&filter=AVS_gt_0&radius=1.000&limit=1&order=DIST&version=V4
KGW005,34.1139,133.6353,/home/zhangb/work/people/zhangbei/team_claude/team_pytorch/station_cache_d9a7d4d6.csv,1.0,V4,213.8,1,j-shis_meshsearch_avs,5133153042,19,,1.71,Success,,https://www.j-shis.bosai.go.jp/map/api/meshsearch?center=133.63530000%2C34.11390000&epsg=4326&format=geojson&filter=AVS_gt_0&radius=1.000&limit=1&order=DIST&version=V4
KGW006,34.2499,134.1856,/home/zhangb/work/people/zhangbei/team_claude/team_pytorch/station_cache_d9a7d4d6.csv,1.0,V4,387.7,1,j-shis_meshsearch_avs,5134219444,3,,1.03,Success,,https://www.j-shis.bosai.go.jp/map/api/meshsearch?center=134.18560000%2C34.24990000&epsg=4326&format=geojson&filter=AVS_gt_0&radius=1.000&limit=1&order=DIST&version=V4
KGW007,34.213,134.4133,/home/zhangb/work/people/zhangbei/team_claude/team_pytorch/station_cache_d9a7d4d6.csv,1.0,V4,286.3,1,j-shis_meshsearch_avs,5134235331,11,,1.33,Success,,https://www.j-shis.bosai.go.jp/map/api/meshsearch?center=134.41330000%2C34.21300000&epsg=4326&format=geojson&filter=AVS_gt_0&radius=1.000&limit=1&order=DIST&version=V4
KGW008,34.1645,133.9241,/home/zhangb/work/people/zhangbei/team_claude/team_pytorch/station_cache_d9a7d4d6.csv,1.0,V4,361.9,1,j-shis_meshsearch_avs,5133179342,11,,1.09,Success,,https://www.j-shis.bosai.go.jp/map/api/meshsearch?center=133.92410000%2C34.16450000&epsg=4326&format=geojson&filter=AVS_gt_0&radius=1.000&limit=1&order=DIST&version=V4
KGWH01,34.2186,133.9493,/home/zhangb/work/people/zhangbei/team_claude/team_pytorch/station_cache_d9a7d4d6.csv,1.0,V4,377.2,1,j-shis_meshsearch_avs,5133276522,3,,1.05,Success,,https://www.j-shis.bosai.go.jp/map/api/meshsearch?center=133.94930000%2C34.21860000&epsg=4326&format=geojson&filter=AVS_gt_0&radius=1.000&limit=1&order=DIST&version=V4
KGWH02,34.198,133.7081,/home/zhangb/work/people/zhangbei/team_claude/team_pytorch/station_cache_d9a7d4d6.csv,1.0,V4,207.5,1,j-shis_meshsearch_avs,5133253643,15,,1.75,Success,,https://www.j-shis.bosai.go.jp/map/api/meshsearch?center=133.70810000%2C34.19800000&epsg=4326&format=geojson&filter=AVS_gt_0&radius=1.000&limit=1&order=DIST&version=V4
KGWH03,34.27,134.1482,/home/zhangb/work/people/zhangbei/team_claude/team_pytorch/station_cache_d9a7d4d6.csv,1.0,V4,775.5,1,j-shis_meshsearch_avs,5134312124,1,,0.57,Success,,https://www.j-shis.bosai.go.jp/map/api/meshsearch?center=134.14820000%2C34.27000000&epsg=4326&format=geojson&filter=AVS_gt_0&radius=1.000&limit=1&order=DIST&version=V4
KGWH05,34.4572,134.3241,/home/zhangb/work/people/zhangbei/team_claude/team_pytorch/station_cache_d9a7d4d6.csv,1.0,V4,260.2,1,j-shis_meshsearch_avs,5134524544,16,,1.44,Success,,https://www.j-shis.bosai.go.jp/map/api/meshsearch?center=134.32410000%2C34.45720000&epsg=4326&format=geojson&filter=AVS_gt_0&radius=1.000&limit=1&order=DIST&version=V4
KKWH02,44.5509,142.5736,/home/zhangb/work/people/zhangbei/team_claude/team_pytorch/station_cache_d9a7d4d6.csv,1.0,V4,438.0,1,j-shis_meshsearch_avs,6642646522,10,,0.93,Success,,https://www.j-shis.bosai.go.jp/map/api/meshsearch?center=142.57360000%2C44.55090000&epsg=4326&format=geojson&filter=AVS_gt_0&radius=1.000&limit=1&order=DIST&version=V4
KKWH03,44.4732,142.2725,/home/zhangb/work/people/zhangbei/team_claude/team_pytorch/station_cache_d9a7d4d6.csv,1.0,V4,384.6,1,j-shis_meshsearch_avs,6642526144,10,,1.03,Success,,https://www.j-shis.bosai.go.jp/map/api/meshsearch?center=142.27250000%2C44.47320000&epsg=4326&format=geojson&filter=AVS_gt_0&radius=1.000&limit=1&order=DIST&version=V4
KKWH04,44.4376,142.4056,/home/zhangb/work/people/zhangbei/team_claude/team_pytorch/station_cache_d9a7d4d6.csv,1.0,V4,326.3,1,j-shis_meshsearch_avs,6642532232,11,,1.19,Success,,https://www.j-shis.bosai.go.jp/map/api/meshsearch?center=142.40560000%2C44.43760000&epsg=4326&format=geojson&filter=AVS_gt_0&radius=1.000&limit=1&order=DIST&version=V4
KKWH06,44.3207,142.7656,/home/zhangb/work/people/zhangbei/team_claude/team_pytorch/station_cache_d9a7d4d6.csv,1.0,V4,415.9,1,j-shis_meshsearch_avs,6642368113,10,,0.97,Success,,https://www.j-shis.bosai.go.jp/map/api/meshsearch?center=142.76560000%2C44.32070000&epsg=4326&format=geojson&filter=AVS_gt_0&radius=1.000&limit=1&order=DIST&version=V4
KKWH08,43.0406,142.6562,/home/zhangb/work/people/zhangbei/team_claude/team_pytorch/station_cache_d9a7d4d6.csv,1.0,V4,558.9,1,j-shis_meshsearch_avs,6442454234,8,,0.75,Success,,https://www.j-shis.bosai.go.jp/map/api/meshsearch?center=142.65620000%2C43.04060000&epsg=4326&format=geojson&filter=AVS_gt_0&radius=1.000&limit=1&order=DIST&version=V4
KKWH09,44.7745,142.2542,/home/zhangb/work/people/zhangbei/team_claude/team_pytorch/station_cache_d9a7d4d6.csv,1.0,V4,472.0,1,j-shis_meshsearch_avs,6742122034,8,,0.87,Success,,https://www.j-shis.bosai.go.jp/map/api/meshsearch?center=142.25420000%2C44.77450000&epsg=4326&format=geojson&filter=AVS_gt_0&radius=1.000&limit=1&order=DIST&version=V4
KKWH10,44.6617,142.0528,/home/zhangb/work/people/zhangbei/team_claude/team_pytorch/station_cache_d9a7d4d6.csv,1.0,V4,339.4,1,j-shis_meshsearch_avs,6642709413,10,,1.15,Success,,https://www.j-shis.bosai.go.jp/map/api/meshsearch?center=142.05280000%2C44.66170000&epsg=4326&format=geojson&filter=AVS_gt_0&radius=1.000&limit=1&order=DIST&version=V4
KKWH11,43.9754,142.2834,/home/zhangb/work/people/zhangbei/team_claude/team_pytorch/station_cache_d9a7d4d6.csv,1.0,V4,418.9,1,j-shis_meshsearch_avs,6542727221,10,,0.96,Success,,https://www.j-shis.bosai.go.jp/map/api/meshsearch?center=142.28340000%2C43.97540000&epsg=4326&format=geojson&filter=AVS_gt_0&radius=1.000&limit=1&order=DIST&version=V4
KKWH13,43.5113,142.3906,/home/zhangb/work/people/zhangbei/team_claude/team_pytorch/station_cache_d9a7d4d6.csv,1.0,V4,405.6,1,j-shis_meshsearch_avs,6542231113,6,,0.99,Success,,https://www.j-shis.bosai.go.jp/map/api/meshsearch?center=142.39060000%2C43.51130000&epsg=4326&format=geojson&filter=AVS_gt_0&radius=1.000&limit=1&order=DIST&version=V4
KKWH14,43.3841,142.5245,/home/zhangb/work/people/zhangbei/team_claude/team_pytorch/station_cache_d9a7d4d6.csv,1.0,V4,298.5,1,j-shis_meshsearch_avs,6542046122,5,,1.28,Success,,https://www.j-shis.bosai.go.jp/map/api/meshsearch?center=142.52450000%2C43.38410000&epsg=4326&format=geojson&filter=AVS_gt_0&radius=1.000&limit=1&order=DIST&version=V4
KKWH15,43.8546,142.7656,/home/zhangb/work/people/zhangbei/team_claude/team_pytorch/station_cache_d9a7d4d6.csv,1.0,V4,529.4,1,j-shis_meshsearch_avs,6542662131,8,,0.79,Success,,https://www.j-shis.bosai.go.jp/map/api/meshsearch?center=142.76560000%2C43.85460000&epsg=4326&format=geojson&filter=AVS_gt_0&radius=1.000&limit=1&order=DIST&version=V4
KMM001,33.1211,131.0689,/home/zhangb/work/people/zhangbei/team_claude/team_pytorch/station_cache_d9a7d4d6.csv,1.0,V4,405.6,1,j-shis_meshsearch_avs,4931504541,6,,0.99,Success,,https://www.j-shis.bosai.go.jp/map/api/meshsearch?center=131.06890000%2C33.12110000&epsg=4326&format=geojson&filter=AVS_gt_0&radius=1.000&limit=1&order=DIST&version=V4
KMM002,33.0189,130.6846,/home/zhangb/work/people/zhangbei/team_claude/team_pytorch/station_cache_d9a7d4d6.csv,1.0,V4,303.9,1,j-shis_meshsearch_avs,4930452424,11,,1.26,Success,,https://www.j-shis.bosai.go.jp/map/api/meshsearch?center=130.68460000%2C33.01890000&epsg=4326&format=geojson&filter=AVS_gt_0&radius=1.000&limit=1&order=DIST&version=V4
KMM003,32.9335,130.5477,/home/zhangb/work/people/zhangbei/team_claude/team_pytorch/station_cache_d9a7d4d6.csv,1.0,V4,264.2,1,j-shis_meshsearch_avs,4930342322,5,,1.42,Success,,https://www.j-shis.bosai.go.jp/map/api/meshsearch?center=130.54770000%2C32.93350000&epsg=4326&format=geojson&filter=AVS_gt_0&radius=1.000&limit=1&order=DIST&version=V4
KMM004,32.9318,131.1203,/home/zhangb/work/people/zhangbei/team_claude/team_pytorch/station_cache_d9a7d4d6.csv,1.0,V4,283.9,1,j-shis_meshsearch_avs,4931301943,5,,1.34,Success,,https://www.j-shis.bosai.go.jp/map/api/meshsearch?center=131.12030000%2C32.93180000&epsg=4326&format=geojson&filter=AVS_gt_0&radius=1.000&limit=1&order=DIST&version=V4
KMM005,32.8761,130.8771,/home/zhangb/work/people/zhangbei/team_claude/team_pytorch/station_cache_d9a7d4d6.csv,1.0,V4,304.8,1,j-shis_meshsearch_avs,4930275011,9,,1.26,Success,,https://www.j-shis.bosai.go.jp/map/api/meshsearch?center=130.87710000%2C32.87610000&epsg=4326&format=geojson&filter=AVS_gt_0&radius=1.000&limit=1&order=DIST&version=V4
KMM006,32.7934,130.7772,/home/zhangb/work/people/zhangbei/team_claude/team_pytorch/station_cache_d9a7d4d6.csv,1.0,V4,268.5,1,j-shis_meshsearch_avs,4930165211,5,,1.40,Success,,https://www.j-shis.bosai.go.jp/map/api/meshsearch?center=130.77720000%2C32.79340000&epsg=4326&format=geojson&filter=AVS_gt_0&radius=1.000&limit=1&order=DIST&version=V4
KMM007,32.8268,131.1224,/home/zhangb/work/people/zhangbei/team_claude/team_pytorch/station_cache_d9a7d4d6.csv,1.0,V4,292.9,1,j-shis_meshsearch_avs,4931109922,5,,1.30,Success,,https://www.j-shis.bosai.go.jp/map/api/meshsearch?center=131.12240000%2C32.82680000&epsg=4326&format=geojson&filter=AVS_gt_0&radius=1.000&limit=1&order=DIST&version=V4
KMM008,32.6875,130.6598,/home/zhangb/work/people/zhangbei/team_claude/team_pytorch/station_cache_d9a7d4d6.csv,1.0,V4,195.9,1,j-shis_meshsearch_avs,4930052242,15,,1.84,Success,,https://www.j-shis.bosai.go.jp/map/api/meshsearch?center=130.65980000%2C32.68750000&epsg=4326&format=geojson&filter=AVS_gt_0&radius=1.000&limit=1&order=DIST&version=V4
KMM009,32.6864,130.9886,/home/zhangb/work/people/zhangbei/team_claude/team_pytorch/station_cache_d9a7d4d6.csv,1.0,V4,405.6,1,j-shis_meshsearch_avs,4930072913,6,,0.99,Success,,https://www.j-shis.bosai.go.jp/map/api/meshsearch?center=130.98860000%2C32.68640000&epsg=4326&format=geojson&filter=AVS_gt_0&radius=1.000&limit=1&order=DIST&version=V4
KMM010,32.6134,130.4873,/home/zhangb/work/people/zhangbei/team_claude/team_pytorch/station_cache_d9a7d4d6.csv,1.0,V4,213.8,1,j-shis_meshsearch_avs,4830733842,19,,1.71,Success,,https://www.j-shis.bosai.go.jp/map/api/meshsearch?center=130.48730000%2C32.61340000&epsg=4326&format=geojson&filter=AVS_gt_0&radius=1.000&limit=1&order=DIST&version=V4
KMM011,32.6166,130.8635,/home/zhangb/work/people/zhangbei/team_claude/team_pytorch/station_cache_d9a7d4d6.csv,1.0,V4,405.6,1,j-shis_meshsearch_avs,4830763933,6,,0.99,Success,,https://www.j-shis.bosai.go.jp/map/api/meshsearch?center=130.86350000%2C32.61660000&epsg=4326&format=geojson&filter=AVS_gt_0&radius=1.000&limit=1&order=DIST&version=V4
KMM012,32.5099,130.5908,/home/zhangb/work/people/zhangbei/team_claude/team_pytorch/station_cache_d9a7d4d6.csv,1.0,V4,183.8,1,j-shis_meshsearch_avs,4830641712,15,,1.94,Success,,https://www.j-shis.bosai.go.jp/map/api/meshsearch?center=130.59080000%2C32.50990000&epsg=4326&format=geojson&filter=AVS_gt_0&radius=1.000&limit=1&order=DIST&version=V4
KMM013,32.3644,130.5089,/home/zhangb/work/people/zhangbei/team_claude/team_pytorch/station_cache_d9a7d4d6.csv,1.0,V4,207.5,1,j-shis_meshsearch_avs,4830443041,15,,1.75,Success,,https://www.j-shis.bosai.go.jp/map/api/meshsearch?center=130.50890000%2C32.36440000&epsg=4326&format=geojson&filter=AVS_gt_0&radius=1.000&limit=1&order=DIST&version=V4
KMM014,32.3961,130.8273,/home/zhangb/work/people/zhangbei/team_claude/team_pytorch/station_cache_d9a7d4d6.csv,1.0,V4,405.6,1,j-shis_meshsearch_avs,4830467631,6,,0.99,Success,,https://www.j-shis.bosai.go.jp/map/api/meshsearch?center=130.82730000%2C32.39610000&epsg=4326&format=geojson&filter=AVS_gt_0&radius=1.000&limit=1&order=DIST&version=V4
KMM015,32.2161,130.4059,/home/zhangb/work/people/zhangbei/team_claude/team_pytorch/station_cache_d9a7d4d6.csv,1.0,V4,177.8,1,j-shis_meshsearch_avs,4830235234,15,,2.00,Success,,https://www.j-shis.bosai.go.jp/map/api/meshsearch?center=130.40590000%2C32.21610000&epsg=4326&format=geojson&filter=AVS_gt_0&radius=1.000&limit=1&order=DIST&version=V4
KMM016,32.1965,130.7757,/home/zhangb/work/people/zhangbei/team_claude/team_pytorch/station_cache_d9a7d4d6.csv,1.0,V4,405.6,1,j-shis_meshsearch_avs,4830263231,6,,0.99,Success,,https://www.j-shis.bosai.go.jp/map/api/meshsearch?center=130.77570000%2C32.19650000&epsg=4326&format=geojson&filter=AVS_gt_0&radius=1.000&limit=1&order=DIST&version=V4
KMM017,32.2567,130.9245,/home/zhangb/work/people/zhangbei/team_claude/team_pytorch/station_cache_d9a7d4d6.csv,1.0,V4,356.0,1,j-shis_meshsearch_avs,4830370344,11,,1.10,Success,,https://www.j-shis.bosai.go.jp/map/api/meshsearch?center=130.92450000%2C32.25670000&epsg=4326&format=geojson&filter=AVS_gt_0&radius=1.000&limit=1&order=DIST&version=V4
KMM018,32.3941,130.3898,/home/zhangb/work/people/zhangbei/team_claude/team_pytorch/station_cache_d9a7d4d6.csv,1.0,V4,775.5,1,j-shis_meshsearch_avs,4830437113,1,,0.57,Success,,https://www.j-shis.bosai.go.jp/map/api/meshsearch?center=130.38980000%2C32.39410000&epsg=4326&format=geojson&filter=AVS_gt_0&radius=1.000&limit=1&order=DIST&version=V4
KMM019,32.4548,130.1807,/home/zhangb/work/people/zhangbei/team_claude/team_pytorch/station_cache_d9a7d4d6.csv,1.0,V4,444.4,1,j-shis_meshsearch_avs,4830514432,3,,0.91,Success,,https://www.j-shis.bosai.go.jp/map/api/meshsearch?center=130.18070000%2C32.45480000&epsg=4326&format=geojson&filter=AVS_gt_0&radius=1.000&limit=1&order=DIST&version=V4
KMM020,32.3636,130.1807,/home/zhangb/work/people/zhangbei/team_claude/team_pytorch/station_cache_d9a7d4d6.csv,1.0,V4,270.1,1,j-shis_meshsearch_avs,4830413432,10,,1.40,Success,,https://www.j-shis.bosai.go.jp/map/api/meshsearch?center=130.18070000%2C32.36360000&epsg=4326&format=geojson&filter=AVS_gt_0&radius=1.000&limit=1&order=DIST&version=V4
KMM021,32.3793,129.9996,/home/zhangb/work/people/zhangbei/team_claude/team_pytorch/station_cache_d9a7d4d6.csv,1.0,V4,207.5,1,j-shis_meshsearch_avs,4829475942,15,,1.75,Success,,https://www.j-shis.bosai.go.jp/map/api/meshsearch?center=129.99960000%2C32.37930000&epsg=4326&format=geojson&filter=AVS_gt_0&radius=1.000&limit=1&order=DIST&version=V4
KMM022,32.1945,130.027,/home/zhangb/work/people/zhangbei/team_claude/team_pytorch/station_cache_d9a7d4d6.csv,1.0,V4,207.5,1,j-shis_meshsearch_avs,4830203213,15,,1.75,Success,,https://www.j-shis.bosai.go.jp/map/api/meshsearch?center=130.02700000%2C32.19450000&epsg=4326&format=geojson&filter=AVS_gt_0&radius=1.000&limit=1&order=DIST&version=V4
KMMH03,32.9984,130.8301,/home/zhangb/work/people/zhangbei/team_claude/team_pytorch/station_cache_d9a7d4d6.csv,1.0,V4,405.6,1,j-shis_meshsearch_avs,4930369634,6,,0.99,Success,,https://www.j-shis.bosai.go.jp/map/api/meshsearch?center=130.83010000%2C32.99840000&epsg=4326&format=geojson&filter=AVS_gt_0&radius=1.000&limit=1&order=DIST&version=V4
KMMH05,32.9553,131.2207,/home/zhangb/work/people/zhangbei/team_claude/team_pytorch/station_cache_d9a7d4d6.csv,1.0,V4,299.2,1,j-shis_meshsearch_avs,4931314741,5,,1.28,Success,,https://www.j-shis.bosai.go.jp/map/api/meshsearch?center=131.22070000%2C32.95530000&epsg=4326&format=geojson&filter=AVS_gt_0&radius=1.000&limit=1&order=DIST&version=V4
KMMH07,32.6234,130.5584,/home/zhangb/work/people/zhangbei/team_claude/team_pytorch/station_cache_d9a7d4d6.csv,1.0,V4,510.4,1,j-shis_meshsearch_avs,4830744443,4,,0.81,Success,,https://www.j-shis.bosai.go.jp/map/api/meshsearch?center=130.55840000%2C32.62340000&epsg=4326&format=geojson&filter=AVS_gt_0&radius=1.000&limit=1&order=DIST&version=V4
KMMH08,32.6501,131.0251,/home/zhangb/work/people/zhangbei/team_claude/team_pytorch/station_cache_d9a7d4d6.csv,1.0,V4,405.6,1,j-shis_meshsearch_avs,4831708211,6,,0.99,Success,,https://www.j-shis.bosai.go.jp/map/api/meshsearch?center=131.02510000%2C32.65010000&epsg=4326&format=geojson&filter=AVS_gt_0&radius=1.000&limit=1&order=DIST&version=V4
KMMH09,32.4901,130.9046,/home/zhangb/work/people/zhangbei/team_claude/team_pytorch/station_cache_d9a7d4d6.csv,1.0,V4,405.6,1,j-shis_meshsearch_avs,4830578234,6,,0.99,Success,,https://www.j-shis.bosai.go.jp/map/api/meshsearch?center=130.90460000%2C32.49010000&epsg=4326&format=geojson&filter=AVS_gt_0&radius=1.000&limit=1&order=DIST&version=V4
KMMH10,32.3151,130.1811,/home/zhangb/work/people/zhangbei/team_claude/team_pytorch/station_cache_d9a7d4d6.csv,1.0,V4,641.3,1,j-shis_meshsearch_avs,4830317434,1,,0.67,Success,,https://www.j-shis.bosai.go.jp/map/api/meshsearch?center=130.18110000%2C32.31510000&epsg=4326&format=geojson&filter=AVS_gt_0&radius=1.000&limit=1&order=DIST&version=V4
KMMH11,32.2918,130.5777,/home/zhangb/work/people/zhangbei/team_claude/team_pytorch/station_cache_d9a7d4d6.csv,1.0,V4,775.5,1,j-shis_meshsearch_avs,4830345611,1,,0.57,Success,,https://www.j-shis.bosai.go.jp/map/api/meshsearch?center=130.57770000%2C32.29180000&epsg=4326&format=geojson&filter=AVS_gt_0&radius=1.000&limit=1&order=DIST&version=V4
KMMH14,32.6345,130.7521,/home/zhangb/work/people/zhangbei/team_claude/team_pytorch/station_cache_d9a7d4d6.csv,1.0,V4,296.4,1,j-shis_meshsearch_avs,4830766011,9,,1.29,Success,,https://www.j-shis.bosai.go.jp/map/api/meshsearch?center=130.75210000%2C32.63450000&epsg=4326&format=geojson&filter=AVS_gt_0&radius=1.000&limit=1&order=DIST&version=V4
KMMH15,32.1704,130.3647,/home/zhangb/work/people/zhangbei/team_claude/team_pytorch/station_cache_d9a7d4d6.csv,1.0,V4,510.4,1,j-shis_meshsearch_avs,4830220913,4,,0.81,Success,,https://www.j-shis.bosai.go.jp/map/api/meshsearch?center=130.36470000%2C32.17040000&epsg=4326&format=geojson&filter=AVS_gt_0&radius=1.000&limit=1&order=DIST&version=V4
KMMH16,32.7967,130.8199,/home/zhangb/work/people/zhangbei/team_claude/team_pytorch/station_cache_d9a7d4d6.csv,1.0,V4,286.8,1,j-shis_meshsearch_avs,4930165541,5,,1.33,Success,,https://www.j-shis.bosai.go.jp/map/api/meshsearch?center=130.81990000%2C32.79670000&epsg=4326&format=geojson&filter=AVS_gt_0&radius=1.000&limit=1&order=DIST&version=V4
KMMH17,32.9873,130.5608,/home/zhangb/work/people/zhangbei/team_claude/team_pytorch/station_cache_d9a7d4d6.csv,1.0,V4,405.6,1,j-shis_meshsearch_avs,4930348424,6,,0.99,Success,,https://www.j-shis.bosai.go.jp/map/api/meshsearch?center=130.56080000%2C32.98730000&epsg=4326&format=geojson&filter=AVS_gt_0&radius=1.000&limit=1&order=DIST&version=V4
KMMH18,33.0031,131.0071,/home/zhangb/work/people/zhangbei/team_claude/team_pytorch/station_cache_d9a7d4d6.csv,1.0,V4,273.9,1,j-shis_meshsearch_avs,4931400023,5,,1.38,Success,,https://www.j-shis.bosai.go.jp/map/api/meshsearch?center=131.00710000%2C33.00310000&epsg=4326&format=geojson&filter=AVS_gt_0&radius=1.000&limit=1&order=DIST&version=V4
KNG001,35.5291,139.7061,/home/zhangb/work/people/zhangbei/team_claude/team_pytorch/station_cache_d9a7d4d6.csv,1.0,V4,198.8,1,j-shis_meshsearch_avs,5339253614,15,,1.81,Success,,https://www.j-shis.bosai.go.jp/map/api/meshsearch?center=139.70610000%2C35.52910000&epsg=4326&format=geojson&filter=AVS_gt_0&radius=1.000&limit=1&order=DIST&version=V4
KNG002,35.4372,139.6334,/home/zhangb/work/people/zhangbei/team_claude/team_pytorch/station_cache_d9a7d4d6.csv,1.0,V4,181.7,1,j-shis_meshsearch_avs,5339152023,19,,1.96,Success,,https://www.j-shis.bosai.go.jp/map/api/meshsearch?center=139.63340000%2C35.43720000&epsg=4326&format=geojson&filter=AVS_gt_0&radius=1.000&limit=1&order=DIST&version=V4
KNG003,35.2731,139.6582,/home/zhangb/work/people/zhangbei/team_claude/team_pytorch/station_cache_d9a7d4d6.csv,1.0,V4,391.2,1,j-shis_meshsearch_avs,5239752243,3,,1.02,Success,,https://www.j-shis.bosai.go.jp/map/api/meshsearch?center=139.65820000%2C35.27310000&epsg=4326&format=geojson&filter=AVS_gt_0&radius=1.000&limit=1&order=DIST&version=V4
KNG004,35.1442,139.6223,/home/zhangb/work/people/zhangbei/team_claude/team_pytorch/station_cache_d9a7d4d6.csv,1.0,V4,295.9,1,j-shis_meshsearch_avs,5239547924,9,,1.29,Success,,https://www.j-shis.bosai.go.jp/map/api/meshsearch?center=139.62230000%2C35.14420000&epsg=4326&format=geojson&filter=AVS_gt_0&radius=1.000&limit=1&order=DIST&version=V4
KNG005,35.3191,139.5461,/home/zhangb/work/people/zhangbei/team_claude/team_pytorch/station_cache_d9a7d4d6.csv,1.0,V4,391.3,1,j-shis_meshsearch_avs,5239748323,3,,1.02,Success,,https://www.j-shis.bosai.go.jp/map/api/meshsearch?center=139.54610000%2C35.31910000&epsg=4326&format=geojson&filter=AVS_gt_0&radius=1.000&limit=1&order=DIST&version=V4
KNG006,35.4541,139.5391,/home/zhangb/work/people/zhangbei/team_claude/team_pytorch/station_cache_d9a7d4d6.csv,1.0,V4,261.6,1,j-shis_meshsearch_avs,5339144313,10,,1.44,Success,,https://www.j-shis.bosai.go.jp/map/api/meshsearch?center=139.53910000%2C35.45410000&epsg=4326&format=geojson&filter=AVS_gt_0&radius=1.000&limit=1&order=DIST&version=V4
KNG007,35.3382,139.4926,/home/zhangb/work/people/zhangbei/team_claude/team_pytorch/station_cache_d9a7d4d6.csv,1.0,V4,243.4,1,j-shis_meshsearch_avs,5339030932,13,,1.53,Success,,https://www.j-shis.bosai.go.jp/map/api/meshsearch?center=139.49260000%2C35.33820000&epsg=4326&format=geojson&filter=AVS_gt_0&radius=1.000&limit=1&order=DIST&version=V4
KNG008,35.5749,139.3262,/home/zhangb/work/people/zhangbei/team_claude/team_pytorch/station_cache_d9a7d4d6.csv,1.0,V4,312.1,1,j-shis_meshsearch_avs,5339228633,9,,1.24,Success,,https://www.j-shis.bosai.go.jp/map/api/meshsearch?center=139.32620000%2C35.57490000&epsg=4326&format=geojson&filter=AVS_gt_0&radius=1.000&limit=1&order=DIST&version=V4
KNG009,35.4425,139.3621,/home/zhangb/work/people/zhangbei/team_claude/team_pytorch/station_cache_d9a7d4d6.csv,1.0,V4,199.7,1,j-shis_meshsearch_avs,5339123822,13,,1.81,Success,,https://www.j-shis.bosai.go.jp/map/api/meshsearch?center=139.36210000%2C35.44250000&epsg=4326&format=geojson&filter=AVS_gt_0&radius=1.000&limit=1&order=DIST&version=V4
KNG010,35.3339,139.3446,/home/zhangb/work/people/zhangbei/team_claude/team_pytorch/station_cache_d9a7d4d6.csv,1.0,V4,260.6,1,j-shis_meshsearch_avs,5339020721,16,,1.44,Success,,https://www.j-shis.bosai.go.jp/map/api/meshsearch?center=139.34460000%2C35.33390000&epsg=4326&format=geojson&filter=AVS_gt_0&radius=1.000&limit=1&order=DIST&version=V4
KNG011,35.6151,139.1554,/home/zhangb/work/people/zhangbei/team_claude/team_pytorch/station_cache_d9a7d4d6.csv,1.0,V4,488.7,1,j-shis_meshsearch_avs,5339313234,9,,0.84,Success,,https://www.j-shis.bosai.go.jp/map/api/meshsearch?center=139.15540000%2C35.61510000&epsg=4326&format=geojson&filter=AVS_gt_0&radius=1.000&limit=1&order=DIST&version=V4
KNG012,35.3793,139.2044,/home/zhangb/work/people/zhangbei/team_claude/team_pytorch/station_cache_d9a7d4d6.csv,1.0,V4,338.0,1,j-shis_meshsearch_avs,5339015632,11,,1.15,Success,,https://www.j-shis.bosai.go.jp/map/api/meshsearch?center=139.20440000%2C35.37930000&epsg=4326&format=geojson&filter=AVS_gt_0&radius=1.000&limit=1&order=DIST&version=V4
KNG013,35.2642,139.1521,/home/zhangb/work/people/zhangbei/team_claude/team_pytorch/station_cache_d9a7d4d6.csv,1.0,V4,220.9,1,j-shis_meshsearch_avs,5239711231,13,,1.66,Success,,https://www.j-shis.bosai.go.jp/map/api/meshsearch?center=139.15210000%2C35.26420000&epsg=4326&format=geojson&filter=AVS_gt_0&radius=1.000&limit=1&order=DIST&version=V4
KNG014,35.3609,139.0828,/home/zhangb/work/people/zhangbei/team_claude/team_pytorch/station_cache_d9a7d4d6.csv,1.0,V4,302.3,1,j-shis_meshsearch_avs,5339003623,10,,1.27,Success,,https://www.j-shis.bosai.go.jp/map/api/meshsearch?center=139.08280000%2C35.36090000&epsg=4326&format=geojson&filter=AVS_gt_0&radius=1.000&limit=1&order=DIST&version=V4
KNG201,34.5956,139.9183,/home/zhangb/work/people/zhangbei/team_claude/team_pytorch/station_cache_d9a7d4d6.csv,1.0,V4,,0,j-shis_meshsearch_avs,,,,,request_failed,HTTP Error 404: Not Found,
KNG202,34.7396,139.8393,/home/zhangb/work/people/zhangbei/team_claude/team_pytorch/station_cache_d9a7d4d6.csv,1.0,V4,,0,j-shis_meshsearch_avs,,,,,request_failed,HTTP Error 404: Not Found,
KNG203,34.7983,139.6435,/home/zhangb/work/people/zhangbei/team_claude/team_pytorch/station_cache_d9a7d4d6.csv,1.0,V4,,0,j-shis_meshsearch_avs,,,,,request_failed,HTTP Error 404: Not Found,
KNG204,34.8931,139.5711,/home/zhangb/work/people/zhangbei/team_claude/team_pytorch/station_cache_d9a7d4d6.csv,1.0,V4,,0,j-shis_meshsearch_avs,,,,,request_failed,HTTP Error 404: Not Found,
KNG205,34.9413,139.4213,/home/zhangb/work/people/zhangbei/team_claude/team_pytorch/station_cache_d9a7d4d6.csv,1.0,V4,,0,j-shis_meshsearch_avs,,,,,request_failed,HTTP Error 404: Not Found,
KNG206,35.0966,139.3778,/home/zhangb/work/people/zhangbei/team_claude/team_pytorch/station_cache_d9a7d4d6.csv,1.0,V4,,0,j-shis_meshsearch_avs,,,,,request_failed,HTTP Error 404: Not Found,
KNGH10,35.4991,139.5195,/home/zhangb/work/people/zhangbei/team_claude/team_pytorch/station_cache_d9a7d4d6.csv,1.0,V4,391.3,1,j-shis_meshsearch_avs,5339149143,3,,1.02,Success,,https://www.j-shis.bosai.go.jp/map/api/meshsearch?center=139.51950000%2C35.49910000&epsg=4326&format=geojson&filter=AVS_gt_0&radius=1.000&limit=1&order=DIST&version=V4
KNGH11,35.404,139.3539,/home/zhangb/work/people/zhangbei/team_claude/team_pytorch/station_cache_d9a7d4d6.csv,1.0,V4,134.9,1,j-shis_meshsearch_avs,5339028814,13,,2.52,Success,,https://www.j-shis.bosai.go.jp/map/api/meshsearch?center=139.35390000%2C35.40400000&epsg=4326&format=geojson&filter=AVS_gt_0&radius=1.000&limit=1&order=DIST&version=V4
KNGH18,35.6437,139.1283,/home/zhangb/work/people/zhangbei/team_claude/team_pytorch/station_cache_d9a7d4d6.csv,1.0,V4,574.6,1,j-shis_meshsearch_avs,5339317012,2,,0.73,Success,,https://www.j-shis.bosai.go.jp/map/api/meshsearch?center=139.12830000%2C35.64370000&epsg=4326&format=geojson&filter=AVS_gt_0&radius=1.000&limit=1&order=DIST&version=V4
KNGH19,35.4173,139.0436,/home/zhangb/work/people/zhangbei/team_claude/team_pytorch/station_cache_d9a7d4d6.csv,1.0,V4,535.7,1,j-shis_meshsearch_avs,5339100312,1,,0.78,Success,,https://www.j-shis.bosai.go.jp/map/api/meshsearch?center=139.04360000%2C35.41730000&epsg=4326&format=geojson&filter=AVS_gt_0&radius=1.000&limit=1&order=DIST&version=V4
KNGH20,35.3663,139.126,/home/zhangb/work/people/zhangbei/team_claude/team_pytorch/station_cache_d9a7d4d6.csv,1.0,V4,498.6,1,j-shis_meshsearch_avs,5339013033,3,,0.83,Success,,https://www.j-shis.bosai.go.jp/map/api/meshsearch?center=139.12600000%2C35.36630000&epsg=4326&format=geojson&filter=AVS_gt_0&radius=1.000&limit=1&order=DIST&version=V4
KNGH21,35.4628,139.2146,/home/zhangb/work/people/zhangbei/team_claude/team_pytorch/station_cache_d9a7d4d6.csv,1.0,V4,548.4,1,j-shis_meshsearch_avs,5339115731,1,,0.76,Success,,https://www.j-shis.bosai.go.jp/map/api/meshsearch?center=139.21460000%2C35.46280000&epsg=4326&format=geojson&filter=AVS_gt_0&radius=1.000&limit=1&order=DIST&version=V4
KNGH23,35.2624,139.611,/home/zhangb/work/people/zhangbei/team_claude/team_pytorch/station_cache_d9a7d4d6.csv,1.0,V4,442.9,1,j-shis_meshsearch_avs,5239741824,3,,0.92,Success,,https://www.j-shis.bosai.go.jp/map/api/meshsearch?center=139.61100000%2C35.26240000&epsg=4326&format=geojson&filter=AVS_gt_0&radius=1.000&limit=1&order=DIST&version=V4
KOC001,33.5277,134.2808,/home/zhangb/work/people/zhangbei/team_claude/team_pytorch/station_cache_d9a7d4d6.csv,1.0,V4,207.5,1,j-shis_meshsearch_avs,5034223214,15,,1.75,Success,,https://www.j-shis.bosai.go.jp/map/api/meshsearch?center=134.28080000%2C33.52770000&epsg=4326&format=geojson&filter=AVS_gt_0&radius=1.000&limit=1&order=DIST&version=V4
KOC002,33.2946,134.1666,/home/zhangb/work/people/zhangbei/team_claude/team_pytorch/station_cache_d9a7d4d6.csv,1.0,V4,288.4,1,j-shis_meshsearch_avs,4934715314,10,,1.32,Success,,https://www.j-shis.bosai.go.jp/map/api/meshsearch?center=134.16660000%2C33.29460000&epsg=4326&format=geojson&filter=AVS_gt_0&radius=1.000&limit=1&order=DIST&version=V4
KOC003,33.5014,133.9071,/home/zhangb/work/people/zhangbei/team_claude/team_pytorch/station_cache_d9a7d4d6.csv,1.0,V4,194.5,1,j-shis_meshsearch_avs,5033270221,17,,1.85,Success,,https://www.j-shis.bosai.go.jp/map/api/meshsearch?center=133.90710000%2C33.50140000&epsg=4326&format=geojson&filter=AVS_gt_0&radius=1.000&limit=1&order=DIST&version=V4
KOC004,33.6975,133.8764,/home/zhangb/work/people/zhangbei/team_claude/team_pytorch/station_cache_d9a7d4d6.csv,1.0,V4,522.3,1,j-shis_meshsearch_avs,5033473031,8,,0.80,Success,,https://www.j-shis.bosai.go.jp/map/api/meshsearch?center=133.87640000%2C33.69750000&epsg=4326&format=geojson&filter=AVS_gt_0&radius=1.000&limit=1&order=DIST&version=V4
KOC005,33.5929,133.6923,/home/zhangb/work/people/zhangbei/team_claude/team_pytorch/station_cache_d9a7d4d6.csv,1.0,V4,301.6,1,j-shis_meshsearch_avs,5033351512,11,,1.27,Success,,https://www.j-shis.bosai.go.jp/map/api/meshsearch?center=133.69230000%2C33.59290000&epsg=4326&format=geojson&filter=AVS_gt_0&radius=1.000&limit=1&order=DIST&version=V4
KOC006,33.4943,133.4166,/home/zhangb/work/people/zhangbei/team_claude/team_pytorch/station_cache_d9a7d4d6.csv,1.0,V4,169.0,1,j-shis_meshsearch_avs,5033139314,13,,2.08,Success,,https://www.j-shis.bosai.go.jp/map/api/meshsearch?center=133.41660000%2C33.49430000&epsg=4326&format=geojson&filter=AVS_gt_0&radius=1.000&limit=1&order=DIST&version=V4
KOC007,33.5612,133.5273,/home/zhangb/work/people/zhangbei/team_claude/team_pytorch/station_cache_d9a7d4d6.csv,1.0,V4,207.5,1,j-shis_meshsearch_avs,5033247213,15,,1.75,Success,,https://www.j-shis.bosai.go.jp/map/api/meshsearch?center=133.52730000%2C33.56120000&epsg=4326&format=geojson&filter=AVS_gt_0&radius=1.000&limit=1&order=DIST&version=V4
KOC008,33.7758,133.3467,/home/zhangb/work/people/zhangbei/team_claude/team_pytorch/station_cache_d9a7d4d6.csv,1.0,V4,775.5,1,j-shis_meshsearch_avs,5033523721,1,,0.57,Success,,https://www.j-shis.bosai.go.jp/map/api/meshsearch?center=133.34670000%2C33.77580000&epsg=4326&format=geojson&filter=AVS_gt_0&radius=1.000&limit=1&order=DIST&version=V4
KOC009,33.5736,133.172,/home/zhangb/work/people/zhangbei/team_claude/team_pytorch/station_cache_d9a7d4d6.csv,1.0,V4,775.5,1,j-shis_meshsearch_avs,5033218344,1,,0.57,Success,,https://www.j-shis.bosai.go.jp/map/api/meshsearch?center=133.17200000%2C33.57360000&epsg=4326&format=geojson&filter=AVS_gt_0&radius=1.000&limit=1&order=DIST&version=V4
KOC010,33.3929,133.2852,/home/zhangb/work/people/zhangbei/team_claude/team_pytorch/station_cache_d9a7d4d6.csv,1.0,V4,207.5,1,j-shis_meshsearch_avs,5033027222,15,,1.75,Success,,https://www.j-shis.bosai.go.jp/map/api/meshsearch?center=133.28520000%2C33.39290000&epsg=4326&format=geojson&filter=AVS_gt_0&radius=1.000&limit=1&order=DIST&version=V4
KOC011,33.3982,132.8962,/home/zhangb/work/people/zhangbei/team_claude/team_pytorch/station_cache_d9a7d4d6.csv,1.0,V4,775.5,1,j-shis_meshsearch_avs,5032077143,1,,0.57,Success,,https://www.j-shis.bosai.go.jp/map/api/meshsearch?center=132.89620000%2C33.39820000&epsg=4326&format=geojson&filter=AVS_gt_0&radius=1.000&limit=1&order=DIST&version=V4
KOC012,33.1976,132.9758,/home/zhangb/work/people/zhangbei/team_claude/team_pytorch/station_cache_d9a7d4d6.csv,1.0,V4,413.0,1,j-shis_meshsearch_avs,4932673831,10,,0.97,Success,,https://www.j-shis.bosai.go.jp/map/api/meshsearch?center=132.97580000%2C33.19760000&epsg=4326&format=geojson&filter=AVS_gt_0&radius=1.000&limit=1&order=DIST&version=V4
KOC013,33.0797,133.1023,/home/zhangb/work/people/zhangbei/team_claude/team_pytorch/station_cache_d9a7d4d6.csv,1.0,V4,207.5,1,j-shis_meshsearch_avs,4933409831,15,,1.75,Success,,https://www.j-shis.bosai.go.jp/map/api/meshsearch?center=133.10230000%2C33.07970000&epsg=4326&format=geojson&filter=AVS_gt_0&radius=1.000&limit=1&order=DIST&version=V4
KOC014,32.9897,132.9403,/home/zhangb/work/people/zhangbei/team_claude/team_pytorch/station_cache_d9a7d4d6.csv,1.0,V4,168.2,1,j-shis_meshsearch_avs,4932378533,13,,2.09,Success,,https://www.j-shis.bosai.go.jp/map/api/meshsearch?center=132.94030000%2C32.98970000&epsg=4326&format=geojson&filter=AVS_gt_0&radius=1.000&limit=1&order=DIST&version=V4
KOC015,32.9393,132.7258,/home/zhangb/work/people/zhangbei/team_claude/team_pytorch/station_cache_d9a7d4d6.csv,1.0,V4,207.5,1,j-shis_meshsearch_avs,4932352831,15,,1.75,Success,,https://www.j-shis.bosai.go.jp/map/api/meshsearch?center=132.72580000%2C32.93930000&epsg=4326&format=geojson&filter=AVS_gt_0&radius=1.000&limit=1&order=DIST&version=V4
KOC016,32.7359,132.9754,/home/zhangb/work/people/zhangbei/team_claude/team_pytorch/station_cache_d9a7d4d6.csv,1.0,V4,494.8,1,j-shis_meshsearch_avs,4932078813,8,,0.83,Success,,https://www.j-shis.bosai.go.jp/map/api/meshsearch?center=132.97540000%2C32.73590000&epsg=4326&format=geojson&filter=AVS_gt_0&radius=1.000&limit=1&order=DIST&version=V4
KOC017,33.7844,133.7298,/home/zhangb/work/people/zhangbei/team_claude/team_pytorch/station_cache_d9a7d4d6.csv,1.0,V4,400.3,1,j-shis_meshsearch_avs,5033554812,2,,1.00,Success,,https://www.j-shis.bosai.go.jp/map/api/meshsearch?center=133.72980000%2C33.78440000&epsg=4326&format=geojson&filter=AVS_gt_0&radius=1.000&limit=1&order=DIST&version=V4
KOCH01,33.5421,134.1197,/home/zhangb/work/people/zhangbei/team_claude/team_pytorch/station_cache_d9a7d4d6.csv,1.0,V4,438.9,1,j-shis_meshsearch_avs,5034205921,10,,0.92,Success,,https://www.j-shis.bosai.go.jp/map/api/meshsearch?center=134.11970000%2C33.54210000&epsg=4326&format=geojson&filter=AVS_gt_0&radius=1.000&limit=1&order=DIST&version=V4
KOCH02,33.7079,133.3641,/home/zhangb/work/people/zhangbei/team_claude/team_pytorch/station_cache_d9a7d4d6.csv,1.0,V4,775.5,1,j-shis_meshsearch_avs,5033424933,1,,0.57,Success,,https://www.j-shis.bosai.go.jp/map/api/meshsearch?center=133.36410000%2C33.70790000&epsg=4326&format=geojson&filter=AVS_gt_0&radius=1.000&limit=1&order=DIST&version=V4
KOCH03,33.2683,132.9891,/home/zhangb/work/people/zhangbei/team_claude/team_pytorch/station_cache_d9a7d4d6.csv,1.0,V4,445.1,1,j-shis_meshsearch_avs,4932772911,10,,0.91,Success,,https://www.j-shis.bosai.go.jp/map/api/meshsearch?center=132.98910000%2C33.26830000&epsg=4326&format=geojson&filter=AVS_gt_0&radius=1.000&limit=1&order=DIST&version=V4
KOCH04,32.8414,132.7066,/home/zhangb/work/people/zhangbei/team_claude/team_pytorch/station_cache_d9a7d4d6.csv,1.0,V4,350.4,1,j-shis_meshsearch_avs,4932250643,10,,1.12,Success,,https://www.j-shis.bosai.go.jp/map/api/meshsearch?center=132.70660000%2C32.84140000&epsg=4326&format=geojson&filter=AVS_gt_0&radius=1.000&limit=1&order=DIST&version=V4
KOCH05,33.6472,133.1444,/home/zhangb/work/people/zhangbei/team_claude/team_pytorch/station_cache_d9a7d4d6.csv,1.0,V4,400.3,1,j-shis_meshsearch_avs,5033317141,2,,1.00,Success,,https://www.j-shis.bosai.go.jp/map/api/meshsearch?center=133.14440000%2C33.64720000&epsg=4326&format=geojson&filter=AVS_gt_0&radius=1.000&limit=1&order=DIST&version=V4
KOCH07,33.392,133.2866,/home/zhangb/work/people/zhangbei/team_claude/team_pytorch/station_cache_d9a7d4d6.csv,1.0,V4,207.5,1,j-shis_meshsearch_avs,5033027222,15,,1.75,Success,,https://www.j-shis.bosai.go.jp/map/api/meshsearch?center=133.28660000%2C33.39200000&epsg=4326&format=geojson&filter=AVS_gt_0&radius=1.000&limit=1&order=DIST&version=V4
KOCH08,32.7797,132.9718,/home/zhangb/work/people/zhangbei/team_claude/team_pytorch/station_cache_d9a7d4d6.csv,1.0,V4,207.5,1,j-shis_meshsearch_avs,4932173741,15,,1.75,Success,,https://www.j-shis.bosai.go.jp/map/api/meshsearch?center=132.97180000%2C32.77970000&epsg=4326&format=geojson&filter=AVS_gt_0&radius=1.000&limit=1&order=DIST&version=V4
KOCH10,33.5313,133.4388,/home/zhangb/work/people/zhangbei/team_claude/team_pytorch/station_cache_d9a7d4d6.csv,1.0,V4,479.5,1,j-shis_meshsearch_avs,5033233533,3,,0.86,Success,,https://www.j-shis.bosai.go.jp/map/api/meshsearch?center=133.43880000%2C33.53130000&epsg=4326&format=geojson&filter=AVS_gt_0&radius=1.000&limit=1&order=DIST&version=V4
KOCH11,33.2866,134.1603,/home/zhangb/work/people/zhangbei/team_claude/team_pytorch/station_cache_d9a7d4d6.csv,1.0,V4,474.6,1,j-shis_meshsearch_avs,4934714224,8,,0.86,Success,,https://www.j-shis.bosai.go.jp/map/api/meshsearch?center=134.16030000%2C33.28660000&epsg=4326&format=geojson&filter=AVS_gt_0&radius=1.000&limit=1&order=DIST&version=V4
KOCH12,33.5294,133.8192,/home/zhangb/work/people/zhangbei/team_claude/team_pytorch/station_cache_d9a7d4d6.csv,1.0,V4,641.3,1,j-shis_meshsearch_avs,5033263541,1,,0.67,Success,,https://www.j-shis.bosai.go.jp/map/api/meshsearch?center=133.81920000%2C33.52940000&epsg=4326&format=geojson&filter=AVS_gt_0&radius=1.000&limit=1&order=DIST&version=V4
KSRH01,43.4361,144.0844,/home/zhangb/work/people/zhangbei/team_claude/team_pytorch/station_cache_d9a7d4d6.csv,1.0,V4,404.4,1,j-shis_meshsearch_avs,6544102624,8,,0.99,Success,,https://www.j-shis.bosai.go.jp/map/api/meshsearch?center=144.08440000%2C43.43610000&epsg=4326&format=geojson&filter=AVS_gt_0&radius=1.000&limit=1&order=DIST&version=V4
KSRH02,43.1142,144.123,/home/zhangb/work/people/zhangbei/team_claude/team_pytorch/station_cache_d9a7d4d6.csv,1.0,V4,307.9,1,j-shis_meshsearch_avs,6444503942,10,,1.25,Success,,https://www.j-shis.bosai.go.jp/map/api/meshsearch?center=144.12300000%2C43.11420000&epsg=4326&format=geojson&filter=AVS_gt_0&radius=1.000&limit=1&order=DIST&version=V4
KSRH03,43.3848,144.6279,/home/zhangb/work/people/zhangbei/team_claude/team_pytorch/station_cache_d9a7d4d6.csv,1.0,V4,304.9,1,j-shis_meshsearch_avs,6544056011,8,,1.26,Success,,https://www.j-shis.bosai.go.jp/map/api/meshsearch?center=144.62790000%2C43.38480000&epsg=4326&format=geojson&filter=AVS_gt_0&radius=1.000&limit=1&order=DIST&version=V4
KSRH04,43.2139,144.6804,/home/zhangb/work/people/zhangbei/team_claude/team_pytorch/station_cache_d9a7d4d6.csv,1.0,V4,293.9,1,j-shis_meshsearch_avs,6444655432,8,,1.30,Success,,https://www.j-shis.bosai.go.jp/map/api/meshsearch?center=144.68040000%2C43.21390000&epsg=4326&format=geojson&filter=AVS_gt_0&radius=1.000&limit=1&order=DIST&version=V4
KSRH05,43.2556,144.2338,/home/zhangb/work/people/zhangbei/team_claude/team_pytorch/station_cache_d9a7d4d6.csv,1.0,V4,340.8,1,j-shis_meshsearch_avs,6444710841,8,,1.15,Success,,https://www.j-shis.bosai.go.jp/map/api/meshsearch?center=144.23380000%2C43.25560000&epsg=4326&format=geojson&filter=AVS_gt_0&radius=1.000&limit=1&order=DIST&version=V4
KSRH06,43.22,144.4285,/home/zhangb/work/people/zhangbei/team_claude/team_pytorch/station_cache_d9a7d4d6.csv,1.0,V4,278.0,1,j-shis_meshsearch_avs,6444636414,8,,1.36,Success,,https://www.j-shis.bosai.go.jp/map/api/meshsearch?center=144.42850000%2C43.22000000&epsg=4326&format=geojson&filter=AVS_gt_0&radius=1.000&limit=1&order=DIST&version=V4
KSRH07,43.1359,144.3274,/home/zhangb/work/people/zhangbei/team_claude/team_pytorch/station_cache_d9a7d4d6.csv,1.0,V4,288.6,1,j-shis_meshsearch_avs,6444526613,8,,1.32,Success,,https://www.j-shis.bosai.go.jp/map/api/meshsearch?center=144.32740000%2C43.13590000&epsg=4326&format=geojson&filter=AVS_gt_0&radius=1.000&limit=1&order=DIST&version=V4
KSRH08,43.1603,143.8936,/home/zhangb/work/people/zhangbei/team_claude/team_pytorch/station_cache_d9a7d4d6.csv,1.0,V4,509.1,1,j-shis_meshsearch_avs,6443579112,8,,0.81,Success,,https://www.j-shis.bosai.go.jp/map/api/meshsearch?center=143.89360000%2C43.16030000&epsg=4326&format=geojson&filter=AVS_gt_0&radius=1.000&limit=1&order=DIST&version=V4
KSRH09,42.9856,143.9841,/home/zhangb/work/people/zhangbei/team_claude/team_pytorch/station_cache_d9a7d4d6.csv,1.0,V4,311.2,1,j-shis_meshsearch_avs,6443378823,10,,1.24,Success,,https://www.j-shis.bosai.go.jp/map/api/meshsearch?center=143.98410000%2C42.98560000&epsg=4326&format=geojson&filter=AVS_gt_0&radius=1.000&limit=1&order=DIST&version=V4
KYT001,35.7404,135.1019,/home/zhangb/work/people/zhangbei/team_claude/team_pytorch/station_cache_d9a7d4d6.csv,1.0,V4,260.2,1,j-shis_meshsearch_avs,5335408833,16,,1.44,Success,,https://www.j-shis.bosai.go.jp/map/api/meshsearch?center=135.10190000%2C35.74040000&epsg=4326&format=geojson&filter=AVS_gt_0&radius=1.000&limit=1&order=DIST&version=V4
KYT002,35.6038,134.8945,/home/zhangb/work/people/zhangbei/team_claude/team_pytorch/station_cache_d9a7d4d6.csv,1.0,V4,207.5,1,j-shis_meshsearch_avs,5334372123,15,,1.75,Success,,https://www.j-shis.bosai.go.jp/map/api/meshsearch?center=134.89450000%2C35.60380000&epsg=4326&format=geojson&filter=AVS_gt_0&radius=1.000&limit=1&order=DIST&version=V4
KYT003,35.6762,135.2927,/home/zhangb/work/people/zhangbei/team_claude/team_pytorch/station_cache_d9a7d4d6.csv,1.0,V4,641.3,1,j-shis_meshsearch_avs,5335421312,1,,0.67,Success,,https://www.j-shis.bosai.go.jp/map/api/meshsearch?center=135.29270000%2C35.67620000&epsg=4326&format=geojson&filter=AVS_gt_0&radius=1.000&limit=1&order=DIST&version=V4
KYT004,35.5356,135.1959,/home/zhangb/work/people/zhangbei/team_claude/team_pytorch/station_cache_d9a7d4d6.csv,1.0,V4,260.2,1,j-shis_meshsearch_avs,5335214523,16,,1.44,Success,,https://www.j-shis.bosai.go.jp/map/api/meshsearch?center=135.19590000%2C35.53560000&epsg=4326&format=geojson&filter=AVS_gt_0&radius=1.000&limit=1&order=DIST&version=V4
KYT005,35.4756,135.3893,/home/zhangb/work/people/zhangbei/team_claude/team_pytorch/station_cache_d9a7d4d6.csv,1.0,V4,207.5,1,j-shis_meshsearch_avs,5335137111,15,,1.75,Success,,https://www.j-shis.bosai.go.jp/map/api/meshsearch?center=135.38930000%2C35.47560000&epsg=4326&format=geojson&filter=AVS_gt_0&radius=1.000&limit=1&order=DIST&version=V4
KYT006,35.2766,135.182,/home/zhangb/work/people/zhangbei/team_claude/team_pytorch/station_cache_d9a7d4d6.csv,1.0,V4,449.6,1,j-shis_meshsearch_avs,5235713421,8,,0.91,Success,,https://www.j-shis.bosai.go.jp/map/api/meshsearch?center=135.18200000%2C35.27660000&epsg=4326&format=geojson&filter=AVS_gt_0&radius=1.000&limit=1&order=DIST&version=V4
KYT007,35.3063,135.712,/home/zhangb/work/people/zhangbei/team_claude/team_pytorch/station_cache_d9a7d4d6.csv,1.0,V4,775.5,1,j-shis_meshsearch_avs,5235756644,1,,0.57,Success,,https://www.j-shis.bosai.go.jp/map/api/meshsearch?center=135.71200000%2C35.30630000&epsg=4326&format=geojson&filter=AVS_gt_0&radius=1.000&limit=1&order=DIST&version=V4
KYT008,35.261,135.3967,/home/zhangb/work/people/zhangbei/team_claude/team_pytorch/station_cache_d9a7d4d6.csv,1.0,V4,486.2,1,j-shis_meshsearch_avs,5235731123,8,,0.85,Success,,https://www.j-shis.bosai.go.jp/map/api/meshsearch?center=135.39670000%2C35.26100000&epsg=4326&format=geojson&filter=AVS_gt_0&radius=1.000&limit=1&order=DIST&version=V4
KYT009,35.1639,135.5017,/home/zhangb/work/people/zhangbei/team_claude/team_pytorch/station_cache_d9a7d4d6.csv,1.0,V4,409.0,1,j-shis_meshsearch_avs,5235549031,10,,0.98,Success,,https://www.j-shis.bosai.go.jp/map/api/meshsearch?center=135.50170000%2C35.16390000&epsg=4326&format=geojson&filter=AVS_gt_0&radius=1.000&limit=1&order=DIST&version=V4
KYT011,35.0171,135.5637,/home/zhangb/work/people/zhangbei/team_claude/team_pytorch/station_cache_d9a7d4d6.csv,1.0,V4,437.9,1,j-shis_meshsearch_avs,5235442511,8,,0.93,Success,,https://www.j-shis.bosai.go.jp/map/api/meshsearch?center=135.56370000%2C35.01710000&epsg=4326&format=geojson&filter=AVS_gt_0&radius=1.000&limit=1&order=DIST&version=V4
KYT012,34.9977,135.8177,/home/zhangb/work/people/zhangbei/team_claude/team_pytorch/station_cache_d9a7d4d6.csv,1.0,V4,351.6,1,j-shis_meshsearch_avs,5235369532,11,,1.12,Success,,https://www.j-shis.bosai.go.jp/map/api/meshsearch?center=135.81770000%2C34.99770000&epsg=4326&format=geojson&filter=AVS_gt_0&radius=1.000&limit=1&order=DIST&version=V4
KYT013,34.8784,135.8046,/home/zhangb/work/people/zhangbei/team_claude/team_pytorch/station_cache_d9a7d4d6.csv,1.0,V4,420.2,1,j-shis_meshsearch_avs,5235265414,3,,0.96,Success,,https://www.j-shis.bosai.go.jp/map/api/meshsearch?center=135.80460000%2C34.87840000&epsg=4326&format=geojson&filter=AVS_gt_0&radius=1.000&limit=1&order=DIST&version=V4
KYT014,34.7731,135.9921,/home/zhangb/work/people/zhangbei/team_claude/team_pytorch/station_cache_d9a7d4d6.csv,1.0,V4,775.5,1,j-shis_meshsearch_avs,5235172934,1,,0.57,Success,,https://www.j-shis.bosai.go.jp/map/api/meshsearch?center=135.99210000%2C34.77310000&epsg=4326&format=geojson&filter=AVS_gt_0&radius=1.000&limit=1&order=DIST&version=V4
KYT015,35.2496,135.7667,/home/zhangb/work/people/zhangbei/team_claude/team_pytorch/station_cache_d9a7d4d6.csv,1.0,V4,775.5,1,j-shis_meshsearch_avs,5235669134,1,,0.57,Success,,https://www.j-shis.bosai.go.jp/map/api/meshsearch?center=135.76670000%2C35.24960000&epsg=4326&format=geojson&filter=AVS_gt_0&radius=1.000&limit=1&order=DIST&version=V4
KYTH01,35.5243,135.1243,/home/zhangb/work/people/zhangbei/team_claude/team_pytorch/station_cache_d9a7d4d6.csv,1.0,V4,431.5,1,j-shis_meshsearch_avs,5335202944,8,,0.94,Success,,https://www.j-shis.bosai.go.jp/map/api/meshsearch?center=135.12430000%2C35.52430000&epsg=4326&format=geojson&filter=AVS_gt_0&radius=1.000&limit=1&order=DIST&version=V4
KYTH02,35.7101,135.2496,/home/zhangb/work/people/zhangbei/team_claude/team_pytorch/station_cache_d9a7d4d6.csv,1.0,V4,641.3,1,j-shis_meshsearch_avs,5335415922,1,,0.67,Success,,https://www.j-shis.bosai.go.jp/map/api/meshsearch?center=135.24960000%2C35.71010000&epsg=4326&format=geojson&filter=AVS_gt_0&radius=1.000&limit=1&order=DIST&version=V4
KYTH03,35.313,135.1334,/home/zhangb/work/people/zhangbei/team_claude/team_pytorch/station_cache_d9a7d4d6.csv,1.0,V4,449.8,1,j-shis_meshsearch_avs,5235717041,8,,0.90,Success,,https://www.j-shis.bosai.go.jp/map/api/meshsearch?center=135.13340000%2C35.31300000&epsg=4326&format=geojson&filter=AVS_gt_0&radius=1.000&limit=1&order=DIST&version=V4
KYTH04,35.2685,135.5508,/home/zhangb/work/people/zhangbei/team_claude/team_pytorch/station_cache_d9a7d4d6.csv,1.0,V4,523.8,1,j-shis_meshsearch_avs,5235742411,8,,0.79,Success,,https://www.j-shis.bosai.go.jp/map/api/meshsearch?center=135.55080000%2C35.26850000&epsg=4326&format=geojson&filter=AVS_gt_0&radius=1.000&limit=1&order=DIST&version=V4
KYTH05,35.6814,135.0268,/home/zhangb/work/people/zhangbei/team_claude/team_pytorch/station_cache_d9a7d4d6.csv,1.0,V4,260.2,1,j-shis_meshsearch_avs,5335401233,16,,1.44,Success,,https://www.j-shis.bosai.go.jp/map/api/meshsearch?center=135.02680000%2C35.68140000&epsg=4326&format=geojson&filter=AVS_gt_0&radius=1.000&limit=1&order=DIST&version=V4
KYTH07,34.8983,135.7461,/home/zhangb/work/people/zhangbei/team_claude/team_pytorch/station_cache_d9a7d4d6.csv,1.0,V4,202.5,1,j-shis_meshsearch_avs,5235257943,19,,1.79,Success,,https://www.j-shis.bosai.go.jp/map/api/meshsearch?center=135.74610000%2C34.89830000&epsg=4326&format=geojson&filter=AVS_gt_0&radius=1.000&limit=1&order=DIST&version=V4
KYTH08,35.0094,135.7304,/home/zhangb/work/people/zhangbei/team_claude/team_pytorch/station_cache_d9a7d4d6.csv,1.0,V4,310.7,1,j-shis_meshsearch_avs,5235451812,11,,1.24,Success,,https://www.j-shis.bosai.go.jp/map/api/meshsearch?center=135.73040000%2C35.00940000&epsg=4326&format=geojson&filter=AVS_gt_0&radius=1.000&limit=1&order=DIST&version=V4
MIE001,35.1719,136.4948,/home/zhangb/work/people/zhangbei/team_claude/team_pytorch/station_cache_d9a7d4d6.csv,1.0,V4,461.8,1,j-shis_meshsearch_avs,5236630941,8,,0.88,Success,,https://www.j-shis.bosai.go.jp/map/api/meshsearch?center=136.49480000%2C35.17190000&epsg=4326&format=geojson&filter=AVS_gt_0&radius=1.000&limit=1&order=DIST&version=V4
MIE002,35.0283,136.5069,/home/zhangb/work/people/zhangbei/team_claude/team_pytorch/station_cache_d9a7d4d6.csv,1.0,V4,337.5,1,j-shis_meshsearch_avs,5236443023,11,,1.16,Success,,https://www.j-shis.bosai.go.jp/map/api/meshsearch?center=136.50690000%2C35.02830000&epsg=4326&format=geojson&filter=AVS_gt_0&radius=1.000&limit=1&order=DIST&version=V4
MIE003,34.9708,136.6356,/home/zhangb/work/people/zhangbei/team_claude/team_pytorch/station_cache_d9a7d4d6.csv,1.0,V4,182.4,1,j-shis_meshsearch_avs,5236356024,15,,1.95,Success,,https://www.j-shis.bosai.go.jp/map/api/meshsearch?center=136.63560000%2C34.97080000&epsg=4326&format=geojson&filter=AVS_gt_0&radius=1.000&limit=1&order=DIST&version=V4
MIE004,34.8568,136.4489,/home/zhangb/work/people/zhangbei/team_claude/team_pytorch/station_cache_d9a7d4d6.csv,1.0,V4,434.7,1,j-shis_meshsearch_avs,5236232544,8,,0.93,Success,,https://www.j-shis.bosai.go.jp/map/api/meshsearch?center=136.44890000%2C34.85680000&epsg=4326&format=geojson&filter=AVS_gt_0&radius=1.000&limit=1&order=DIST&version=V4
MIE005,34.7679,136.1149,/home/zhangb/work/people/zhangbei/team_claude/team_pytorch/station_cache_d9a7d4d6.csv,1.0,V4,186.8,1,j-shis_meshsearch_avs,5236102911,13,,1.91,Success,,https://www.j-shis.bosai.go.jp/map/api/meshsearch?center=136.11490000%2C34.76790000&epsg=4326&format=geojson&filter=AVS_gt_0&radius=1.000&limit=1&order=DIST&version=V4
MIE006,34.7178,136.5039,/home/zhangb/work/people/zhangbei/team_claude/team_pytorch/station_cache_d9a7d4d6.csv,1.0,V4,260.2,1,j-shis_meshsearch_avs,5236046012,16,,1.44,Success,,https://www.j-shis.bosai.go.jp/map/api/meshsearch?center=136.50390000%2C34.71780000&epsg=4326&format=geojson&filter=AVS_gt_0&radius=1.000&limit=1&order=DIST&version=V4
MIE007,34.6398,136.3399,/home/zhangb/work/people/zhangbei/team_claude/team_pytorch/station_cache_d9a7d4d6.csv,1.0,V4,440.3,1,j-shis_meshsearch_avs,5136726733,8,,0.92,Success,,https://www.j-shis.bosai.go.jp/map/api/meshsearch?center=136.33990000%2C34.63980000&epsg=4326&format=geojson&filter=AVS_gt_0&radius=1.000&limit=1&order=DIST&version=V4
MIE008,34.6291,136.1074,/home/zhangb/work/people/zhangbei/team_claude/team_pytorch/station_cache_d9a7d4d6.csv,1.0,V4,507.9,1,j-shis_meshsearch_avs,5136705823,8,,0.82,Success,,https://www.j-shis.bosai.go.jp/map/api/meshsearch?center=136.10740000%2C34.62910000&epsg=4326&format=geojson&filter=AVS_gt_0&radius=1.000&limit=1&order=DIST&version=V4
MIE009,34.5752,136.5296,/home/zhangb/work/people/zhangbei/team_claude/team_pytorch/station_cache_d9a7d4d6.csv,1.0,V4,282.4,1,j-shis_meshsearch_avs,5136649212,11,,1.35,Success,,https://www.j-shis.bosai.go.jp/map/api/meshsearch?center=136.52960000%2C34.57520000&epsg=4326&format=geojson&filter=AVS_gt_0&radius=1.000&limit=1&order=DIST&version=V4
MIE010,34.4909,136.7331,/home/zhangb/work/people/zhangbei/team_claude/team_pytorch/station_cache_d9a7d4d6.csv,1.0,V4,399.1,1,j-shis_meshsearch_avs,5136558843,8,,1.00,Success,,https://www.j-shis.bosai.go.jp/map/api/meshsearch?center=136.73310000%2C34.49090000&epsg=4326&format=geojson&filter=AVS_gt_0&radius=1.000&limit=1&order=DIST&version=V4
MIE011,34.4284,136.3328,/home/zhangb/work/people/zhangbei/team_claude/team_pytorch/station_cache_d9a7d4d6.csv,1.0,V4,478.4,1,j-shis_meshsearch_avs,5136521623,8,,0.86,Success,,https://www.j-shis.bosai.go.jp/map/api/meshsearch?center=136.33280000%2C34.42840000&epsg=4326&format=geojson&filter=AVS_gt_0&radius=1.000&limit=1&order=DIST&version=V4
MIE012,34.2544,136.8229,/home/zhangb/work/people/zhangbei/team_claude/team_pytorch/station_cache_d9a7d4d6.csv,1.0,V4,336.0,1,j-shis_meshsearch_avs,5136360542,8,,1.16,Success,,https://www.j-shis.bosai.go.jp/map/api/meshsearch?center=136.82290000%2C34.25440000&epsg=4326&format=geojson&filter=AVS_gt_0&radius=1.000&limit=1&order=DIST&version=V4
MIE013,34.2778,136.4993,/home/zhangb/work/people/zhangbei/team_claude/team_pytorch/station_cache_d9a7d4d6.csv,1.0,V4,207.5,1,j-shis_meshsearch_avs,5136333924,15,,1.75,Success,,https://www.j-shis.bosai.go.jp/map/api/meshsearch?center=136.49930000%2C34.27780000&epsg=4326&format=geojson&filter=AVS_gt_0&radius=1.000&limit=1&order=DIST&version=V4
MIE014,34.0636,136.1689,/home/zhangb/work/people/zhangbei/team_claude/team_pytorch/station_cache_d9a7d4d6.csv,1.0,V4,485.8,1,j-shis_meshsearch_avs,5136017341,8,,0.85,Success,,https://www.j-shis.bosai.go.jp/map/api/meshsearch?center=136.16890000%2C34.06360000&epsg=4326&format=geojson&filter=AVS_gt_0&radius=1.000&limit=1&order=DIST&version=V4
MIE015,33.8788,136.0816,/home/zhangb/work/people/zhangbei/team_claude/team_pytorch/station_cache_d9a7d4d6.csv,1.0,V4,207.5,1,j-shis_meshsearch_avs,5036605623,15,,1.75,Success,,https://www.j-shis.bosai.go.jp/map/api/meshsearch?center=136.08160000%2C33.87880000&epsg=4326&format=geojson&filter=AVS_gt_0&radius=1.000&limit=1&order=DIST&version=V4
MIE016,33.8764,135.9191,/home/zhangb/work/people/zhangbei/team_claude/team_pytorch/station_cache_d9a7d4d6.csv,1.0,V4,641.3,1,j-shis_meshsearch_avs,5035675321,1,,0.67,Success,,https://www.j-shis.bosai.go.jp/map/api/meshsearch?center=135.91910000%2C33.87640000&epsg=4326&format=geojson&filter=AVS_gt_0&radius=1.000&limit=1&order=DIST&version=V4
MIE017,34.3628,136.3358,/home/zhangb/work/people/zhangbei/team_claude/team_pytorch/station_cache_d9a7d4d6.csv,1.0,V4,487.7,1,j-shis_meshsearch_avs,5136423642,8,,0.84,Success,,https://www.j-shis.bosai.go.jp/map/api/meshsearch?center=136.33580000%2C34.36280000&epsg=4326&format=geojson&filter=AVS_gt_0&radius=1.000&limit=1&order=DIST&version=V4
MIE018,34.8701,136.4546,/home/zhangb/work/people/zhangbei/team_claude/team_pytorch/station_cache_d9a7d4d6.csv,1.0,V4,460.7,1,j-shis_meshsearch_avs,5236234614,8,,0.89,Success,,https://www.j-shis.bosai.go.jp/map/api/meshsearch?center=136.45460000%2C34.87010000&epsg=4326&format=geojson&filter=AVS_gt_0&radius=1.000&limit=1&order=DIST&version=V4
MIEH01,34.9849,136.4563,/home/zhangb/work/people/zhangbei/team_claude/team_pytorch/station_cache_d9a7d4d6.csv,1.0,V4,534.6,1,j-shis_meshsearch_avs,5236338621,8,,0.78,Success,,https://www.j-shis.bosai.go.jp/map/api/meshsearch?center=136.45630000%2C34.98490000&epsg=4326&format=geojson&filter=AVS_gt_0&radius=1.000&limit=1&order=DIST&version=V4
MIEH03,34.547,136.3692,/home/zhangb/work/people/zhangbei/team_claude/team_pytorch/station_cache_d9a7d4d6.csv,1.0,V4,775.5,1,j-shis_meshsearch_avs,5136625941,1,,0.57,Success,,https://www.j-shis.bosai.go.jp/map/api/meshsearch?center=136.36920000%2C34.54700000&epsg=4326&format=geojson&filter=AVS_gt_0&radius=1.000&limit=1&order=DIST&version=V4
MIEH04,34.3532,136.5866,/home/zhangb/work/people/zhangbei/team_claude/team_pytorch/station_cache_d9a7d4d6.csv,1.0,V4,376.8,1,j-shis_meshsearch_avs,5136442624,10,,1.05,Success,,https://www.j-shis.bosai.go.jp/map/api/meshsearch?center=136.58660000%2C34.35320000&epsg=4326&format=geojson&filter=AVS_gt_0&radius=1.000&limit=1&order=DIST&version=V4
MIEH06,34.358,136.3293,/home/zhangb/work/people/zhangbei/team_claude/team_pytorch/station_cache_d9a7d4d6.csv,1.0,V4,775.5,1,j-shis_meshsearch_avs,5136422634,1,,0.57,Success,,https://www.j-shis.bosai.go.jp/map/api/meshsearch?center=136.32930000%2C34.35800000&epsg=4326&format=geojson&filter=AVS_gt_0&radius=1.000&limit=1&order=DIST&version=V4
MIEH07,34.2544,136.8216,/home/zhangb/work/people/zhangbei/team_claude/team_pytorch/station_cache_d9a7d4d6.csv,1.0,V4,344.4,1,j-shis_meshsearch_avs,5136360541,8,,1.14,Success,,https://www.j-shis.bosai.go.jp/map/api/meshsearch?center=136.82160000%2C34.25440000&epsg=4326&format=geojson&filter=AVS_gt_0&radius=1.000&limit=1&order=DIST&version=V4
MIEH09,33.7644,135.9969,/home/zhangb/work/people/zhangbei/team_claude/team_pytorch/station_cache_d9a7d4d6.csv,1.0,V4,641.3,1,j-shis_meshsearch_avs,5035571942,1,,0.67,Success,,https://www.j-shis.bosai.go.jp/map/api/meshsearch?center=135.99690000%2C33.76440000&epsg=4326&format=geojson&filter=AVS_gt_0&radius=1.000&limit=1&order=DIST&version=V4
MIEH10,34.8224,136.4245,/home/zhangb/work/people/zhangbei/team_claude/team_pytorch/station_cache_d9a7d4d6.csv,1.0,V4,460.8,1,j-shis_meshsearch_avs,5236138342,8,,0.89,Success,,https://www.j-shis.bosai.go.jp/map/api/meshsearch?center=136.42450000%2C34.82240000&epsg=4326&format=geojson&filter=AVS_gt_0&radius=1.000&limit=1&order=DIST&version=V4
MYG001,38.9017,141.5709,/home/zhangb/work/people/zhangbei/team_claude/team_pytorch/station_cache_d9a7d4d6.csv,1.0,V4,342.5,1,j-shis_meshsearch_avs,5841248521,3,,1.14,Success,,https://www.j-shis.bosai.go.jp/map/api/meshsearch?center=141.57090000%2C38.90170000&epsg=4326&format=geojson&filter=AVS_gt_0&radius=1.000&limit=1&order=DIST&version=V4
MYG002,38.7261,141.511,/home/zhangb/work/people/zhangbei/team_claude/team_pytorch/station_cache_d9a7d4d6.csv,1.0,V4,409.2,1,j-shis_meshsearch_avs,5841047022,3,,0.98,Success,,https://www.j-shis.bosai.go.jp/map/api/meshsearch?center=141.51100000%2C38.72610000&epsg=4326&format=geojson&filter=AVS_gt_0&radius=1.000&limit=1&order=DIST&version=V4
MYG003,38.7349,141.3116,/home/zhangb/work/people/zhangbei/team_claude/team_pytorch/station_cache_d9a7d4d6.csv,1.0,V4,775.5,1,j-shis_meshsearch_avs,5841028422,1,,0.57,Success,,https://www.j-shis.bosai.go.jp/map/api/meshsearch?center=141.31160000%2C38.73490000&epsg=4326&format=geojson&filter=AVS_gt_0&radius=1.000&limit=1&order=DIST&version=V4
MYG004,38.7324,141.027,/home/zhangb/work/people/zhangbei/team_claude/team_pytorch/station_cache_d9a7d4d6.csv,1.0,V4,430.6,1,j-shis_meshsearch_avs,5841007233,8,,0.94,Success,,https://www.j-shis.bosai.go.jp/map/api/meshsearch?center=141.02700000%2C38.73240000&epsg=4326&format=geojson&filter=AVS_gt_0&radius=1.000&limit=1&order=DIST&version=V4
MYG005,38.7989,140.6512,/home/zhangb/work/people/zhangbei/team_claude/team_pytorch/station_cache_d9a7d4d6.csv,1.0,V4,474.8,1,j-shis_meshsearch_avs,5840155233,8,,0.86,Success,,https://www.j-shis.bosai.go.jp/map/api/meshsearch?center=140.65120000%2C38.79890000&epsg=4326&format=geojson&filter=AVS_gt_0&radius=1.000&limit=1&order=DIST&version=V4
MYG006,38.566,140.9767,/home/zhangb/work/people/zhangbei/team_claude/team_pytorch/station_cache_d9a7d4d6.csv,1.0,V4,161.6,1,j-shis_meshsearch_avs,5740677833,13,,2.16,Success,,https://www.j-shis.bosai.go.jp/map/api/meshsearch?center=140.97670000%2C38.56600000&epsg=4326&format=geojson&filter=AVS_gt_0&radius=1.000&limit=1&order=DIST&version=V4
MYG007,38.5877,141.251,/home/zhangb/work/people/zhangbei/team_claude/team_pytorch/station_cache_d9a7d4d6.csv,1.0,V4,384.1,1,j-shis_meshsearch_avs,5741720031,8,,1.04,Success,,https://www.j-shis.bosai.go.jp/map/api/meshsearch?center=141.25100000%2C38.58770000&epsg=4326&format=geojson&filter=AVS_gt_0&radius=1.000&limit=1&order=DIST&version=V4
MYG008,38.5676,141.4267,/home/zhangb/work/people/zhangbei/team_claude/team_pytorch/station_cache_d9a7d4d6.csv,1.0,V4,386.3,1,j-shis_meshsearch_avs,5741638411,3,,1.03,Success,,https://www.j-shis.bosai.go.jp/map/api/meshsearch?center=141.42670000%2C38.56760000&epsg=4326&format=geojson&filter=AVS_gt_0&radius=1.000&limit=1&order=DIST&version=V4
MYG009,38.4466,140.8871,/home/zhangb/work/people/zhangbei/team_claude/team_pytorch/station_cache_d9a7d4d6.csv,1.0,V4,425.1,1,j-shis_meshsearch_avs,5740573042,8,,0.95,Success,,https://www.j-shis.bosai.go.jp/map/api/meshsearch?center=140.88710000%2C38.44660000&epsg=4326&format=geojson&filter=AVS_gt_0&radius=1.000&limit=1&order=DIST&version=V4
MYG010,38.4292,141.2819,/home/zhangb/work/people/zhangbei/team_claude/team_pytorch/station_cache_d9a7d4d6.csv,1.0,V4,260.2,1,j-shis_meshsearch_avs,5741521241,16,,1.44,Success,,https://www.j-shis.bosai.go.jp/map/api/meshsearch?center=141.28190000%2C38.42920000&epsg=4326&format=geojson&filter=AVS_gt_0&radius=1.000&limit=1&order=DIST&version=V4
MYG011,38.302,141.5079,/home/zhangb/work/people/zhangbei/team_claude/team_pytorch/station_cache_d9a7d4d6.csv,1.0,V4,431.9,1,j-shis_meshsearch_avs,5741346021,3,,0.94,Success,,https://www.j-shis.bosai.go.jp/map/api/meshsearch?center=141.50790000%2C38.30200000&epsg=4326&format=geojson&filter=AVS_gt_0&radius=1.000&limit=1&order=DIST&version=V4
MYG012,38.3288,141.0128,/home/zhangb/work/people/zhangbei/team_claude/team_pytorch/station_cache_d9a7d4d6.csv,1.0,V4,398.8,1,j-shis_meshsearch_avs,5741309113,3,,1.00,Success,,https://www.j-shis.bosai.go.jp/map/api/meshsearch?center=141.01280000%2C38.32880000&epsg=4326&format=geojson&filter=AVS_gt_0&radius=1.000&limit=1&order=DIST&version=V4
MYG013,38.2661,140.9286,/home/zhangb/work/people/zhangbei/team_claude/team_pytorch/station_cache_d9a7d4d6.csv,1.0,V4,162.5,1,j-shis_meshsearch_avs,5740371434,13,,2.15,Success,,https://www.j-shis.bosai.go.jp/map/api/meshsearch?center=140.92860000%2C38.26610000&epsg=4326&format=geojson&filter=AVS_gt_0&radius=1.000&limit=1&order=DIST&version=V4
MYG014,38.3173,140.6362,/home/zhangb/work/people/zhangbei/team_claude/team_pytorch/station_cache_d9a7d4d6.csv,1.0,V4,523.8,1,j-shis_meshsearch_avs,5740358022,8,,0.79,Success,,https://www.j-shis.bosai.go.jp/map/api/meshsearch?center=140.63620000%2C38.31730000&epsg=4326&format=geojson&filter=AVS_gt_0&radius=1.000&limit=1&order=DIST&version=V4
MYG015,38.1037,140.8708,/home/zhangb/work/people/zhangbei/team_claude/team_pytorch/station_cache_d9a7d4d6.csv,1.0,V4,193.3,1,j-shis_meshsearch_avs,5740162923,15,,1.86,Success,,https://www.j-shis.bosai.go.jp/map/api/meshsearch?center=140.87080000%2C38.10370000&epsg=4326&format=geojson&filter=AVS_gt_0&radius=1.000&limit=1&order=DIST&version=V4
MYG016,38.0079,140.6212,/home/zhangb/work/people/zhangbei/team_claude/team_pytorch/station_cache_d9a7d4d6.csv,1.0,V4,320.6,1,j-shis_meshsearch_avs,5740040943,11,,1.21,Success,,https://www.j-shis.bosai.go.jp/map/api/meshsearch?center=140.62120000%2C38.00790000&epsg=4326&format=geojson&filter=AVS_gt_0&radius=1.000&limit=1&order=DIST&version=V4
MYG017,37.976,140.7822,/home/zhangb/work/people/zhangbei/team_claude/team_pytorch/station_cache_d9a7d4d6.csv,1.0,V4,205.9,1,j-shis_meshsearch_avs,5640767221,12,,1.76,Success,,https://www.j-shis.bosai.go.jp/map/api/meshsearch?center=140.78220000%2C37.97600000&epsg=4326&format=geojson&filter=AVS_gt_0&radius=1.000&limit=1&order=DIST&version=V4
MYG018,38.7194,141.5228,/home/zhangb/work/people/zhangbei/team_claude/team_pytorch/station_cache_d9a7d4d6.csv,1.0,V4,429.1,1,j-shis_meshsearch_avs,5841046124,3,,0.94,Success,,https://www.j-shis.bosai.go.jp/map/api/meshsearch?center=141.52280000%2C38.71940000&epsg=4326&format=geojson&filter=AVS_gt_0&radius=1.000&limit=1&order=DIST&version=V4
MYG019,38.7513,140.7226,/home/zhangb/work/people/zhangbei/team_claude/team_pytorch/station_cache_d9a7d4d6.csv,1.0,V4,411.0,1,j-shis_meshsearch_avs,5840150722,10,,0.98,Success,,https://www.j-shis.bosai.go.jp/map/api/meshsearch?center=140.72260000%2C38.75130000&epsg=4326&format=geojson&filter=AVS_gt_0&radius=1.000&limit=1&order=DIST&version=V4
MYGH03,38.9207,141.6377,/home/zhangb/work/people/zhangbei/team_claude/team_pytorch/station_cache_d9a7d4d6.csv,1.0,V4,469.2,1,j-shis_meshsearch_avs,5841350113,3,,0.87,Success,,https://www.j-shis.bosai.go.jp/map/api/meshsearch?center=141.63770000%2C38.92070000&epsg=4326&format=geojson&filter=AVS_gt_0&radius=1.000&limit=1&order=DIST&version=V4
MYGH04,38.786,141.3254,/home/zhangb/work/people/zhangbei/team_claude/team_pytorch/station_cache_d9a7d4d6.csv,1.0,V4,775.5,1,j-shis_meshsearch_avs,5841124613,1,,0.57,Success,,https://www.j-shis.bosai.go.jp/map/api/meshsearch?center=141.32540000%2C38.78600000&epsg=4326&format=geojson&filter=AVS_gt_0&radius=1.000&limit=1&order=DIST&version=V4
MYGH06,38.5907,141.071,/home/zhangb/work/people/zhangbei/team_claude/team_pytorch/station_cache_d9a7d4d6.csv,1.0,V4,352.3,1,j-shis_meshsearch_avs,5741700543,3,,1.11,Success,,https://www.j-shis.bosai.go.jp/map/api/meshsearch?center=141.07100000%2C38.59070000&epsg=4326&format=geojson&filter=AVS_gt_0&radius=1.000&limit=1&order=DIST&version=V4
MYGH07,38.1802,140.6405,/home/zhangb/work/people/zhangbei/team_claude/team_pytorch/station_cache_d9a7d4d6.csv,1.0,V4,492.4,1,j-shis_meshsearch_avs,5740251131,8,,0.84,Success,,https://www.j-shis.bosai.go.jp/map/api/meshsearch?center=140.64050000%2C38.18020000&epsg=4326&format=geojson&filter=AVS_gt_0&radius=1.000&limit=1&order=DIST&version=V4
MYGH08,38.1133,140.8441,/home/zhangb/work/people/zhangbei/team_claude/team_pytorch/station_cache_d9a7d4d6.csv,1.0,V4,409.1,1,j-shis_meshsearch_avs,5740163741,8,,0.98,Success,,https://www.j-shis.bosai.go.jp/map/api/meshsearch?center=140.84410000%2C38.11330000&epsg=4326&format=geojson&filter=AVS_gt_0&radius=1.000&limit=1&order=DIST&version=V4
MYGH09,38.0091,140.6027,/home/zhangb/work/people/zhangbei/team_claude/team_pytorch/station_cache_d9a7d4d6.csv,1.0,V4,502.8,1,j-shis_meshsearch_avs,5740041811,8,,0.82,Success,,https://www.j-shis.bosai.go.jp/map/api/meshsearch?center=140.60270000%2C38.00910000&epsg=4326&format=geojson&filter=AVS_gt_0&radius=1.000&limit=1&order=DIST&version=V4
MYGH10,37.9411,140.8924,/home/zhangb/work/people/zhangbei/team_claude/team_pytorch/station_cache_d9a7d4d6.csv,1.0,V4,422.7,1,j-shis_meshsearch_avs,5640772134,8,,0.95,Success,,https://www.j-shis.bosai.go.jp/map/api/meshsearch?center=140.89240000%2C37.94110000&epsg=4326&format=geojson&filter=AVS_gt_0&radius=1.000&limit=1&order=DIST&version=V4
MYGH11,38.5158,141.3421,/home/zhangb/work/people/zhangbei/team_claude/team_pytorch/station_cache_d9a7d4d6.csv,1.0,V4,775.5,1,j-shis_meshsearch_avs,5741621734,1,,0.57,Success,,https://www.j-shis.bosai.go.jp/map/api/meshsearch?center=141.34210000%2C38.51580000&epsg=4326&format=geojson&filter=AVS_gt_0&radius=1.000&limit=1&order=DIST&version=V4
MYGH13,38.6993,141.4176,/home/zhangb/work/people/zhangbei/team_claude/team_pytorch/station_cache_d9a7d4d6.csv,1.0,V4,395.3,1,j-shis_meshsearch_avs,5841033334,3,,1.01,Success,,https://www.j-shis.bosai.go.jp/map/api/meshsearch?center=141.41760000%2C38.69930000&epsg=4326&format=geojson&filter=AVS_gt_0&radius=1.000&limit=1&order=DIST&version=V4
MYGH14,38.34,140.9551,/home/zhangb/work/people/zhangbei/team_claude/team_pytorch/station_cache_d9a7d4d6.csv,1.0,V4,381.6,1,j-shis_meshsearch_avs,5740470634,3,,1.04,Success,,https://www.j-shis.bosai.go.jp/map/api/meshsearch?center=140.95510000%2C38.34000000&epsg=4326&format=geojson&filter=AVS_gt_0&radius=1.000&limit=1&order=DIST&version=V4
MYZ001,32.705,131.3086,/home/zhangb/work/people/zhangbei/team_claude/team_pytorch/station_cache_d9a7d4d6.csv,1.0,V4,641.3,1,j-shis_meshsearch_avs,4931024441,1,,0.67,Success,,https://www.j-shis.bosai.go.jp/map/api/meshsearch?center=131.30860000%2C32.70500000&epsg=4326&format=geojson&filter=AVS_gt_0&radius=1.000&limit=1&order=DIST&version=V4
MYZ002,32.6978,131.6833,/home/zhangb/work/people/zhangbei/team_claude/team_pytorch/station_cache_d9a7d4d6.csv,1.0,V4,775.5,1,j-shis_meshsearch_avs,4931053441,1,,0.57,Success,,https://www.j-shis.bosai.go.jp/map/api/meshsearch?center=131.68330000%2C32.69780000&epsg=4326&format=geojson&filter=AVS_gt_0&radius=1.000&limit=1&order=DIST&version=V4
MYZ003,32.5659,131.6602,/home/zhangb/work/people/zhangbei/team_claude/team_pytorch/station_cache_d9a7d4d6.csv,1.0,V4,278.4,1,j-shis_meshsearch_avs,4831657244,10,,1.36,Success,,https://www.j-shis.bosai.go.jp/map/api/meshsearch?center=131.66020000%2C32.56590000&epsg=4326&format=geojson&filter=AVS_gt_0&radius=1.000&limit=1&order=DIST&version=V4
MYZ004,32.3888,131.3338,/home/zhangb/work/people/zhangbei/team_claude/team_pytorch/station_cache_d9a7d4d6.csv,1.0,V4,405.6,1,j-shis_meshsearch_avs,4831426641,6,,0.99,Success,,https://www.j-shis.bosai.go.jp/map/api/meshsearch?center=131.33380000%2C32.38880000&epsg=4326&format=geojson&filter=AVS_gt_0&radius=1.000&limit=1&order=DIST&version=V4
MYZ005,32.4286,131.6009,/home/zhangb/work/people/zhangbei/team_claude/team_pytorch/station_cache_d9a7d4d6.csv,1.0,V4,641.3,1,j-shis_meshsearch_avs,4831541813,1,,0.67,Success,,https://www.j-shis.bosai.go.jp/map/api/meshsearch?center=131.60090000%2C32.42860000&epsg=4326&format=geojson&filter=AVS_gt_0&radius=1.000&limit=1&order=DIST&version=V4
MYZ006,32.2564,131.5609,/home/zhangb/work/people/zhangbei/team_claude/team_pytorch/station_cache_d9a7d4d6.csv,1.0,V4,391.5,1,j-shis_meshsearch_avs,4831340444,8,,1.02,Success,,https://www.j-shis.bosai.go.jp/map/api/meshsearch?center=131.56090000%2C32.25640000&epsg=4326&format=geojson&filter=AVS_gt_0&radius=1.000&limit=1&order=DIST&version=V4
MYZ007,32.2351,131.1155,/home/zhangb/work/people/zhangbei/team_claude/team_pytorch/station_cache_d9a7d4d6.csv,1.0,V4,641.3,1,j-shis_meshsearch_avs,4831208911,1,,0.67,Success,,https://www.j-shis.bosai.go.jp/map/api/meshsearch?center=131.11550000%2C32.23510000&epsg=4326&format=geojson&filter=AVS_gt_0&radius=1.000&limit=1&order=DIST&version=V4
MYZ008,32.1056,131.3931,/home/zhangb/work/people/zhangbei/team_claude/team_pytorch/station_cache_d9a7d4d6.csv,1.0,V4,299.1,1,j-shis_meshsearch_avs,4831132132,9,,1.28,Success,,https://www.j-shis.bosai.go.jp/map/api/meshsearch?center=131.39310000%2C32.10560000&epsg=4326&format=geojson&filter=AVS_gt_0&radius=1.000&limit=1&order=DIST&version=V4
MYZ009,32.0461,130.8115,/home/zhangb/work/people/zhangbei/team_claude/team_pytorch/station_cache_d9a7d4d6.csv,1.0,V4,361.9,1,j-shis_meshsearch_avs,4830065442,11,,1.09,Success,,https://www.j-shis.bosai.go.jp/map/api/meshsearch?center=130.81150000%2C32.04610000&epsg=4326&format=geojson&filter=AVS_gt_0&radius=1.000&limit=1&order=DIST&version=V4
MYZ010,31.9968,130.9722,/home/zhangb/work/people/zhangbei/team_claude/team_pytorch/station_cache_d9a7d4d6.csv,1.0,V4,398.1,1,j-shis_meshsearch_avs,4730779742,8,,1.00,Success,,https://www.j-shis.bosai.go.jp/map/api/meshsearch?center=130.97220000%2C31.99680000&epsg=4326&format=geojson&filter=AVS_gt_0&radius=1.000&limit=1&order=DIST&version=V4
MYZ011,31.9951,131.2559,/home/zhangb/work/people/zhangbei/team_claude/team_pytorch/station_cache_d9a7d4d6.csv,1.0,V4,298.4,1,j-shis_meshsearch_avs,4731729014,10,,1.28,Success,,https://www.j-shis.bosai.go.jp/map/api/meshsearch?center=131.25590000%2C31.99510000&epsg=4326&format=geojson&filter=AVS_gt_0&radius=1.000&limit=1&order=DIST&version=V4
MYZ012,31.8723,131.0684,/home/zhangb/work/people/zhangbei/team_claude/team_pytorch/station_cache_d9a7d4d6.csv,1.0,V4,485.8,1,j-shis_meshsearch_avs,4731604532,8,,0.85,Success,,https://www.j-shis.bosai.go.jp/map/api/meshsearch?center=131.06840000%2C31.87230000&epsg=4326&format=geojson&filter=AVS_gt_0&radius=1.000&limit=1&order=DIST&version=V4
MYZ013,31.9086,131.4188,/home/zhangb/work/people/zhangbei/team_claude/team_pytorch/station_cache_d9a7d4d6.csv,1.0,V4,207.5,1,j-shis_meshsearch_avs,4731639321,15,,1.75,Success,,https://www.j-shis.bosai.go.jp/map/api/meshsearch?center=131.41880000%2C31.90860000&epsg=4326&format=geojson&filter=AVS_gt_0&radius=1.000&limit=1&order=DIST&version=V4
MYZ014,31.8457,131.307,/home/zhangb/work/people/zhangbei/team_claude/team_pytorch/station_cache_d9a7d4d6.csv,1.0,V4,279.6,1,j-shis_meshsearch_avs,4731621423,5,,1.36,Success,,https://www.j-shis.bosai.go.jp/map/api/meshsearch?center=131.30700000%2C31.84570000&epsg=4326&format=geojson&filter=AVS_gt_0&radius=1.000&limit=1&order=DIST&version=V4
MYZ015,31.7182,131.0624,/home/zhangb/work/people/zhangbei/team_claude/team_pytorch/station_cache_d9a7d4d6.csv,1.0,V4,397.3,1,j-shis_meshsearch_avs,4731406422,8,,1.01,Success,,https://www.j-shis.bosai.go.jp/map/api/meshsearch?center=131.06240000%2C31.71820000&epsg=4326&format=geojson&filter=AVS_gt_0&radius=1.000&limit=1&order=DIST&version=V4
MYZ016,31.6131,131.3745,/home/zhangb/work/people/zhangbei/team_claude/team_pytorch/station_cache_d9a7d4d6.csv,1.0,V4,169.0,1,j-shis_meshsearch_avs,4731323942,13,,2.08,Success,,https://www.j-shis.bosai.go.jp/map/api/meshsearch?center=131.37450000%2C31.61310000&epsg=4326&format=geojson&filter=AVS_gt_0&radius=1.000&limit=1&order=DIST&version=V4
MYZ017,31.4639,131.2281,/home/zhangb/work/people/zhangbei/team_claude/team_pytorch/station_cache_d9a7d4d6.csv,1.0,V4,207.5,1,j-shis_meshsearch_avs,4731115831,15,,1.75,Success,,https://www.j-shis.bosai.go.jp/map/api/meshsearch?center=131.22810000%2C31.46390000&epsg=4326&format=geojson&filter=AVS_gt_0&radius=1.000&limit=1&order=DIST&version=V4
MYZ018,31.3987,131.3054,/home/zhangb/work/people/zhangbei/team_claude/team_pytorch/station_cache_d9a7d4d6.csv,1.0,V4,641.3,1,j-shis_meshsearch_avs,4731027434,1,,0.67,Success,,https://www.j-shis.bosai.go.jp/map/api/meshsearch?center=131.30540000%2C31.39870000&epsg=4326&format=geojson&filter=AVS_gt_0&radius=1.000&limit=1&order=DIST&version=V4
MYZ019,32.5008,131.4444,/home/zhangb/work/people/zhangbei/team_claude/team_pytorch/station_cache_d9a7d4d6.csv,1.0,V4,407.2,1,j-shis_meshsearch_avs,4831630521,10,,0.98,Success,,https://www.j-shis.bosai.go.jp/map/api/meshsearch?center=131.44440000%2C32.50080000&epsg=4326&format=geojson&filter=AVS_gt_0&radius=1.000&limit=1&order=DIST&version=V4
MYZ020,32.4557,131.1472,/home/zhangb/work/people/zhangbei/team_claude/team_pytorch/station_cache_d9a7d4d6.csv,1.0,V4,775.5,1,j-shis_meshsearch_avs,4831514142,1,,0.57,Success,,https://www.j-shis.bosai.go.jp/map/api/meshsearch?center=131.14720000%2C32.45570000&epsg=4326&format=geojson&filter=AVS_gt_0&radius=1.000&limit=1&order=DIST&version=V4
MYZH01,32.6536,131.2257,/home/zhangb/work/people/zhangbei/team_claude/team_pytorch/station_cache_d9a7d4d6.csv,1.0,V4,405.6,1,j-shis_meshsearch_avs,4831718813,6,,0.99,Success,,https://www.j-shis.bosai.go.jp/map/api/meshsearch?center=131.22570000%2C32.65360000&epsg=4326&format=geojson&filter=AVS_gt_0&radius=1.000&limit=1&order=DIST&version=V4
MYZH02,32.6972,131.6829,/home/zhangb/work/people/zhangbei/team_claude/team_pytorch/station_cache_d9a7d4d6.csv,1.0,V4,775.5,1,j-shis_meshsearch_avs,4931053441,1,,0.57,Success,,https://www.j-shis.bosai.go.jp/map/api/meshsearch?center=131.68290000%2C32.69720000&epsg=4326&format=geojson&filter=AVS_gt_0&radius=1.000&limit=1&order=DIST&version=V4
MYZH03,32.4754,131.1043,/home/zhangb/work/people/zhangbei/team_claude/team_pytorch/station_cache_d9a7d4d6.csv,1.0,V4,775.5,1,j-shis_meshsearch_avs,4831507812,1,,0.57,Success,,https://www.j-shis.bosai.go.jp/map/api/meshsearch?center=131.10430000%2C32.47540000&epsg=4326&format=geojson&filter=AVS_gt_0&radius=1.000&limit=1&order=DIST&version=V4
MYZH04,32.5181,131.3349,/home/zhangb/work/people/zhangbei/team_claude/team_pytorch/station_cache_d9a7d4d6.csv,1.0,V4,405.6,1,j-shis_meshsearch_avs,4831622622,6,,0.99,Success,,https://www.j-shis.bosai.go.jp/map/api/meshsearch?center=131.33490000%2C32.51810000&epsg=4326&format=geojson&filter=AVS_gt_0&radius=1.000&limit=1&order=DIST&version=V4
MYZH06,32.3607,131.4643,/home/zhangb/work/people/zhangbei/team_claude/team_pytorch/station_cache_d9a7d4d6.csv,1.0,V4,467.1,1,j-shis_meshsearch_avs,4831433713,8,,0.88,Success,,https://www.j-shis.bosai.go.jp/map/api/meshsearch?center=131.46430000%2C32.36070000&epsg=4326&format=geojson&filter=AVS_gt_0&radius=1.000&limit=1&order=DIST&version=V4
MYZH08,32.2132,131.5309,/home/zhangb/work/people/zhangbei/team_claude/team_pytorch/station_cache_d9a7d4d6.csv,1.0,V4,293.0,1,j-shis_meshsearch_avs,4831245232,9,,1.30,Success,,https://www.j-shis.bosai.go.jp/map/api/meshsearch?center=131.53090000%2C32.21320000&epsg=4326&format=geojson&filter=AVS_gt_0&radius=1.000&limit=1&order=DIST&version=V4
MYZH09,32.0421,131.0618,/home/zhangb/work/people/zhangbei/team_claude/team_pytorch/station_cache_d9a7d4d6.csv,1.0,V4,405.6,1,j-shis_meshsearch_avs,4831005422,6,,0.99,Success,,https://www.j-shis.bosai.go.jp/map/api/meshsearch?center=131.06180000%2C32.04210000&epsg=4326&format=geojson&filter=AVS_gt_0&radius=1.000&limit=1&order=DIST&version=V4
MYZH10,32.0215,131.29,/home/zhangb/work/people/zhangbei/team_claude/team_pytorch/station_cache_d9a7d4d6.csv,1.0,V4,472.8,1,j-shis_meshsearch_avs,4831022331,8,,0.87,Success,,https://www.j-shis.bosai.go.jp/map/api/meshsearch?center=131.29000000%2C32.02150000&epsg=4326&format=geojson&filter=AVS_gt_0&radius=1.000&limit=1&order=DIST&version=V4
MYZH11,32.0208,131.47,/home/zhangb/work/people/zhangbei/team_claude/team_pytorch/station_cache_d9a7d4d6.csv,1.0,V4,369.7,1,j-shis_meshsearch_avs,4831032723,3,,1.07,Success,,https://www.j-shis.bosai.go.jp/map/api/meshsearch?center=131.47000000%2C32.02080000&epsg=4326&format=geojson&filter=AVS_gt_0&radius=1.000&limit=1&order=DIST&version=V4
MYZH13,31.7301,131.0791,/home/zhangb/work/people/zhangbei/team_claude/team_pytorch/station_cache_d9a7d4d6.csv,1.0,V4,388.2,1,j-shis_meshsearch_avs,4731407632,8,,1.03,Success,,https://www.j-shis.bosai.go.jp/map/api/meshsearch?center=131.07910000%2C31.73010000&epsg=4326&format=geojson&filter=AVS_gt_0&radius=1.000&limit=1&order=DIST&version=V4
MYZH14,31.5649,131.351,/home/zhangb/work/people/zhangbei/team_claude/team_pytorch/station_cache_d9a7d4d6.csv,1.0,V4,207.5,1,j-shis_meshsearch_avs,4731227833,15,,1.75,Success,,https://www.j-shis.bosai.go.jp/map/api/meshsearch?center=131.35100000%2C31.56490000&epsg=4326&format=geojson&filter=AVS_gt_0&radius=1.000&limit=1&order=DIST&version=V4
MYZH15,32.3654,131.5893,/home/zhangb/work/people/zhangbei/team_claude/team_pytorch/station_cache_d9a7d4d6.csv,1.0,V4,641.3,1,j-shis_meshsearch_avs,4831443733,1,,0.67,Success,,https://www.j-shis.bosai.go.jp/map/api/meshsearch?center=131.58930000%2C32.36540000&epsg=4326&format=geojson&filter=AVS_gt_0&radius=1.000&limit=1&order=DIST&version=V4
MYZH16,32.506,131.6958,/home/zhangb/work/people/zhangbei/team_claude/team_pytorch/station_cache_d9a7d4d6.csv,1.0,V4,641.3,1,j-shis_meshsearch_avs,4831650541,1,,0.67,Success,,https://www.j-shis.bosai.go.jp/map/api/meshsearch?center=131.69580000%2C32.50600000&epsg=4326&format=geojson&filter=AVS_gt_0&radius=1.000&limit=1&order=DIST&version=V4
NAR001,34.7153,135.7276,/home/zhangb/work/people/zhangbei/team_claude/team_pytorch/station_cache_d9a7d4d6.csv,1.0,V4,386.6,1,j-shis_meshsearch_avs,5235055833,3,,1.03,Success,,https://www.j-shis.bosai.go.jp/map/api/meshsearch?center=135.72760000%2C34.71530000&epsg=4326&format=geojson&filter=AVS_gt_0&radius=1.000&limit=1&order=DIST&version=V4
NAR002,34.6682,135.8353,/home/zhangb/work/people/zhangbei/team_claude/team_pytorch/station_cache_d9a7d4d6.csv,1.0,V4,344.4,1,j-shis_meshsearch_avs,5235060622,11,,1.14,Success,,https://www.j-shis.bosai.go.jp/map/api/meshsearch?center=135.83530000%2C34.66820000&epsg=4326&format=geojson&filter=AVS_gt_0&radius=1.000&limit=1&order=DIST&version=V4
NAR003,34.5171,135.7171,/home/zhangb/work/people/zhangbei/team_claude/team_pytorch/station_cache_d9a7d4d6.csv,1.0,V4,329.7,1,j-shis_meshsearch_avs,5135652712,11,,1.18,Success,,https://www.j-shis.bosai.go.jp/map/api/meshsearch?center=135.71710000%2C34.51710000&epsg=4326&format=geojson&filter=AVS_gt_0&radius=1.000&limit=1&order=DIST&version=V4
NAR004,34.5277,135.9511,/home/zhangb/work/people/zhangbei/team_claude/team_pytorch/station_cache_d9a7d4d6.csv,1.0,V4,445.5,1,j-shis_meshsearch_avs,5135673613,10,,0.91,Success,,https://www.j-shis.bosai.go.jp/map/api/meshsearch?center=135.95110000%2C34.52770000&epsg=4326&format=geojson&filter=AVS_gt_0&radius=1.000&limit=1&order=DIST&version=V4
NAR005,34.3414,135.6844,/home/zhangb/work/people/zhangbei/team_claude/team_pytorch/station_cache_d9a7d4d6.csv,1.0,V4,370.1,1,j-shis_meshsearch_avs,5135450444,10,,1.07,Success,,https://www.j-shis.bosai.go.jp/map/api/meshsearch?center=135.68440000%2C34.34140000&epsg=4326&format=geojson&filter=AVS_gt_0&radius=1.000&limit=1&order=DIST&version=V4
NAR006,34.3384,135.9545,/home/zhangb/work/people/zhangbei/team_claude/team_pytorch/station_cache_d9a7d4d6.csv,1.0,V4,775.5,1,j-shis_meshsearch_avs,5135470632,1,,0.57,Success,,https://www.j-shis.bosai.go.jp/map/api/meshsearch?center=135.95450000%2C34.33840000&epsg=4326&format=geojson&filter=AVS_gt_0&radius=1.000&limit=1&order=DIST&version=V4
NAR007,34.2214,135.7368,/home/zhangb/work/people/zhangbei/team_claude/team_pytorch/station_cache_d9a7d4d6.csv,1.0,V4,775.5,1,j-shis_meshsearch_avs,5135256842,1,,0.57,Success,,https://www.j-shis.bosai.go.jp/map/api/meshsearch?center=135.73680000%2C34.22140000&epsg=4326&format=geojson&filter=AVS_gt_0&radius=1.000&limit=1&order=DIST&version=V4
NAR008,34.1369,136.0063,/home/zhangb/work/people/zhangbei/team_claude/team_pytorch/station_cache_d9a7d4d6.csv,1.0,V4,400.3,1,j-shis_meshsearch_avs,5136106023,2,,1.00,Success,,https://www.j-shis.bosai.go.jp/map/api/meshsearch?center=136.00630000%2C34.13690000&epsg=4326&format=geojson&filter=AVS_gt_0&radius=1.000&limit=1&order=DIST&version=V4
NAR009,33.9396,135.753,/home/zhangb/work/people/zhangbei/team_claude/team_pytorch/station_cache_d9a7d4d6.csv,1.0,V4,775.5,1,j-shis_meshsearch_avs,5035762033,1,,0.57,Success,,https://www.j-shis.bosai.go.jp/map/api/meshsearch?center=135.75300000%2C33.93960000&epsg=4326&format=geojson&filter=AVS_gt_0&radius=1.000&limit=1&order=DIST&version=V4
NARH01,33.9666,135.6489,/home/zhangb/work/people/zhangbei/team_claude/team_pytorch/station_cache_d9a7d4d6.csv,1.0,V4,775.5,1,j-shis_meshsearch_avs,5035755144,1,,0.57,Success,,https://www.j-shis.bosai.go.jp/map/api/meshsearch?center=135.64890000%2C33.96660000&epsg=4326&format=geojson&filter=AVS_gt_0&radius=1.000&limit=1&order=DIST&version=V4
NARH02,33.9692,135.8574,/home/zhangb/work/people/zhangbei/team_claude/team_pytorch/station_cache_d9a7d4d6.csv,1.0,V4,775.5,1,j-shis_meshsearch_avs,5035766823,1,,0.57,Success,,https://www.j-shis.bosai.go.jp/map/api/meshsearch?center=135.85740000%2C33.96920000&epsg=4326&format=geojson&filter=AVS_gt_0&radius=1.000&limit=1&order=DIST&version=V4
NARH03,34.2925,136.0022,/home/zhangb/work/people/zhangbei/team_claude/team_pytorch/station_cache_d9a7d4d6.csv,1.0,V4,529.5,1,j-shis_meshsearch_avs,5136305011,8,,0.79,Success,,https://www.j-shis.bosai.go.jp/map/api/meshsearch?center=136.00220000%2C34.29250000&epsg=4326&format=geojson&filter=AVS_gt_0&radius=1.000&limit=1&order=DIST&version=V4
NARH05,34.4237,136.0294,/home/zhangb/work/people/zhangbei/team_claude/team_pytorch/station_cache_d9a7d4d6.csv,1.0,V4,471.5,1,j-shis_meshsearch_avs,5136500234,10,,0.87,Success,,https://www.j-shis.bosai.go.jp/map/api/meshsearch?center=136.02940000%2C34.42370000&epsg=4326&format=geojson&filter=AVS_gt_0&radius=1.000&limit=1&order=DIST&version=V4
NARH06,34.6413,136.0512,/home/zhangb/work/people/zhangbei/team_claude/team_pytorch/station_cache_d9a7d4d6.csv,1.0,V4,775.5,1,j-shis_meshsearch_avs,5136706433,1,,0.57,Success,,https://www.j-shis.bosai.go.jp/map/api/meshsearch?center=136.05120000%2C34.64130000&epsg=4326&format=geojson&filter=AVS_gt_0&radius=1.000&limit=1&order=DIST&version=V4
NARH07,34.5843,135.8541,/home/zhangb/work/people/zhangbei/team_claude/team_pytorch/station_cache_d9a7d4d6.csv,1.0,V4,775.5,1,j-shis_meshsearch_avs,5135760812,1,,0.57,Success,,https://www.j-shis.bosai.go.jp/map/api/meshsearch?center=135.85410000%2C34.58430000&epsg=4326&format=geojson&filter=AVS_gt_0&radius=1.000&limit=1&order=DIST&version=V4
NGN001,36.8513,138.3657,/home/zhangb/work/people/zhangbei/team_claude/team_pytorch/station_cache_d9a7d4d6.csv,1.0,V4,283.8,1,j-shis_meshsearch_avs,5538222912,12,,1.34,Success,,https://www.j-shis.bosai.go.jp/map/api/meshsearch?center=138.36570000%2C36.85130000&epsg=4326&format=geojson&filter=AVS_gt_0&radius=1.000&limit=1&order=DIST&version=V4
NGN002,36.8068,138.2069,/home/zhangb/work/people/zhangbei/team_claude/team_pytorch/station_cache_d9a7d4d6.csv,1.0,V4,308.6,1,j-shis_meshsearch_avs,5538116643,5,,1.25,Success,,https://www.j-shis.bosai.go.jp/map/api/meshsearch?center=138.20690000%2C36.80680000&epsg=4326&format=geojson&filter=AVS_gt_0&radius=1.000&limit=1&order=DIST&version=V4
NGN003,36.74,138.4137,/home/zhangb/work/people/zhangbei/team_claude/team_pytorch/station_cache_d9a7d4d6.csv,1.0,V4,540.7,1,j-shis_meshsearch_avs,5538038333,8,,0.77,Success,,https://www.j-shis.bosai.go.jp/map/api/meshsearch?center=138.41370000%2C36.74000000&epsg=4326&format=geojson&filter=AVS_gt_0&radius=1.000&limit=1&order=DIST&version=V4
NGN004,36.6475,138.1941,/home/zhangb/work/people/zhangbei/team_claude/team_pytorch/station_cache_d9a7d4d6.csv,1.0,V4,381.9,1,j-shis_meshsearch_avs,5438717541,11,,1.04,Success,,https://www.j-shis.bosai.go.jp/map/api/meshsearch?center=138.19410000%2C36.64750000&epsg=4326&format=geojson&filter=AVS_gt_0&radius=1.000&limit=1&order=DIST&version=V4
NGN005,36.6987,137.863,/home/zhangb/work/people/zhangbei/team_claude/team_pytorch/station_cache_d9a7d4d6.csv,1.0,V4,410.1,1,j-shis_meshsearch_avs,5537063933,11,,0.98,Success,,https://www.j-shis.bosai.go.jp/map/api/meshsearch?center=137.86300000%2C36.69870000&epsg=4326&format=geojson&filter=AVS_gt_0&radius=1.000&limit=1&order=DIST&version=V4
NGN006,36.5084,137.8514,/home/zhangb/work/people/zhangbei/team_claude/team_pytorch/station_cache_d9a7d4d6.csv,1.0,V4,408.7,1,j-shis_meshsearch_avs,5437661811,11,,0.98,Success,,https://www.j-shis.bosai.go.jp/map/api/meshsearch?center=137.85140000%2C36.50840000&epsg=4326&format=geojson&filter=AVS_gt_0&radius=1.000&limit=1&order=DIST&version=V4
NGN007,36.5344,138.1188,/home/zhangb/work/people/zhangbei/team_claude/team_pytorch/station_cache_d9a7d4d6.csv,1.0,V4,373.5,1,j-shis_meshsearch_avs,5438604921,11,,1.06,Success,,https://www.j-shis.bosai.go.jp/map/api/meshsearch?center=138.11880000%2C36.53440000&epsg=4326&format=geojson&filter=AVS_gt_0&radius=1.000&limit=1&order=DIST&version=V4
NGN008,36.4018,138.2483,/home/zhangb/work/people/zhangbei/team_claude/team_pytorch/station_cache_d9a7d4d6.csv,1.0,V4,480.4,1,j-shis_meshsearch_avs,5438418922,8,,0.86,Success,,https://www.j-shis.bosai.go.jp/map/api/meshsearch?center=138.24830000%2C36.40180000&epsg=4326&format=geojson&filter=AVS_gt_0&radius=1.000&limit=1&order=DIST&version=V4
NGN009,36.3371,137.8718,/home/zhangb/work/people/zhangbei/team_claude/team_pytorch/station_cache_d9a7d4d6.csv,1.0,V4,400.9,1,j-shis_meshsearch_avs,5437460923,11,,1.00,Success,,https://www.j-shis.bosai.go.jp/map/api/meshsearch?center=137.87180000%2C36.33710000&epsg=4326&format=geojson&filter=AVS_gt_0&radius=1.000&limit=1&order=DIST&version=V4
NGN010,36.3282,138.4349,/home/zhangb/work/people/zhangbei/team_claude/team_pytorch/station_cache_d9a7d4d6.csv,1.0,V4,309.6,1,j-shis_meshsearch_avs,5438339424,5,,1.24,Success,,https://www.j-shis.bosai.go.jp/map/api/meshsearch?center=138.43490000%2C36.32820000&epsg=4326&format=geojson&filter=AVS_gt_0&radius=1.000&limit=1&order=DIST&version=V4
NGN011,36.2718,138.2584,/home/zhangb/work/people/zhangbei/team_claude/team_pytorch/station_cache_d9a7d4d6.csv,1.0,V4,559.0,1,j-shis_meshsearch_avs,5438322041,8,,0.75,Success,,https://www.j-shis.bosai.go.jp/map/api/meshsearch?center=138.25840000%2C36.27180000&epsg=4326&format=geojson&filter=AVS_gt_0&radius=1.000&limit=1&order=DIST&version=V4
NGN012,36.2571,137.9796,/home/zhangb/work/people/zhangbei/team_claude/team_pytorch/station_cache_d9a7d4d6.csv,1.0,V4,406.8,1,j-shis_meshsearch_avs,5437370834,11,,0.99,Success,,https://www.j-shis.bosai.go.jp/map/api/meshsearch?center=137.97960000%2C36.25710000&epsg=4326&format=geojson&filter=AVS_gt_0&radius=1.000&limit=1&order=DIST&version=V4
NGN013,36.1827,137.785,/home/zhangb/work/people/zhangbei/team_claude/team_pytorch/station_cache_d9a7d4d6.csv,1.0,V4,562.3,1,j-shis_meshsearch_avs,5437261244,8,,0.75,Success,,https://www.j-shis.bosai.go.jp/map/api/meshsearch?center=137.78500000%2C36.18270000&epsg=4326&format=geojson&filter=AVS_gt_0&radius=1.000&limit=1&order=DIST&version=V4
NGN014,36.0956,138.4839,/home/zhangb/work/people/zhangbei/team_claude/team_pytorch/station_cache_d9a7d4d6.csv,1.0,V4,555.9,1,j-shis_meshsearch_avs,5438131823,8,,0.76,Success,,https://www.j-shis.bosai.go.jp/map/api/meshsearch?center=138.48390000%2C36.09560000&epsg=4326&format=geojson&filter=AVS_gt_0&radius=1.000&limit=1&order=DIST&version=V4
NGN015,36.0451,138.1114,/home/zhangb/work/people/zhangbei/team_claude/team_pytorch/station_cache_d9a7d4d6.csv,1.0,V4,190.9,1,j-shis_meshsearch_avs,5438005824,15,,1.88,Success,,https://www.j-shis.bosai.go.jp/map/api/meshsearch?center=138.11140000%2C36.04510000&epsg=4326&format=geojson&filter=AVS_gt_0&radius=1.000&limit=1&order=DIST&version=V4
NGN016,35.9133,138.2229,/home/zhangb/work/people/zhangbei/team_claude/team_pytorch/station_cache_d9a7d4d6.csv,1.0,V4,268.5,1,j-shis_meshsearch_avs,5338619742,5,,1.40,Success,,https://www.j-shis.bosai.go.jp/map/api/meshsearch?center=138.22290000%2C35.91330000&epsg=4326&format=geojson&filter=AVS_gt_0&radius=1.000&limit=1&order=DIST&version=V4
NGN017,35.9749,137.8259,/home/zhangb/work/people/zhangbei/team_claude/team_pytorch/station_cache_d9a7d4d6.csv,1.0,V4,574.2,1,j-shis_meshsearch_avs,5337766633,8,,0.73,Success,,https://www.j-shis.bosai.go.jp/map/api/meshsearch?center=137.82590000%2C35.97490000&epsg=4326&format=geojson&filter=AVS_gt_0&radius=1.000&limit=1&order=DIST&version=V4
NGN018,35.8129,137.5298,/home/zhangb/work/people/zhangbei/team_claude/team_pytorch/station_cache_d9a7d4d6.csv,1.0,V4,584.4,1,j-shis_meshsearch_avs,5337547232,8,,0.72,Success,,https://www.j-shis.bosai.go.jp/map/api/meshsearch?center=137.52980000%2C35.81290000&epsg=4326&format=geojson&filter=AVS_gt_0&radius=1.000&limit=1&order=DIST&version=V4
NGN019,35.8561,137.708,/home/zhangb/work/people/zhangbei/team_claude/team_pytorch/station_cache_d9a7d4d6.csv,1.0,V4,541.5,1,j-shis_meshsearch_avs,5337652641,8,,0.77,Success,,https://www.j-shis.bosai.go.jp/map/api/meshsearch?center=137.70800000%2C35.85610000&epsg=4326&format=geojson&filter=AVS_gt_0&radius=1.000&limit=1&order=DIST&version=V4
NGN020,35.8278,137.9548,/home/zhangb/work/people/zhangbei/team_claude/team_pytorch/station_cache_d9a7d4d6.csv,1.0,V4,401.8,1,j-shis_meshsearch_avs,5337579614,11,,1.00,Success,,https://www.j-shis.bosai.go.jp/map/api/meshsearch?center=137.95480000%2C35.82780000&epsg=4326&format=geojson&filter=AVS_gt_0&radius=1.000&limit=1&order=DIST&version=V4
NGN021,35.7293,137.9336,/home/zhangb/work/people/zhangbei/team_claude/team_pytorch/station_cache_d9a7d4d6.csv,1.0,V4,364.7,1,j-shis_meshsearch_avs,5337477441,9,,1.08,Success,,https://www.j-shis.bosai.go.jp/map/api/meshsearch?center=137.93360000%2C35.72930000&epsg=4326&format=geojson&filter=AVS_gt_0&radius=1.000&limit=1&order=DIST&version=V4
NGN022,35.6053,137.6126,/home/zhangb/work/people/zhangbei/team_claude/team_pytorch/station_cache_d9a7d4d6.csv,1.0,V4,400.3,1,j-shis_meshsearch_avs,5337342931,2,,1.00,Success,,https://www.j-shis.bosai.go.jp/map/api/meshsearch?center=137.61260000%2C35.60530000&epsg=4326&format=geojson&filter=AVS_gt_0&radius=1.000&limit=1&order=DIST&version=V4
NGN023,35.5775,138.0338,/home/zhangb/work/people/zhangbei/team_claude/team_pytorch/station_cache_d9a7d4d6.csv,1.0,V4,513.0,1,j-shis_meshsearch_avs,5338209223,10,,0.81,Success,,https://www.j-shis.bosai.go.jp/map/api/meshsearch?center=138.03380000%2C35.57750000&epsg=4326&format=geojson&filter=AVS_gt_0&radius=1.000&limit=1&order=DIST&version=V4
NGN024,35.5232,137.8382,/home/zhangb/work/people/zhangbei/team_claude/team_pytorch/station_cache_d9a7d4d6.csv,1.0,V4,359.1,1,j-shis_meshsearch_avs,5337262733,9,,1.10,Success,,https://www.j-shis.bosai.go.jp/map/api/meshsearch?center=137.83820000%2C35.52320000&epsg=4326&format=geojson&filter=AVS_gt_0&radius=1.000&limit=1&order=DIST&version=V4
NGN025,35.2864,137.8571,/home/zhangb/work/people/zhangbei/team_claude/team_pytorch/station_cache_d9a7d4d6.csv,1.0,V4,539.1,1,j-shis_meshsearch_avs,5237764823,8,,0.78,Success,,https://www.j-shis.bosai.go.jp/map/api/meshsearch?center=137.85710000%2C35.28640000&epsg=4326&format=geojson&filter=AVS_gt_0&radius=1.000&limit=1&order=DIST&version=V4
NGNH03,35.4786,137.7346,/home/zhangb/work/people/zhangbei/team_claude/team_pytorch/station_cache_d9a7d4d6.csv,1.0,V4,775.5,1,j-shis_meshsearch_avs,5337157824,1,,0.57,Success,,https://www.j-shis.bosai.go.jp/map/api/meshsearch?center=137.73460000%2C35.47860000&epsg=4326&format=geojson&filter=AVS_gt_0&radius=1.000&limit=1&order=DIST&version=V4
NGNH07,36.7434,138.376,/home/zhangb/work/people/zhangbei/team_claude/team_pytorch/station_cache_d9a7d4d6.csv,1.0,V4,389.4,1,j-shis_meshsearch_avs,5538039011,11,,1.02,Success,,https://www.j-shis.bosai.go.jp/map/api/meshsearch?center=138.37600000%2C36.74340000&epsg=4326&format=geojson&filter=AVS_gt_0&radius=1.000&limit=1&order=DIST&version=V4
NGNH10,35.9632,137.7669,/home/zhangb/work/people/zhangbei/team_claude/team_pytorch/station_cache_d9a7d4d6.csv,1.0,V4,541.2,1,j-shis_meshsearch_avs,5337765132,10,,0.77,Success,,https://www.j-shis.bosai.go.jp/map/api/meshsearch?center=137.76690000%2C35.96320000&epsg=4326&format=geojson&filter=AVS_gt_0&radius=1.000&limit=1&order=DIST&version=V4
NGNH11,35.9157,138.3052,/home/zhangb/work/people/zhangbei/team_claude/team_pytorch/station_cache_d9a7d4d6.csv,1.0,V4,314.8,1,j-shis_meshsearch_avs,5338629434,5,,1.23,Success,,https://www.j-shis.bosai.go.jp/map/api/meshsearch?center=138.30520000%2C35.91570000&epsg=4326&format=geojson&filter=AVS_gt_0&radius=1.000&limit=1&order=DIST&version=V4
NGNH14,35.3095,137.6261,/home/zhangb/work/people/zhangbei/team_claude/team_pytorch/station_cache_d9a7d4d6.csv,1.0,V4,775.5,1,j-shis_meshsearch_avs,5237757011,1,,0.57,Success,,https://www.j-shis.bosai.go.jp/map/api/meshsearch?center=137.62610000%2C35.30950000&epsg=4326&format=geojson&filter=AVS_gt_0&radius=1.000&limit=1&order=DIST&version=V4
NGNH15,36.0088,137.9305,/home/zhangb/work/people/zhangbei/team_claude/team_pytorch/station_cache_d9a7d4d6.csv,1.0,V4,522.7,1,j-shis_meshsearch_avs,5437071412,10,,0.80,Success,,https://www.j-shis.bosai.go.jp/map/api/meshsearch?center=137.93050000%2C36.00880000&epsg=4326&format=geojson&filter=AVS_gt_0&radius=1.000&limit=1&order=DIST&version=V4
NGNH18,35.9324,137.595,/home/zhangb/work/people/zhangbei/team_claude/team_pytorch/station_cache_d9a7d4d6.csv,1.0,V4,334.9,1,j-shis_meshsearch_avs,5337741743,5,,1.16,Success,,https://www.j-shis.bosai.go.jp/map/api/meshsearch?center=137.59500000%2C35.93240000&epsg=4326&format=geojson&filter=AVS_gt_0&radius=1.000&limit=1&order=DIST&version=V4
NGNH19,35.9735,138.5845,/home/zhangb/work/people/zhangbei/team_claude/team_pytorch/station_cache_d9a7d4d6.csv,1.0,V4,436.2,1,j-shis_meshsearch_avs,5338746644,11,,0.93,Success,,https://www.j-shis.bosai.go.jp/map/api/meshsearch?center=138.58450000%2C35.97350000&epsg=4326&format=geojson&filter=AVS_gt_0&radius=1.000&limit=1&order=DIST&version=V4
NGNH20,35.787,137.7173,/home/zhangb/work/people/zhangbei/team_claude/team_pytorch/station_cache_d9a7d4d6.csv,1.0,V4,775.5,1,j-shis_meshsearch_avs,5337554714,1,,0.57,Success,,https://www.j-shis.bosai.go.jp/map/api/meshsearch?center=137.71730000%2C35.78700000&epsg=4326&format=geojson&filter=AVS_gt_0&radius=1.000&limit=1&order=DIST&version=V4
NGNH21,35.8315,137.9236,/home/zhangb/work/people/zhangbei/team_claude/team_pytorch/station_cache_d9a7d4d6.csv,1.0,V4,418.5,1,j-shis_meshsearch_avs,5337579344,9,,0.96,Success,,https://www.j-shis.bosai.go.jp/map/api/meshsearch?center=137.92360000%2C35.83150000&epsg=4326&format=geojson&filter=AVS_gt_0&radius=1.000&limit=1&order=DIST&version=V4
NGNH22,35.7946,138.0824,/home/zhangb/work/people/zhangbei/team_claude/team_pytorch/station_cache_d9a7d4d6.csv,1.0,V4,544.1,1,j-shis_meshsearch_avs,5338505623,8,,0.77,Success,,https://www.j-shis.bosai.go.jp/map/api/meshsearch?center=138.08240000%2C35.79460000&epsg=4326&format=geojson&filter=AVS_gt_0&radius=1.000&limit=1&order=DIST&version=V4
NGNH23,35.6056,137.6105,/home/zhangb/work/people/zhangbei/team_claude/team_pytorch/station_cache_d9a7d4d6.csv,1.0,V4,546.2,1,j-shis_meshsearch_avs,5337342842,8,,0.77,Success,,https://www.j-shis.bosai.go.jp/map/api/meshsearch?center=137.61050000%2C35.60560000&epsg=4326&format=geojson&filter=AVS_gt_0&radius=1.000&limit=1&order=DIST&version=V4
NGNH24,35.6152,137.8797,/home/zhangb/work/people/zhangbei/team_claude/team_pytorch/station_cache_d9a7d4d6.csv,1.0,V4,386.8,1,j-shis_meshsearch_avs,5337373034,9,,1.03,Success,,https://www.j-shis.bosai.go.jp/map/api/meshsearch?center=137.87970000%2C35.61520000&epsg=4326&format=geojson&filter=AVS_gt_0&radius=1.000&limit=1&order=DIST&version=V4
NGNH25,35.2986,137.9268,/home/zhangb/work/people/zhangbei/team_claude/team_pytorch/station_cache_d9a7d4d6.csv,1.0,V4,483.3,1,j-shis_meshsearch_avs,5237775433,10,,0.85,Success,,https://www.j-shis.bosai.go.jp/map/api/meshsearch?center=137.92680000%2C35.29860000&epsg=4326&format=geojson&filter=AVS_gt_0&radius=1.000&limit=1&order=DIST&version=V4
NGNH27,36.577,138.0479,/home/zhangb/work/people/zhangbei/team_claude/team_pytorch/station_cache_d9a7d4d6.csv,1.0,V4,558.3,1,j-shis_meshsearch_avs,5438609322,8,,0.75,Success,,https://www.j-shis.bosai.go.jp/map/api/meshsearch?center=138.04790000%2C36.57700000&epsg=4326&format=geojson&filter=AVS_gt_0&radius=1.000&limit=1&order=DIST&version=V4
NGNH28,36.7075,138.0964,/home/zhangb/work/people/zhangbei/team_claude/team_pytorch/station_cache_d9a7d4d6.csv,1.0,V4,312.1,1,j-shis_meshsearch_avs,5538004743,5,,1.24,Success,,https://www.j-shis.bosai.go.jp/map/api/meshsearch?center=138.09640000%2C36.70750000&epsg=4326&format=geojson&filter=AVS_gt_0&radius=1.000&limit=1&order=DIST&version=V4
NGNH29,36.9102,138.4408,/home/zhangb/work/people/zhangbei/team_claude/team_pytorch/station_cache_d9a7d4d6.csv,1.0,V4,510.4,1,j-shis_meshsearch_avs,5538239512,4,,0.81,Success,,https://www.j-shis.bosai.go.jp/map/api/meshsearch?center=138.44080000%2C36.91020000&epsg=4326&format=geojson&filter=AVS_gt_0&radius=1.000&limit=1&order=DIST&version=V4
NGNH30,36.064,137.6849,/home/zhangb/work/people/zhangbei/team_claude/team_pytorch/station_cache_d9a7d4d6.csv,1.0,V4,418.4,1,j-shis_meshsearch_avs,5437057442,9,,0.96,Success,,https://www.j-shis.bosai.go.jp/map/api/meshsearch?center=137.68490000%2C36.06400000&epsg=4326&format=geojson&filter=AVS_gt_0&radius=1.000&limit=1&order=DIST&version=V4
NGNH31,36.1184,137.9389,/home/zhangb/work/people/zhangbei/team_claude/team_pytorch/station_cache_d9a7d4d6.csv,1.0,V4,353.7,1,j-shis_meshsearch_avs,5437174511,9,,1.11,Success,,https://www.j-shis.bosai.go.jp/map/api/meshsearch?center=137.93890000%2C36.11840000&epsg=4326&format=geojson&filter=AVS_gt_0&radius=1.000&limit=1&order=DIST&version=V4
NGNH32,36.2578,137.9898,/home/zhangb/work/people/zhangbei/team_claude/team_pytorch/station_cache_d9a7d4d6.csv,1.0,V4,411.9,1,j-shis_meshsearch_avs,5437370933,11,,0.98,Success,,https://www.j-shis.bosai.go.jp/map/api/meshsearch?center=137.98980000%2C36.25780000&epsg=4326&format=geojson&filter=AVS_gt_0&radius=1.000&limit=1&order=DIST&version=V4
NGNH33,36.4598,137.9637,/home/zhangb/work/people/zhangbei/team_claude/team_pytorch/station_cache_d9a7d4d6.csv,1.0,V4,548.5,1,j-shis_meshsearch_avs,5437575711,8,,0.76,Success,,https://www.j-shis.bosai.go.jp/map/api/meshsearch?center=137.96370000%2C36.45980000&epsg=4326&format=geojson&filter=AVS_gt_0&radius=1.000&limit=1&order=DIST&version=V4
NGNH34,36.5327,137.8201,/home/zhangb/work/people/zhangbei/team_claude/team_pytorch/station_cache_d9a7d4d6.csv,1.0,V4,423.1,1,j-shis_meshsearch_avs,5437663543,11,,0.95,Success,,https://www.j-shis.bosai.go.jp/map/api/meshsearch?center=137.82010000%2C36.53270000&epsg=4326&format=geojson&filter=AVS_gt_0&radius=1.000&limit=1&order=DIST&version=V4
NGNH54,35.4489,138.0058,/home/zhangb/work/people/zhangbei/team_claude/team_pytorch/station_cache_d9a7d4d6.csv,1.0,V4,400.3,1,j-shis_meshsearch_avs,5338103034,2,,1.00,Success,,https://www.j-shis.bosai.go.jp/map/api/meshsearch?center=138.00580000%2C35.44890000&epsg=4326&format=geojson&filter=AVS_gt_0&radius=1.000&limit=1&order=DIST&version=V4
NGS001,33.3617,129.5377,/home/zhangb/work/people/zhangbei/team_claude/team_pytorch/station_cache_d9a7d4d6.csv,1.0,V4,457.8,1,j-shis_meshsearch_avs,5029043313,3,,0.89,Success,,https://www.j-shis.bosai.go.jp/map/api/meshsearch?center=129.53770000%2C33.36170000&epsg=4326&format=geojson&filter=AVS_gt_0&radius=1.000&limit=1&order=DIST&version=V4
NGS002,33.3442,129.7056,/home/zhangb/work/people/zhangbei/team_claude/team_pytorch/station_cache_d9a7d4d6.csv,1.0,V4,207.5,1,j-shis_meshsearch_avs,5029051614,15,,1.75,Success,,https://www.j-shis.bosai.go.jp/map/api/meshsearch?center=129.70560000%2C33.34420000&epsg=4326&format=geojson&filter=AVS_gt_0&radius=1.000&limit=1&order=DIST&version=V4
NGS003,33.2016,129.4124,/home/zhangb/work/people/zhangbei/team_claude/team_pytorch/station_cache_d9a7d4d6.csv,1.0,V4,445.3,1,j-shis_meshsearch_avs,4929634222,3,,0.91,Success,,https://www.j-shis.bosai.go.jp/map/api/meshsearch?center=129.41240000%2C33.20160000&epsg=4326&format=geojson&filter=AVS_gt_0&radius=1.000&limit=1&order=DIST&version=V4
NGS004,33.181,129.7173,/home/zhangb/work/people/zhangbei/team_claude/team_pytorch/station_cache_d9a7d4d6.csv,1.0,V4,421.6,1,j-shis_meshsearch_avs,4929651732,3,,0.96,Success,,https://www.j-shis.bosai.go.jp/map/api/meshsearch?center=129.71730000%2C33.18100000&epsg=4326&format=geojson&filter=AVS_gt_0&radius=1.000&limit=1&order=DIST&version=V4
NGS005,33.037,129.9173,/home/zhangb/work/people/zhangbei/team_claude/team_pytorch/station_cache_d9a7d4d6.csv,1.0,V4,260.2,1,j-shis_meshsearch_avs,4929474314,16,,1.44,Success,,https://www.j-shis.bosai.go.jp/map/api/meshsearch?center=129.91730000%2C33.03700000&epsg=4326&format=geojson&filter=AVS_gt_0&radius=1.000&limit=1&order=DIST&version=V4
NGS006,32.933,129.6436,/home/zhangb/work/people/zhangbei/team_claude/team_pytorch/station_cache_d9a7d4d6.csv,1.0,V4,207.5,1,j-shis_meshsearch_avs,4929351134,15,,1.75,Success,,https://www.j-shis.bosai.go.jp/map/api/meshsearch?center=129.64360000%2C32.93300000&epsg=4326&format=geojson&filter=AVS_gt_0&radius=1.000&limit=1&order=DIST&version=V4
NGS007,32.9062,129.7804,/home/zhangb/work/people/zhangbei/team_claude/team_pytorch/station_cache_d9a7d4d6.csv,1.0,V4,288.5,1,j-shis_meshsearch_avs,4929268232,11,,1.32,Success,,https://www.j-shis.bosai.go.jp/map/api/meshsearch?center=129.78040000%2C32.90620000&epsg=4326&format=geojson&filter=AVS_gt_0&radius=1.000&limit=1&order=DIST&version=V4
NGS008,32.9233,130.1846,/home/zhangb/work/people/zhangbei/team_claude/team_pytorch/station_cache_d9a7d4d6.csv,1.0,V4,162.2,1,j-shis_meshsearch_avs,4930310444,15,,2.16,Success,,https://www.j-shis.bosai.go.jp/map/api/meshsearch?center=130.18460000%2C32.92330000&epsg=4326&format=geojson&filter=AVS_gt_0&radius=1.000&limit=1&order=DIST&version=V4
NGS009,32.8457,130.0216,/home/zhangb/work/people/zhangbei/team_claude/team_pytorch/station_cache_d9a7d4d6.csv,1.0,V4,358.1,1,j-shis_meshsearch_avs,4930201123,3,,1.10,Success,,https://www.j-shis.bosai.go.jp/map/api/meshsearch?center=130.02160000%2C32.84570000&epsg=4326&format=geojson&filter=AVS_gt_0&radius=1.000&limit=1&order=DIST&version=V4
NGS010,32.7351,129.8765,/home/zhangb/work/people/zhangbei/team_claude/team_pytorch/station_cache_d9a7d4d6.csv,1.0,V4,641.3,1,j-shis_meshsearch_avs,4929078011,1,,0.67,Success,,https://www.j-shis.bosai.go.jp/map/api/meshsearch?center=129.87650000%2C32.73510000&epsg=4326&format=geojson&filter=AVS_gt_0&radius=1.000&limit=1&order=DIST&version=V4
NGS011,32.7843,130.2023,/home/zhangb/work/people/zhangbei/team_claude/team_pytorch/station_cache_d9a7d4d6.csv,1.0,V4,318.4,1,j-shis_meshsearch_avs,4930114611,11,,1.21,Success,,https://www.j-shis.bosai.go.jp/map/api/meshsearch?center=130.20230000%2C32.78430000&epsg=4326&format=geojson&filter=AVS_gt_0&radius=1.000&limit=1&order=DIST&version=V4
NGS012,32.7883,130.3463,/home/zhangb/work/people/zhangbei/team_claude/team_pytorch/station_cache_d9a7d4d6.csv,1.0,V4,311.8,1,j-shis_meshsearch_avs,4930124741,5,,1.24,Success,,https://www.j-shis.bosai.go.jp/map/api/meshsearch?center=130.34630000%2C32.78830000&epsg=4326&format=geojson&filter=AVS_gt_0&radius=1.000&limit=1&order=DIST&version=V4
NGS013,32.581,129.7597,/home/zhangb/work/people/zhangbei/team_claude/team_pytorch/station_cache_d9a7d4d6.csv,1.0,V4,349.9,1,j-shis_meshsearch_avs,4829669042,3,,1.12,Success,,https://www.j-shis.bosai.go.jp/map/api/meshsearch?center=129.75970000%2C32.58100000&epsg=4326&format=geojson&filter=AVS_gt_0&radius=1.000&limit=1&order=DIST&version=V4
NGS014,32.6104,130.1851,/home/zhangb/work/people/zhangbei/team_claude/team_pytorch/station_cache_d9a7d4d6.csv,1.0,V4,223.1,1,j-shis_meshsearch_avs,4830713422,20,,1.64,Success,,https://www.j-shis.bosai.go.jp/map/api/meshsearch?center=130.18510000%2C32.61040000&epsg=4326&format=geojson&filter=AVS_gt_0&radius=1.000&limit=1&order=DIST&version=V4
NGS016,32.8876,129.0213,/home/zhangb/work/people/zhangbei/team_claude/team_pytorch/station_cache_d9a7d4d6.csv,1.0,V4,207.5,1,j-shis_meshsearch_avs,4929206141,15,,1.75,Success,,https://www.j-shis.bosai.go.jp/map/api/meshsearch?center=129.02130000%2C32.88760000&epsg=4326&format=geojson&filter=AVS_gt_0&radius=1.000&limit=1&order=DIST&version=V4
NGS019,32.9003,129.9583,/home/zhangb/work/people/zhangbei/team_claude/team_pytorch/station_cache_d9a7d4d6.csv,1.0,V4,245.6,1,j-shis_meshsearch_avs,4929278621,20,,1.52,Success,,https://www.j-shis.bosai.go.jp/map/api/meshsearch?center=129.95830000%2C32.90030000&epsg=4326&format=geojson&filter=AVS_gt_0&radius=1.000&limit=1&order=DIST&version=V4
NGS020,34.6551,129.4591,/home/zhangb/work/people/zhangbei/team_claude/team_pytorch/station_cache_d9a7d4d6.csv,1.0,V4,641.3,1,j-shis_meshsearch_avs,5129738641,1,,0.67,Success,,https://www.j-shis.bosai.go.jp/map/api/meshsearch?center=129.45910000%2C34.65510000&epsg=4326&format=geojson&filter=AVS_gt_0&radius=1.000&limit=1&order=DIST&version=V4
NGS021,34.3971,129.3239,/home/zhangb/work/people/zhangbei/team_claude/team_pytorch/station_cache_d9a7d4d6.csv,1.0,V4,286.2,1,j-shis_meshsearch_avs,5129427542,10,,1.33,Success,,https://www.j-shis.bosai.go.jp/map/api/meshsearch?center=129.32390000%2C34.39710000&epsg=4326&format=geojson&filter=AVS_gt_0&radius=1.000&limit=1&order=DIST&version=V4
NGS022,34.2031,129.2874,/home/zhangb/work/people/zhangbei/team_claude/team_pytorch/station_cache_d9a7d4d6.csv,1.0,V4,641.3,1,j-shis_meshsearch_avs,5129224224,1,,0.67,Success,,https://www.j-shis.bosai.go.jp/map/api/meshsearch?center=129.28740000%2C34.20310000&epsg=4326&format=geojson&filter=AVS_gt_0&radius=1.000&limit=1&order=DIST&version=V4
NGS023,33.75,129.691,/home/zhangb/work/people/zhangbei/team_claude/team_pytorch/station_cache_d9a7d4d6.csv,1.0,V4,510.4,1,j-shis_meshsearch_avs,5029550512,4,,0.81,Success,,https://www.j-shis.bosai.go.jp/map/api/meshsearch?center=129.69100000%2C33.75000000&epsg=4326&format=geojson&filter=AVS_gt_0&radius=1.000&limit=1&order=DIST&version=V4
NGSH01,33.2116,129.4353,/home/zhangb/work/people/zhangbei/team_claude/team_pytorch/station_cache_d9a7d4d6.csv,1.0,V4,372.3,1,j-shis_meshsearch_avs,4929635424,3,,1.06,Success,,https://www.j-shis.bosai.go.jp/map/api/meshsearch?center=129.43530000%2C33.21160000&epsg=4326&format=geojson&filter=AVS_gt_0&radius=1.000&limit=1&order=DIST&version=V4
NGSH03,33.1256,129.8102,/home/zhangb/work/people/zhangbei/team_claude/team_pytorch/station_cache_d9a7d4d6.csv,1.0,V4,423.1,1,j-shis_meshsearch_avs,4929565422,3,,0.95,Success,,https://www.j-shis.bosai.go.jp/map/api/meshsearch?center=129.81020000%2C33.12560000&epsg=4326&format=geojson&filter=AVS_gt_0&radius=1.000&limit=1&order=DIST&version=V4
NGSH05,32.9103,130.1408,/home/zhangb/work/people/zhangbei/team_claude/team_pytorch/station_cache_d9a7d4d6.csv,1.0,V4,304.2,1,j-shis_meshsearch_avs,4930219112,11,,1.26,Success,,https://www.j-shis.bosai.go.jp/map/api/meshsearch?center=130.14080000%2C32.91030000&epsg=4326&format=geojson&filter=AVS_gt_0&radius=1.000&limit=1&order=DIST&version=V4
NIG001,38.257,138.4318,/home/zhangb/work/people/zhangbei/team_claude/team_pytorch/station_cache_d9a7d4d6.csv,1.0,V4,422.7,1,j-shis_meshsearch_avs,5738330443,8,,0.95,Success,,https://www.j-shis.bosai.go.jp/map/api/meshsearch?center=138.43180000%2C38.25700000&epsg=4326&format=geojson&filter=AVS_gt_0&radius=1.000&limit=1&order=DIST&version=V4
NIG002,38.0748,138.4407,/home/zhangb/work/people/zhangbei/team_claude/team_pytorch/station_cache_d9a7d4d6.csv,1.0,V4,220.1,1,j-shis_meshsearch_avs,5738038534,20,,1.66,Success,,https://www.j-shis.bosai.go.jp/map/api/meshsearch?center=138.44070000%2C38.07480000&epsg=4326&format=geojson&filter=AVS_gt_0&radius=1.000&limit=1&order=DIST&version=V4
NIG003,37.9977,138.3231,/home/zhangb/work/people/zhangbei/team_claude/team_pytorch/station_cache_d9a7d4d6.csv,1.0,V4,260.2,1,j-shis_meshsearch_avs,5638729542,16,,1.44,Success,,https://www.j-shis.bosai.go.jp/map/api/meshsearch?center=138.32310000%2C37.99770000&epsg=4326&format=geojson&filter=AVS_gt_0&radius=1.000&limit=1&order=DIST&version=V4
NIG004,37.82,138.2788,/home/zhangb/work/people/zhangbei/team_claude/team_pytorch/station_cache_d9a7d4d6.csv,1.0,V4,355.6,1,j-shis_meshsearch_avs,5638528214,8,,1.11,Success,,https://www.j-shis.bosai.go.jp/map/api/meshsearch?center=138.27880000%2C37.82000000&epsg=4326&format=geojson&filter=AVS_gt_0&radius=1.000&limit=1&order=DIST&version=V4
NIG005,37.9207,138.4971,/home/zhangb/work/people/zhangbei/team_claude/team_pytorch/station_cache_d9a7d4d6.csv,1.0,V4,338.3,1,j-shis_meshsearch_avs,5638730924,8,,1.15,Success,,https://www.j-shis.bosai.go.jp/map/api/meshsearch?center=138.49710000%2C37.92070000&epsg=4326&format=geojson&filter=AVS_gt_0&radius=1.000&limit=1&order=DIST&version=V4
NIG006,38.4514,139.4963,/home/zhangb/work/people/zhangbei/team_claude/team_pytorch/station_cache_d9a7d4d6.csv,1.0,V4,402.2,1,j-shis_meshsearch_avs,5739534921,8,,1.00,Success,,https://www.j-shis.bosai.go.jp/map/api/meshsearch?center=139.49630000%2C38.45140000&epsg=4326&format=geojson&filter=AVS_gt_0&radius=1.000&limit=1&order=DIST&version=V4
NIG007,38.2306,139.4863,/home/zhangb/work/people/zhangbei/team_claude/team_pytorch/station_cache_d9a7d4d6.csv,1.0,V4,270.7,1,j-shis_meshsearch_avs,5739237842,11,,1.39,Success,,https://www.j-shis.bosai.go.jp/map/api/meshsearch?center=139.48630000%2C38.23060000&epsg=4326&format=geojson&filter=AVS_gt_0&radius=1.000&limit=1&order=DIST&version=V4
NIG008,38.0514,139.4086,/home/zhangb/work/people/zhangbei/team_claude/team_pytorch/station_cache_d9a7d4d6.csv,1.0,V4,301.1,1,j-shis_meshsearch_avs,5739036221,11,,1.27,Success,,https://www.j-shis.bosai.go.jp/map/api/meshsearch?center=139.40860000%2C38.05140000&epsg=4326&format=geojson&filter=AVS_gt_0&radius=1.000&limit=1&order=DIST&version=V4
NIG009,37.951,139.3377,/home/zhangb/work/people/zhangbei/team_claude/team_pytorch/station_cache_d9a7d4d6.csv,1.0,V4,277.3,1,j-shis_meshsearch_avs,5639724711,11,,1.37,Success,,https://www.j-shis.bosai.go.jp/map/api/meshsearch?center=139.33770000%2C37.95100000&epsg=4326&format=geojson&filter=AVS_gt_0&radius=1.000&limit=1&order=DIST&version=V4
NIG010,37.9144,139.0107,/home/zhangb/work/people/zhangbei/team_claude/team_pytorch/station_cache_d9a7d4d6.csv,1.0,V4,194.5,1,j-shis_meshsearch_avs,5639609042,17,,1.85,Success,,https://www.j-shis.bosai.go.jp/map/api/meshsearch?center=139.01070000%2C37.91440000&epsg=4326&format=geojson&filter=AVS_gt_0&radius=1.000&limit=1&order=DIST&version=V4
NIG011,37.8012,139.1457,/home/zhangb/work/people/zhangbei/team_claude/team_pytorch/station_cache_d9a7d4d6.csv,1.0,V4,158.5,1,j-shis_meshsearch_avs,5639516121,13,,2.20,Success,,https://www.j-shis.bosai.go.jp/map/api/meshsearch?center=139.14570000%2C37.80120000&epsg=4326&format=geojson&filter=AVS_gt_0&radius=1.000&limit=1&order=DIST&version=V4
NIG012,37.6863,139.4771,/home/zhangb/work/people/zhangbei/team_claude/team_pytorch/station_cache_d9a7d4d6.csv,1.0,V4,455.9,1,j-shis_meshsearch_avs,5639432813,8,,0.89,Success,,https://www.j-shis.bosai.go.jp/map/api/meshsearch?center=139.47710000%2C37.68630000&epsg=4326&format=geojson&filter=AVS_gt_0&radius=1.000&limit=1&order=DIST&version=V4
NIG013,37.7634,138.883,/home/zhangb/work/people/zhangbei/team_claude/team_pytorch/station_cache_d9a7d4d6.csv,1.0,V4,193.2,1,j-shis_meshsearch_avs,5638571041,12,,1.86,Success,,https://www.j-shis.bosai.go.jp/map/api/meshsearch?center=138.88300000%2C37.76340000&epsg=4326&format=geojson&filter=AVS_gt_0&radius=1.000&limit=1&order=DIST&version=V4
NIG014,37.6412,138.9553,/home/zhangb/work/people/zhangbei/team_claude/team_pytorch/station_cache_d9a7d4d6.csv,1.0,V4,159.6,1,j-shis_meshsearch_avs,5638376634,13,,2.19,Success,,https://www.j-shis.bosai.go.jp/map/api/meshsearch?center=138.95530000%2C37.64120000&epsg=4326&format=geojson&filter=AVS_gt_0&radius=1.000&limit=1&order=DIST&version=V4
NIG015,37.6938,139.1884,/home/zhangb/work/people/zhangbei/team_claude/team_pytorch/station_cache_d9a7d4d6.csv,1.0,V4,431.7,1,j-shis_meshsearch_avs,5639413513,8,,0.94,Success,,https://www.j-shis.bosai.go.jp/map/api/meshsearch?center=139.18840000%2C37.69380000&epsg=4326&format=geojson&filter=AVS_gt_0&radius=1.000&limit=1&order=DIST&version=V4
NIG016,37.6458,138.773,/home/zhangb/work/people/zhangbei/team_claude/team_pytorch/station_cache_d9a7d4d6.csv,1.0,V4,453.9,1,j-shis_meshsearch_avs,5638367124,3,,0.90,Success,,https://www.j-shis.bosai.go.jp/map/api/meshsearch?center=138.77300000%2C37.64580000&epsg=4326&format=geojson&filter=AVS_gt_0&radius=1.000&limit=1&order=DIST&version=V4
NIG017,37.441,138.8425,/home/zhangb/work/people/zhangbei/team_claude/team_pytorch/station_cache_d9a7d4d6.csv,1.0,V4,295.9,1,j-shis_meshsearch_avs,5638162734,11,,1.29,Success,,https://www.j-shis.bosai.go.jp/map/api/meshsearch?center=138.84250000%2C37.44100000&epsg=4326&format=geojson&filter=AVS_gt_0&radius=1.000&limit=1&order=DIST&version=V4
NIG018,37.3727,138.5583,/home/zhangb/work/people/zhangbei/team_claude/team_pytorch/station_cache_d9a7d4d6.csv,1.0,V4,194.5,1,j-shis_meshsearch_avs,5638044441,17,,1.85,Success,,https://www.j-shis.bosai.go.jp/map/api/meshsearch?center=138.55830000%2C37.37270000&epsg=4326&format=geojson&filter=AVS_gt_0&radius=1.000&limit=1&order=DIST&version=V4
NIG019,37.3043,138.8121,/home/zhangb/work/people/zhangbei/team_claude/team_pytorch/station_cache_d9a7d4d6.csv,1.0,V4,455.1,1,j-shis_meshsearch_avs,5538766442,8,,0.90,Success,,https://www.j-shis.bosai.go.jp/map/api/meshsearch?center=138.81210000%2C37.30430000&epsg=4326&format=geojson&filter=AVS_gt_0&radius=1.000&limit=1&order=DIST&version=V4
NIG020,37.2348,138.9621,/home/zhangb/work/people/zhangbei/team_claude/team_pytorch/station_cache_d9a7d4d6.csv,1.0,V4,371.5,1,j-shis_meshsearch_avs,5538678622,10,,1.07,Success,,https://www.j-shis.bosai.go.jp/map/api/meshsearch?center=138.96210000%2C37.23480000&epsg=4326&format=geojson&filter=AVS_gt_0&radius=1.000&limit=1&order=DIST&version=V4
NIG021,37.2011,138.7783,/home/zhangb/work/people/zhangbei/team_claude/team_pytorch/station_cache_d9a7d4d6.csv,1.0,V4,474.3,1,j-shis_meshsearch_avs,5538664212,8,,0.86,Success,,https://www.j-shis.bosai.go.jp/map/api/meshsearch?center=138.77830000%2C37.20110000&epsg=4326&format=geojson&filter=AVS_gt_0&radius=1.000&limit=1&order=DIST&version=V4
NIG022,37.0366,138.8461,/home/zhangb/work/people/zhangbei/team_claude/team_pytorch/station_cache_d9a7d4d6.csv,1.0,V4,362.5,1,j-shis_meshsearch_avs,5538464723,11,,1.09,Success,,https://www.j-shis.bosai.go.jp/map/api/meshsearch?center=138.84610000%2C37.03660000&epsg=4326&format=geojson&filter=AVS_gt_0&radius=1.000&limit=1&order=DIST&version=V4
NIG023,37.0134,138.6546,/home/zhangb/work/people/zhangbei/team_claude/team_pytorch/station_cache_d9a7d4d6.csv,1.0,V4,462.8,1,j-shis_meshsearch_avs,5538451232,8,,0.88,Success,,https://www.j-shis.bosai.go.jp/map/api/meshsearch?center=138.65460000%2C37.01340000&epsg=4326&format=geojson&filter=AVS_gt_0&radius=1.000&limit=1&order=DIST&version=V4
NIG024,37.1274,138.4442,/home/zhangb/work/people/zhangbei/team_claude/team_pytorch/station_cache_d9a7d4d6.csv,1.0,V4,473.0,1,j-shis_meshsearch_avs,5538535523,8,,0.87,Success,,https://www.j-shis.bosai.go.jp/map/api/meshsearch?center=138.44420000%2C37.12740000&epsg=4326&format=geojson&filter=AVS_gt_0&radius=1.000&limit=1&order=DIST&version=V4
NIG025,37.161,138.2234,/home/zhangb/work/people/zhangbei/team_claude/team_pytorch/station_cache_d9a7d4d6.csv,1.0,V4,207.5,1,j-shis_meshsearch_avs,5538519724,15,,1.75,Success,,https://www.j-shis.bosai.go.jp/map/api/meshsearch?center=138.22340000%2C37.16100000&epsg=4326&format=geojson&filter=AVS_gt_0&radius=1.000&limit=1&order=DIST&version=V4
NIG026,37.0224,138.2506,/home/zhangb/work/people/zhangbei/team_claude/team_pytorch/station_cache_d9a7d4d6.csv,1.0,V4,335.0,1,j-shis_meshsearch_avs,5538422031,11,,1.16,Success,,https://www.j-shis.bosai.go.jp/map/api/meshsearch?center=138.25060000%2C37.02240000&epsg=4326&format=geojson&filter=AVS_gt_0&radius=1.000&limit=1&order=DIST&version=V4
NIG027,37.0235,137.8613,/home/zhangb/work/people/zhangbei/team_claude/team_pytorch/station_cache_d9a7d4d6.csv,1.0,V4,488.1,1,j-shis_meshsearch_avs,5537462844,8,,0.84,Success,,https://www.j-shis.bosai.go.jp/map/api/meshsearch?center=137.86130000%2C37.02350000&epsg=4326&format=geojson&filter=AVS_gt_0&radius=1.000&limit=1&order=DIST&version=V4
NIG028,37.4257,138.8856,/home/zhangb/work/people/zhangbei/team_claude/team_pytorch/station_cache_d9a7d4d6.csv,1.0,V4,417.4,1,j-shis_meshsearch_avs,5638171022,3,,0.96,Success,,https://www.j-shis.bosai.go.jp/map/api/meshsearch?center=138.88560000%2C37.42570000&epsg=4326&format=geojson&filter=AVS_gt_0&radius=1.000&limit=1&order=DIST&version=V4
NIGH02,38.2799,139.5486,/home/zhangb/work/people/zhangbei/team_claude/team_pytorch/station_cache_d9a7d4d6.csv,1.0,V4,433.4,1,j-shis_meshsearch_avs,5739343342,8,,0.93,Success,,https://www.j-shis.bosai.go.jp/map/api/meshsearch?center=139.54860000%2C38.27990000&epsg=4326&format=geojson&filter=AVS_gt_0&radius=1.000&limit=1&order=DIST&version=V4
NIGH03,38.1327,139.4289,/home/zhangb/work/people/zhangbei/team_claude/team_pytorch/station_cache_d9a7d4d6.csv,1.0,V4,263.8,1,j-shis_meshsearch_avs,5739135434,11,,1.43,Success,,https://www.j-shis.bosai.go.jp/map/api/meshsearch?center=139.42890000%2C38.13270000&epsg=4326&format=geojson&filter=AVS_gt_0&radius=1.000&limit=1&order=DIST&version=V4
NIGH04,38.1313,139.5428,/home/zhangb/work/people/zhangbei/team_claude/team_pytorch/station_cache_d9a7d4d6.csv,1.0,V4,464.7,1,j-shis_meshsearch_avs,5739145334,8,,0.88,Success,,https://www.j-shis.bosai.go.jp/map/api/meshsearch?center=139.54280000%2C38.13130000&epsg=4326&format=geojson&filter=AVS_gt_0&radius=1.000&limit=1&order=DIST&version=V4
NIGH05,37.9759,139.2788,/home/zhangb/work/people/zhangbei/team_claude/team_pytorch/station_cache_d9a7d4d6.csv,1.0,V4,194.5,1,j-shis_meshsearch_avs,5639727212,17,,1.85,Success,,https://www.j-shis.bosai.go.jp/map/api/meshsearch?center=139.27880000%2C37.97590000&epsg=4326&format=geojson&filter=AVS_gt_0&radius=1.000&limit=1&order=DIST&version=V4
NIGH06,37.6527,139.0676,/home/zhangb/work/people/zhangbei/team_claude/team_pytorch/station_cache_d9a7d4d6.csv,1.0,V4,442.3,1,j-shis_meshsearch_avs,5639308514,8,,0.92,Success,,https://www.j-shis.bosai.go.jp/map/api/meshsearch?center=139.06760000%2C37.65270000&epsg=4326&format=geojson&filter=AVS_gt_0&radius=1.000&limit=1&order=DIST&version=V4
NIGH07,37.6658,139.261,/home/zhangb/work/people/zhangbei/team_claude/team_pytorch/station_cache_d9a7d4d6.csv,1.0,V4,490.4,1,j-shis_meshsearch_avs,5639329044,8,,0.84,Success,,https://www.j-shis.bosai.go.jp/map/api/meshsearch?center=139.26100000%2C37.66580000&epsg=4326&format=geojson&filter=AVS_gt_0&radius=1.000&limit=1&order=DIST&version=V4
NIGH08,37.6708,139.4648,/home/zhangb/work/people/zhangbei/team_claude/team_pytorch/station_cache_d9a7d4d6.csv,1.0,V4,459.9,1,j-shis_meshsearch_avs,5639430713,8,,0.89,Success,,https://www.j-shis.bosai.go.jp/map/api/meshsearch?center=139.46480000%2C37.67080000&epsg=4326&format=geojson&filter=AVS_gt_0&radius=1.000&limit=1&order=DIST&version=V4
NIGH10,37.5438,139.3648,/home/zhangb/work/people/zhangbei/team_claude/team_pytorch/station_cache_d9a7d4d6.csv,1.0,V4,521.7,1,j-shis_meshsearch_avs,5639225913,8,,0.80,Success,,https://www.j-shis.bosai.go.jp/map/api/meshsearch?center=139.36480000%2C37.54380000&epsg=4326&format=geojson&filter=AVS_gt_0&radius=1.000&limit=1&order=DIST&version=V4
NIGH11,37.1728,138.744,/home/zhangb/work/people/zhangbei/team_claude/team_pytorch/station_cache_d9a7d4d6.csv,1.0,V4,457.9,1,j-shis_meshsearch_avs,5538650941,8,,0.89,Success,,https://www.j-shis.bosai.go.jp/map/api/meshsearch?center=138.74400000%2C37.17280000&epsg=4326&format=geojson&filter=AVS_gt_0&radius=1.000&limit=1&order=DIST&version=V4
NIGH12,37.2239,138.9821,/home/zhangb/work/people/zhangbei/team_claude/team_pytorch/station_cache_d9a7d4d6.csv,1.0,V4,347.0,1,j-shis_meshsearch_avs,5538676843,11,,1.13,Success,,https://www.j-shis.bosai.go.jp/map/api/meshsearch?center=138.98210000%2C37.22390000&epsg=4326&format=geojson&filter=AVS_gt_0&radius=1.000&limit=1&order=DIST&version=V4
NIGH13,37.0544,138.3966,/home/zhangb/work/people/zhangbei/team_claude/team_pytorch/station_cache_d9a7d4d6.csv,1.0,V4,420.4,1,j-shis_meshsearch_avs,5538436141,10,,0.96,Success,,https://www.j-shis.bosai.go.jp/map/api/meshsearch?center=138.39660000%2C37.05440000&epsg=4326&format=geojson&filter=AVS_gt_0&radius=1.000&limit=1&order=DIST&version=V4
NIGH15,37.0533,138.9951,/home/zhangb/work/people/zhangbei/team_claude/team_pytorch/station_cache_d9a7d4d6.csv,1.0,V4,641.3,1,j-shis_meshsearch_avs,5538476923,1,,0.67,Success,,https://www.j-shis.bosai.go.jp/map/api/meshsearch?center=138.99510000%2C37.05330000&epsg=4326&format=geojson&filter=AVS_gt_0&radius=1.000&limit=1&order=DIST&version=V4
NIGH16,36.9378,137.848,/home/zhangb/work/people/zhangbei/team_claude/team_pytorch/station_cache_d9a7d4d6.csv,1.0,V4,400.3,1,j-shis_meshsearch_avs,5537362742,2,,1.00,Success,,https://www.j-shis.bosai.go.jp/map/api/meshsearch?center=137.84800000%2C36.93780000&epsg=4326&format=geojson&filter=AVS_gt_0&radius=1.000&limit=1&order=DIST&version=V4
NIGH17,36.8569,138.0966,/home/zhangb/work/people/zhangbei/team_claude/team_pytorch/station_cache_d9a7d4d6.csv,1.0,V4,300.6,1,j-shis_meshsearch_avs,5538202743,5,,1.28,Success,,https://www.j-shis.bosai.go.jp/map/api/meshsearch?center=138.09660000%2C36.85690000&epsg=4326&format=geojson&filter=AVS_gt_0&radius=1.000&limit=1&order=DIST&version=V4
NIGH18,36.9425,138.2594,/home/zhangb/work/people/zhangbei/team_claude/team_pytorch/station_cache_d9a7d4d6.csv,1.0,V4,302.9,1,j-shis_meshsearch_avs,5538323022,5,,1.27,Success,,https://www.j-shis.bosai.go.jp/map/api/meshsearch?center=138.25940000%2C36.94250000&epsg=4326&format=geojson&filter=AVS_gt_0&radius=1.000&limit=1&order=DIST&version=V4
NIGH19,36.8114,138.7849,/home/zhangb/work/people/zhangbei/team_claude/team_pytorch/station_cache_d9a7d4d6.csv,1.0,V4,586.1,1,j-shis_meshsearch_avs,5538167224,8,,0.72,Success,,https://www.j-shis.bosai.go.jp/map/api/meshsearch?center=138.78490000%2C36.81140000&epsg=4326&format=geojson&filter=AVS_gt_0&radius=1.000&limit=1&order=DIST&version=V4
NMRH01,43.785,145.0246,/home/zhangb/work/people/zhangbei/team_claude/team_pytorch/station_cache_d9a7d4d6.csv,1.0,V4,292.4,1,j-shis_meshsearch_avs,6545504122,9,,1.31,Success,,https://www.j-shis.bosai.go.jp/map/api/meshsearch?center=145.02460000%2C43.78500000&epsg=4326&format=geojson&filter=AVS_gt_0&radius=1.000&limit=1&order=DIST&version=V4
NMRH02,43.6772,144.9618,/home/zhangb/work/people/zhangbei/team_claude/team_pytorch/station_cache_d9a7d4d6.csv,1.0,V4,337.3,1,j-shis_meshsearch_avs,6544471624,9,,1.16,Success,,https://www.j-shis.bosai.go.jp/map/api/meshsearch?center=144.96180000%2C43.67720000&epsg=4326&format=geojson&filter=AVS_gt_0&radius=1.000&limit=1&order=DIST&version=V4
NMRH03,43.5508,144.9665,/home/zhangb/work/people/zhangbei/team_claude/team_pytorch/station_cache_d9a7d4d6.csv,1.0,V4,228.0,1,j-shis_meshsearch_avs,6544276712,10,,1.61,Success,,https://www.j-shis.bosai.go.jp/map/api/meshsearch?center=144.96650000%2C43.55080000&epsg=4326&format=geojson&filter=AVS_gt_0&radius=1.000&limit=1&order=DIST&version=V4
NMRH04,43.3978,145.1224,/home/zhangb/work/people/zhangbei/team_claude/team_pytorch/station_cache_d9a7d4d6.csv,1.0,V4,267.5,1,j-shis_meshsearch_avs,6545007942,9,,1.41,Success,,https://www.j-shis.bosai.go.jp/map/api/meshsearch?center=145.12240000%2C43.39780000&epsg=4326&format=geojson&filter=AVS_gt_0&radius=1.000&limit=1&order=DIST&version=V4
NMRH05,43.39,144.8021,/home/zhangb/work/people/zhangbei/team_claude/team_pytorch/station_cache_d9a7d4d6.csv,1.0,V4,286.7,1,j-shis_meshsearch_avs,6544066433,9,,1.33,Success,,https://www.j-shis.bosai.go.jp/map/api/meshsearch?center=144.80210000%2C43.39000000&epsg=4326&format=geojson&filter=AVS_gt_0&radius=1.000&limit=1&order=DIST&version=V4
OIT001,33.6788,131.5949,/home/zhangb/work/people/zhangbei/team_claude/team_pytorch/station_cache_d9a7d4d6.csv,1.0,V4,194.7,1,j-shis_meshsearch_avs,5031441723,10,,1.85,Success,,https://www.j-shis.bosai.go.jp/map/api/meshsearch?center=131.59490000%2C33.67880000&epsg=4326&format=geojson&filter=AVS_gt_0&radius=1.000&limit=1&order=DIST&version=V4
OIT002,33.5691,131.2675,/home/zhangb/work/people/zhangbei/team_claude/team_pytorch/station_cache_d9a7d4d6.csv,1.0,V4,338.8,1,j-shis_meshsearch_avs,5031228114,8,,1.15,Success,,https://www.j-shis.bosai.go.jp/map/api/meshsearch?center=131.26750000%2C33.56910000&epsg=4326&format=geojson&filter=AVS_gt_0&radius=1.000&limit=1&order=DIST&version=V4
OIT003,33.5575,131.446,/home/zhangb/work/people/zhangbei/team_claude/team_pytorch/station_cache_d9a7d4d6.csv,1.0,V4,282.0,1,j-shis_meshsearch_avs,5031236543,11,,1.35,Success,,https://www.j-shis.bosai.go.jp/map/api/meshsearch?center=131.44600000%2C33.55750000&epsg=4326&format=geojson&filter=AVS_gt_0&radius=1.000&limit=1&order=DIST&version=V4
OIT004,33.5659,131.7316,/home/zhangb/work/people/zhangbei/team_claude/team_pytorch/station_cache_d9a7d4d6.csv,1.0,V4,260.2,1,j-shis_meshsearch_avs,5031257843,16,,1.44,Success,,https://www.j-shis.bosai.go.jp/map/api/meshsearch?center=131.73160000%2C33.56590000&epsg=4326&format=geojson&filter=AVS_gt_0&radius=1.000&limit=1&order=DIST&version=V4
OIT005,33.4524,131.1142,/home/zhangb/work/people/zhangbei/team_claude/team_pytorch/station_cache_d9a7d4d6.csv,1.0,V4,387.5,1,j-shis_meshsearch_avs,5031104913,10,,1.03,Success,,https://www.j-shis.bosai.go.jp/map/api/meshsearch?center=131.11420000%2C33.45240000&epsg=4326&format=geojson&filter=AVS_gt_0&radius=1.000&limit=1&order=DIST&version=V4
OIT006,33.4211,131.3173,/home/zhangb/work/people/zhangbei/team_claude/team_pytorch/station_cache_d9a7d4d6.csv,1.0,V4,475.7,1,j-shis_meshsearch_avs,5031120532,8,,0.86,Success,,https://www.j-shis.bosai.go.jp/map/api/meshsearch?center=131.31730000%2C33.42110000&epsg=4326&format=geojson&filter=AVS_gt_0&radius=1.000&limit=1&order=DIST&version=V4
OIT007,33.4169,131.6142,/home/zhangb/work/people/zhangbei/team_claude/team_pytorch/station_cache_d9a7d4d6.csv,1.0,V4,405.6,1,j-shis_meshsearch_avs,5031140911,6,,0.99,Success,,https://www.j-shis.bosai.go.jp/map/api/meshsearch?center=131.61420000%2C33.41690000&epsg=4326&format=geojson&filter=AVS_gt_0&radius=1.000&limit=1&order=DIST&version=V4
OIT008,33.2548,131.0197,/home/zhangb/work/people/zhangbei/team_claude/team_pytorch/station_cache_d9a7d4d6.csv,1.0,V4,293.1,1,j-shis_meshsearch_avs,4931700141,5,,1.30,Success,,https://www.j-shis.bosai.go.jp/map/api/meshsearch?center=131.01970000%2C33.25480000&epsg=4326&format=geojson&filter=AVS_gt_0&radius=1.000&limit=1&order=DIST&version=V4
OIT009,33.2568,131.3443,/home/zhangb/work/people/zhangbei/team_claude/team_pytorch/station_cache_d9a7d4d6.csv,1.0,V4,397.0,1,j-shis_meshsearch_avs,4931720743,11,,1.01,Success,,https://www.j-shis.bosai.go.jp/map/api/meshsearch?center=131.34430000%2C33.25680000&epsg=4326&format=geojson&filter=AVS_gt_0&radius=1.000&limit=1&order=DIST&version=V4
OIT010,33.2317,131.5934,/home/zhangb/work/people/zhangbei/team_claude/team_pytorch/station_cache_d9a7d4d6.csv,1.0,V4,272.1,1,j-shis_meshsearch_avs,4931647734,11,,1.39,Success,,https://www.j-shis.bosai.go.jp/map/api/meshsearch?center=131.59340000%2C33.23170000&epsg=4326&format=geojson&filter=AVS_gt_0&radius=1.000&limit=1&order=DIST&version=V4
OIT011,33.2468,131.8816,/home/zhangb/work/people/zhangbei/team_claude/team_pytorch/station_cache_d9a7d4d6.csv,1.0,V4,775.5,1,j-shis_meshsearch_avs,4931679041,1,,0.57,Success,,https://www.j-shis.bosai.go.jp/map/api/meshsearch?center=131.88160000%2C33.24680000&epsg=4326&format=geojson&filter=AVS_gt_0&radius=1.000&limit=1&order=DIST&version=V4
OIT012,33.0666,131.3729,/home/zhangb/work/people/zhangbei/team_claude/team_pytorch/station_cache_d9a7d4d6.csv,1.0,V4,269.9,1,j-shis_meshsearch_avs,4931427944,5,,1.40,Success,,https://www.j-shis.bosai.go.jp/map/api/meshsearch?center=131.37290000%2C33.06660000&epsg=4326&format=geojson&filter=AVS_gt_0&radius=1.000&limit=1&order=DIST&version=V4
OIT013,33.0727,131.5934,/home/zhangb/work/people/zhangbei/team_claude/team_pytorch/station_cache_d9a7d4d6.csv,1.0,V4,376.1,1,j-shis_meshsearch_avs,4931448732,10,,1.05,Success,,https://www.j-shis.bosai.go.jp/map/api/meshsearch?center=131.59340000%2C33.07270000&epsg=4326&format=geojson&filter=AVS_gt_0&radius=1.000&limit=1&order=DIST&version=V4
OIT014,33.0656,131.8588,/home/zhangb/work/people/zhangbei/team_claude/team_pytorch/station_cache_d9a7d4d6.csv,1.0,V4,281.1,1,j-shis_meshsearch_avs,4931467843,10,,1.35,Success,,https://www.j-shis.bosai.go.jp/map/api/meshsearch?center=131.85880000%2C33.06560000&epsg=4326&format=geojson&filter=AVS_gt_0&radius=1.000&limit=1&order=DIST&version=V4
OIT015,32.9733,131.3998,/home/zhangb/work/people/zhangbei/team_claude/team_pytorch/station_cache_d9a7d4d6.csv,1.0,V4,405.6,1,j-shis_meshsearch_avs,4931336144,6,,0.99,Success,,https://www.j-shis.bosai.go.jp/map/api/meshsearch?center=131.39980000%2C32.97330000&epsg=4326&format=geojson&filter=AVS_gt_0&radius=1.000&limit=1&order=DIST&version=V4
OIT016,32.9748,131.903,/home/zhangb/work/people/zhangbei/team_claude/team_pytorch/station_cache_d9a7d4d6.csv,1.0,V4,207.5,1,j-shis_meshsearch_avs,4931376233,15,,1.75,Success,,https://www.j-shis.bosai.go.jp/map/api/meshsearch?center=131.90300000%2C32.97480000&epsg=4326&format=geojson&filter=AVS_gt_0&radius=1.000&limit=1&order=DIST&version=V4
OIT017,32.8579,131.6576,/home/zhangb/work/people/zhangbei/team_claude/team_pytorch/station_cache_d9a7d4d6.csv,1.0,V4,775.5,1,j-shis_meshsearch_avs,4931252243,1,,0.57,Success,,https://www.j-shis.bosai.go.jp/map/api/meshsearch?center=131.65760000%2C32.85790000&epsg=4326&format=geojson&filter=AVS_gt_0&radius=1.000&limit=1&order=DIST&version=V4
OIT018,32.798,131.9255,/home/zhangb/work/people/zhangbei/team_claude/team_pytorch/station_cache_d9a7d4d6.csv,1.0,V4,260.2,1,j-shis_meshsearch_avs,4931175433,16,,1.44,Success,,https://www.j-shis.bosai.go.jp/map/api/meshsearch?center=131.92550000%2C32.79800000&epsg=4326&format=geojson&filter=AVS_gt_0&radius=1.000&limit=1&order=DIST&version=V4
OITH02,33.4581,131.4429,/home/zhangb/work/people/zhangbei/team_claude/team_pytorch/station_cache_d9a7d4d6.csv,1.0,V4,409.7,1,j-shis_meshsearch_avs,5031134534,10,,0.98,Success,,https://www.j-shis.bosai.go.jp/map/api/meshsearch?center=131.44290000%2C33.45810000&epsg=4326&format=geojson&filter=AVS_gt_0&radius=1.000&limit=1&order=DIST&version=V4
OITH05,33.1525,131.542,/home/zhangb/work/people/zhangbei/team_claude/team_pytorch/station_cache_d9a7d4d6.csv,1.0,V4,775.5,1,j-shis_meshsearch_avs,4931548314,1,,0.57,Success,,https://www.j-shis.bosai.go.jp/map/api/meshsearch?center=131.54200000%2C33.15250000&epsg=4326&format=geojson&filter=AVS_gt_0&radius=1.000&limit=1&order=DIST&version=V4
OITH07,32.987,131.5881,/home/zhangb/work/people/zhangbei/team_claude/team_pytorch/station_cache_d9a7d4d6.csv,1.0,V4,405.6,1,j-shis_meshsearch_avs,4931348713,6,,0.99,Success,,https://www.j-shis.bosai.go.jp/map/api/meshsearch?center=131.58810000%2C32.98700000&epsg=4326&format=geojson&filter=AVS_gt_0&radius=1.000&limit=1&order=DIST&version=V4
OITH08,32.8392,131.5357,/home/zhangb/work/people/zhangbei/team_claude/team_pytorch/station_cache_d9a7d4d6.csv,1.0,V4,775.5,1,j-shis_meshsearch_avs,4931240242,1,,0.57,Success,,https://www.j-shis.bosai.go.jp/map/api/meshsearch?center=131.53570000%2C32.83920000&epsg=4326&format=geojson&filter=AVS_gt_0&radius=1.000&limit=1&order=DIST&version=V4
OITH09,32.8486,131.6786,/home/zhangb/work/people/zhangbei/team_claude/team_pytorch/station_cache_d9a7d4d6.csv,1.0,V4,641.3,1,j-shis_meshsearch_avs,4931251434,1,,0.67,Success,,https://www.j-shis.bosai.go.jp/map/api/meshsearch?center=131.67860000%2C32.84860000&epsg=4326&format=geojson&filter=AVS_gt_0&radius=1.000&limit=1&order=DIST&version=V4
OITH10,32.9278,131.8695,/home/zhangb/work/people/zhangbei/team_claude/team_pytorch/station_cache_d9a7d4d6.csv,1.0,V4,775.5,1,j-shis_meshsearch_avs,4931361923,1,,0.57,Success,,https://www.j-shis.bosai.go.jp/map/api/meshsearch?center=131.86950000%2C32.92780000&epsg=4326&format=geojson&filter=AVS_gt_0&radius=1.000&limit=1&order=DIST&version=V4
OITH11,33.2844,131.2118,/home/zhangb/work/people/zhangbei/team_claude/team_pytorch/station_cache_d9a7d4d6.csv,1.0,V4,366.3,1,j-shis_meshsearch_avs,4931714622,10,,1.08,Success,,https://www.j-shis.bosai.go.jp/map/api/meshsearch?center=131.21180000%2C33.28440000&epsg=4326&format=geojson&filter=AVS_gt_0&radius=1.000&limit=1&order=DIST&version=V4
OKY001,35.1702,133.7311,/home/zhangb/work/people/zhangbei/team_claude/team_pytorch/station_cache_d9a7d4d6.csv,1.0,V4,775.5,1,j-shis_meshsearch_avs,5233650814,1,,0.57,Success,,https://www.j-shis.bosai.go.jp/map/api/meshsearch?center=133.73110000%2C35.17020000&epsg=4326&format=geojson&filter=AVS_gt_0&radius=1.000&limit=1&order=DIST&version=V4
OKY002,35.1785,134.0505,/home/zhangb/work/people/zhangbei/team_claude/team_pytorch/station_cache_d9a7d4d6.csv,1.0,V4,505.1,1,j-shis_meshsearch_avs,5234601413,8,,0.82,Success,,https://www.j-shis.bosai.go.jp/map/api/meshsearch?center=134.05050000%2C35.17850000&epsg=4326&format=geojson&filter=AVS_gt_0&radius=1.000&limit=1&order=DIST&version=V4
OKY003,35.1732,134.3346,/home/zhangb/work/people/zhangbei/team_claude/team_pytorch/station_cache_d9a7d4d6.csv,1.0,V4,455.9,1,j-shis_meshsearch_avs,5234620644,10,,0.89,Success,,https://www.j-shis.bosai.go.jp/map/api/meshsearch?center=134.33460000%2C35.17320000&epsg=4326&format=geojson&filter=AVS_gt_0&radius=1.000&limit=1&order=DIST&version=V4
OKY004,34.9586,133.5018,/home/zhangb/work/people/zhangbei/team_claude/team_pytorch/station_cache_d9a7d4d6.csv,1.0,V4,775.5,1,j-shis_meshsearch_avs,5233345011,1,,0.57,Success,,https://www.j-shis.bosai.go.jp/map/api/meshsearch?center=133.50180000%2C34.95860000&epsg=4326&format=geojson&filter=AVS_gt_0&radius=1.000&limit=1&order=DIST&version=V4
OKY005,35.0096,133.7318,/home/zhangb/work/people/zhangbei/team_claude/team_pytorch/station_cache_d9a7d4d6.csv,1.0,V4,396.5,1,j-shis_meshsearch_avs,5233451821,10,,1.01,Success,,https://www.j-shis.bosai.go.jp/map/api/meshsearch?center=133.73180000%2C35.00960000&epsg=4326&format=geojson&filter=AVS_gt_0&radius=1.000&limit=1&order=DIST&version=V4
OKY006,35.0685,134.0054,/home/zhangb/work/people/zhangbei/team_claude/team_pytorch/station_cache_d9a7d4d6.csv,1.0,V4,467.7,1,j-shis_meshsearch_avs,5234408012,8,,0.88,Success,,https://www.j-shis.bosai.go.jp/map/api/meshsearch?center=134.00540000%2C35.06850000&epsg=4326&format=geojson&filter=AVS_gt_0&radius=1.000&limit=1&order=DIST&version=V4
OKY007,34.7805,133.6104,/home/zhangb/work/people/zhangbei/team_claude/team_pytorch/station_cache_d9a7d4d6.csv,1.0,V4,775.5,1,j-shis_meshsearch_avs,5233143842,1,,0.57,Success,,https://www.j-shis.bosai.go.jp/map/api/meshsearch?center=133.61040000%2C34.78050000&epsg=4326&format=geojson&filter=AVS_gt_0&radius=1.000&limit=1&order=DIST&version=V4
OKY008,34.8688,133.9039,/home/zhangb/work/people/zhangbei/team_claude/team_pytorch/station_cache_d9a7d4d6.csv,1.0,V4,365.9,1,j-shis_meshsearch_avs,5233274214,10,,1.08,Success,,https://www.j-shis.bosai.go.jp/map/api/meshsearch?center=133.90390000%2C34.86880000&epsg=4326&format=geojson&filter=AVS_gt_0&radius=1.000&limit=1&order=DIST&version=V4
OKY009,34.9185,134.0931,/home/zhangb/work/people/zhangbei/team_claude/team_pytorch/station_cache_d9a7d4d6.csv,1.0,V4,342.2,1,j-shis_meshsearch_avs,5234300712,10,,1.14,Success,,https://www.j-shis.bosai.go.jp/map/api/meshsearch?center=134.09310000%2C34.91850000&epsg=4326&format=geojson&filter=AVS_gt_0&radius=1.000&limit=1&order=DIST&version=V4
OKY010,34.7228,134.1229,/home/zhangb/work/people/zhangbei/team_claude/team_pytorch/station_cache_d9a7d4d6.csv,1.0,V4,277.2,1,j-shis_meshsearch_avs,5234006942,10,,1.37,Success,,https://www.j-shis.bosai.go.jp/map/api/meshsearch?center=134.12290000%2C34.72280000&epsg=4326&format=geojson&filter=AVS_gt_0&radius=1.000&limit=1&order=DIST&version=V4
OKY011,34.6554,133.9075,/home/zhangb/work/people/zhangbei/team_claude/team_pytorch/station_cache_d9a7d4d6.csv,1.0,V4,199.1,1,j-shis_meshsearch_avs,5133778241,15,,1.81,Success,,https://www.j-shis.bosai.go.jp/map/api/meshsearch?center=133.90750000%2C34.65540000&epsg=4326&format=geojson&filter=AVS_gt_0&radius=1.000&limit=1&order=DIST&version=V4
OKY012,34.5897,133.754,/home/zhangb/work/people/zhangbei/team_claude/team_pytorch/station_cache_d9a7d4d6.csv,1.0,V4,199.1,1,j-shis_meshsearch_avs,5133760034,15,,1.81,Success,,https://www.j-shis.bosai.go.jp/map/api/meshsearch?center=133.75400000%2C34.58970000&epsg=4326&format=geojson&filter=AVS_gt_0&radius=1.000&limit=1&order=DIST&version=V4
OKY013,34.5094,133.509,/home/zhangb/work/people/zhangbei/team_claude/team_pytorch/station_cache_d9a7d4d6.csv,1.0,V4,272.3,1,j-shis_meshsearch_avs,5133641021,10,,1.39,Success,,https://www.j-shis.bosai.go.jp/map/api/meshsearch?center=133.50900000%2C34.50940000&epsg=4326&format=geojson&filter=AVS_gt_0&radius=1.000&limit=1&order=DIST&version=V4
OKY014,34.4483,133.787,/home/zhangb/work/people/zhangbei/team_claude/team_pytorch/station_cache_d9a7d4d6.csv,1.0,V4,410.7,1,j-shis_meshsearch_avs,5133563244,3,,0.98,Success,,https://www.j-shis.bosai.go.jp/map/api/meshsearch?center=133.78700000%2C34.44830000&epsg=4326&format=geojson&filter=AVS_gt_0&radius=1.000&limit=1&order=DIST&version=V4
OKY015,35.2793,133.926,/home/zhangb/work/people/zhangbei/team_claude/team_pytorch/station_cache_d9a7d4d6.csv,1.0,V4,472.4,1,j-shis_meshsearch_avs,5233773431,10,,0.87,Success,,https://www.j-shis.bosai.go.jp/map/api/meshsearch?center=133.92600000%2C35.27930000&epsg=4326&format=geojson&filter=AVS_gt_0&radius=1.000&limit=1&order=DIST&version=V4
OKYH01,34.507,133.8905,/home/zhangb/work/people/zhangbei/team_claude/team_pytorch/station_cache_d9a7d4d6.csv,1.0,V4,775.5,1,j-shis_meshsearch_avs,5133670133,1,,0.57,Success,,https://www.j-shis.bosai.go.jp/map/api/meshsearch?center=133.89050000%2C34.50700000&epsg=4326&format=geojson&filter=AVS_gt_0&radius=1.000&limit=1&order=DIST&version=V4
OKYH02,34.7501,134.0702,/home/zhangb/work/people/zhangbei/team_claude/team_pytorch/station_cache_d9a7d4d6.csv,1.0,V4,173.3,1,j-shis_meshsearch_avs,5234100521,13,,2.04,Success,,https://www.j-shis.bosai.go.jp/map/api/meshsearch?center=134.07020000%2C34.75010000&epsg=4326&format=geojson&filter=AVS_gt_0&radius=1.000&limit=1&order=DIST&version=V4
OKYH03,34.7783,133.789,/home/zhangb/work/people/zhangbei/team_claude/team_pytorch/station_cache_d9a7d4d6.csv,1.0,V4,641.3,1,j-shis_meshsearch_avs,5233163313,1,,0.67,Success,,https://www.j-shis.bosai.go.jp/map/api/meshsearch?center=133.78900000%2C34.77830000&epsg=4326&format=geojson&filter=AVS_gt_0&radius=1.000&limit=1&order=DIST&version=V4
OKYH05,34.8684,133.8527,/home/zhangb/work/people/zhangbei/team_claude/team_pytorch/station_cache_d9a7d4d6.csv,1.0,V4,775.5,1,j-shis_meshsearch_avs,5233264811,1,,0.57,Success,,https://www.j-shis.bosai.go.jp/map/api/meshsearch?center=133.85270000%2C34.86840000&epsg=4326&format=geojson&filter=AVS_gt_0&radius=1.000&limit=1&order=DIST&version=V4
OKYH06,34.6756,133.5283,/home/zhangb/work/people/zhangbei/team_claude/team_pytorch/station_cache_d9a7d4d6.csv,1.0,V4,641.3,1,j-shis_meshsearch_avs,5233041212,1,,0.67,Success,,https://www.j-shis.bosai.go.jp/map/api/meshsearch?center=133.52830000%2C34.67560000&epsg=4326&format=geojson&filter=AVS_gt_0&radius=1.000&limit=1&order=DIST&version=V4
OKYH07,35.0493,133.3169,/home/zhangb/work/people/zhangbei/team_claude/team_pytorch/station_cache_d9a7d4d6.csv,1.0,V4,775.5,1,j-shis_meshsearch_avs,5233425534,1,,0.57,Success,,https://www.j-shis.bosai.go.jp/map/api/meshsearch?center=133.31690000%2C35.04930000&epsg=4326&format=geojson&filter=AVS_gt_0&radius=1.000&limit=1&order=DIST&version=V4
OKYH08,34.9103,133.4055,/home/zhangb/work/people/zhangbei/team_claude/team_pytorch/station_cache_d9a7d4d6.csv,1.0,V4,468.9,1,j-shis_meshsearch_avs,5233239212,10,,0.87,Success,,https://www.j-shis.bosai.go.jp/map/api/meshsearch?center=133.40550000%2C34.91030000&epsg=4326&format=geojson&filter=AVS_gt_0&radius=1.000&limit=1&order=DIST&version=V4
OKYH09,35.1809,133.6765,/home/zhangb/work/people/zhangbei/team_claude/team_pytorch/station_cache_d9a7d4d6.csv,1.0,V4,468.1,1,j-shis_meshsearch_avs,5233651431,10,,0.87,Success,,https://www.j-shis.bosai.go.jp/map/api/meshsearch?center=133.67650000%2C35.18090000&epsg=4326&format=geojson&filter=AVS_gt_0&radius=1.000&limit=1&order=DIST&version=V4
OKYH11,35.0732,134.1162,/home/zhangb/work/people/zhangbei/team_claude/team_pytorch/station_cache_d9a7d4d6.csv,1.0,V4,395.1,1,j-shis_meshsearch_avs,5234408934,10,,1.01,Success,,https://www.j-shis.bosai.go.jp/map/api/meshsearch?center=134.11620000%2C35.07320000&epsg=4326&format=geojson&filter=AVS_gt_0&radius=1.000&limit=1&order=DIST&version=V4
OKYH13,34.7283,134.2744,/home/zhangb/work/people/zhangbei/team_claude/team_pytorch/station_cache_d9a7d4d6.csv,1.0,V4,775.5,1,j-shis_meshsearch_avs,5234027124,1,,0.57,Success,,https://www.j-shis.bosai.go.jp/map/api/meshsearch?center=134.27440000%2C34.72830000&epsg=4326&format=geojson&filter=AVS_gt_0&radius=1.000&limit=1&order=DIST&version=V4
OSK001,34.9688,135.396,/home/zhangb/work/people/zhangbei/team_claude/team_pytorch/station_cache_d9a7d4d6.csv,1.0,V4,400.3,1,j-shis_meshsearch_avs,5235336123,2,,1.00,Success,,https://www.j-shis.bosai.go.jp/map/api/meshsearch?center=135.39600000%2C34.96880000&epsg=4326&format=geojson&filter=AVS_gt_0&radius=1.000&limit=1&order=DIST&version=V4
OSK002,34.8572,135.5958,/home/zhangb/work/people/zhangbei/team_claude/team_pytorch/station_cache_d9a7d4d6.csv,1.0,V4,445.2,1,j-shis_meshsearch_avs,5235242743,8,,0.91,Success,,https://www.j-shis.bosai.go.jp/map/api/meshsearch?center=135.59580000%2C34.85720000&epsg=4326&format=geojson&filter=AVS_gt_0&radius=1.000&limit=1&order=DIST&version=V4
OSK003,34.7668,135.4684,/home/zhangb/work/people/zhangbei/team_claude/team_pytorch/station_cache_d9a7d4d6.csv,1.0,V4,277.7,1,j-shis_meshsearch_avs,5235132712,11,,1.36,Success,,https://www.j-shis.bosai.go.jp/map/api/meshsearch?center=135.46840000%2C34.76680000&epsg=4326&format=geojson&filter=AVS_gt_0&radius=1.000&limit=1&order=DIST&version=V4
OSK004,34.7407,135.6396,/home/zhangb/work/people/zhangbei/team_claude/team_pytorch/station_cache_d9a7d4d6.csv,1.0,V4,296.5,1,j-shis_meshsearch_avs,5235058133,11,,1.29,Success,,https://www.j-shis.bosai.go.jp/map/api/meshsearch?center=135.63960000%2C34.74070000&epsg=4326&format=geojson&filter=AVS_gt_0&radius=1.000&limit=1&order=DIST&version=V4
OSK005,34.7256,135.5101,/home/zhangb/work/people/zhangbei/team_claude/team_pytorch/station_cache_d9a7d4d6.csv,1.0,V4,260.2,1,j-shis_meshsearch_avs,5235047022,16,,1.44,Success,,https://www.j-shis.bosai.go.jp/map/api/meshsearch?center=135.51010000%2C34.72560000&epsg=4326&format=geojson&filter=AVS_gt_0&radius=1.000&limit=1&order=DIST&version=V4
OSK006,34.5894,135.471,/home/zhangb/work/people/zhangbei/team_claude/team_pytorch/station_cache_d9a7d4d6.csv,1.0,V4,173.0,1,j-shis_meshsearch_avs,5135730741,19,,2.04,Success,,https://www.j-shis.bosai.go.jp/map/api/meshsearch?center=135.47100000%2C34.58940000&epsg=4326&format=geojson&filter=AVS_gt_0&radius=1.000&limit=1&order=DIST&version=V4
OSK007,34.5575,135.606,/home/zhangb/work/people/zhangbei/team_claude/team_pytorch/station_cache_d9a7d4d6.csv,1.0,V4,392.5,1,j-shis_meshsearch_avs,5135646834,8,,1.02,Success,,https://www.j-shis.bosai.go.jp/map/api/meshsearch?center=135.60600000%2C34.55750000&epsg=4326&format=geojson&filter=AVS_gt_0&radius=1.000&limit=1&order=DIST&version=V4
OSK008,34.4404,135.3918,/home/zhangb/work/people/zhangbei/team_claude/team_pytorch/station_cache_d9a7d4d6.csv,1.0,V4,383.7,1,j-shis_meshsearch_avs,5135532134,8,,1.04,Success,,https://www.j-shis.bosai.go.jp/map/api/meshsearch?center=135.39180000%2C34.44040000&epsg=4326&format=geojson&filter=AVS_gt_0&radius=1.000&limit=1&order=DIST&version=V4
OSK009,34.4364,135.5805,/home/zhangb/work/people/zhangbei/team_claude/team_pytorch/station_cache_d9a7d4d6.csv,1.0,V4,424.9,1,j-shis_meshsearch_avs,5135542614,3,,0.95,Success,,https://www.j-shis.bosai.go.jp/map/api/meshsearch?center=135.58050000%2C34.43640000&epsg=4326&format=geojson&filter=AVS_gt_0&radius=1.000&limit=1&order=DIST&version=V4
OSK010,34.3744,135.2553,/home/zhangb/work/people/zhangbei/team_claude/team_pytorch/station_cache_d9a7d4d6.csv,1.0,V4,190.9,1,j-shis_meshsearch_avs,5135424034,15,,1.88,Success,,https://www.j-shis.bosai.go.jp/map/api/meshsearch?center=135.25530000%2C34.37440000&epsg=4326&format=geojson&filter=AVS_gt_0&radius=1.000&limit=1&order=DIST&version=V4
OSKH02,34.6628,135.3896,/home/zhangb/work/people/zhangbei/team_claude/team_pytorch/station_cache_d9a7d4d6.csv,1.0,V4,188.3,1,j-shis_meshsearch_avs,5135739131,20,,1.90,Success,,https://www.j-shis.bosai.go.jp/map/api/meshsearch?center=135.38960000%2C34.66280000&epsg=4326&format=geojson&filter=AVS_gt_0&radius=1.000&limit=1&order=DIST&version=V4
OSMH01,41.5977,140.4207,/home/zhangb/work/people/zhangbei/team_claude/team_pytorch/station_cache_d9a7d4d6.csv,1.0,V4,183.8,1,j-shis_meshsearch_avs,6240331341,14,,1.94,Success,,https://www.j-shis.bosai.go.jp/map/api/meshsearch?center=140.42070000%2C41.59770000&epsg=4326&format=geojson&filter=AVS_gt_0&radius=1.000&limit=1&order=DIST&version=V4
RMIH01,45.0167,142.0795,/home/zhangb/work/people/zhangbei/team_claude/team_pytorch/station_cache_d9a7d4d6.csv,1.0,V4,304.5,1,j-shis_meshsearch_avs,6742402612,10,,1.26,Success,,https://www.j-shis.bosai.go.jp/map/api/meshsearch?center=142.07950000%2C45.01670000&epsg=4326&format=geojson&filter=AVS_gt_0&radius=1.000&limit=1&order=DIST&version=V4
RMIH02,44.8948,141.9251,/home/zhangb/work/people/zhangbei/team_claude/team_pytorch/station_cache_d9a7d4d6.csv,1.0,V4,183.8,1,j-shis_meshsearch_avs,6741277413,14,,1.94,Success,,https://www.j-shis.bosai.go.jp/map/api/meshsearch?center=141.92510000%2C44.89480000&epsg=4326&format=geojson&filter=AVS_gt_0&radius=1.000&limit=1&order=DIST&version=V4
RMIH03,44.6359,141.8187,/home/zhangb/work/people/zhangbei/team_claude/team_pytorch/station_cache_d9a7d4d6.csv,1.0,V4,257.4,1,j-shis_meshsearch_avs,6641766514,10,,1.46,Success,,https://www.j-shis.bosai.go.jp/map/api/meshsearch?center=141.81870000%2C44.63590000&epsg=4326&format=geojson&filter=AVS_gt_0&radius=1.000&limit=1&order=DIST&version=V4
RMIH04,44.0974,141.9621,/home/zhangb/work/people/zhangbei/team_claude/team_pytorch/station_cache_d9a7d4d6.csv,1.0,V4,377.7,1,j-shis_meshsearch_avs,6641171642,10,,1.05,Success,,https://www.j-shis.bosai.go.jp/map/api/meshsearch?center=141.96210000%2C44.09740000&epsg=4326&format=geojson&filter=AVS_gt_0&radius=1.000&limit=1&order=DIST&version=V4
RMIH05,44.0254,141.7876,/home/zhangb/work/people/zhangbei/team_claude/team_pytorch/station_cache_d9a7d4d6.csv,1.0,V4,298.0,1,j-shis_meshsearch_avs,6641063311,10,,1.29,Success,,https://www.j-shis.bosai.go.jp/map/api/meshsearch?center=141.78760000%2C44.02540000&epsg=4326&format=geojson&filter=AVS_gt_0&radius=1.000&limit=1&order=DIST&version=V4
SAG001,33.5274,129.8772,/home/zhangb/work/people/zhangbei/team_claude/team_pytorch/station_cache_d9a7d4d6.csv,1.0,V4,423.2,1,j-shis_meshsearch_avs,5029273013,3,,0.95,Success,,https://www.j-shis.bosai.go.jp/map/api/meshsearch?center=129.87720000%2C33.52740000&epsg=4326&format=geojson&filter=AVS_gt_0&radius=1.000&limit=1&order=DIST&version=V4
SAG002,33.4228,129.9192,/home/zhangb/work/people/zhangbei/team_claude/team_pytorch/station_cache_d9a7d4d6.csv,1.0,V4,398.8,1,j-shis_meshsearch_avs,5029170341,3,,1.00,Success,,https://www.j-shis.bosai.go.jp/map/api/meshsearch?center=129.91920000%2C33.42280000&epsg=4326&format=geojson&filter=AVS_gt_0&radius=1.000&limit=1&order=DIST&version=V4
SAG003,33.3732,130.2081,/home/zhangb/work/people/zhangbei/team_claude/team_pytorch/station_cache_d9a7d4d6.csv,1.0,V4,414.2,1,j-shis_meshsearch_avs,5030014643,10,,0.97,Success,,https://www.j-shis.bosai.go.jp/map/api/meshsearch?center=130.20810000%2C33.37320000&epsg=4326&format=geojson&filter=AVS_gt_0&radius=1.000&limit=1&order=DIST&version=V4
SAG004,33.2649,129.8813,/home/zhangb/work/people/zhangbei/team_claude/team_pytorch/station_cache_d9a7d4d6.csv,1.0,V4,352.6,1,j-shis_meshsearch_avs,4929771043,3,,1.11,Success,,https://www.j-shis.bosai.go.jp/map/api/meshsearch?center=129.88130000%2C33.26490000&epsg=4326&format=geojson&filter=AVS_gt_0&radius=1.000&limit=1&order=DIST&version=V4
SAG005,33.3213,130.0645,/home/zhangb/work/people/zhangbei/team_claude/team_pytorch/station_cache_d9a7d4d6.csv,1.0,V4,775.5,1,j-shis_meshsearch_avs,4930708531,1,,0.57,Success,,https://www.j-shis.bosai.go.jp/map/api/meshsearch?center=130.06450000%2C33.32130000&epsg=4326&format=geojson&filter=AVS_gt_0&radius=1.000&limit=1&order=DIST&version=V4
SAG006,33.1917,130.0317,/home/zhangb/work/people/zhangbei/team_claude/team_pytorch/station_cache_d9a7d4d6.csv,1.0,V4,164.9,1,j-shis_meshsearch_avs,4930603221,13,,2.13,Success,,https://www.j-shis.bosai.go.jp/map/api/meshsearch?center=130.03170000%2C33.19170000&epsg=4326&format=geojson&filter=AVS_gt_0&radius=1.000&limit=1&order=DIST&version=V4
SAG007,33.2626,130.3005,/home/zhangb/work/people/zhangbei/team_claude/team_pytorch/station_cache_d9a7d4d6.csv,1.0,V4,172.6,1,j-shis_meshsearch_avs,4930721431,15,,2.05,Success,,https://www.j-shis.bosai.go.jp/map/api/meshsearch?center=130.30050000%2C33.26260000&epsg=4326&format=geojson&filter=AVS_gt_0&radius=1.000&limit=1&order=DIST&version=V4
SAG008,33.1041,130.0998,/home/zhangb/work/people/zhangbei/team_claude/team_pytorch/station_cache_d9a7d4d6.csv,1.0,V4,278.0,1,j-shis_meshsearch_avs,4930502724,11,,1.36,Success,,https://www.j-shis.bosai.go.jp/map/api/meshsearch?center=130.09980000%2C33.10410000&epsg=4326&format=geojson&filter=AVS_gt_0&radius=1.000&limit=1&order=DIST&version=V4
SAGH01,33.508,129.8877,/home/zhangb/work/people/zhangbei/team_claude/team_pytorch/station_cache_d9a7d4d6.csv,1.0,V4,388.7,1,j-shis_meshsearch_avs,5029270133,3,,1.02,Success,,https://www.j-shis.bosai.go.jp/map/api/meshsearch?center=129.88770000%2C33.50800000&epsg=4326&format=geojson&filter=AVS_gt_0&radius=1.000&limit=1&order=DIST&version=V4
SAGH02,33.2656,129.8798,/home/zhangb/work/people/zhangbei/team_claude/team_pytorch/station_cache_d9a7d4d6.csv,1.0,V4,377.5,1,j-shis_meshsearch_avs,4929771034,3,,1.05,Success,,https://www.j-shis.bosai.go.jp/map/api/meshsearch?center=129.87980000%2C33.26560000&epsg=4326&format=geojson&filter=AVS_gt_0&radius=1.000&limit=1&order=DIST&version=V4
SAGH03,33.4098,130.2329,/home/zhangb/work/people/zhangbei/team_claude/team_pytorch/station_cache_d9a7d4d6.csv,1.0,V4,426.5,1,j-shis_meshsearch_avs,5030019821,3,,0.95,Success,,https://www.j-shis.bosai.go.jp/map/api/meshsearch?center=130.23290000%2C33.40980000&epsg=4326&format=geojson&filter=AVS_gt_0&radius=1.000&limit=1&order=DIST&version=V4
SAGH04,33.3654,130.4046,/home/zhangb/work/people/zhangbei/team_claude/team_pytorch/station_cache_d9a7d4d6.csv,1.0,V4,334.8,1,j-shis_meshsearch_avs,5030033234,11,,1.16,Success,,https://www.j-shis.bosai.go.jp/map/api/meshsearch?center=130.40460000%2C33.36540000&epsg=4326&format=geojson&filter=AVS_gt_0&radius=1.000&limit=1&order=DIST&version=V4
SAGH05,33.1806,130.1046,/home/zhangb/work/people/zhangbei/team_claude/team_pytorch/station_cache_d9a7d4d6.csv,1.0,V4,256.8,1,j-shis_meshsearch_avs,4930601832,3,,1.46,Success,,https://www.j-shis.bosai.go.jp/map/api/meshsearch?center=130.10460000%2C33.18060000&epsg=4326&format=geojson&filter=AVS_gt_0&radius=1.000&limit=1&order=DIST&version=V4
SBSH02,43.0527,140.5017,/home/zhangb/work/people/zhangbei/team_claude/team_pytorch/station_cache_d9a7d4d6.csv,1.0,V4,440.7,1,j-shis_meshsearch_avs,6440446013,8,,0.92,Success,,https://www.j-shis.bosai.go.jp/map/api/meshsearch?center=140.50170000%2C43.05270000&epsg=4326&format=geojson&filter=AVS_gt_0&radius=1.000&limit=1&order=DIST&version=V4
SBSH03,43.0842,140.8199,/home/zhangb/work/people/zhangbei/team_claude/team_pytorch/station_cache_d9a7d4d6.csv,1.0,V4,443.8,1,j-shis_meshsearch_avs,6440560521,8,,0.92,Success,,https://www.j-shis.bosai.go.jp/map/api/meshsearch?center=140.81990000%2C43.08420000&epsg=4326&format=geojson&filter=AVS_gt_0&radius=1.000&limit=1&order=DIST&version=V4
SBSH04,42.9758,140.6219,/home/zhangb/work/people/zhangbei/team_claude/team_pytorch/station_cache_d9a7d4d6.csv,1.0,V4,168.1,1,j-shis_meshsearch_avs,6440347922,13,,2.09,Success,,https://www.j-shis.bosai.go.jp/map/api/meshsearch?center=140.62190000%2C42.97580000&epsg=4326&format=geojson&filter=AVS_gt_0&radius=1.000&limit=1&order=DIST&version=V4
SBSH06,42.8309,140.4831,/home/zhangb/work/people/zhangbei/team_claude/team_pytorch/station_cache_d9a7d4d6.csv,1.0,V4,286.1,1,j-shis_meshsearch_avs,6440139841,5,,1.33,Success,,https://www.j-shis.bosai.go.jp/map/api/meshsearch?center=140.48310000%2C42.83090000&epsg=4326&format=geojson&filter=AVS_gt_0&radius=1.000&limit=1&order=DIST&version=V4
SBSH07,42.763,140.8084,/home/zhangb/work/people/zhangbei/team_claude/team_pytorch/station_cache_d9a7d4d6.csv,1.0,V4,405.6,1,j-shis_meshsearch_avs,6440161441,6,,0.99,Success,,https://www.j-shis.bosai.go.jp/map/api/meshsearch?center=140.80840000%2C42.76300000&epsg=4326&format=geojson&filter=AVS_gt_0&radius=1.000&limit=1&order=DIST&version=V4
SBSH08,42.768,140.9766,/home/zhangb/work/people/zhangbei/team_claude/team_pytorch/station_cache_d9a7d4d6.csv,1.0,V4,395.4,1,j-shis_meshsearch_avs,6440172811,8,,1.01,Success,,https://www.j-shis.bosai.go.jp/map/api/meshsearch?center=140.97660000%2C42.76800000&epsg=4326&format=geojson&filter=AVS_gt_0&radius=1.000&limit=1&order=DIST&version=V4
SIG001,35.5399,136.2066,/home/zhangb/work/people/zhangbei/team_claude/team_pytorch/station_cache_d9a7d4d6.csv,1.0,V4,363.8,1,j-shis_meshsearch_avs,5336214643,11,,1.08,Success,,https://www.j-shis.bosai.go.jp/map/api/meshsearch?center=136.20660000%2C35.53990000&epsg=4326&format=geojson&filter=AVS_gt_0&radius=1.000&limit=1&order=DIST&version=V4
SIG002,35.4214,136.0243,/home/zhangb/work/people/zhangbei/team_claude/team_pytorch/station_cache_d9a7d4d6.csv,1.0,V4,199.1,1,j-shis_meshsearch_avs,5336100142,15,,1.81,Success,,https://www.j-shis.bosai.go.jp/map/api/meshsearch?center=136.02430000%2C35.42140000&epsg=4326&format=geojson&filter=AVS_gt_0&radius=1.000&limit=1&order=DIST&version=V4
SIG003,35.3773,136.2642,/home/zhangb/work/people/zhangbei/team_claude/team_pytorch/station_cache_d9a7d4d6.csv,1.0,V4,193.3,1,j-shis_meshsearch_avs,5336025113,15,,1.86,Success,,https://www.j-shis.bosai.go.jp/map/api/meshsearch?center=136.26420000%2C35.37730000&epsg=4326&format=geojson&filter=AVS_gt_0&radius=1.000&limit=1&order=DIST&version=V4
SIG004,35.3474,135.9187,/home/zhangb/work/people/zhangbei/team_claude/team_pytorch/station_cache_d9a7d4d6.csv,1.0,V4,400.3,1,j-shis_meshsearch_avs,5335071332,2,,1.00,Success,,https://www.j-shis.bosai.go.jp/map/api/meshsearch?center=135.91870000%2C35.34740000&epsg=4326&format=geojson&filter=AVS_gt_0&radius=1.000&limit=1&order=DIST&version=V4
SIG005,35.2499,136.2414,/home/zhangb/work/people/zhangbei/team_claude/team_pytorch/station_cache_d9a7d4d6.csv,1.0,V4,184.3,1,j-shis_meshsearch_avs,5236619934,13,,1.94,Success,,https://www.j-shis.bosai.go.jp/map/api/meshsearch?center=136.24140000%2C35.24990000&epsg=4326&format=geojson&filter=AVS_gt_0&radius=1.000&limit=1&order=DIST&version=V4
SIG006,35.2002,135.921,/home/zhangb/work/people/zhangbei/team_claude/team_pytorch/station_cache_d9a7d4d6.csv,1.0,V4,357.7,1,j-shis_meshsearch_avs,5235674321,11,,1.10,Success,,https://www.j-shis.bosai.go.jp/map/api/meshsearch?center=135.92100000%2C35.20020000&epsg=4326&format=geojson&filter=AVS_gt_0&radius=1.000&limit=1&order=DIST&version=V4
SIG007,35.1339,136.0957,/home/zhangb/work/people/zhangbei/team_claude/team_pytorch/station_cache_d9a7d4d6.csv,1.0,V4,250.7,1,j-shis_meshsearch_avs,5236506721,12,,1.49,Success,,https://www.j-shis.bosai.go.jp/map/api/meshsearch?center=136.09570000%2C35.13390000&epsg=4326&format=geojson&filter=AVS_gt_0&radius=1.000&limit=1&order=DIST&version=V4
SIG008,35.0704,136.2946,/home/zhangb/work/people/zhangbei/team_claude/team_pytorch/station_cache_d9a7d4d6.csv,1.0,V4,493.0,1,j-shis_meshsearch_avs,5236428323,8,,0.84,Success,,https://www.j-shis.bosai.go.jp/map/api/meshsearch?center=136.29460000%2C35.07040000&epsg=4326&format=geojson&filter=AVS_gt_0&radius=1.000&limit=1&order=DIST&version=V4
SIG009,35.0052,136.0841,/home/zhangb/work/people/zhangbei/team_claude/team_pytorch/station_cache_d9a7d4d6.csv,1.0,V4,349.0,1,j-shis_meshsearch_avs,5236400641,11,,1.12,Success,,https://www.j-shis.bosai.go.jp/map/api/meshsearch?center=136.08410000%2C35.00520000&epsg=4326&format=geojson&filter=AVS_gt_0&radius=1.000&limit=1&order=DIST&version=V4
SIG010,34.9719,135.8965,/home/zhangb/work/people/zhangbei/team_claude/team_pytorch/station_cache_d9a7d4d6.csv,1.0,V4,478.0,1,j-shis_meshsearch_avs,5235376141,8,,0.86,Success,,https://www.j-shis.bosai.go.jp/map/api/meshsearch?center=135.89650000%2C34.97190000&epsg=4326&format=geojson&filter=AVS_gt_0&radius=1.000&limit=1&order=DIST&version=V4
SIG011,34.8781,136.0591,/home/zhangb/work/people/zhangbei/team_claude/team_pytorch/station_cache_d9a7d4d6.csv,1.0,V4,434.9,1,j-shis_meshsearch_avs,5236205423,10,,0.93,Success,,https://www.j-shis.bosai.go.jp/map/api/meshsearch?center=136.05910000%2C34.87810000&epsg=4326&format=geojson&filter=AVS_gt_0&radius=1.000&limit=1&order=DIST&version=V4
SIG012,34.9018,136.2324,/home/zhangb/work/people/zhangbei/team_claude/team_pytorch/station_cache_d9a7d4d6.csv,1.0,V4,406.3,1,j-shis_meshsearch_avs,5236218821,3,,0.99,Success,,https://www.j-shis.bosai.go.jp/map/api/meshsearch?center=136.23240000%2C34.90180000&epsg=4326&format=geojson&filter=AVS_gt_0&radius=1.000&limit=1&order=DIST&version=V4
SIGH01,35.2383,136.3599,/home/zhangb/work/people/zhangbei/team_claude/team_pytorch/station_cache_d9a7d4d6.csv,1.0,V4,775.5,1,j-shis_meshsearch_avs,5236628842,1,,0.57,Success,,https://www.j-shis.bosai.go.jp/map/api/meshsearch?center=136.35990000%2C35.23830000&epsg=4326&format=geojson&filter=AVS_gt_0&radius=1.000&limit=1&order=DIST&version=V4
SIGH03,34.853,136.0316,/home/zhangb/work/people/zhangbei/team_claude/team_pytorch/station_cache_d9a7d4d6.csv,1.0,V4,377.0,1,j-shis_meshsearch_avs,5236202223,3,,1.05,Success,,https://www.j-shis.bosai.go.jp/map/api/meshsearch?center=136.03160000%2C34.85300000&epsg=4326&format=geojson&filter=AVS_gt_0&radius=1.000&limit=1&order=DIST&version=V4
SIT001,36.2431,139.1938,/home/zhangb/work/people/zhangbei/team_claude/team_pytorch/station_cache_d9a7d4d6.csv,1.0,V4,279.1,1,j-shis_meshsearch_avs,5439219521,11,,1.36,Success,,https://www.j-shis.bosai.go.jp/map/api/meshsearch?center=139.19380000%2C36.24310000&epsg=4326&format=geojson&filter=AVS_gt_0&radius=1.000&limit=1&order=DIST&version=V4
SIT002,36.1478,139.3888,/home/zhangb/work/people/zhangbei/team_claude/team_pytorch/station_cache_d9a7d4d6.csv,1.0,V4,274.3,1,j-shis_meshsearch_avs,5439137131,11,,1.38,Success,,https://www.j-shis.bosai.go.jp/map/api/meshsearch?center=139.38880000%2C36.14780000&epsg=4326&format=geojson&filter=AVS_gt_0&radius=1.000&limit=1&order=DIST&version=V4
SIT003,36.0721,139.6969,/home/zhangb/work/people/zhangbei/team_claude/team_pytorch/station_cache_d9a7d4d6.csv,1.0,V4,115.9,1,j-shis_meshsearch_avs,5439058542,12,,2.87,Success,,https://www.j-shis.bosai.go.jp/map/api/meshsearch?center=139.69690000%2C36.07210000&epsg=4326&format=geojson&filter=AVS_gt_0&radius=1.000&limit=1&order=DIST&version=V4
SIT004,36.1178,139.1044,/home/zhangb/work/people/zhangbei/team_claude/team_pytorch/station_cache_d9a7d4d6.csv,1.0,V4,581.1,1,j-shis_meshsearch_avs,5439104812,8,,0.73,Success,,https://www.j-shis.bosai.go.jp/map/api/meshsearch?center=139.10440000%2C36.11780000&epsg=4326&format=geojson&filter=AVS_gt_0&radius=1.000&limit=1&order=DIST&version=V4
SIT005,36.0563,139.2626,/home/zhangb/work/people/zhangbei/team_claude/team_pytorch/station_cache_d9a7d4d6.csv,1.0,V4,509.9,1,j-shis_meshsearch_avs,5439026133,8,,0.81,Success,,https://www.j-shis.bosai.go.jp/map/api/meshsearch?center=139.26260000%2C36.05630000&epsg=4326&format=geojson&filter=AVS_gt_0&radius=1.000&limit=1&order=DIST&version=V4
SIT006,35.9959,139.0713,/home/zhangb/work/people/zhangbei/team_claude/team_pytorch/station_cache_d9a7d4d6.csv,1.0,V4,485.1,1,j-shis_meshsearch_avs,5339709541,8,,0.85,Success,,https://www.j-shis.bosai.go.jp/map/api/meshsearch?center=139.07130000%2C35.99590000&epsg=4326&format=geojson&filter=AVS_gt_0&radius=1.000&limit=1&order=DIST&version=V4
SIT007,36.0542,139.3933,/home/zhangb/work/people/zhangbei/team_claude/team_pytorch/station_cache_d9a7d4d6.csv,1.0,V4,342.0,1,j-shis_meshsearch_avs,5439036132,9,,1.14,Success,,https://www.j-shis.bosai.go.jp/map/api/meshsearch?center=139.39330000%2C36.05420000&epsg=4326&format=geojson&filter=AVS_gt_0&radius=1.000&limit=1&order=DIST&version=V4
SIT008,35.9829,139.7456,/home/zhangb/work/people/zhangbei/team_claude/team_pytorch/station_cache_d9a7d4d6.csv,1.0,V4,165.4,1,j-shis_meshsearch_avs,5339757943,12,,2.12,Success,,https://www.j-shis.bosai.go.jp/map/api/meshsearch?center=139.74560000%2C35.98290000&epsg=4326&format=geojson&filter=AVS_gt_0&radius=1.000&limit=1&order=DIST&version=V4
SIT009,35.9033,139.4826,/home/zhangb/work/people/zhangbei/team_claude/team_pytorch/station_cache_d9a7d4d6.csv,1.0,V4,288.1,1,j-shis_meshsearch_avs,5339638823,9,,1.32,Success,,https://www.j-shis.bosai.go.jp/map/api/meshsearch?center=139.48260000%2C35.90330000&epsg=4326&format=geojson&filter=AVS_gt_0&radius=1.000&limit=1&order=DIST&version=V4
SIT010,35.9071,139.6478,/home/zhangb/work/people/zhangbei/team_claude/team_pytorch/station_cache_d9a7d4d6.csv,1.0,V4,141.6,1,j-shis_meshsearch_avs,5339658144,10,,2.42,Success,,https://www.j-shis.bosai.go.jp/map/api/meshsearch?center=139.64780000%2C35.90710000&epsg=4326&format=geojson&filter=AVS_gt_0&radius=1.000&limit=1&order=DIST&version=V4
SIT011,35.8098,139.7214,/home/zhangb/work/people/zhangbei/team_claude/team_pytorch/station_cache_d9a7d4d6.csv,1.0,V4,155.0,1,j-shis_meshsearch_avs,5339557721,13,,2.24,Success,,https://www.j-shis.bosai.go.jp/map/api/meshsearch?center=139.72140000%2C35.80980000&epsg=4326&format=geojson&filter=AVS_gt_0&radius=1.000&limit=1&order=DIST&version=V4
SIT012,35.8403,139.3216,/home/zhangb/work/people/zhangbei/team_claude/team_pytorch/station_cache_d9a7d4d6.csv,1.0,V4,402.3,1,j-shis_meshsearch_avs,5339620543,10,,1.00,Success,,https://www.j-shis.bosai.go.jp/map/api/meshsearch?center=139.32160000%2C35.84030000&epsg=4326&format=geojson&filter=AVS_gt_0&radius=1.000&limit=1&order=DIST&version=V4
SIT013,35.7966,139.4659,/home/zhangb/work/people/zhangbei/team_claude/team_pytorch/station_cache_d9a7d4d6.csv,1.0,V4,265.3,1,j-shis_meshsearch_avs,5339535732,9,,1.42,Success,,https://www.j-shis.bosai.go.jp/map/api/meshsearch?center=139.46590000%2C35.79660000&epsg=4326&format=geojson&filter=AVS_gt_0&radius=1.000&limit=1&order=DIST&version=V4
SIT014,35.9954,138.801,/home/zhangb/work/people/zhangbei/team_claude/team_pytorch/station_cache_d9a7d4d6.csv,1.0,V4,696.1,1,j-shis_meshsearch_avs,5338769413,1,,0.62,Success,,https://www.j-shis.bosai.go.jp/map/api/meshsearch?center=138.80100000%2C35.99540000&epsg=4326&format=geojson&filter=AVS_gt_0&radius=1.000&limit=1&order=DIST&version=V4
SITH04,35.8028,139.5353,/home/zhangb/work/people/zhangbei/team_claude/team_pytorch/station_cache_d9a7d4d6.csv,1.0,V4,284.4,1,j-shis_meshsearch_avs,5339546224,10,,1.34,Success,,https://www.j-shis.bosai.go.jp/map/api/meshsearch?center=139.53530000%2C35.80280000&epsg=4326&format=geojson&filter=AVS_gt_0&radius=1.000&limit=1&order=DIST&version=V4
SITH05,36.1509,139.0504,/home/zhangb/work/people/zhangbei/team_claude/team_pytorch/station_cache_d9a7d4d6.csv,1.0,V4,514.9,1,j-shis_meshsearch_avs,5439108411,9,,0.81,Success,,https://www.j-shis.bosai.go.jp/map/api/meshsearch?center=139.05040000%2C36.15090000&epsg=4326&format=geojson&filter=AVS_gt_0&radius=1.000&limit=1&order=DIST&version=V4
SITH06,36.1131,139.2894,/home/zhangb/work/people/zhangbei/team_claude/team_pytorch/station_cache_d9a7d4d6.csv,1.0,V4,329.0,1,j-shis_meshsearch_avs,5439123331,9,,1.18,Success,,https://www.j-shis.bosai.go.jp/map/api/meshsearch?center=139.28940000%2C36.11310000&epsg=4326&format=geojson&filter=AVS_gt_0&radius=1.000&limit=1&order=DIST&version=V4
SITH07,35.9118,139.1485,/home/zhangb/work/people/zhangbei/team_claude/team_pytorch/station_cache_d9a7d4d6.csv,1.0,V4,675.6,1,j-shis_meshsearch_avs,5339619124,1,,0.64,Success,,https://www.j-shis.bosai.go.jp/map/api/meshsearch?center=139.14850000%2C35.91180000&epsg=4326&format=geojson&filter=AVS_gt_0&radius=1.000&limit=1&order=DIST&version=V4
SITH08,36.0274,138.9691,/home/zhangb/work/people/zhangbei/team_claude/team_pytorch/station_cache_d9a7d4d6.csv,1.0,V4,596.6,1,j-shis_meshsearch_avs,5438073723,8,,0.71,Success,,https://www.j-shis.bosai.go.jp/map/api/meshsearch?center=138.96910000%2C36.02740000&epsg=4326&format=geojson&filter=AVS_gt_0&radius=1.000&limit=1&order=DIST&version=V4
SITH11,35.8637,139.2726,/home/zhangb/work/people/zhangbei/team_claude/team_pytorch/station_cache_d9a7d4d6.csv,1.0,V4,533.0,1,j-shis_meshsearch_avs,5339623142,1,,0.78,Success,,https://www.j-shis.bosai.go.jp/map/api/meshsearch?center=139.27260000%2C35.86370000&epsg=4326&format=geojson&filter=AVS_gt_0&radius=1.000&limit=1&order=DIST&version=V4
SITH12,35.9969,139.2194,/home/zhangb/work/people/zhangbei/team_claude/team_pytorch/station_cache_d9a7d4d6.csv,1.0,V4,579.5,1,j-shis_meshsearch_avs,5339719741,1,,0.73,Success,,https://www.j-shis.bosai.go.jp/map/api/meshsearch?center=139.21940000%2C35.99690000&epsg=4326&format=geojson&filter=AVS_gt_0&radius=1.000&limit=1&order=DIST&version=V4
SMN001,35.5371,133.1614,/home/zhangb/work/people/zhangbei/team_claude/team_pytorch/station_cache_d9a7d4d6.csv,1.0,V4,253.3,1,j-shis_meshsearch_avs,5333214224,20,,1.48,Success,,https://www.j-shis.bosai.go.jp/map/api/meshsearch?center=133.16140000%2C35.53710000&epsg=4326&format=geojson&filter=AVS_gt_0&radius=1.000&limit=1&order=DIST&version=V4
SMN002,35.4713,133.0681,/home/zhangb/work/people/zhangbei/team_claude/team_pytorch/station_cache_d9a7d4d6.csv,1.0,V4,207.5,1,j-shis_meshsearch_avs,5333106532,15,,1.75,Success,,https://www.j-shis.bosai.go.jp/map/api/meshsearch?center=133.06810000%2C35.47130000&epsg=4326&format=geojson&filter=AVS_gt_0&radius=1.000&limit=1&order=DIST&version=V4
SMN003,35.1798,133.0934,/home/zhangb/work/people/zhangbei/team_claude/team_pytorch/station_cache_d9a7d4d6.csv,1.0,V4,452.7,1,j-shis_meshsearch_avs,5233601732,10,,0.90,Success,,https://www.j-shis.bosai.go.jp/map/api/meshsearch?center=133.09340000%2C35.17980000&epsg=4326&format=geojson&filter=AVS_gt_0&radius=1.000&limit=1&order=DIST&version=V4
SMN004,35.2875,132.9022,/home/zhangb/work/people/zhangbei/team_claude/team_pytorch/station_cache_d9a7d4d6.csv,1.0,V4,341.1,1,j-shis_meshsearch_avs,5232774231,10,,1.15,Success,,https://www.j-shis.bosai.go.jp/map/api/meshsearch?center=132.90220000%2C35.28750000&epsg=4326&format=geojson&filter=AVS_gt_0&radius=1.000&limit=1&order=DIST&version=V4
SMN005,35.3608,132.7449,/home/zhangb/work/people/zhangbei/team_claude/team_pytorch/station_cache_d9a7d4d6.csv,1.0,V4,199.1,1,j-shis_meshsearch_avs,5332053923,15,,1.81,Success,,https://www.j-shis.bosai.go.jp/map/api/meshsearch?center=132.74490000%2C35.36080000&epsg=4326&format=geojson&filter=AVS_gt_0&radius=1.000&limit=1&order=DIST&version=V4
SMN006,35.1908,132.4981,/home/zhangb/work/people/zhangbei/team_claude/team_pytorch/station_cache_d9a7d4d6.csv,1.0,V4,450.7,1,j-shis_meshsearch_avs,5232632944,3,,0.90,Success,,https://www.j-shis.bosai.go.jp/map/api/meshsearch?center=132.49810000%2C35.19080000&epsg=4326&format=geojson&filter=AVS_gt_0&radius=1.000&limit=1&order=DIST&version=V4
SMN007,35.0773,132.5919,/home/zhangb/work/people/zhangbei/team_claude/team_pytorch/station_cache_d9a7d4d6.csv,1.0,V4,405.6,1,j-shis_meshsearch_avs,5232449714,6,,0.99,Success,,https://www.j-shis.bosai.go.jp/map/api/meshsearch?center=132.59190000%2C35.07730000&epsg=4326&format=geojson&filter=AVS_gt_0&radius=1.000&limit=1&order=DIST&version=V4
SMN008,34.8521,132.5308,/home/zhangb/work/people/zhangbei/team_claude/team_pytorch/station_cache_d9a7d4d6.csv,1.0,V4,381.9,1,j-shis_meshsearch_avs,5232242214,3,,1.04,Success,,https://www.j-shis.bosai.go.jp/map/api/meshsearch?center=132.53080000%2C34.85210000&epsg=4326&format=geojson&filter=AVS_gt_0&radius=1.000&limit=1&order=DIST&version=V4
SMN009,35.0117,132.2219,/home/zhangb/work/people/zhangbei/team_claude/team_pytorch/station_cache_d9a7d4d6.csv,1.0,V4,433.8,1,j-shis_meshsearch_avs,5232411724,3,,0.93,Success,,https://www.j-shis.bosai.go.jp/map/api/meshsearch?center=132.22190000%2C35.01170000&epsg=4326&format=geojson&filter=AVS_gt_0&radius=1.000&limit=1&order=DIST&version=V4
SMN010,34.8876,132.0757,/home/zhangb/work/people/zhangbei/team_claude/team_pytorch/station_cache_d9a7d4d6.csv,1.0,V4,456.7,1,j-shis_meshsearch_avs,5232206631,3,,0.89,Success,,https://www.j-shis.bosai.go.jp/map/api/meshsearch?center=132.07570000%2C34.88760000&epsg=4326&format=geojson&filter=AVS_gt_0&radius=1.000&limit=1&order=DIST&version=V4
SMN011,34.5722,132.0136,/home/zhangb/work/people/zhangbei/team_claude/team_pytorch/station_cache_d9a7d4d6.csv,1.0,V4,442.1,1,j-shis_meshsearch_avs,5132608131,10,,0.92,Success,,https://www.j-shis.bosai.go.jp/map/api/meshsearch?center=132.01360000%2C34.57220000&epsg=4326&format=geojson&filter=AVS_gt_0&radius=1.000&limit=1&order=DIST&version=V4
SMN012,34.3551,131.9354,/home/zhangb/work/people/zhangbei/team_claude/team_pytorch/station_cache_d9a7d4d6.csv,1.0,V4,447.8,1,j-shis_meshsearch_avs,5131472442,10,,0.91,Success,,https://www.j-shis.bosai.go.jp/map/api/meshsearch?center=131.93540000%2C34.35510000&epsg=4326&format=geojson&filter=AVS_gt_0&radius=1.000&limit=1&order=DIST&version=V4
SMN013,34.6696,131.8461,/home/zhangb/work/people/zhangbei/team_claude/team_pytorch/station_cache_d9a7d4d6.csv,1.0,V4,380.7,1,j-shis_meshsearch_avs,5231060723,3,,1.04,Success,,https://www.j-shis.bosai.go.jp/map/api/meshsearch?center=131.84610000%2C34.66960000&epsg=4326&format=geojson&filter=AVS_gt_0&radius=1.000&limit=1&order=DIST&version=V4
SMN014,34.4668,131.7747,/home/zhangb/work/people/zhangbei/team_claude/team_pytorch/station_cache_d9a7d4d6.csv,1.0,V4,408.4,1,j-shis_meshsearch_avs,5131566122,10,,0.98,Success,,https://www.j-shis.bosai.go.jp/map/api/meshsearch?center=131.77470000%2C34.46680000&epsg=4326&format=geojson&filter=AVS_gt_0&radius=1.000&limit=1&order=DIST&version=V4
SMN015,35.3653,133.1706,/home/zhangb/work/people/zhangbei/team_claude/team_pytorch/station_cache_d9a7d4d6.csv,1.0,V4,323.9,1,j-shis_meshsearch_avs,5333013343,11,,1.20,Success,,https://www.j-shis.bosai.go.jp/map/api/meshsearch?center=133.17060000%2C35.36530000&epsg=4326&format=geojson&filter=AVS_gt_0&radius=1.000&limit=1&order=DIST&version=V4
SMN016,35.1959,132.8144,/home/zhangb/work/people/zhangbei/team_claude/team_pytorch/station_cache_d9a7d4d6.csv,1.0,V4,422.2,1,j-shis_meshsearch_avs,5232663531,10,,0.96,Success,,https://www.j-shis.bosai.go.jp/map/api/meshsearch?center=132.81440000%2C35.19590000&epsg=4326&format=geojson&filter=AVS_gt_0&radius=1.000&limit=1&order=DIST&version=V4
SMN018,36.1969,133.2348,/home/zhangb/work/people/zhangbei/team_claude/team_pytorch/station_cache_d9a7d4d6.csv,1.0,V4,437.1,1,j-shis_meshsearch_avs,5433213842,3,,0.93,Success,,https://www.j-shis.bosai.go.jp/map/api/meshsearch?center=133.23480000%2C36.19690000&epsg=4326&format=geojson&filter=AVS_gt_0&radius=1.000&limit=1&order=DIST&version=V4
SMN019,36.2938,133.3526,/home/zhangb/work/people/zhangbei/team_claude/team_pytorch/station_cache_d9a7d4d6.csv,1.0,V4,775.5,1,j-shis_meshsearch_avs,5433325813,1,,0.57,Success,,https://www.j-shis.bosai.go.jp/map/api/meshsearch?center=133.35260000%2C36.29380000&epsg=4326&format=geojson&filter=AVS_gt_0&radius=1.000&limit=1&order=DIST&version=V4
SMN020,35.5347,133.1651,/home/zhangb/work/people/zhangbei/team_claude/team_pytorch/station_cache_d9a7d4d6.csv,1.0,V4,641.3,1,j-shis_meshsearch_avs,5333214311,1,,0.67,Success,,https://www.j-shis.bosai.go.jp/map/api/meshsearch?center=133.16510000%2C35.53470000&epsg=4326&format=geojson&filter=AVS_gt_0&radius=1.000&limit=1&order=DIST&version=V4
SMNH01,35.2963,133.2604,/home/zhangb/work/people/zhangbei/team_claude/team_pytorch/station_cache_d9a7d4d6.csv,1.0,V4,419.7,1,j-shis_meshsearch_avs,5233725042,10,,0.96,Success,,https://www.j-shis.bosai.go.jp/map/api/meshsearch?center=133.26040000%2C35.29630000&epsg=4326&format=geojson&filter=AVS_gt_0&radius=1.000&limit=1&order=DIST&version=V4
SMNH02,35.2235,133.0856,/home/zhangb/work/people/zhangbei/team_claude/team_pytorch/station_cache_d9a7d4d6.csv,1.0,V4,426.5,1,j-shis_meshsearch_avs,5233606644,3,,0.95,Success,,https://www.j-shis.bosai.go.jp/map/api/meshsearch?center=133.08560000%2C35.22350000&epsg=4326&format=geojson&filter=AVS_gt_0&radius=1.000&limit=1&order=DIST&version=V4
SMNH03,35.2243,132.7223,/home/zhangb/work/people/zhangbei/team_claude/team_pytorch/station_cache_d9a7d4d6.csv,1.0,V4,387.3,1,j-shis_meshsearch_avs,5232656744,10,,1.03,Success,,https://www.j-shis.bosai.go.jp/map/api/meshsearch?center=132.72230000%2C35.22430000&epsg=4326&format=geojson&filter=AVS_gt_0&radius=1.000&limit=1&order=DIST&version=V4
SMNH04,35.0918,132.5308,/home/zhangb/work/people/zhangbei/team_claude/team_pytorch/station_cache_d9a7d4d6.csv,1.0,V4,392.7,1,j-shis_meshsearch_avs,5232541212,3,,1.02,Success,,https://www.j-shis.bosai.go.jp/map/api/meshsearch?center=132.53080000%2C35.09180000&epsg=4326&format=geojson&filter=AVS_gt_0&radius=1.000&limit=1&order=DIST&version=V4
SMNH05,34.8697,132.6396,/home/zhangb/work/people/zhangbei/team_claude/team_pytorch/station_cache_d9a7d4d6.csv,1.0,V4,416.9,1,j-shis_meshsearch_avs,5232254113,10,,0.97,Success,,https://www.j-shis.bosai.go.jp/map/api/meshsearch?center=132.63960000%2C34.86970000&epsg=4326&format=geojson&filter=AVS_gt_0&radius=1.000&limit=1&order=DIST&version=V4
SMNH06,34.8839,132.2026,/home/zhangb/work/people/zhangbei/team_claude/team_pytorch/station_cache_d9a7d4d6.csv,1.0,V4,440.3,1,j-shis_meshsearch_avs,5232216611,10,,0.92,Success,,https://www.j-shis.bosai.go.jp/map/api/meshsearch?center=132.20260000%2C34.88390000&epsg=4326&format=geojson&filter=AVS_gt_0&radius=1.000&limit=1&order=DIST&version=V4
SMNH07,34.694,132.0402,/home/zhangb/work/people/zhangbei/team_claude/team_pytorch/station_cache_d9a7d4d6.csv,1.0,V4,775.5,1,j-shis_meshsearch_avs,5232003313,1,,0.57,Success,,https://www.j-shis.bosai.go.jp/map/api/meshsearch?center=132.04020000%2C34.69400000&epsg=4326&format=geojson&filter=AVS_gt_0&radius=1.000&limit=1&order=DIST&version=V4
SMNH09,34.5725,132.0122,/home/zhangb/work/people/zhangbei/team_claude/team_pytorch/station_cache_d9a7d4d6.csv,1.0,V4,775.5,1,j-shis_meshsearch_avs,5132608042,1,,0.57,Success,,https://www.j-shis.bosai.go.jp/map/api/meshsearch?center=132.01220000%2C34.57250000&epsg=4326&format=geojson&filter=AVS_gt_0&radius=1.000&limit=1&order=DIST&version=V4
SMNH10,35.5579,133.3004,/home/zhangb/work/people/zhangbei/team_claude/team_pytorch/station_cache_d9a7d4d6.csv,1.0,V4,236.3,1,j-shis_meshsearch_avs,5333226433,19,,1.57,Success,,https://www.j-shis.bosai.go.jp/map/api/meshsearch?center=133.30040000%2C35.55790000&epsg=4326&format=geojson&filter=AVS_gt_0&radius=1.000&limit=1&order=DIST&version=V4
SMNH11,35.4259,132.8008,/home/zhangb/work/people/zhangbei/team_claude/team_pytorch/station_cache_d9a7d4d6.csv,1.0,V4,437.7,1,j-shis_meshsearch_avs,5332161411,8,,0.93,Success,,https://www.j-shis.bosai.go.jp/map/api/meshsearch?center=132.80080000%2C35.42590000&epsg=4326&format=geojson&filter=AVS_gt_0&radius=1.000&limit=1&order=DIST&version=V4
SMNH12,35.1634,132.8558,/home/zhangb/work/people/zhangbei/team_claude/team_pytorch/station_cache_d9a7d4d6.csv,1.0,V4,641.3,1,j-shis_meshsearch_avs,5232569832,1,,0.67,Success,,https://www.j-shis.bosai.go.jp/map/api/meshsearch?center=132.85580000%2C35.16340000&epsg=4326&format=geojson&filter=AVS_gt_0&radius=1.000&limit=1&order=DIST&version=V4
SMNH15,35.5232,133.0226,/home/zhangb/work/people/zhangbei/team_claude/team_pytorch/station_cache_d9a7d4d6.csv,1.0,V4,297.9,1,j-shis_meshsearch_avs,5333202144,10,,1.29,Success,,https://www.j-shis.bosai.go.jp/map/api/meshsearch?center=133.02260000%2C35.52320000&epsg=4326&format=geojson&filter=AVS_gt_0&radius=1.000&limit=1&order=DIST&version=V4
SMNH16,35.3422,132.8989,/home/zhangb/work/people/zhangbei/team_claude/team_pytorch/station_cache_d9a7d4d6.csv,1.0,V4,338.7,1,j-shis_meshsearch_avs,5332071122,3,,1.15,Success,,https://www.j-shis.bosai.go.jp/map/api/meshsearch?center=132.89890000%2C35.34220000&epsg=4326&format=geojson&filter=AVS_gt_0&radius=1.000&limit=1&order=DIST&version=V4
SOYH01,45.3346,142.1185,/home/zhangb/work/people/zhangbei/team_claude/team_pytorch/station_cache_d9a7d4d6.csv,1.0,V4,381.2,1,j-shis_meshsearch_avs,6842000912,8,,1.04,Success,,https://www.j-shis.bosai.go.jp/map/api/meshsearch?center=142.11850000%2C45.33460000&epsg=4326&format=geojson&filter=AVS_gt_0&radius=1.000&limit=1&order=DIST&version=V4
SOYH02,45.2163,142.2254,/home/zhangb/work/people/zhangbei/team_claude/team_pytorch/station_cache_d9a7d4d6.csv,1.0,V4,183.8,1,j-shis_meshsearch_avs,6742615833,15,,1.94,Success,,https://www.j-shis.bosai.go.jp/map/api/meshsearch?center=142.22540000%2C45.21630000&epsg=4326&format=geojson&filter=AVS_gt_0&radius=1.000&limit=1&order=DIST&version=V4
SOYH06,45.1019,141.7834,/home/zhangb/work/people/zhangbei/team_claude/team_pytorch/station_cache_d9a7d4d6.csv,1.0,V4,293.4,1,j-shis_meshsearch_avs,6741562221,11,,1.30,Success,,https://www.j-shis.bosai.go.jp/map/api/meshsearch?center=141.78340000%2C45.10190000&epsg=4326&format=geojson&filter=AVS_gt_0&radius=1.000&limit=1&order=DIST&version=V4
SOYH08,44.9387,142.2247,/home/zhangb/work/people/zhangbei/team_claude/team_pytorch/station_cache_d9a7d4d6.csv,1.0,V4,338.2,1,j-shis_meshsearch_avs,6742312742,10,,1.15,Success,,https://www.j-shis.bosai.go.jp/map/api/meshsearch?center=142.22470000%2C44.93870000&epsg=4326&format=geojson&filter=AVS_gt_0&radius=1.000&limit=1&order=DIST&version=V4
SOYH09,44.857,142.4868,/home/zhangb/work/people/zhangbei/team_claude/team_pytorch/station_cache_d9a7d4d6.csv,1.0,V4,422.7,1,j-shis_meshsearch_avs,6742232844,8,,0.95,Success,,https://www.j-shis.bosai.go.jp/map/api/meshsearch?center=142.48680000%2C44.85700000&epsg=4326&format=geojson&filter=AVS_gt_0&radius=1.000&limit=1&order=DIST&version=V4
SRCH06,43.6948,142.0776,/home/zhangb/work/people/zhangbei/team_claude/team_pytorch/station_cache_d9a7d4d6.csv,1.0,V4,380.2,1,j-shis_meshsearch_avs,6542403613,8,,1.04,Success,,https://www.j-shis.bosai.go.jp/map/api/meshsearch?center=142.07760000%2C43.69480000&epsg=4326&format=geojson&filter=AVS_gt_0&radius=1.000&limit=1&order=DIST&version=V4
SRCH07,43.23,141.8978,/home/zhangb/work/people/zhangbei/team_claude/team_pytorch/station_cache_d9a7d4d6.csv,1.0,V4,471.5,1,j-shis_meshsearch_avs,6441677142,3,,0.87,Success,,https://www.j-shis.bosai.go.jp/map/api/meshsearch?center=141.89780000%2C43.23000000&epsg=4326&format=geojson&filter=AVS_gt_0&radius=1.000&limit=1&order=DIST&version=V4
SRCH08,43.5138,141.909,/home/zhangb/work/people/zhangbei/team_claude/team_pytorch/station_cache_d9a7d4d6.csv,1.0,V4,169.8,1,j-shis_meshsearch_avs,6541271241,13,,2.08,Success,,https://www.j-shis.bosai.go.jp/map/api/meshsearch?center=141.90900000%2C43.51380000&epsg=4326&format=geojson&filter=AVS_gt_0&radius=1.000&limit=1&order=DIST&version=V4
SRCH10,42.993,142.0085,/home/zhangb/work/people/zhangbei/team_claude/team_pytorch/station_cache_d9a7d4d6.csv,1.0,V4,511.1,1,j-shis_meshsearch_avs,6442309021,8,,0.81,Success,,https://www.j-shis.bosai.go.jp/map/api/meshsearch?center=142.00850000%2C42.99300000&epsg=4326&format=geojson&filter=AVS_gt_0&radius=1.000&limit=1&order=DIST&version=V4
SZO001,35.1425,139.0798,/home/zhangb/work/people/zhangbei/team_claude/team_pytorch/station_cache_d9a7d4d6.csv,1.0,V4,376.5,1,j-shis_meshsearch_avs,5239507612,11,,1.05,Success,,https://www.j-shis.bosai.go.jp/map/api/meshsearch?center=139.07980000%2C35.14250000&epsg=4326&format=geojson&filter=AVS_gt_0&radius=1.000&limit=1&order=DIST&version=V4
SZO002,34.9653,139.103,/home/zhangb/work/people/zhangbei/team_claude/team_pytorch/station_cache_d9a7d4d6.csv,1.0,V4,510.4,1,j-shis_meshsearch_avs,5239305833,4,,0.81,Success,,https://www.j-shis.bosai.go.jp/map/api/meshsearch?center=139.10300000%2C34.96530000&epsg=4326&format=geojson&filter=AVS_gt_0&radius=1.000&limit=1&order=DIST&version=V4
SZO003,34.8158,139.0544,/home/zhangb/work/people/zhangbei/team_claude/team_pytorch/station_cache_d9a7d4d6.csv,1.0,V4,510.4,1,j-shis_meshsearch_avs,5239107434,4,,0.81,Success,,https://www.j-shis.bosai.go.jp/map/api/meshsearch?center=139.05440000%2C34.81580000&epsg=4326&format=geojson&filter=AVS_gt_0&radius=1.000&limit=1&order=DIST&version=V4
SZO004,34.6471,138.8193,/home/zhangb/work/people/zhangbei/team_claude/team_pytorch/station_cache_d9a7d4d6.csv,1.0,V4,641.3,1,j-shis_meshsearch_avs,5138767541,1,,0.67,Success,,https://www.j-shis.bosai.go.jp/map/api/meshsearch?center=138.81930000%2C34.64710000&epsg=4326&format=geojson&filter=AVS_gt_0&radius=1.000&limit=1&order=DIST&version=V4
SZO005,34.755,138.7841,/home/zhangb/work/people/zhangbei/team_claude/team_pytorch/station_cache_d9a7d4d6.csv,1.0,V4,207.5,1,j-shis_meshsearch_avs,5238160241,15,,1.75,Success,,https://www.j-shis.bosai.go.jp/map/api/meshsearch?center=138.78410000%2C34.75500000&epsg=4326&format=geojson&filter=AVS_gt_0&radius=1.000&limit=1&order=DIST&version=V4
SZO006,34.9111,138.7948,/home/zhangb/work/people/zhangbei/team_claude/team_pytorch/station_cache_d9a7d4d6.csv,1.0,V4,207.5,1,j-shis_meshsearch_avs,5238269323,15,,1.75,Success,,https://www.j-shis.bosai.go.jp/map/api/meshsearch?center=138.79480000%2C34.91110000&epsg=4326&format=geojson&filter=AVS_gt_0&radius=1.000&limit=1&order=DIST&version=V4
SZO007,34.9771,138.9468,/home/zhangb/work/people/zhangbei/team_claude/team_pytorch/station_cache_d9a7d4d6.csv,1.0,V4,481.1,1,j-shis_meshsearch_avs,5238377523,8,,0.85,Success,,https://www.j-shis.bosai.go.jp/map/api/meshsearch?center=138.94680000%2C34.97710000&epsg=4326&format=geojson&filter=AVS_gt_0&radius=1.000&limit=1&order=DIST&version=V4
SZO008,35.1105,138.8436,/home/zhangb/work/people/zhangbei/team_claude/team_pytorch/station_cache_d9a7d4d6.csv,1.0,V4,160.3,1,j-shis_meshsearch_avs,5238563714,13,,2.18,Success,,https://www.j-shis.bosai.go.jp/map/api/meshsearch?center=138.84360000%2C35.11050000&epsg=4326&format=geojson&filter=AVS_gt_0&radius=1.000&limit=1&order=DIST&version=V4
SZO009,35.1972,138.9129,/home/zhangb/work/people/zhangbei/team_claude/team_pytorch/station_cache_d9a7d4d6.csv,1.0,V4,277.3,1,j-shis_meshsearch_avs,5238673331,5,,1.37,Success,,https://www.j-shis.bosai.go.jp/map/api/meshsearch?center=138.91290000%2C35.19720000&epsg=4326&format=geojson&filter=AVS_gt_0&radius=1.000&limit=1&order=DIST&version=V4
SZO010,35.3134,138.9063,/home/zhangb/work/people/zhangbei/team_claude/team_pytorch/station_cache_d9a7d4d6.csv,1.0,V4,295.3,1,j-shis_meshsearch_avs,5238777241,5,,1.30,Success,,https://www.j-shis.bosai.go.jp/map/api/meshsearch?center=138.90630000%2C35.31340000&epsg=4326&format=geojson&filter=AVS_gt_0&radius=1.000&limit=1&order=DIST&version=V4
SZO011,35.2129,138.6015,/home/zhangb/work/people/zhangbei/team_claude/team_pytorch/station_cache_d9a7d4d6.csv,1.0,V4,405.6,1,j-shis_meshsearch_avs,5238645831,6,,0.99,Success,,https://www.j-shis.bosai.go.jp/map/api/meshsearch?center=138.60150000%2C35.21290000&epsg=4326&format=geojson&filter=AVS_gt_0&radius=1.000&limit=1&order=DIST&version=V4
SZO012,35.1257,138.6222,/home/zhangb/work/people/zhangbei/team_claude/team_pytorch/station_cache_d9a7d4d6.csv,1.0,V4,278.7,1,j-shis_meshsearch_avs,5238545922,11,,1.36,Success,,https://www.j-shis.bosai.go.jp/map/api/meshsearch?center=138.62220000%2C35.12570000&epsg=4326&format=geojson&filter=AVS_gt_0&radius=1.000&limit=1&order=DIST&version=V4
SZO013,35.0409,138.4765,/home/zhangb/work/people/zhangbei/team_claude/team_pytorch/station_cache_d9a7d4d6.csv,1.0,V4,169.5,1,j-shis_meshsearch_avs,5238434833,13,,2.08,Success,,https://www.j-shis.bosai.go.jp/map/api/meshsearch?center=138.47650000%2C35.04090000&epsg=4326&format=geojson&filter=AVS_gt_0&radius=1.000&limit=1&order=DIST&version=V4
SZO014,34.9649,138.3741,/home/zhangb/work/people/zhangbei/team_claude/team_pytorch/station_cache_d9a7d4d6.csv,1.0,V4,292.8,1,j-shis_meshsearch_avs,5238325944,11,,1.30,Success,,https://www.j-shis.bosai.go.jp/map/api/meshsearch?center=138.37410000%2C34.96490000&epsg=4326&format=geojson&filter=AVS_gt_0&radius=1.000&limit=1&order=DIST&version=V4
SZO015,35.2433,138.341,/home/zhangb/work/people/zhangbei/team_claude/team_pytorch/station_cache_d9a7d4d6.csv,1.0,V4,475.4,1,j-shis_meshsearch_avs,5238629712,10,,0.86,Success,,https://www.j-shis.bosai.go.jp/map/api/meshsearch?center=138.34100000%2C35.24330000&epsg=4326&format=geojson&filter=AVS_gt_0&radius=1.000&limit=1&order=DIST&version=V4
SZO016,34.8564,138.312,/home/zhangb/work/people/zhangbei/team_claude/team_pytorch/station_cache_d9a7d4d6.csv,1.0,V4,258.4,1,j-shis_meshsearch_avs,5238222444,11,,1.45,Success,,https://www.j-shis.bosai.go.jp/map/api/meshsearch?center=138.31200000%2C34.85640000&epsg=4326&format=geojson&filter=AVS_gt_0&radius=1.000&limit=1&order=DIST&version=V4
SZO017,34.6375,138.1286,/home/zhangb/work/people/zhangbei/team_claude/team_pytorch/station_cache_d9a7d4d6.csv,1.0,V4,260.2,1,j-shis_meshsearch_avs,5138716032,16,,1.44,Success,,https://www.j-shis.bosai.go.jp/map/api/meshsearch?center=138.12860000%2C34.63750000&epsg=4326&format=geojson&filter=AVS_gt_0&radius=1.000&limit=1&order=DIST&version=V4
SZO018,34.7389,138.2247,/home/zhangb/work/people/zhangbei/team_claude/team_pytorch/station_cache_d9a7d4d6.csv,1.0,V4,260.2,1,j-shis_meshsearch_avs,5238018742,16,,1.44,Success,,https://www.j-shis.bosai.go.jp/map/api/meshsearch?center=138.22470000%2C34.73890000&epsg=4326&format=geojson&filter=AVS_gt_0&radius=1.000&limit=1&order=DIST&version=V4
SZO019,34.7705,137.9989,/home/zhangb/work/people/zhangbei/team_claude/team_pytorch/station_cache_d9a7d4d6.csv,1.0,V4,444.2,1,j-shis_meshsearch_avs,5237172924,8,,0.91,Success,,https://www.j-shis.bosai.go.jp/map/api/meshsearch?center=137.99890000%2C34.77050000&epsg=4326&format=geojson&filter=AVS_gt_0&radius=1.000&limit=1&order=DIST&version=V4
SZO020,35.0084,138.1474,/home/zhangb/work/people/zhangbei/team_claude/team_pytorch/station_cache_d9a7d4d6.csv,1.0,V4,641.3,1,j-shis_meshsearch_avs,5238411122,1,,0.67,Success,,https://www.j-shis.bosai.go.jp/map/api/meshsearch?center=138.14740000%2C35.00840000&epsg=4326&format=geojson&filter=AVS_gt_0&radius=1.000&limit=1&order=DIST&version=V4
SZO021,35.0978,138.1332,/home/zhangb/work/people/zhangbei/team_claude/team_pytorch/station_cache_d9a7d4d6.csv,1.0,V4,775.5,1,j-shis_meshsearch_avs,5238511041,1,,0.57,Success,,https://www.j-shis.bosai.go.jp/map/api/meshsearch?center=138.13320000%2C35.09780000&epsg=4326&format=geojson&filter=AVS_gt_0&radius=1.000&limit=1&order=DIST&version=V4
SZO022,35.0918,137.8127,/home/zhangb/work/people/zhangbei/team_claude/team_pytorch/station_cache_d9a7d4d6.csv,1.0,V4,515.7,1,j-shis_meshsearch_avs,5237561511,8,,0.81,Success,,https://www.j-shis.bosai.go.jp/map/api/meshsearch?center=137.81270000%2C35.09180000&epsg=4326&format=geojson&filter=AVS_gt_0&radius=1.000&limit=1&order=DIST&version=V4
SZO023,34.8736,137.8167,/home/zhangb/work/people/zhangbei/team_claude/team_pytorch/station_cache_d9a7d4d6.csv,1.0,V4,344.6,1,j-shis_meshsearch_avs,5237264534,10,,1.14,Success,,https://www.j-shis.bosai.go.jp/map/api/meshsearch?center=137.81670000%2C34.87360000&epsg=4326&format=geojson&filter=AVS_gt_0&radius=1.000&limit=1&order=DIST&version=V4
SZO024,34.7104,137.7199,/home/zhangb/work/people/zhangbei/team_claude/team_pytorch/station_cache_d9a7d4d6.csv,1.0,V4,292.4,1,j-shis_meshsearch_avs,5237055721,8,,1.31,Success,,https://www.j-shis.bosai.go.jp/map/api/meshsearch?center=137.71990000%2C34.71040000&epsg=4326&format=geojson&filter=AVS_gt_0&radius=1.000&limit=1&order=DIST&version=V4
SZO025,34.7189,137.5318,/home/zhangb/work/people/zhangbei/team_claude/team_pytorch/station_cache_d9a7d4d6.csv,1.0,V4,185.4,1,j-shis_meshsearch_avs,5237046223,15,,1.93,Success,,https://www.j-shis.bosai.go.jp/map/api/meshsearch?center=137.53180000%2C34.71890000&epsg=4326&format=geojson&filter=AVS_gt_0&radius=1.000&limit=1&order=DIST&version=V4
SZO026,34.9812,137.8964,/home/zhangb/work/people/zhangbei/team_claude/team_pytorch/station_cache_d9a7d4d6.csv,1.0,V4,400.9,1,j-shis_meshsearch_avs,5237377141,10,,1.00,Success,,https://www.j-shis.bosai.go.jp/map/api/meshsearch?center=137.89640000%2C34.98120000&epsg=4326&format=geojson&filter=AVS_gt_0&radius=1.000&limit=1&order=DIST&version=V4
SZO027,34.7809,138.7934,/home/zhangb/work/people/zhangbei/team_claude/team_pytorch/station_cache_d9a7d4d6.csv,1.0,V4,326.4,1,j-shis_meshsearch_avs,5238163332,10,,1.19,Success,,https://www.j-shis.bosai.go.jp/map/api/meshsearch?center=138.79340000%2C34.78090000&epsg=4326&format=geojson&filter=AVS_gt_0&radius=1.000&limit=1&order=DIST&version=V4
SZO028,34.9522,139.1379,/home/zhangb/work/people/zhangbei/team_claude/team_pytorch/station_cache_d9a7d4d6.csv,1.0,V4,260.2,1,j-shis_meshsearch_avs,5239314113,16,,1.44,Success,,https://www.j-shis.bosai.go.jp/map/api/meshsearch?center=139.13790000%2C34.95220000&epsg=4326&format=geojson&filter=AVS_gt_0&radius=1.000&limit=1&order=DIST&version=V4
SZOH21,34.8601,137.9426,/home/zhangb/work/people/zhangbei/team_claude/team_pytorch/station_cache_d9a7d4d6.csv,1.0,V4,356.5,1,j-shis_meshsearch_avs,5237273512,10,,1.10,Success,,https://www.j-shis.bosai.go.jp/map/api/meshsearch?center=137.94260000%2C34.86010000&epsg=4326&format=geojson&filter=AVS_gt_0&radius=1.000&limit=1&order=DIST&version=V4
SZOH22,35.0332,138.1979,/home/zhangb/work/people/zhangbei/team_claude/team_pytorch/station_cache_d9a7d4d6.csv,1.0,V4,641.3,1,j-shis_meshsearch_avs,5238413544,1,,0.67,Success,,https://www.j-shis.bosai.go.jp/map/api/meshsearch?center=138.19790000%2C35.03320000&epsg=4326&format=geojson&filter=AVS_gt_0&radius=1.000&limit=1&order=DIST&version=V4
SZOH24,34.8343,137.6616,/home/zhangb/work/people/zhangbei/team_claude/team_pytorch/station_cache_d9a7d4d6.csv,1.0,V4,293.4,1,j-shis_meshsearch_avs,5237250222,10,,1.30,Success,,https://www.j-shis.bosai.go.jp/map/api/meshsearch?center=137.66160000%2C34.83430000&epsg=4326&format=geojson&filter=AVS_gt_0&radius=1.000&limit=1&order=DIST&version=V4
SZOH25,34.6913,137.5604,/home/zhangb/work/people/zhangbei/team_claude/team_pytorch/station_cache_d9a7d4d6.csv,1.0,V4,312.4,1,j-shis_meshsearch_avs,5237042444,3,,1.23,Success,,https://www.j-shis.bosai.go.jp/map/api/meshsearch?center=137.56040000%2C34.69130000&epsg=4326&format=geojson&filter=AVS_gt_0&radius=1.000&limit=1&order=DIST&version=V4
SZOH26,34.7948,137.9034,/home/zhangb/work/people/zhangbei/team_claude/team_pytorch/station_cache_d9a7d4d6.csv,1.0,V4,297.3,1,j-shis_meshsearch_avs,5237175214,10,,1.29,Success,,https://www.j-shis.bosai.go.jp/map/api/meshsearch?center=137.90340000%2C34.79480000&epsg=4326&format=geojson&filter=AVS_gt_0&radius=1.000&limit=1&order=DIST&version=V4
SZOH28,34.6683,137.7441,/home/zhangb/work/people/zhangbei/team_claude/team_pytorch/station_cache_d9a7d4d6.csv,1.0,V4,183.8,1,j-shis_meshsearch_avs,5237050921,14,,1.94,Success,,https://www.j-shis.bosai.go.jp/map/api/meshsearch?center=137.74410000%2C34.66830000&epsg=4326&format=geojson&filter=AVS_gt_0&radius=1.000&limit=1&order=DIST&version=V4
SZOH30,35.2233,137.9181,/home/zhangb/work/people/zhangbei/team_claude/team_pytorch/station_cache_d9a7d4d6.csv,1.0,V4,775.5,1,j-shis_meshsearch_avs,5237676334,1,,0.57,Success,,https://www.j-shis.bosai.go.jp/map/api/meshsearch?center=137.91810000%2C35.22330000&epsg=4326&format=geojson&filter=AVS_gt_0&radius=1.000&limit=1&order=DIST&version=V4
SZOH31,34.9398,138.0767,/home/zhangb/work/people/zhangbei/team_claude/team_pytorch/station_cache_d9a7d4d6.csv,1.0,V4,479.5,1,j-shis_meshsearch_avs,5238302633,8,,0.86,Success,,https://www.j-shis.bosai.go.jp/map/api/meshsearch?center=138.07670000%2C34.93980000&epsg=4326&format=geojson&filter=AVS_gt_0&radius=1.000&limit=1&order=DIST&version=V4
SZOH32,35.0086,137.8409,/home/zhangb/work/people/zhangbei/team_claude/team_pytorch/station_cache_d9a7d4d6.csv,1.0,V4,400.3,1,j-shis_meshsearch_avs,5237461712,2,,1.00,Success,,https://www.j-shis.bosai.go.jp/map/api/meshsearch?center=137.84090000%2C35.00860000&epsg=4326&format=geojson&filter=AVS_gt_0&radius=1.000&limit=1&order=DIST&version=V4
SZOH34,35.1304,138.4243,/home/zhangb/work/people/zhangbei/team_claude/team_pytorch/station_cache_d9a7d4d6.csv,1.0,V4,641.3,1,j-shis_meshsearch_avs,5238535342,1,,0.67,Success,,https://www.j-shis.bosai.go.jp/map/api/meshsearch?center=138.42430000%2C35.13040000&epsg=4326&format=geojson&filter=AVS_gt_0&radius=1.000&limit=1&order=DIST&version=V4
SZOH35,34.9467,139.0855,/home/zhangb/work/people/zhangbei/team_claude/team_pytorch/station_cache_d9a7d4d6.csv,1.0,V4,510.4,1,j-shis_meshsearch_avs,5239303642,4,,0.81,Success,,https://www.j-shis.bosai.go.jp/map/api/meshsearch?center=139.08550000%2C34.94670000&epsg=4326&format=geojson&filter=AVS_gt_0&radius=1.000&limit=1&order=DIST&version=V4
SZOH36,34.9142,138.2008,/home/zhangb/work/people/zhangbei/team_claude/team_pytorch/station_cache_d9a7d4d6.csv,1.0,V4,374.2,1,j-shis_meshsearch_avs,5238219631,10,,1.06,Success,,https://www.j-shis.bosai.go.jp/map/api/meshsearch?center=138.20080000%2C34.91420000&epsg=4326&format=geojson&filter=AVS_gt_0&radius=1.000&limit=1&order=DIST&version=V4
SZOH37,35.2028,138.5659,/home/zhangb/work/people/zhangbei/team_claude/team_pytorch/station_cache_d9a7d4d6.csv,1.0,V4,294.5,1,j-shis_meshsearch_avs,5238644514,5,,1.30,Success,,https://www.j-shis.bosai.go.jp/map/api/meshsearch?center=138.56590000%2C35.20280000&epsg=4326&format=geojson&filter=AVS_gt_0&radius=1.000&limit=1&order=DIST&version=V4
SZOH38,35.0854,138.9779,/home/zhangb/work/people/zhangbei/team_claude/team_pytorch/station_cache_d9a7d4d6.csv,1.0,V4,510.4,1,j-shis_meshsearch_avs,5238570811,4,,0.81,Success,,https://www.j-shis.bosai.go.jp/map/api/meshsearch?center=138.97790000%2C35.08540000&epsg=4326&format=geojson&filter=AVS_gt_0&radius=1.000&limit=1&order=DIST&version=V4
SZOH39,34.7988,138.7724,/home/zhangb/work/people/zhangbei/team_claude/team_pytorch/station_cache_d9a7d4d6.csv,1.0,V4,641.3,1,j-shis_meshsearch_avs,5238165144,1,,0.67,Success,,https://www.j-shis.bosai.go.jp/map/api/meshsearch?center=138.77240000%2C34.79880000&epsg=4326&format=geojson&filter=AVS_gt_0&radius=1.000&limit=1&order=DIST&version=V4
SZOH40,34.7832,138.97,/home/zhangb/work/people/zhangbei/team_claude/team_pytorch/station_cache_d9a7d4d6.csv,1.0,V4,510.4,1,j-shis_meshsearch_avs,5238173743,4,,0.81,Success,,https://www.j-shis.bosai.go.jp/map/api/meshsearch?center=138.97000000%2C34.78320000&epsg=4326&format=geojson&filter=AVS_gt_0&radius=1.000&limit=1&order=DIST&version=V4
SZOH41,34.6749,138.834,/home/zhangb/work/people/zhangbei/team_claude/team_pytorch/station_cache_d9a7d4d6.csv,1.0,V4,641.3,1,j-shis_meshsearch_avs,5238060643,1,,0.67,Success,,https://www.j-shis.bosai.go.jp/map/api/meshsearch?center=138.83400000%2C34.67490000&epsg=4326&format=geojson&filter=AVS_gt_0&radius=1.000&limit=1&order=DIST&version=V4
SZOH42,34.9756,138.9128,/home/zhangb/work/people/zhangbei/team_claude/team_pytorch/station_cache_d9a7d4d6.csv,1.0,V4,510.4,1,j-shis_meshsearch_avs,5238377311,4,,0.81,Success,,https://www.j-shis.bosai.go.jp/map/api/meshsearch?center=138.91280000%2C34.97560000&epsg=4326&format=geojson&filter=AVS_gt_0&radius=1.000&limit=1&order=DIST&version=V4
SZOH43,34.9739,138.4924,/home/zhangb/work/people/zhangbei/team_claude/team_pytorch/station_cache_d9a7d4d6.csv,1.0,V4,419.7,1,j-shis_meshsearch_avs,5238336934,3,,0.96,Success,,https://www.j-shis.bosai.go.jp/map/api/meshsearch?center=138.49240000%2C34.97390000&epsg=4326&format=geojson&filter=AVS_gt_0&radius=1.000&limit=1&order=DIST&version=V4
SZOH53,34.8768,138.0174,/home/zhangb/work/people/zhangbei/team_claude/team_pytorch/station_cache_d9a7d4d6.csv,1.0,V4,419.7,1,j-shis_meshsearch_avs,5238205112,10,,0.96,Success,,https://www.j-shis.bosai.go.jp/map/api/meshsearch?center=138.01740000%2C34.87680000&epsg=4326&format=geojson&filter=AVS_gt_0&radius=1.000&limit=1&order=DIST&version=V4
SZOH54,35.0417,139.1685,/home/zhangb/work/people/zhangbei/team_claude/team_pytorch/station_cache_d9a7d4d6.csv,1.0,V4,510.4,1,j-shis_meshsearch_avs,5239415312,4,,0.81,Success,,https://www.j-shis.bosai.go.jp/map/api/meshsearch?center=139.16850000%2C35.04170000&epsg=4326&format=geojson&filter=AVS_gt_0&radius=1.000&limit=1&order=DIST&version=V4
TCG001,36.9432,140.0825,/home/zhangb/work/people/zhangbei/team_claude/team_pytorch/station_cache_d9a7d4d6.csv,1.0,V4,397.9,1,j-shis_meshsearch_avs,5540303621,8,,1.00,Success,,https://www.j-shis.bosai.go.jp/map/api/meshsearch?center=140.08250000%2C36.94320000&epsg=4326&format=geojson&filter=AVS_gt_0&radius=1.000&limit=1&order=DIST&version=V4
TCG002,36.9903,139.8029,/home/zhangb/work/people/zhangbei/team_claude/team_pytorch/station_cache_d9a7d4d6.csv,1.0,V4,476.3,1,j-shis_meshsearch_avs,5539368433,8,,0.86,Success,,https://www.j-shis.bosai.go.jp/map/api/meshsearch?center=139.80290000%2C36.99030000&epsg=4326&format=geojson&filter=AVS_gt_0&radius=1.000&limit=1&order=DIST&version=V4
TCG003,36.8153,139.7184,/home/zhangb/work/people/zhangbei/team_claude/team_pytorch/station_cache_d9a7d4d6.csv,1.0,V4,463.9,1,j-shis_meshsearch_avs,5539157734,9,,0.88,Success,,https://www.j-shis.bosai.go.jp/map/api/meshsearch?center=139.71840000%2C36.81530000&epsg=4326&format=geojson&filter=AVS_gt_0&radius=1.000&limit=1&order=DIST&version=V4
TCG004,36.8065,139.4221,/home/zhangb/work/people/zhangbei/team_claude/team_pytorch/station_cache_d9a7d4d6.csv,1.0,V4,421.8,1,j-shis_meshsearch_avs,5539136344,8,,0.96,Success,,https://www.j-shis.bosai.go.jp/map/api/meshsearch?center=139.42210000%2C36.80650000&epsg=4326&format=geojson&filter=AVS_gt_0&radius=1.000&limit=1&order=DIST&version=V4
TCG005,36.8061,139.9264,/home/zhangb/work/people/zhangbei/team_claude/team_pytorch/station_cache_d9a7d4d6.csv,1.0,V4,323.1,1,j-shis_meshsearch_avs,5539176431,11,,1.20,Success,,https://www.j-shis.bosai.go.jp/map/api/meshsearch?center=139.92640000%2C36.80610000&epsg=4326&format=geojson&filter=AVS_gt_0&radius=1.000&limit=1&order=DIST&version=V4
TCG006,36.7638,140.1295,/home/zhangb/work/people/zhangbei/team_claude/team_pytorch/station_cache_d9a7d4d6.csv,1.0,V4,335.0,1,j-shis_meshsearch_avs,5540111032,8,,1.16,Success,,https://www.j-shis.bosai.go.jp/map/api/meshsearch?center=140.12950000%2C36.76380000&epsg=4326&format=geojson&filter=AVS_gt_0&radius=1.000&limit=1&order=DIST&version=V4
TCG007,36.5677,139.8873,/home/zhangb/work/people/zhangbei/team_claude/team_pytorch/station_cache_d9a7d4d6.csv,1.0,V4,412.3,1,j-shis_meshsearch_avs,5439678022,3,,0.97,Success,,https://www.j-shis.bosai.go.jp/map/api/meshsearch?center=139.88730000%2C36.56770000&epsg=4326&format=geojson&filter=AVS_gt_0&radius=1.000&limit=1&order=DIST&version=V4
TCG008,36.56,139.7676,/home/zhangb/work/people/zhangbei/team_claude/team_pytorch/station_cache_d9a7d4d6.csv,1.0,V4,248.8,1,j-shis_meshsearch_avs,5439667112,9,,1.50,Success,,https://www.j-shis.bosai.go.jp/map/api/meshsearch?center=139.76760000%2C36.56000000&epsg=4326&format=geojson&filter=AVS_gt_0&radius=1.000&limit=1&order=DIST&version=V4
TCG009,36.7261,139.7159,/home/zhangb/work/people/zhangbei/team_claude/team_pytorch/station_cache_d9a7d4d6.csv,1.0,V4,286.1,1,j-shis_meshsearch_avs,5539057712,9,,1.33,Success,,https://www.j-shis.bosai.go.jp/map/api/meshsearch?center=139.71590000%2C36.72610000&epsg=4326&format=geojson&filter=AVS_gt_0&radius=1.000&limit=1&order=DIST&version=V4
TCG010,36.6348,139.4379,/home/zhangb/work/people/zhangbei/team_claude/team_pytorch/station_cache_d9a7d4d6.csv,1.0,V4,307.3,1,j-shis_meshsearch_avs,5439736511,8,,1.25,Success,,https://www.j-shis.bosai.go.jp/map/api/meshsearch?center=139.43790000%2C36.63480000&epsg=4326&format=geojson&filter=AVS_gt_0&radius=1.000&limit=1&order=DIST&version=V4
TCG011,36.3869,139.6144,/home/zhangb/work/people/zhangbei/team_claude/team_pytorch/station_cache_d9a7d4d6.csv,1.0,V4,456.8,1,j-shis_meshsearch_avs,5439446913,10,,0.89,Success,,https://www.j-shis.bosai.go.jp/map/api/meshsearch?center=139.61440000%2C36.38690000&epsg=4326&format=geojson&filter=AVS_gt_0&radius=1.000&limit=1&order=DIST&version=V4
TCG012,36.2863,139.8048,/home/zhangb/work/people/zhangbei/team_claude/team_pytorch/station_cache_d9a7d4d6.csv,1.0,V4,214.0,1,j-shis_meshsearch_avs,5439364414,9,,1.70,Success,,https://www.j-shis.bosai.go.jp/map/api/meshsearch?center=139.80480000%2C36.28630000&epsg=4326&format=geojson&filter=AVS_gt_0&radius=1.000&limit=1&order=DIST&version=V4
TCG013,36.4368,140.0227,/home/zhangb/work/people/zhangbei/team_claude/team_pytorch/station_cache_d9a7d4d6.csv,1.0,V4,319.8,1,j-shis_meshsearch_avs,5440502124,11,,1.21,Success,,https://www.j-shis.bosai.go.jp/map/api/meshsearch?center=140.02270000%2C36.43680000&epsg=4326&format=geojson&filter=AVS_gt_0&radius=1.000&limit=1&order=DIST&version=V4
TCG014,36.5428,140.1804,/home/zhangb/work/people/zhangbei/team_claude/team_pytorch/station_cache_d9a7d4d6.csv,1.0,V4,418.2,1,j-shis_meshsearch_avs,5440615412,3,,0.96,Success,,https://www.j-shis.bosai.go.jp/map/api/meshsearch?center=140.18040000%2C36.54280000&epsg=4326&format=geojson&filter=AVS_gt_0&radius=1.000&limit=1&order=DIST&version=V4
TCG015,36.7488,139.7144,/home/zhangb/work/people/zhangbei/team_claude/team_pytorch/station_cache_d9a7d4d6.csv,1.0,V4,406.6,1,j-shis_meshsearch_avs,5539059733,8,,0.99,Success,,https://www.j-shis.bosai.go.jp/map/api/meshsearch?center=139.71440000%2C36.74880000&epsg=4326&format=geojson&filter=AVS_gt_0&radius=1.000&limit=1&order=DIST&version=V4
TCG016,36.5288,140.1558,/home/zhangb/work/people/zhangbei/team_claude/team_pytorch/station_cache_d9a7d4d6.csv,1.0,V4,416.6,1,j-shis_meshsearch_avs,5440613214,3,,0.97,Success,,https://www.j-shis.bosai.go.jp/map/api/meshsearch?center=140.15580000%2C36.52880000&epsg=4326&format=geojson&filter=AVS_gt_0&radius=1.000&limit=1&order=DIST&version=V4
TCGH06,36.4458,139.9509,/home/zhangb/work/people/zhangbei/team_claude/team_pytorch/station_cache_d9a7d4d6.csv,1.0,V4,346.1,1,j-shis_meshsearch_avs,5439573613,11,,1.13,Success,,https://www.j-shis.bosai.go.jp/map/api/meshsearch?center=139.95090000%2C36.44580000&epsg=4326&format=geojson&filter=AVS_gt_0&radius=1.000&limit=1&order=DIST&version=V4
TCGH07,36.8817,139.4534,/home/zhangb/work/people/zhangbei/team_claude/team_pytorch/station_cache_d9a7d4d6.csv,1.0,V4,554.7,1,j-shis_meshsearch_avs,5539235634,1,,0.76,Success,,https://www.j-shis.bosai.go.jp/map/api/meshsearch?center=139.45340000%2C36.88170000&epsg=4326&format=geojson&filter=AVS_gt_0&radius=1.000&limit=1&order=DIST&version=V4
TCGH08,36.8828,139.6459,/home/zhangb/work/people/zhangbei/team_claude/team_pytorch/station_cache_d9a7d4d6.csv,1.0,V4,549.8,1,j-shis_meshsearch_avs,5539255143,8,,0.76,Success,,https://www.j-shis.bosai.go.jp/map/api/meshsearch?center=139.64590000%2C36.88280000&epsg=4326&format=geojson&filter=AVS_gt_0&radius=1.000&limit=1&order=DIST&version=V4
TCGH09,36.8625,139.8364,/home/zhangb/work/people/zhangbei/team_claude/team_pytorch/station_cache_d9a7d4d6.csv,1.0,V4,473.7,1,j-shis_meshsearch_avs,5539263642,4,,0.87,Success,,https://www.j-shis.bosai.go.jp/map/api/meshsearch?center=139.83640000%2C36.86250000&epsg=4326&format=geojson&filter=AVS_gt_0&radius=1.000&limit=1&order=DIST&version=V4
TCGH11,36.7084,139.7694,/home/zhangb/work/people/zhangbei/team_claude/team_pytorch/station_cache_d9a7d4d6.csv,1.0,V4,245.1,1,j-shis_meshsearch_avs,5539065121,9,,1.52,Success,,https://www.j-shis.bosai.go.jp/map/api/meshsearch?center=139.76940000%2C36.70840000&epsg=4326&format=geojson&filter=AVS_gt_0&radius=1.000&limit=1&order=DIST&version=V4
TCGH12,36.6959,139.9842,/home/zhangb/work/people/zhangbei/team_claude/team_pytorch/station_cache_d9a7d4d6.csv,1.0,V4,372.2,1,j-shis_meshsearch_avs,5539073841,9,,1.06,Success,,https://www.j-shis.bosai.go.jp/map/api/meshsearch?center=139.98420000%2C36.69590000&epsg=4326&format=geojson&filter=AVS_gt_0&radius=1.000&limit=1&order=DIST&version=V4
TCGH13,36.7342,140.1781,/home/zhangb/work/people/zhangbei/team_claude/team_pytorch/station_cache_d9a7d4d6.csv,1.0,V4,471.8,1,j-shis_meshsearch_avs,5540018411,9,,0.87,Success,,https://www.j-shis.bosai.go.jp/map/api/meshsearch?center=140.17810000%2C36.73420000&epsg=4326&format=geojson&filter=AVS_gt_0&radius=1.000&limit=1&order=DIST&version=V4
TCGH14,36.5509,139.6154,/home/zhangb/work/people/zhangbei/team_claude/team_pytorch/station_cache_d9a7d4d6.csv,1.0,V4,631.8,1,j-shis_meshsearch_avs,5439646911,10,,0.68,Success,,https://www.j-shis.bosai.go.jp/map/api/meshsearch?center=139.61540000%2C36.55090000&epsg=4326&format=geojson&filter=AVS_gt_0&radius=1.000&limit=1&order=DIST&version=V4
TCGH15,36.5595,139.8637,/home/zhangb/work/people/zhangbei/team_claude/team_pytorch/station_cache_d9a7d4d6.csv,1.0,V4,298.5,1,j-shis_meshsearch_avs,5439667911,9,,1.28,Success,,https://www.j-shis.bosai.go.jp/map/api/meshsearch?center=139.86370000%2C36.55950000&epsg=4326&format=geojson&filter=AVS_gt_0&radius=1.000&limit=1&order=DIST&version=V4
TCGH16,36.548,140.0751,/home/zhangb/work/people/zhangbei/team_claude/team_pytorch/station_cache_d9a7d4d6.csv,1.0,V4,252.4,1,j-shis_meshsearch_avs,5440605633,9,,1.48,Success,,https://www.j-shis.bosai.go.jp/map/api/meshsearch?center=140.07510000%2C36.54800000&epsg=4326&format=geojson&filter=AVS_gt_0&radius=1.000&limit=1&order=DIST&version=V4
TCGH17,36.9853,139.6922,/home/zhangb/work/people/zhangbei/team_claude/team_pytorch/station_cache_d9a7d4d6.csv,1.0,V4,553.7,1,j-shis_meshsearch_avs,5539358512,8,,0.76,Success,,https://www.j-shis.bosai.go.jp/map/api/meshsearch?center=139.69220000%2C36.98530000&epsg=4326&format=geojson&filter=AVS_gt_0&radius=1.000&limit=1&order=DIST&version=V4
TCGH19,36.906,140.1119,/home/zhangb/work/people/zhangbei/team_claude/team_pytorch/station_cache_d9a7d4d6.csv,1.0,V4,404.2,1,j-shis_meshsearch_avs,5540208842,9,,0.99,Success,,https://www.j-shis.bosai.go.jp/map/api/meshsearch?center=140.11190000%2C36.90600000&epsg=4326&format=geojson&filter=AVS_gt_0&radius=1.000&limit=1&order=DIST&version=V4
TKCH01,43.4683,143.683,/home/zhangb/work/people/zhangbei/team_claude/team_pytorch/station_cache_d9a7d4d6.csv,1.0,V4,476.6,1,j-shis_meshsearch_avs,6543156421,8,,0.86,Success,,https://www.j-shis.bosai.go.jp/map/api/meshsearch?center=143.68300000%2C43.46830000&epsg=4326&format=geojson&filter=AVS_gt_0&radius=1.000&limit=1&order=DIST&version=V4
TKCH02,43.3822,143.8983,/home/zhangb/work/people/zhangbei/team_claude/team_pytorch/station_cache_d9a7d4d6.csv,1.0,V4,529.4,1,j-shis_meshsearch_avs,6543075144,8,,0.79,Success,,https://www.j-shis.bosai.go.jp/map/api/meshsearch?center=143.89830000%2C43.38220000&epsg=4326&format=geojson&filter=AVS_gt_0&radius=1.000&limit=1&order=DIST&version=V4
TKCH04,43.1739,142.9176,/home/zhangb/work/people/zhangbei/team_claude/team_pytorch/station_cache_d9a7d4d6.csv,1.0,V4,492.0,1,j-shis_meshsearch_avs,6442670334,8,,0.84,Success,,https://www.j-shis.bosai.go.jp/map/api/meshsearch?center=142.91760000%2C43.17390000&epsg=4326&format=geojson&filter=AVS_gt_0&radius=1.000&limit=1&order=DIST&version=V4
TKCH05,43.1211,143.6181,/home/zhangb/work/people/zhangbei/team_claude/team_pytorch/station_cache_d9a7d4d6.csv,1.0,V4,357.6,1,j-shis_meshsearch_avs,6443544932,10,,1.10,Success,,https://www.j-shis.bosai.go.jp/map/api/meshsearch?center=143.61810000%2C43.12110000&epsg=4326&format=geojson&filter=AVS_gt_0&radius=1.000&limit=1&order=DIST&version=V4
TKCH08,42.4865,143.152,/home/zhangb/work/people/zhangbei/team_claude/team_pytorch/station_cache_d9a7d4d6.csv,1.0,V4,347.9,1,j-shis_meshsearch_avs,6343518213,9,,1.13,Success,,https://www.j-shis.bosai.go.jp/map/api/meshsearch?center=143.15200000%2C42.48650000&epsg=4326&format=geojson&filter=AVS_gt_0&radius=1.000&limit=1&order=DIST&version=V4
TKCH10,43.3337,142.9448,/home/zhangb/work/people/zhangbei/team_claude/team_pytorch/station_cache_d9a7d4d6.csv,1.0,V4,515.9,1,j-shis_meshsearch_avs,6542070521,8,,0.81,Success,,https://www.j-shis.bosai.go.jp/map/api/meshsearch?center=142.94480000%2C43.33370000&epsg=4326&format=geojson&filter=AVS_gt_0&radius=1.000&limit=1&order=DIST&version=V4
TKS001,34.2034,134.6096,/home/zhangb/work/people/zhangbei/team_claude/team_pytorch/station_cache_d9a7d4d6.csv,1.0,V4,236.3,1,j-shis_meshsearch_avs,5134244824,19,,1.57,Success,,https://www.j-shis.bosai.go.jp/map/api/meshsearch?center=134.60960000%2C34.20340000&epsg=4326&format=geojson&filter=AVS_gt_0&radius=1.000&limit=1&order=DIST&version=V4
TKS002,34.0439,134.582,/home/zhangb/work/people/zhangbei/team_claude/team_pytorch/station_cache_d9a7d4d6.csv,1.0,V4,260.2,1,j-shis_meshsearch_avs,5134045623,16,,1.44,Success,,https://www.j-shis.bosai.go.jp/map/api/meshsearch?center=134.58200000%2C34.04390000&epsg=4326&format=geojson&filter=AVS_gt_0&radius=1.000&limit=1&order=DIST&version=V4
TKS003,33.8716,134.604,/home/zhangb/work/people/zhangbei/team_claude/team_pytorch/station_cache_d9a7d4d6.csv,1.0,V4,183.8,1,j-shis_meshsearch_avs,5034644832,14,,1.94,Success,,https://www.j-shis.bosai.go.jp/map/api/meshsearch?center=134.60400000%2C33.87160000&epsg=4326&format=geojson&filter=AVS_gt_0&radius=1.000&limit=1&order=DIST&version=V4
TKS004,33.775,134.5907,/home/zhangb/work/people/zhangbei/team_claude/team_pytorch/station_cache_d9a7d4d6.csv,1.0,V4,269.1,1,j-shis_meshsearch_avs,5034543712,10,,1.40,Success,,https://www.j-shis.bosai.go.jp/map/api/meshsearch?center=134.59070000%2C33.77500000&epsg=4326&format=geojson&filter=AVS_gt_0&radius=1.000&limit=1&order=DIST&version=V4
TKS005,33.8788,134.389,/home/zhangb/work/people/zhangbei/team_claude/team_pytorch/station_cache_d9a7d4d6.csv,1.0,V4,351.4,1,j-shis_meshsearch_avs,5034635113,7,,1.12,Success,,https://www.j-shis.bosai.go.jp/map/api/meshsearch?center=134.38900000%2C33.87880000&epsg=4326&format=geojson&filter=AVS_gt_0&radius=1.000&limit=1&order=DIST&version=V4
TKS006,33.6689,134.4191,/home/zhangb/work/people/zhangbei/team_claude/team_pytorch/station_cache_d9a7d4d6.csv,1.0,V4,260.2,1,j-shis_meshsearch_avs,5034430323,16,,1.44,Success,,https://www.j-shis.bosai.go.jp/map/api/meshsearch?center=134.41910000%2C33.66890000&epsg=4326&format=geojson&filter=AVS_gt_0&radius=1.000&limit=1&order=DIST&version=V4
TKS007,34.0903,134.2854,/home/zhangb/work/people/zhangbei/team_claude/team_pytorch/station_cache_d9a7d4d6.csv,1.0,V4,418.8,1,j-shis_meshsearch_avs,5134120244,8,,0.96,Success,,https://www.j-shis.bosai.go.jp/map/api/meshsearch?center=134.28540000%2C34.09030000&epsg=4326&format=geojson&filter=AVS_gt_0&radius=1.000&limit=1&order=DIST&version=V4
TKS008,33.9341,134.2113,/home/zhangb/work/people/zhangbei/team_claude/team_pytorch/station_cache_d9a7d4d6.csv,1.0,V4,351.4,1,j-shis_meshsearch_avs,5034712622,7,,1.12,Success,,https://www.j-shis.bosai.go.jp/map/api/meshsearch?center=134.21130000%2C33.93410000&epsg=4326&format=geojson&filter=AVS_gt_0&radius=1.000&limit=1&order=DIST&version=V4
TKS009,33.7722,134.1993,/home/zhangb/work/people/zhangbei/team_claude/team_pytorch/station_cache_d9a7d4d6.csv,1.0,V4,351.4,1,j-shis_meshsearch_avs,5034512542,7,,1.12,Success,,https://www.j-shis.bosai.go.jp/map/api/meshsearch?center=134.19930000%2C33.77220000&epsg=4326&format=geojson&filter=AVS_gt_0&radius=1.000&limit=1&order=DIST&version=V4
TKS010,34.0382,134.0614,/home/zhangb/work/people/zhangbei/team_claude/team_pytorch/station_cache_d9a7d4d6.csv,1.0,V4,351.2,1,j-shis_meshsearch_avs,5134004442,10,,1.12,Success,,https://www.j-shis.bosai.go.jp/map/api/meshsearch?center=134.06140000%2C34.03820000&epsg=4326&format=geojson&filter=AVS_gt_0&radius=1.000&limit=1&order=DIST&version=V4
TKS011,33.8744,133.9219,/home/zhangb/work/people/zhangbei/team_claude/team_pytorch/station_cache_d9a7d4d6.csv,1.0,V4,775.5,1,j-shis_meshsearch_avs,5033674344,1,,0.57,Success,,https://www.j-shis.bosai.go.jp/map/api/meshsearch?center=133.92190000%2C33.87440000&epsg=4326&format=geojson&filter=AVS_gt_0&radius=1.000&limit=1&order=DIST&version=V4
TKS012,34.0317,133.8064,/home/zhangb/work/people/zhangbei/team_claude/team_pytorch/station_cache_d9a7d4d6.csv,1.0,V4,477.0,1,j-shis_meshsearch_avs,5133063443,8,,0.86,Success,,https://www.j-shis.bosai.go.jp/map/api/meshsearch?center=133.80640000%2C34.03170000&epsg=4326&format=geojson&filter=AVS_gt_0&radius=1.000&limit=1&order=DIST&version=V4
TKSH02,34.0112,134.0918,/home/zhangb/work/people/zhangbei/team_claude/team_pytorch/station_cache_d9a7d4d6.csv,1.0,V4,400.3,1,j-shis_meshsearch_avs,5134001714,2,,1.00,Success,,https://www.j-shis.bosai.go.jp/map/api/meshsearch?center=134.09180000%2C34.01120000&epsg=4326&format=geojson&filter=AVS_gt_0&radius=1.000&limit=1&order=DIST&version=V4
TKSH03,33.8778,134.1294,/home/zhangb/work/people/zhangbei/team_claude/team_pytorch/station_cache_d9a7d4d6.csv,1.0,V4,775.5,1,j-shis_meshsearch_avs,5034615014,1,,0.57,Success,,https://www.j-shis.bosai.go.jp/map/api/meshsearch?center=134.12940000%2C33.87780000&epsg=4326&format=geojson&filter=AVS_gt_0&radius=1.000&limit=1&order=DIST&version=V4
TKSH04,33.9902,134.5337,/home/zhangb/work/people/zhangbei/team_claude/team_pytorch/station_cache_d9a7d4d6.csv,1.0,V4,295.3,1,j-shis_meshsearch_avs,5034748243,11,,1.30,Success,,https://www.j-shis.bosai.go.jp/map/api/meshsearch?center=134.53370000%2C33.99020000&epsg=4326&format=geojson&filter=AVS_gt_0&radius=1.000&limit=1&order=DIST&version=V4
TKSH05,33.6628,134.3156,/home/zhangb/work/people/zhangbei/team_claude/team_pytorch/station_cache_d9a7d4d6.csv,1.0,V4,336.7,1,j-shis_meshsearch_avs,5034329531,10,,1.16,Success,,https://www.j-shis.bosai.go.jp/map/api/meshsearch?center=134.31560000%2C33.66280000&epsg=4326&format=geojson&filter=AVS_gt_0&radius=1.000&limit=1&order=DIST&version=V4
TKSH06,33.9997,133.8933,/home/zhangb/work/people/zhangbei/team_claude/team_pytorch/station_cache_d9a7d4d6.csv,1.0,V4,400.3,1,j-shis_meshsearch_avs,5033779134,2,,1.00,Success,,https://www.j-shis.bosai.go.jp/map/api/meshsearch?center=133.89330000%2C33.99970000&epsg=4326&format=geojson&filter=AVS_gt_0&radius=1.000&limit=1&order=DIST&version=V4
TKY001,35.8031,139.0953,/home/zhangb/work/people/zhangbei/team_claude/team_pytorch/station_cache_d9a7d4d6.csv,1.0,V4,667.4,1,j-shis_meshsearch_avs,5339506723,2,,0.65,Success,,https://www.j-shis.bosai.go.jp/map/api/meshsearch?center=139.09530000%2C35.80310000&epsg=4326&format=geojson&filter=AVS_gt_0&radius=1.000&limit=1&order=DIST&version=V4
TKY002,35.7306,139.1454,/home/zhangb/work/people/zhangbei/team_claude/team_pytorch/station_cache_d9a7d4d6.csv,1.0,V4,674.6,1,j-shis_meshsearch_avs,5339417141,8,,0.64,Success,,https://www.j-shis.bosai.go.jp/map/api/meshsearch?center=139.14540000%2C35.73060000&epsg=4326&format=geojson&filter=AVS_gt_0&radius=1.000&limit=1&order=DIST&version=V4
TKY003,35.7968,139.2916,/home/zhangb/work/people/zhangbei/team_claude/team_pytorch/station_cache_d9a7d4d6.csv,1.0,V4,320.6,1,j-shis_meshsearch_avs,5339525332,9,,1.21,Success,,https://www.j-shis.bosai.go.jp/map/api/meshsearch?center=139.29160000%2C35.79680000&epsg=4326&format=geojson&filter=AVS_gt_0&radius=1.000&limit=1&order=DIST&version=V4
TKY004,35.6301,139.4034,/home/zhangb/work/people/zhangbei/team_claude/team_pytorch/station_cache_d9a7d4d6.csv,1.0,V4,376.7,1,j-shis_meshsearch_avs,5339335232,10,,1.05,Success,,https://www.j-shis.bosai.go.jp/map/api/meshsearch?center=139.40340000%2C35.63010000&epsg=4326&format=geojson&filter=AVS_gt_0&radius=1.000&limit=1&order=DIST&version=V4
TKY005,35.5798,139.4137,/home/zhangb/work/people/zhangbei/team_claude/team_pytorch/station_cache_d9a7d4d6.csv,1.0,V4,269.1,1,j-shis_meshsearch_avs,5339239331,9,,1.40,Success,,https://www.j-shis.bosai.go.jp/map/api/meshsearch?center=139.41370000%2C35.57980000&epsg=4326&format=geojson&filter=AVS_gt_0&radius=1.000&limit=1&order=DIST&version=V4
TKY006,35.6989,139.5028,/home/zhangb/work/people/zhangbei/team_claude/team_pytorch/station_cache_d9a7d4d6.csv,1.0,V4,249.5,1,j-shis_meshsearch_avs,5339443033,9,,1.50,Success,,https://www.j-shis.bosai.go.jp/map/api/meshsearch?center=139.50280000%2C35.69890000&epsg=4326&format=geojson&filter=AVS_gt_0&radius=1.000&limit=1&order=DIST&version=V4
TKY007,35.7111,139.6864,/home/zhangb/work/people/zhangbei/team_claude/team_pytorch/station_cache_d9a7d4d6.csv,1.0,V4,251.3,1,j-shis_meshsearch_avs,5339455424,9,,1.49,Success,,https://www.j-shis.bosai.go.jp/map/api/meshsearch?center=139.68640000%2C35.71110000&epsg=4326&format=geojson&filter=AVS_gt_0&radius=1.000&limit=1&order=DIST&version=V4
TKY008,34.7851,139.3909,/home/zhangb/work/people/zhangbei/team_claude/team_pytorch/station_cache_d9a7d4d6.csv,1.0,V4,510.4,1,j-shis_meshsearch_avs,5239134112,4,,0.81,Success,,https://www.j-shis.bosai.go.jp/map/api/meshsearch?center=139.39090000%2C34.78510000&epsg=4326&format=geojson&filter=AVS_gt_0&radius=1.000&limit=1&order=DIST&version=V4
TKY009,34.6867,139.441,/home/zhangb/work/people/zhangbei/team_claude/team_pytorch/station_cache_d9a7d4d6.csv,1.0,V4,304.7,1,j-shis_meshsearch_avs,5239032514,5,,1.26,Success,,https://www.j-shis.bosai.go.jp/map/api/meshsearch?center=139.44100000%2C34.68670000&epsg=4326&format=geojson&filter=AVS_gt_0&radius=1.000&limit=1&order=DIST&version=V4
TKY010,34.3779,139.2573,/home/zhangb/work/people/zhangbei/team_claude/team_pytorch/station_cache_d9a7d4d6.csv,1.0,V4,335.8,1,j-shis_meshsearch_avs,5139425023,5,,1.16,Success,,https://www.j-shis.bosai.go.jp/map/api/meshsearch?center=139.25730000%2C34.37790000&epsg=4326&format=geojson&filter=AVS_gt_0&radius=1.000&limit=1&order=DIST&version=V4
TKY012,33.1195,139.7986,/home/zhangb/work/people/zhangbei/team_claude/team_pytorch/station_cache_d9a7d4d6.csv,1.0,V4,294.5,1,j-shis_meshsearch_avs,4939564324,5,,1.30,Success,,https://www.j-shis.bosai.go.jp/map/api/meshsearch?center=139.79860000%2C33.11950000&epsg=4326&format=geojson&filter=AVS_gt_0&radius=1.000&limit=1&order=DIST&version=V4
TKY013,35.6627,139.8341,/home/zhangb/work/people/zhangbei/team_claude/team_pytorch/station_cache_d9a7d4d6.csv,1.0,V4,148.9,1,j-shis_meshsearch_avs,5339369641,20,,2.32,Success,,https://www.j-shis.bosai.go.jp/map/api/meshsearch?center=139.83410000%2C35.66270000&epsg=4326&format=geojson&filter=AVS_gt_0&radius=1.000&limit=1&order=DIST&version=V4
TKY014,35.7002,139.8351,/home/zhangb/work/people/zhangbei/team_claude/team_pytorch/station_cache_d9a7d4d6.csv,1.0,V4,144.0,1,j-shis_meshsearch_avs,5339464622,19,,2.39,Success,,https://www.j-shis.bosai.go.jp/map/api/meshsearch?center=139.83510000%2C35.70020000&epsg=4326&format=geojson&filter=AVS_gt_0&radius=1.000&limit=1&order=DIST&version=V4
TKY015,35.7313,139.8119,/home/zhangb/work/people/zhangbei/team_claude/team_pytorch/station_cache_d9a7d4d6.csv,1.0,V4,154.2,1,j-shis_meshsearch_avs,5339467444,15,,2.25,Success,,https://www.j-shis.bosai.go.jp/map/api/meshsearch?center=139.81190000%2C35.73130000&epsg=4326&format=geojson&filter=AVS_gt_0&radius=1.000&limit=1&order=DIST&version=V4
TKY016,35.6486,139.799,/home/zhangb/work/people/zhangbei/team_claude/team_pytorch/station_cache_d9a7d4d6.csv,1.0,V4,165.0,1,j-shis_meshsearch_avs,5339367344,20,,2.13,Success,,https://www.j-shis.bosai.go.jp/map/api/meshsearch?center=139.79900000%2C35.64860000&epsg=4326&format=geojson&filter=AVS_gt_0&radius=1.000&limit=1&order=DIST&version=V4
TKY017,35.6473,139.8092,/home/zhangb/work/people/zhangbei/team_claude/team_pytorch/station_cache_d9a7d4d6.csv,1.0,V4,175.9,1,j-shis_meshsearch_avs,5339367441,20,,2.01,Success,,https://www.j-shis.bosai.go.jp/map/api/meshsearch?center=139.80920000%2C35.64730000&epsg=4326&format=geojson&filter=AVS_gt_0&radius=1.000&limit=1&order=DIST&version=V4
TKY018,35.6553,139.8114,/home/zhangb/work/people/zhangbei/team_claude/team_pytorch/station_cache_d9a7d4d6.csv,1.0,V4,158.2,1,j-shis_meshsearch_avs,5339368442,20,,2.20,Success,,https://www.j-shis.bosai.go.jp/map/api/meshsearch?center=139.81140000%2C35.65530000&epsg=4326&format=geojson&filter=AVS_gt_0&radius=1.000&limit=1&order=DIST&version=V4
TKY020,35.6646,139.8086,/home/zhangb/work/people/zhangbei/team_claude/team_pytorch/station_cache_d9a7d4d6.csv,1.0,V4,187.7,1,j-shis_meshsearch_avs,5339369443,20,,1.90,Success,,https://www.j-shis.bosai.go.jp/map/api/meshsearch?center=139.80860000%2C35.66460000&epsg=4326&format=geojson&filter=AVS_gt_0&radius=1.000&limit=1&order=DIST&version=V4
TKY021,35.6875,139.819,/home/zhangb/work/people/zhangbei/team_claude/team_pytorch/station_cache_d9a7d4d6.csv,1.0,V4,156.8,1,j-shis_meshsearch_avs,5339462541,19,,2.22,Success,,https://www.j-shis.bosai.go.jp/map/api/meshsearch?center=139.81900000%2C35.68750000&epsg=4326&format=geojson&filter=AVS_gt_0&radius=1.000&limit=1&order=DIST&version=V4
TKY022,35.7002,139.7963,/home/zhangb/work/people/zhangbei/team_claude/team_pytorch/station_cache_d9a7d4d6.csv,1.0,V4,209.5,1,j-shis_meshsearch_avs,5339464321,19,,1.73,Success,,https://www.j-shis.bosai.go.jp/map/api/meshsearch?center=139.79630000%2C35.70020000&epsg=4326&format=geojson&filter=AVS_gt_0&radius=1.000&limit=1&order=DIST&version=V4
TKY023,35.7259,139.8254,/home/zhangb/work/people/zhangbei/team_claude/team_pytorch/station_cache_d9a7d4d6.csv,1.0,V4,156.3,1,j-shis_meshsearch_avs,5339467611,15,,2.23,Success,,https://www.j-shis.bosai.go.jp/map/api/meshsearch?center=139.82540000%2C35.72590000&epsg=4326&format=geojson&filter=AVS_gt_0&radius=1.000&limit=1&order=DIST&version=V4
TKY024,35.7422,139.8612,/home/zhangb/work/people/zhangbei/team_claude/team_pytorch/station_cache_d9a7d4d6.csv,1.0,V4,228.2,1,j-shis_meshsearch_avs,5339469822,14,,1.61,Success,,https://www.j-shis.bosai.go.jp/map/api/meshsearch?center=139.86120000%2C35.74220000&epsg=4326&format=geojson&filter=AVS_gt_0&radius=1.000&limit=1&order=DIST&version=V4
TKY025,35.7136,139.8972,/home/zhangb/work/people/zhangbei/team_claude/team_pytorch/station_cache_d9a7d4d6.csv,1.0,V4,216.8,1,j-shis_meshsearch_avs,5339475142,15,,1.69,Success,,https://www.j-shis.bosai.go.jp/map/api/meshsearch?center=139.89720000%2C35.71360000&epsg=4326&format=geojson&filter=AVS_gt_0&radius=1.000&limit=1&order=DIST&version=V4
TKY026,35.6707,139.8633,/home/zhangb/work/people/zhangbei/team_claude/team_pytorch/station_cache_d9a7d4d6.csv,1.0,V4,135.3,1,j-shis_meshsearch_avs,5339460913,19,,2.52,Success,,https://www.j-shis.bosai.go.jp/map/api/meshsearch?center=139.86330000%2C35.67070000&epsg=4326&format=geojson&filter=AVS_gt_0&radius=1.000&limit=1&order=DIST&version=V4
TKY027,35.693,139.8913,/home/zhangb/work/people/zhangbei/team_claude/team_pytorch/station_cache_d9a7d4d6.csv,1.0,V4,142.2,1,j-shis_meshsearch_avs,5339473112,15,,2.41,Success,,https://www.j-shis.bosai.go.jp/map/api/meshsearch?center=139.89130000%2C35.69300000&epsg=4326&format=geojson&filter=AVS_gt_0&radius=1.000&limit=1&order=DIST&version=V4
TKY028,35.6698,139.7891,/home/zhangb/work/people/zhangbei/team_claude/team_pytorch/station_cache_d9a7d4d6.csv,1.0,V4,179.5,1,j-shis_meshsearch_avs,5339460313,20,,1.98,Success,,https://www.j-shis.bosai.go.jp/map/api/meshsearch?center=139.78910000%2C35.66980000&epsg=4326&format=geojson&filter=AVS_gt_0&radius=1.000&limit=1&order=DIST&version=V4
TKY029,34.0757,139.4789,/home/zhangb/work/people/zhangbei/team_claude/team_pytorch/station_cache_d9a7d4d6.csv,1.0,V4,290.7,1,j-shis_meshsearch_avs,5139039812,5,,1.31,Success,,https://www.j-shis.bosai.go.jp/map/api/meshsearch?center=139.47890000%2C34.07570000&epsg=4326&format=geojson&filter=AVS_gt_0&radius=1.000&limit=1&order=DIST&version=V4
TKY030,35.6698,139.736,/home/zhangb/work/people/zhangbei/team_claude/team_pytorch/station_cache_d9a7d4d6.csv,1.0,V4,277.0,1,j-shis_meshsearch_avs,5339450824,10,,1.37,Success,,https://www.j-shis.bosai.go.jp/map/api/meshsearch?center=139.73600000%2C35.66980000&epsg=4326&format=geojson&filter=AVS_gt_0&radius=1.000&limit=1&order=DIST&version=V4
TKY031,35.6789,139.707,/home/zhangb/work/people/zhangbei/team_claude/team_pytorch/station_cache_d9a7d4d6.csv,1.0,V4,247.7,1,j-shis_meshsearch_avs,5339451623,10,,1.50,Success,,https://www.j-shis.bosai.go.jp/map/api/meshsearch?center=139.70700000%2C35.67890000&epsg=4326&format=geojson&filter=AVS_gt_0&radius=1.000&limit=1&order=DIST&version=V4
TKYH12,35.6701,139.265,/home/zhangb/work/people/zhangbei/team_claude/team_pytorch/station_cache_d9a7d4d6.csv,1.0,V4,427.4,1,j-shis_meshsearch_avs,5339420113,3,,0.95,Success,,https://www.j-shis.bosai.go.jp/map/api/meshsearch?center=139.26500000%2C35.67010000&epsg=4326&format=geojson&filter=AVS_gt_0&radius=1.000&limit=1&order=DIST&version=V4
TKYH13,35.7017,139.1275,/home/zhangb/work/people/zhangbei/team_claude/team_pytorch/station_cache_d9a7d4d6.csv,1.0,V4,644.7,1,j-shis_meshsearch_avs,5339414011,1,,0.67,Success,,https://www.j-shis.bosai.go.jp/map/api/meshsearch?center=139.12750000%2C35.70170000&epsg=4326&format=geojson&filter=AVS_gt_0&radius=1.000&limit=1&order=DIST&version=V4
TTR001,35.3398,134.4007,/home/zhangb/work/people/zhangbei/team_claude/team_pytorch/station_cache_d9a7d4d6.csv,1.0,V4,434.0,1,j-shis_meshsearch_avs,5334030233,10,,0.93,Success,,https://www.j-shis.bosai.go.jp/map/api/meshsearch?center=134.40070000%2C35.33980000&epsg=4326&format=geojson&filter=AVS_gt_0&radius=1.000&limit=1&order=DIST&version=V4
TTR002,35.4859,134.2201,/home/zhangb/work/people/zhangbei/team_claude/team_pytorch/station_cache_d9a7d4d6.csv,1.0,V4,163.5,1,j-shis_meshsearch_avs,5334118723,13,,2.14,Success,,https://www.j-shis.bosai.go.jp/map/api/meshsearch?center=134.22010000%2C35.48590000&epsg=4326&format=geojson&filter=AVS_gt_0&radius=1.000&limit=1&order=DIST&version=V4
TTR003,35.3432,134.2075,/home/zhangb/work/people/zhangbei/team_claude/team_pytorch/station_cache_d9a7d4d6.csv,1.0,V4,641.3,1,j-shis_meshsearch_avs,5334011621,1,,0.67,Success,,https://www.j-shis.bosai.go.jp/map/api/meshsearch?center=134.20750000%2C35.34320000&epsg=4326&format=geojson&filter=AVS_gt_0&radius=1.000&limit=1&order=DIST&version=V4
TTR004,35.4606,134.0548,/home/zhangb/work/people/zhangbei/team_claude/team_pytorch/station_cache_d9a7d4d6.csv,1.0,V4,323.0,1,j-shis_meshsearch_avs,5334105414,11,,1.20,Success,,https://www.j-shis.bosai.go.jp/map/api/meshsearch?center=134.05480000%2C35.46060000&epsg=4326&format=geojson&filter=AVS_gt_0&radius=1.000&limit=1&order=DIST&version=V4
TTR005,35.4298,133.8258,/home/zhangb/work/people/zhangbei/team_claude/team_pytorch/station_cache_d9a7d4d6.csv,1.0,V4,434.8,1,j-shis_meshsearch_avs,5333161631,8,,0.93,Success,,https://www.j-shis.bosai.go.jp/map/api/meshsearch?center=133.82580000%2C35.42980000&epsg=4326&format=geojson&filter=AVS_gt_0&radius=1.000&limit=1&order=DIST&version=V4
TTR006,35.5144,133.6297,/home/zhangb/work/people/zhangbei/team_claude/team_pytorch/station_cache_d9a7d4d6.csv,1.0,V4,270.8,1,j-shis_meshsearch_avs,5333251032,5,,1.39,Success,,https://www.j-shis.bosai.go.jp/map/api/meshsearch?center=133.62970000%2C35.51440000&epsg=4326&format=geojson&filter=AVS_gt_0&radius=1.000&limit=1&order=DIST&version=V4
TTR007,35.2836,133.4866,/home/zhangb/work/people/zhangbei/team_claude/team_pytorch/station_cache_d9a7d4d6.csv,1.0,V4,390.0,1,j-shis_meshsearch_avs,5233734822,10,,1.02,Success,,https://www.j-shis.bosai.go.jp/map/api/meshsearch?center=133.48660000%2C35.28360000&epsg=4326&format=geojson&filter=AVS_gt_0&radius=1.000&limit=1&order=DIST&version=V4
TTR008,35.4259,133.3301,/home/zhangb/work/people/zhangbei/team_claude/team_pytorch/station_cache_d9a7d4d6.csv,1.0,V4,207.5,1,j-shis_meshsearch_avs,5333121612,15,,1.75,Success,,https://www.j-shis.bosai.go.jp/map/api/meshsearch?center=133.33010000%2C35.42590000&epsg=4326&format=geojson&filter=AVS_gt_0&radius=1.000&limit=1&order=DIST&version=V4
TTR009,35.1712,133.3118,/home/zhangb/work/people/zhangbei/team_claude/team_pytorch/station_cache_d9a7d4d6.csv,1.0,V4,451.0,1,j-shis_meshsearch_avs,5233620442,10,,0.90,Success,,https://www.j-shis.bosai.go.jp/map/api/meshsearch?center=133.31180000%2C35.17120000&epsg=4326&format=geojson&filter=AVS_gt_0&radius=1.000&limit=1&order=DIST&version=V4
TTRH01,35.2604,134.2173,/home/zhangb/work/people/zhangbei/team_claude/team_pytorch/station_cache_d9a7d4d6.csv,1.0,V4,641.3,1,j-shis_meshsearch_avs,5234711712,1,,0.67,Success,,https://www.j-shis.bosai.go.jp/map/api/meshsearch?center=134.21730000%2C35.26040000&epsg=4326&format=geojson&filter=AVS_gt_0&radius=1.000&limit=1&order=DIST&version=V4
TTRH02,35.2313,133.3909,/home/zhangb/work/people/zhangbei/team_claude/team_pytorch/station_cache_d9a7d4d6.csv,1.0,V4,400.3,1,j-shis_meshsearch_avs,5233637134,2,,1.00,Success,,https://www.j-shis.bosai.go.jp/map/api/meshsearch?center=133.39090000%2C35.23130000&epsg=4326&format=geojson&filter=AVS_gt_0&radius=1.000&limit=1&order=DIST&version=V4
TTRH03,35.3553,133.4918,/home/zhangb/work/people/zhangbei/team_claude/team_pytorch/station_cache_d9a7d4d6.csv,1.0,V4,510.4,1,j-shis_meshsearch_avs,5333032932,4,,0.81,Success,,https://www.j-shis.bosai.go.jp/map/api/meshsearch?center=133.49180000%2C35.35530000&epsg=4326&format=geojson&filter=AVS_gt_0&radius=1.000&limit=1&order=DIST&version=V4
TTRH04,35.4668,133.6307,/home/zhangb/work/people/zhangbei/team_claude/team_pytorch/station_cache_d9a7d4d6.csv,1.0,V4,355.8,1,j-shis_meshsearch_avs,5333156012,11,,1.10,Success,,https://www.j-shis.bosai.go.jp/map/api/meshsearch?center=133.63070000%2C35.46680000&epsg=4326&format=geojson&filter=AVS_gt_0&radius=1.000&limit=1&order=DIST&version=V4
TTRH06,35.3946,134.1988,/home/zhangb/work/people/zhangbei/team_claude/team_pytorch/station_cache_d9a7d4d6.csv,1.0,V4,329.8,1,j-shis_meshsearch_avs,5334017524,10,,1.18,Success,,https://www.j-shis.bosai.go.jp/map/api/meshsearch?center=134.19880000%2C35.39460000&epsg=4326&format=geojson&filter=AVS_gt_0&radius=1.000&limit=1&order=DIST&version=V4
TYM001,36.9764,137.6257,/home/zhangb/work/people/zhangbei/team_claude/team_pytorch/station_cache_d9a7d4d6.csv,1.0,V4,456.4,1,j-shis_meshsearch_avs,5537357011,8,,0.89,Success,,https://www.j-shis.bosai.go.jp/map/api/meshsearch?center=137.62570000%2C36.97640000&epsg=4326&format=geojson&filter=AVS_gt_0&radius=1.000&limit=1&order=DIST&version=V4
TYM002,36.8659,136.975,/home/zhangb/work/people/zhangbei/team_claude/team_pytorch/station_cache_d9a7d4d6.csv,1.0,V4,207.5,1,j-shis_meshsearch_avs,5536273744,15,,1.75,Success,,https://www.j-shis.bosai.go.jp/map/api/meshsearch?center=136.97500000%2C36.86590000&epsg=4326&format=geojson&filter=AVS_gt_0&radius=1.000&limit=1&order=DIST&version=V4
TYM003,36.8164,137.42,/home/zhangb/work/people/zhangbei/team_claude/team_pytorch/station_cache_d9a7d4d6.csv,1.0,V4,390.1,1,j-shis_meshsearch_avs,5537137343,8,,1.02,Success,,https://www.j-shis.bosai.go.jp/map/api/meshsearch?center=137.42000000%2C36.81640000&epsg=4326&format=geojson&filter=AVS_gt_0&radius=1.000&limit=1&order=DIST&version=V4
TYM004,36.8626,137.5274,/home/zhangb/work/people/zhangbei/team_claude/team_pytorch/station_cache_d9a7d4d6.csv,1.0,V4,348.8,1,j-shis_meshsearch_avs,5537243231,11,,1.12,Success,,https://www.j-shis.bosai.go.jp/map/api/meshsearch?center=137.52740000%2C36.86260000&epsg=4326&format=geojson&filter=AVS_gt_0&radius=1.000&limit=1&order=DIST&version=V4
TYM005,36.7611,137.0931,/home/zhangb/work/people/zhangbei/team_claude/team_pytorch/station_cache_d9a7d4d6.csv,1.0,V4,178.8,1,j-shis_meshsearch_avs,5537101714,15,,1.99,Success,,https://www.j-shis.bosai.go.jp/map/api/meshsearch?center=137.09310000%2C36.76110000&epsg=4326&format=geojson&filter=AVS_gt_0&radius=1.000&limit=1&order=DIST&version=V4
TYM006,36.6731,136.8974,/home/zhangb/work/people/zhangbei/team_claude/team_pytorch/station_cache_d9a7d4d6.csv,1.0,V4,303.3,1,j-shis_meshsearch_avs,5536070144,11,,1.27,Success,,https://www.j-shis.bosai.go.jp/map/api/meshsearch?center=136.89740000%2C36.67310000&epsg=4326&format=geojson&filter=AVS_gt_0&radius=1.000&limit=1&order=DIST&version=V4
TYM007,36.6687,137.2123,/home/zhangb/work/people/zhangbei/team_claude/team_pytorch/station_cache_d9a7d4d6.csv,1.0,V4,293.2,1,j-shis_meshsearch_avs,5537010622,11,,1.30,Success,,https://www.j-shis.bosai.go.jp/map/api/meshsearch?center=137.21230000%2C36.66870000&epsg=4326&format=geojson&filter=AVS_gt_0&radius=1.000&limit=1&order=DIST&version=V4
TYM008,36.6085,137.2826,/home/zhangb/work/people/zhangbei/team_claude/team_pytorch/station_cache_d9a7d4d6.csv,1.0,V4,352.6,1,j-shis_meshsearch_avs,5437723221,11,,1.11,Success,,https://www.j-shis.bosai.go.jp/map/api/meshsearch?center=137.28260000%2C36.60850000&epsg=4326&format=geojson&filter=AVS_gt_0&radius=1.000&limit=1&order=DIST&version=V4
TYM009,36.5853,137.1403,/home/zhangb/work/people/zhangbei/team_claude/team_pytorch/station_cache_d9a7d4d6.csv,1.0,V4,465.3,1,j-shis_meshsearch_avs,5437710111,8,,0.88,Success,,https://www.j-shis.bosai.go.jp/map/api/meshsearch?center=137.14030000%2C36.58530000&epsg=4326&format=geojson&filter=AVS_gt_0&radius=1.000&limit=1&order=DIST&version=V4
TYM010,36.5556,136.8883,/home/zhangb/work/people/zhangbei/team_claude/team_pytorch/station_cache_d9a7d4d6.csv,1.0,V4,334.5,1,j-shis_meshsearch_avs,5436676131,11,,1.16,Success,,https://www.j-shis.bosai.go.jp/map/api/meshsearch?center=136.88830000%2C36.55560000&epsg=4326&format=geojson&filter=AVS_gt_0&radius=1.000&limit=1&order=DIST&version=V4
TYM011,36.578,137.3851,/home/zhangb/work/people/zhangbei/team_claude/team_pytorch/station_cache_d9a7d4d6.csv,1.0,V4,549.7,1,j-shis_meshsearch_avs,5437639024,8,,0.76,Success,,https://www.j-shis.bosai.go.jp/map/api/meshsearch?center=137.38510000%2C36.57800000&epsg=4326&format=geojson&filter=AVS_gt_0&radius=1.000&limit=1&order=DIST&version=V4
TYM012,36.4402,137.0395,/home/zhangb/work/people/zhangbei/team_claude/team_pytorch/station_cache_d9a7d4d6.csv,1.0,V4,498.3,1,j-shis_meshsearch_avs,5437502333,10,,0.83,Success,,https://www.j-shis.bosai.go.jp/map/api/meshsearch?center=137.03950000%2C36.44020000&epsg=4326&format=geojson&filter=AVS_gt_0&radius=1.000&limit=1&order=DIST&version=V4
TYMH03,36.7294,137.2627,/home/zhangb/work/people/zhangbei/team_claude/team_pytorch/station_cache_d9a7d4d6.csv,1.0,V4,168.1,1,j-shis_meshsearch_avs,5537027131,15,,2.09,Success,,https://www.j-shis.bosai.go.jp/map/api/meshsearch?center=137.26270000%2C36.72940000&epsg=4326&format=geojson&filter=AVS_gt_0&radius=1.000&limit=1&order=DIST&version=V4
TYMH04,36.7914,137.4689,/home/zhangb/work/people/zhangbei/team_claude/team_pytorch/station_cache_d9a7d4d6.csv,1.0,V4,361.7,1,j-shis_meshsearch_avs,5537134743,11,,1.09,Success,,https://www.j-shis.bosai.go.jp/map/api/meshsearch?center=137.46890000%2C36.79140000&epsg=4326&format=geojson&filter=AVS_gt_0&radius=1.000&limit=1&order=DIST&version=V4
TYMH05,36.5736,136.9584,/home/zhangb/work/people/zhangbei/team_claude/team_pytorch/station_cache_d9a7d4d6.csv,1.0,V4,338.3,1,j-shis_meshsearch_avs,5436678643,11,,1.15,Success,,https://www.j-shis.bosai.go.jp/map/api/meshsearch?center=136.95840000%2C36.57360000&epsg=4326&format=geojson&filter=AVS_gt_0&radius=1.000&limit=1&order=DIST&version=V4
TYMH07,36.4406,137.0392,/home/zhangb/work/people/zhangbei/team_claude/team_pytorch/station_cache_d9a7d4d6.csv,1.0,V4,498.3,1,j-shis_meshsearch_avs,5437502333,10,,0.83,Success,,https://www.j-shis.bosai.go.jp/map/api/meshsearch?center=137.03920000%2C36.44060000&epsg=4326&format=geojson&filter=AVS_gt_0&radius=1.000&limit=1&order=DIST&version=V4
WKY001,34.2293,135.1694,/home/zhangb/work/people/zhangbei/team_claude/team_pytorch/station_cache_d9a7d4d6.csv,1.0,V4,207.5,1,j-shis_meshsearch_avs,5135217341,15,,1.75,Success,,https://www.j-shis.bosai.go.jp/map/api/meshsearch?center=135.16940000%2C34.22930000&epsg=4326&format=geojson&filter=AVS_gt_0&radius=1.000&limit=1&order=DIST&version=V4
WKY002,34.2755,135.4306,/home/zhangb/work/people/zhangbei/team_claude/team_pytorch/station_cache_d9a7d4d6.csv,1.0,V4,332.0,1,j-shis_meshsearch_avs,5135333412,11,,1.17,Success,,https://www.j-shis.bosai.go.jp/map/api/meshsearch?center=135.43060000%2C34.27550000&epsg=4326&format=geojson&filter=AVS_gt_0&radius=1.000&limit=1&order=DIST&version=V4
WKY003,34.0996,135.1161,/home/zhangb/work/people/zhangbei/team_claude/team_pytorch/station_cache_d9a7d4d6.csv,1.0,V4,207.5,1,j-shis_meshsearch_avs,5135101934,15,,1.75,Success,,https://www.j-shis.bosai.go.jp/map/api/meshsearch?center=135.11610000%2C34.09960000&epsg=4326&format=geojson&filter=AVS_gt_0&radius=1.000&limit=1&order=DIST&version=V4
WKY004,34.0841,135.431,/home/zhangb/work/people/zhangbei/team_claude/team_pytorch/station_cache_d9a7d4d6.csv,1.0,V4,509.3,1,j-shis_meshsearch_avs,5135130412,8,,0.81,Success,,https://www.j-shis.bosai.go.jp/map/api/meshsearch?center=135.43100000%2C34.08410000&epsg=4326&format=geojson&filter=AVS_gt_0&radius=1.000&limit=1&order=DIST&version=V4
WKY005,33.8943,135.4885,/home/zhangb/work/people/zhangbei/team_claude/team_pytorch/station_cache_d9a7d4d6.csv,1.0,V4,517.5,1,j-shis_meshsearch_avs,5035637913,8,,0.80,Success,,https://www.j-shis.bosai.go.jp/map/api/meshsearch?center=135.48850000%2C33.89430000&epsg=4326&format=geojson&filter=AVS_gt_0&radius=1.000&limit=1&order=DIST&version=V4
WKY006,33.9146,135.1639,/home/zhangb/work/people/zhangbei/team_claude/team_pytorch/station_cache_d9a7d4d6.csv,1.0,V4,272.8,1,j-shis_meshsearch_avs,5035619333,10,,1.39,Success,,https://www.j-shis.bosai.go.jp/map/api/meshsearch?center=135.16390000%2C33.91460000&epsg=4326&format=geojson&filter=AVS_gt_0&radius=1.000&limit=1&order=DIST&version=V4
WKY007,33.8374,135.7736,/home/zhangb/work/people/zhangbei/team_claude/team_pytorch/station_cache_d9a7d4d6.csv,1.0,V4,464.2,1,j-shis_meshsearch_avs,5035660124,8,,0.88,Success,,https://www.j-shis.bosai.go.jp/map/api/meshsearch?center=135.77360000%2C33.83740000&epsg=4326&format=geojson&filter=AVS_gt_0&radius=1.000&limit=1&order=DIST&version=V4
WKY008,33.7289,135.3771,/home/zhangb/work/people/zhangbei/team_claude/team_pytorch/station_cache_d9a7d4d6.csv,1.0,V4,260.2,1,j-shis_meshsearch_avs,5035437013,16,,1.44,Success,,https://www.j-shis.bosai.go.jp/map/api/meshsearch?center=135.37710000%2C33.72890000&epsg=4326&format=geojson&filter=AVS_gt_0&radius=1.000&limit=1&order=DIST&version=V4
WKY009,33.7208,135.9814,/home/zhangb/work/people/zhangbei/team_claude/team_pytorch/station_cache_d9a7d4d6.csv,1.0,V4,207.5,1,j-shis_meshsearch_avs,5035476823,15,,1.75,Success,,https://www.j-shis.bosai.go.jp/map/api/meshsearch?center=135.98140000%2C33.72080000&epsg=4326&format=geojson&filter=AVS_gt_0&radius=1.000&limit=1&order=DIST&version=V4
WKY010,33.5499,135.4973,/home/zhangb/work/people/zhangbei/team_claude/team_pytorch/station_cache_d9a7d4d6.csv,1.0,V4,641.3,1,j-shis_meshsearch_avs,5035235944,1,,0.67,Success,,https://www.j-shis.bosai.go.jp/map/api/meshsearch?center=135.49730000%2C33.54990000&epsg=4326&format=geojson&filter=AVS_gt_0&radius=1.000&limit=1&order=DIST&version=V4
WKY011,33.5948,135.9462,/home/zhangb/work/people/zhangbei/team_claude/team_pytorch/station_cache_d9a7d4d6.csv,1.0,V4,207.5,1,j-shis_meshsearch_avs,5035371523,15,,1.75,Success,,https://www.j-shis.bosai.go.jp/map/api/meshsearch?center=135.94620000%2C33.59480000&epsg=4326&format=geojson&filter=AVS_gt_0&radius=1.000&limit=1&order=DIST&version=V4
WKY012,33.4719,135.7835,/home/zhangb/work/people/zhangbei/team_claude/team_pytorch/station_cache_d9a7d4d6.csv,1.0,V4,253.3,1,j-shis_meshsearch_avs,5035166241,20,,1.48,Success,,https://www.j-shis.bosai.go.jp/map/api/meshsearch?center=135.78350000%2C33.47190000&epsg=4326&format=geojson&filter=AVS_gt_0&radius=1.000&limit=1&order=DIST&version=V4
WKY013,34.2159,135.5864,/home/zhangb/work/people/zhangbei/team_claude/team_pytorch/station_cache_d9a7d4d6.csv,1.0,V4,519.5,1,j-shis_meshsearch_avs,5135245644,10,,0.80,Success,,https://www.j-shis.bosai.go.jp/map/api/meshsearch?center=135.58640000%2C34.21590000&epsg=4326&format=geojson&filter=AVS_gt_0&radius=1.000&limit=1&order=DIST&version=V4
WKY014,33.7056,135.6396,/home/zhangb/work/people/zhangbei/team_claude/team_pytorch/station_cache_d9a7d4d6.csv,1.0,V4,400.3,1,j-shis_meshsearch_avs,5035454131,2,,1.00,Success,,https://www.j-shis.bosai.go.jp/map/api/meshsearch?center=135.63960000%2C33.70560000&epsg=4326&format=geojson&filter=AVS_gt_0&radius=1.000&limit=1&order=DIST&version=V4
WKYH01,33.9804,135.2122,/home/zhangb/work/people/zhangbei/team_claude/team_pytorch/station_cache_d9a7d4d6.csv,1.0,V4,488.2,1,j-shis_meshsearch_avs,5035717642,8,,0.84,Success,,https://www.j-shis.bosai.go.jp/map/api/meshsearch?center=135.21220000%2C33.98040000&epsg=4326&format=geojson&filter=AVS_gt_0&radius=1.000&limit=1&order=DIST&version=V4
WKYH03,34.1314,135.3244,/home/zhangb/work/people/zhangbei/team_claude/team_pytorch/station_cache_d9a7d4d6.csv,1.0,V4,400.3,1,j-shis_meshsearch_avs,5135125544,2,,1.00,Success,,https://www.j-shis.bosai.go.jp/map/api/meshsearch?center=135.32440000%2C34.13140000&epsg=4326&format=geojson&filter=AVS_gt_0&radius=1.000&limit=1&order=DIST&version=V4
WKYH06,33.6948,135.5953,/home/zhangb/work/people/zhangbei/team_claude/team_pytorch/station_cache_d9a7d4d6.csv,1.0,V4,641.3,1,j-shis_meshsearch_avs,5035443723,1,,0.67,Success,,https://www.j-shis.bosai.go.jp/map/api/meshsearch?center=135.59530000%2C33.69480000&epsg=4326&format=geojson&filter=AVS_gt_0&radius=1.000&limit=1&order=DIST&version=V4
WKYH07,33.6894,135.4396,/home/zhangb/work/people/zhangbei/team_claude/team_pytorch/station_cache_d9a7d4d6.csv,1.0,V4,341.5,1,j-shis_meshsearch_avs,5035432531,10,,1.14,Success,,https://www.j-shis.bosai.go.jp/map/api/meshsearch?center=135.43960000%2C33.68940000&epsg=4326&format=geojson&filter=AVS_gt_0&radius=1.000&limit=1&order=DIST&version=V4
WKYH10,33.8248,135.2172,/home/zhangb/work/people/zhangbei/team_claude/team_pytorch/station_cache_d9a7d4d6.csv,1.0,V4,449.7,1,j-shis_meshsearch_avs,5035518734,3,,0.91,Success,,https://www.j-shis.bosai.go.jp/map/api/meshsearch?center=135.21720000%2C33.82480000&epsg=4326&format=geojson&filter=AVS_gt_0&radius=1.000&limit=1&order=DIST&version=V4
YMG001,34.6172,131.6022,/home/zhangb/work/people/zhangbei/team_claude/team_pytorch/station_cache_d9a7d4d6.csv,1.0,V4,207.5,1,j-shis_meshsearch_avs,5131744811,15,,1.75,Success,,https://www.j-shis.bosai.go.jp/map/api/meshsearch?center=131.60220000%2C34.61720000&epsg=4326&format=geojson&filter=AVS_gt_0&radius=1.000&limit=1&order=DIST&version=V4
YMG002,34.4077,131.3986,/home/zhangb/work/people/zhangbei/team_claude/team_pytorch/station_cache_d9a7d4d6.csv,1.0,V4,207.5,1,j-shis_meshsearch_avs,5131438144,15,,1.75,Success,,https://www.j-shis.bosai.go.jp/map/api/meshsearch?center=131.39860000%2C34.40770000&epsg=4326&format=geojson&filter=AVS_gt_0&radius=1.000&limit=1&order=DIST&version=V4
YMG003,34.383,131.5999,/home/zhangb/work/people/zhangbei/team_claude/team_pytorch/station_cache_d9a7d4d6.csv,1.0,V4,522.4,1,j-shis_meshsearch_avs,5131445744,8,,0.80,Success,,https://www.j-shis.bosai.go.jp/map/api/meshsearch?center=131.59990000%2C34.38300000&epsg=4326&format=geojson&filter=AVS_gt_0&radius=1.000&limit=1&order=DIST&version=V4
YMG004,34.3634,131.1865,/home/zhangb/work/people/zhangbei/team_claude/team_pytorch/station_cache_d9a7d4d6.csv,1.0,V4,364.8,1,j-shis_meshsearch_avs,5131413442,3,,1.08,Success,,https://www.j-shis.bosai.go.jp/map/api/meshsearch?center=131.18650000%2C34.36340000&epsg=4326&format=geojson&filter=AVS_gt_0&radius=1.000&limit=1&order=DIST&version=V4
YMG005,34.2907,130.9487,/home/zhangb/work/people/zhangbei/team_claude/team_pytorch/station_cache_d9a7d4d6.csv,1.0,V4,359.8,1,j-shis_meshsearch_avs,5130374544,3,,1.09,Success,,https://www.j-shis.bosai.go.jp/map/api/meshsearch?center=130.94870000%2C34.29070000&epsg=4326&format=geojson&filter=AVS_gt_0&radius=1.000&limit=1&order=DIST&version=V4
YMG006,34.1487,130.9299,/home/zhangb/work/people/zhangbei/team_claude/team_pytorch/station_cache_d9a7d4d6.csv,1.0,V4,207.5,1,j-shis_meshsearch_avs,5130177434,15,,1.75,Success,,https://www.j-shis.bosai.go.jp/map/api/meshsearch?center=130.92990000%2C34.14870000&epsg=4326&format=geojson&filter=AVS_gt_0&radius=1.000&limit=1&order=DIST&version=V4
YMG007,34.1659,131.2065,/home/zhangb/work/people/zhangbei/team_claude/team_pytorch/station_cache_d9a7d4d6.csv,1.0,V4,366.8,1,j-shis_meshsearch_avs,5131119643,10,,1.08,Success,,https://www.j-shis.bosai.go.jp/map/api/meshsearch?center=131.20650000%2C34.16590000&epsg=4326&format=geojson&filter=AVS_gt_0&radius=1.000&limit=1&order=DIST&version=V4
YMG008,34.0119,131.4099,/home/zhangb/work/people/zhangbei/team_claude/team_pytorch/station_cache_d9a7d4d6.csv,1.0,V4,236.3,1,j-shis_meshsearch_avs,5131031224,19,,1.57,Success,,https://www.j-shis.bosai.go.jp/map/api/meshsearch?center=131.40990000%2C34.01190000&epsg=4326&format=geojson&filter=AVS_gt_0&radius=1.000&limit=1&order=DIST&version=V4
YMG009,34.2315,131.8175,/home/zhangb/work/people/zhangbei/team_claude/team_pytorch/station_cache_d9a7d4d6.csv,1.0,V4,543.5,1,j-shis_meshsearch_avs,5131267534,8,,0.77,Success,,https://www.j-shis.bosai.go.jp/map/api/meshsearch?center=131.81750000%2C34.23150000&epsg=4326&format=geojson&filter=AVS_gt_0&radius=1.000&limit=1&order=DIST&version=V4
YMG010,34.2303,131.9819,/home/zhangb/work/people/zhangbei/team_claude/team_pytorch/station_cache_d9a7d4d6.csv,1.0,V4,472.4,1,j-shis_meshsearch_avs,5131277841,8,,0.87,Success,,https://www.j-shis.bosai.go.jp/map/api/meshsearch?center=131.98190000%2C34.23030000&epsg=4326&format=geojson&filter=AVS_gt_0&radius=1.000&limit=1&order=DIST&version=V4
YMG011,34.0643,131.0213,/home/zhangb/work/people/zhangbei/team_claude/team_pytorch/station_cache_d9a7d4d6.csv,1.0,V4,427.0,1,j-shis_meshsearch_avs,5131007141,8,,0.95,Success,,https://www.j-shis.bosai.go.jp/map/api/meshsearch?center=131.02130000%2C34.06430000&epsg=4326&format=geojson&filter=AVS_gt_0&radius=1.000&limit=1&order=DIST&version=V4
YMG012,33.9943,131.2179,/home/zhangb/work/people/zhangbei/team_claude/team_pytorch/station_cache_d9a7d4d6.csv,1.0,V4,236.3,1,j-shis_meshsearch_avs,5031719714,19,,1.57,Success,,https://www.j-shis.bosai.go.jp/map/api/meshsearch?center=131.21790000%2C33.99430000&epsg=4326&format=geojson&filter=AVS_gt_0&radius=1.000&limit=1&order=DIST&version=V4
YMG013,34.0313,131.5342,/home/zhangb/work/people/zhangbei/team_claude/team_pytorch/station_cache_d9a7d4d6.csv,1.0,V4,207.5,1,j-shis_meshsearch_avs,5131043243,15,,1.75,Success,,https://www.j-shis.bosai.go.jp/map/api/meshsearch?center=131.53420000%2C34.03130000&epsg=4326&format=geojson&filter=AVS_gt_0&radius=1.000&limit=1&order=DIST&version=V4
YMG014,34.0542,131.8077,/home/zhangb/work/people/zhangbei/team_claude/team_pytorch/station_cache_d9a7d4d6.csv,1.0,V4,410.7,1,j-shis_meshsearch_avs,5131066441,8,,0.98,Success,,https://www.j-shis.bosai.go.jp/map/api/meshsearch?center=131.80770000%2C34.05420000&epsg=4326&format=geojson&filter=AVS_gt_0&radius=1.000&limit=1&order=DIST&version=V4
YMG015,34.0966,132.0761,/home/zhangb/work/people/zhangbei/team_claude/team_pytorch/station_cache_d9a7d4d6.csv,1.0,V4,468.1,1,j-shis_meshsearch_avs,5132101631,8,,0.87,Success,,https://www.j-shis.bosai.go.jp/map/api/meshsearch?center=132.07610000%2C34.09660000&epsg=4326&format=geojson&filter=AVS_gt_0&radius=1.000&limit=1&order=DIST&version=V4
YMG016,34.1703,132.1764,/home/zhangb/work/people/zhangbei/team_claude/team_pytorch/station_cache_d9a7d4d6.csv,1.0,V4,168.5,1,j-shis_meshsearch_avs,5132210413,13,,2.09,Success,,https://www.j-shis.bosai.go.jp/map/api/meshsearch?center=132.17640000%2C34.17030000&epsg=4326&format=geojson&filter=AVS_gt_0&radius=1.000&limit=1&order=DIST&version=V4
YMG017,33.9649,132.1011,/home/zhangb/work/people/zhangbei/team_claude/team_pytorch/station_cache_d9a7d4d6.csv,1.0,V4,236.3,1,j-shis_meshsearch_avs,5032705833,19,,1.57,Success,,https://www.j-shis.bosai.go.jp/map/api/meshsearch?center=132.10110000%2C33.96490000&epsg=4326&format=geojson&filter=AVS_gt_0&radius=1.000&limit=1&order=DIST&version=V4
YMG018,33.9091,132.3559,/home/zhangb/work/people/zhangbei/team_claude/team_pytorch/station_cache_d9a7d4d6.csv,1.0,V4,253.3,1,j-shis_meshsearch_avs,5032629812,20,,1.48,Success,,https://www.j-shis.bosai.go.jp/map/api/meshsearch?center=132.35590000%2C33.90910000&epsg=4326&format=geojson&filter=AVS_gt_0&radius=1.000&limit=1&order=DIST&version=V4
YMG019,33.8454,132.1204,/home/zhangb/work/people/zhangbei/team_claude/team_pytorch/station_cache_d9a7d4d6.csv,1.0,V4,526.1,1,j-shis_meshsearch_avs,5032601923,3,,0.79,Success,,https://www.j-shis.bosai.go.jp/map/api/meshsearch?center=132.12040000%2C33.84540000&epsg=4326&format=geojson&filter=AVS_gt_0&radius=1.000&limit=1&order=DIST&version=V4
YMGH03,34.1891,132.126,/home/zhangb/work/people/zhangbei/team_claude/team_pytorch/station_cache_d9a7d4d6.csv,1.0,V4,775.5,1,j-shis_meshsearch_avs,5132212031,1,,0.57,Success,,https://www.j-shis.bosai.go.jp/map/api/meshsearch?center=132.12600000%2C34.18910000&epsg=4326&format=geojson&filter=AVS_gt_0&radius=1.000&limit=1&order=DIST&version=V4
YMGH04,34.027,132.0626,/home/zhangb/work/people/zhangbei/team_claude/team_pytorch/station_cache_d9a7d4d6.csv,1.0,V4,403.6,1,j-shis_meshsearch_avs,5132003511,10,,0.99,Success,,https://www.j-shis.bosai.go.jp/map/api/meshsearch?center=132.06260000%2C34.02700000&epsg=4326&format=geojson&filter=AVS_gt_0&radius=1.000&limit=1&order=DIST&version=V4
YMGH06,33.9893,131.3012,/home/zhangb/work/people/zhangbei/team_claude/team_pytorch/station_cache_d9a7d4d6.csv,1.0,V4,442.4,1,j-shis_meshsearch_avs,5031728431,3,,0.92,Success,,https://www.j-shis.bosai.go.jp/map/api/meshsearch?center=131.30120000%2C33.98930000&epsg=4326&format=geojson&filter=AVS_gt_0&radius=1.000&limit=1&order=DIST&version=V4
YMGH07,34.1149,131.0506,/home/zhangb/work/people/zhangbei/team_claude/team_pytorch/station_cache_d9a7d4d6.csv,1.0,V4,408.2,1,j-shis_meshsearch_avs,5131103433,8,,0.98,Success,,https://www.j-shis.bosai.go.jp/map/api/meshsearch?center=131.05060000%2C34.11490000&epsg=4326&format=geojson&filter=AVS_gt_0&radius=1.000&limit=1&order=DIST&version=V4
YMGH08,34.1349,130.9323,/home/zhangb/work/people/zhangbei/team_claude/team_pytorch/station_cache_d9a7d4d6.csv,1.0,V4,458.5,1,j-shis_meshsearch_avs,5130176421,8,,0.89,Success,,https://www.j-shis.bosai.go.jp/map/api/meshsearch?center=130.93230000%2C34.13490000&epsg=4326&format=geojson&filter=AVS_gt_0&radius=1.000&limit=1&order=DIST&version=V4
YMGH09,34.6257,131.6681,/home/zhangb/work/people/zhangbei/team_claude/team_pytorch/station_cache_d9a7d4d6.csv,1.0,V4,267.4,1,j-shis_meshsearch_avs,5131755312,10,,1.41,Success,,https://www.j-shis.bosai.go.jp/map/api/meshsearch?center=131.66810000%2C34.62570000&epsg=4326&format=geojson&filter=AVS_gt_0&radius=1.000&limit=1&order=DIST&version=V4
YMGH10,34.4837,131.6329,/home/zhangb/work/people/zhangbei/team_claude/team_pytorch/station_cache_d9a7d4d6.csv,1.0,V4,460.7,1,j-shis_meshsearch_avs,5131558021,10,,0.89,Success,,https://www.j-shis.bosai.go.jp/map/api/meshsearch?center=131.63290000%2C34.48370000&epsg=4326&format=geojson&filter=AVS_gt_0&radius=1.000&limit=1&order=DIST&version=V4
YMGH11,34.2091,131.6859,/home/zhangb/work/people/zhangbei/team_claude/team_pytorch/station_cache_d9a7d4d6.csv,1.0,V4,775.5,1,j-shis_meshsearch_avs,5131255422,1,,0.57,Success,,https://www.j-shis.bosai.go.jp/map/api/meshsearch?center=131.68590000%2C34.20910000&epsg=4326&format=geojson&filter=AVS_gt_0&radius=1.000&limit=1&order=DIST&version=V4
YMGH14,34.3979,131.3774,/home/zhangb/work/people/zhangbei/team_claude/team_pytorch/station_cache_d9a7d4d6.csv,1.0,V4,276.8,1,j-shis_meshsearch_avs,5131437031,10,,1.37,Success,,https://www.j-shis.bosai.go.jp/map/api/meshsearch?center=131.37740000%2C34.39790000&epsg=4326&format=geojson&filter=AVS_gt_0&radius=1.000&limit=1&order=DIST&version=V4
YMGH15,33.9725,131.8149,/home/zhangb/work/people/zhangbei/team_claude/team_pytorch/station_cache_d9a7d4d6.csv,1.0,V4,775.5,1,j-shis_meshsearch_avs,5031766531,1,,0.57,Success,,https://www.j-shis.bosai.go.jp/map/api/meshsearch?center=131.81490000%2C33.97250000&epsg=4326&format=geojson&filter=AVS_gt_0&radius=1.000&limit=1&order=DIST&version=V4
YMGH16,33.826,132.104,/home/zhangb/work/people/zhangbei/team_claude/team_pytorch/station_cache_d9a7d4d6.csv,1.0,V4,775.5,1,j-shis_meshsearch_avs,5032509812,1,,0.57,Success,,https://www.j-shis.bosai.go.jp/map/api/meshsearch?center=132.10400000%2C33.82600000&epsg=4326&format=geojson&filter=AVS_gt_0&radius=1.000&limit=1&order=DIST&version=V4
YMN001,35.7895,138.9198,/home/zhangb/work/people/zhangbei/team_claude/team_pytorch/station_cache_d9a7d4d6.csv,1.0,V4,416.2,1,j-shis_meshsearch_avs,5338574341,9,,0.97,Success,,https://www.j-shis.bosai.go.jp/map/api/meshsearch?center=138.91980000%2C35.78950000&epsg=4326&format=geojson&filter=AVS_gt_0&radius=1.000&limit=1&order=DIST&version=V4
YMN002,35.6133,138.9473,/home/zhangb/work/people/zhangbei/team_claude/team_pytorch/station_cache_d9a7d4d6.csv,1.0,V4,378.4,1,j-shis_meshsearch_avs,5338373542,9,,1.05,Success,,https://www.j-shis.bosai.go.jp/map/api/meshsearch?center=138.94730000%2C35.61330000&epsg=4326&format=geojson&filter=AVS_gt_0&radius=1.000&limit=1&order=DIST&version=V4
YMN003,35.4651,138.8129,/home/zhangb/work/people/zhangbei/team_claude/team_pytorch/station_cache_d9a7d4d6.csv,1.0,V4,303.7,1,j-shis_meshsearch_avs,5338165533,5,,1.26,Success,,https://www.j-shis.bosai.go.jp/map/api/meshsearch?center=138.81290000%2C35.46510000&epsg=4326&format=geojson&filter=AVS_gt_0&radius=1.000&limit=1&order=DIST&version=V4
YMN004,35.7025,138.7266,/home/zhangb/work/people/zhangbei/team_claude/team_pytorch/station_cache_d9a7d4d6.csv,1.0,V4,520.0,1,j-shis_meshsearch_avs,5338454813,8,,0.80,Success,,https://www.j-shis.bosai.go.jp/map/api/meshsearch?center=138.72660000%2C35.70250000&epsg=4326&format=geojson&filter=AVS_gt_0&radius=1.000&limit=1&order=DIST&version=V4
YMN005,35.6551,138.5679,/home/zhangb/work/people/zhangbei/team_claude/team_pytorch/station_cache_d9a7d4d6.csv,1.0,V4,366.0,1,j-shis_meshsearch_avs,5338348532,11,,1.08,Success,,https://www.j-shis.bosai.go.jp/map/api/meshsearch?center=138.56790000%2C35.65510000&epsg=4326&format=geojson&filter=AVS_gt_0&radius=1.000&limit=1&order=DIST&version=V4
YMN006,35.4685,138.6069,/home/zhangb/work/people/zhangbei/team_claude/team_pytorch/station_cache_d9a7d4d6.csv,1.0,V4,273.1,1,j-shis_meshsearch_avs,5338146821,5,,1.38,Success,,https://www.j-shis.bosai.go.jp/map/api/meshsearch?center=138.60690000%2C35.46850000&epsg=4326&format=geojson&filter=AVS_gt_0&radius=1.000&limit=1&order=DIST&version=V4
YMN007,35.279,138.4651,/home/zhangb/work/people/zhangbei/team_claude/team_pytorch/station_cache_d9a7d4d6.csv,1.0,V4,386.4,1,j-shis_meshsearch_avs,5238733713,10,,1.03,Success,,https://www.j-shis.bosai.go.jp/map/api/meshsearch?center=138.46510000%2C35.27900000&epsg=4326&format=geojson&filter=AVS_gt_0&radius=1.000&limit=1&order=DIST&version=V4
YMN008,35.4319,138.3321,/home/zhangb/work/people/zhangbei/team_claude/team_pytorch/station_cache_d9a7d4d6.csv,1.0,V4,470.0,1,j-shis_meshsearch_avs,5338121643,10,,0.87,Success,,https://www.j-shis.bosai.go.jp/map/api/meshsearch?center=138.33210000%2C35.43190000&epsg=4326&format=geojson&filter=AVS_gt_0&radius=1.000&limit=1&order=DIST&version=V4
YMN009,35.4966,138.4628,/home/zhangb/work/people/zhangbei/team_claude/team_pytorch/station_cache_d9a7d4d6.csv,1.0,V4,427.8,1,j-shis_meshsearch_avs,5338139731,10,,0.94,Success,,https://www.j-shis.bosai.go.jp/map/api/meshsearch?center=138.46280000%2C35.49660000&epsg=4326&format=geojson&filter=AVS_gt_0&radius=1.000&limit=1&order=DIST&version=V4
YMN010,35.7919,138.4182,/home/zhangb/work/people/zhangbei/team_claude/team_pytorch/station_cache_d9a7d4d6.csv,1.0,V4,321.2,1,j-shis_meshsearch_avs,5338535312,5,,1.21,Success,,https://www.j-shis.bosai.go.jp/map/api/meshsearch?center=138.41820000%2C35.79190000&epsg=4326&format=geojson&filter=AVS_gt_0&radius=1.000&limit=1&order=DIST&version=V4
YMN011,35.6384,138.3836,/home/zhangb/work/people/zhangbei/team_claude/team_pytorch/station_cache_d9a7d4d6.csv,1.0,V4,641.3,1,j-shis_meshsearch_avs,5338336041,1,,0.67,Success,,https://www.j-shis.bosai.go.jp/map/api/meshsearch?center=138.38360000%2C35.63840000&epsg=4326&format=geojson&filter=AVS_gt_0&radius=1.000&limit=1&order=DIST&version=V4
YMNH09,35.4327,138.3325,/home/zhangb/work/people/zhangbei/team_claude/team_pytorch/station_cache_d9a7d4d6.csv,1.0,V4,470.0,1,j-shis_meshsearch_avs,5338121643,10,,0.87,Success,,https://www.j-shis.bosai.go.jp/map/api/meshsearch?center=138.33250000%2C35.43270000&epsg=4326&format=geojson&filter=AVS_gt_0&radius=1.000&limit=1&order=DIST&version=V4
YMNH10,35.5351,138.3087,/home/zhangb/work/people/zhangbei/team_claude/team_pytorch/station_cache_d9a7d4d6.csv,1.0,V4,577.0,1,j-shis_meshsearch_avs,5338224421,8,,0.73,Success,,https://www.j-shis.bosai.go.jp/map/api/meshsearch?center=138.30870000%2C35.53510000&epsg=4326&format=geojson&filter=AVS_gt_0&radius=1.000&limit=1&order=DIST&version=V4
YMNH11,35.6247,138.9777,/home/zhangb/work/people/zhangbei/team_claude/team_pytorch/station_cache_d9a7d4d6.csv,1.0,V4,400.3,1,j-shis_meshsearch_avs,5338374833,2,,1.00,Success,,https://www.j-shis.bosai.go.jp/map/api/meshsearch?center=138.97770000%2C35.62470000&epsg=4326&format=geojson&filter=AVS_gt_0&radius=1.000&limit=1&order=DIST&version=V4
YMNH12,35.5623,138.449,/home/zhangb/work/people/zhangbei/team_claude/team_pytorch/station_cache_d9a7d4d6.csv,1.0,V4,386.5,1,j-shis_meshsearch_avs,5338237524,11,,1.03,Success,,https://www.j-shis.bosai.go.jp/map/api/meshsearch?center=138.44900000%2C35.56230000&epsg=4326&format=geojson&filter=AVS_gt_0&radius=1.000&limit=1&order=DIST&version=V4
YMNH14,35.5115,138.9675,/home/zhangb/work/people/zhangbei/team_claude/team_pytorch/station_cache_d9a7d4d6.csv,1.0,V4,641.3,1,j-shis_meshsearch_avs,5338271714,1,,0.67,Success,,https://www.j-shis.bosai.go.jp/map/api/meshsearch?center=138.96750000%2C35.51150000&epsg=4326&format=geojson&filter=AVS_gt_0&radius=1.000&limit=1&order=DIST&version=V4
YMNH15,35.5323,138.6045,/home/zhangb/work/people/zhangbei/team_claude/team_pytorch/station_cache_d9a7d4d6.csv,1.0,V4,560.9,1,j-shis_meshsearch_avs,5338243834,8,,0.75,Success,,https://www.j-shis.bosai.go.jp/map/api/meshsearch?center=138.60450000%2C35.53230000&epsg=4326&format=geojson&filter=AVS_gt_0&radius=1.000&limit=1&order=DIST&version=V4
YMNH16,35.7421,138.5653,/home/zhangb/work/people/zhangbei/team_claude/team_pytorch/station_cache_d9a7d4d6.csv,1.0,V4,641.3,1,j-shis_meshsearch_avs,5338449511,1,,0.67,Success,,https://www.j-shis.bosai.go.jp/map/api/meshsearch?center=138.56530000%2C35.74210000&epsg=4326&format=geojson&filter=AVS_gt_0&radius=1.000&limit=1&order=DIST&version=V4
YMT001,38.9142,139.8123,/home/zhangb/work/people/zhangbei/team_claude/team_pytorch/station_cache_d9a7d4d6.csv,1.0,V4,183.8,1,j-shis_meshsearch_avs,5839269442,14,,1.94,Success,,https://www.j-shis.bosai.go.jp/map/api/meshsearch?center=139.81230000%2C38.91420000&epsg=4326&format=geojson&filter=AVS_gt_0&radius=1.000&limit=1&order=DIST&version=V4
YMT002,38.7686,140.2965,/home/zhangb/work/people/zhangbei/team_claude/team_pytorch/station_cache_d9a7d4d6.csv,1.0,V4,352.5,1,j-shis_meshsearch_avs,5840122321,8,,1.11,Success,,https://www.j-shis.bosai.go.jp/map/api/meshsearch?center=140.29650000%2C38.76860000&epsg=4326&format=geojson&filter=AVS_gt_0&radius=1.000&limit=1&order=DIST&version=V4
YMT003,38.726,139.8023,/home/zhangb/work/people/zhangbei/team_claude/team_pytorch/station_cache_d9a7d4d6.csv,1.0,V4,169.1,1,j-shis_meshsearch_avs,5839067411,13,,2.08,Success,,https://www.j-shis.bosai.go.jp/map/api/meshsearch?center=139.80230000%2C38.72600000&epsg=4326&format=geojson&filter=AVS_gt_0&radius=1.000&limit=1&order=DIST&version=V4
YMT004,38.6208,139.5889,/home/zhangb/work/people/zhangbei/team_claude/team_pytorch/station_cache_d9a7d4d6.csv,1.0,V4,641.3,1,j-shis_meshsearch_avs,5739744713,1,,0.67,Success,,https://www.j-shis.bosai.go.jp/map/api/meshsearch?center=139.58890000%2C38.62080000&epsg=4326&format=geojson&filter=AVS_gt_0&radius=1.000&limit=1&order=DIST&version=V4
YMT005,38.6079,140.1627,/home/zhangb/work/people/zhangbei/team_claude/team_pytorch/station_cache_d9a7d4d6.csv,1.0,V4,317.7,1,j-shis_meshsearch_avs,5740712333,5,,1.22,Success,,https://www.j-shis.bosai.go.jp/map/api/meshsearch?center=140.16270000%2C38.60790000&epsg=4326&format=geojson&filter=AVS_gt_0&radius=1.000&limit=1&order=DIST&version=V4
YMT006,38.6001,140.4057,/home/zhangb/work/people/zhangbei/team_claude/team_pytorch/station_cache_d9a7d4d6.csv,1.0,V4,461.8,1,j-shis_meshsearch_avs,5740732212,8,,0.88,Success,,https://www.j-shis.bosai.go.jp/map/api/meshsearch?center=140.40570000%2C38.60010000&epsg=4326&format=geojson&filter=AVS_gt_0&radius=1.000&limit=1&order=DIST&version=V4
YMT007,38.4302,140.3902,/home/zhangb/work/people/zhangbei/team_claude/team_pytorch/station_cache_d9a7d4d6.csv,1.0,V4,452.2,1,j-shis_meshsearch_avs,5740531131,8,,0.90,Success,,https://www.j-shis.bosai.go.jp/map/api/meshsearch?center=140.39020000%2C38.43020000&epsg=4326&format=geojson&filter=AVS_gt_0&radius=1.000&limit=1&order=DIST&version=V4
YMT008,38.3854,139.9924,/home/zhangb/work/people/zhangbei/team_claude/team_pytorch/station_cache_d9a7d4d6.csv,1.0,V4,541.8,1,j-shis_meshsearch_avs,5739476912,8,,0.77,Success,,https://www.j-shis.bosai.go.jp/map/api/meshsearch?center=139.99240000%2C38.38540000&epsg=4326&format=geojson&filter=AVS_gt_0&radius=1.000&limit=1&order=DIST&version=V4
YMT009,38.3902,140.2742,/home/zhangb/work/people/zhangbei/team_claude/team_pytorch/station_cache_d9a7d4d6.csv,1.0,V4,399.6,1,j-shis_meshsearch_avs,5740426144,8,,1.00,Success,,https://www.j-shis.bosai.go.jp/map/api/meshsearch?center=140.27420000%2C38.39020000&epsg=4326&format=geojson&filter=AVS_gt_0&radius=1.000&limit=1&order=DIST&version=V4
YMT010,38.2608,140.3484,/home/zhangb/work/people/zhangbei/team_claude/team_pytorch/station_cache_d9a7d4d6.csv,1.0,V4,357.5,1,j-shis_meshsearch_avs,5740321724,11,,1.10,Success,,https://www.j-shis.bosai.go.jp/map/api/meshsearch?center=140.34840000%2C38.26080000&epsg=4326&format=geojson&filter=AVS_gt_0&radius=1.000&limit=1&order=DIST&version=V4
YMT011,38.1484,140.2671,/home/zhangb/work/people/zhangbei/team_claude/team_pytorch/station_cache_d9a7d4d6.csv,1.0,V4,362.6,1,j-shis_meshsearch_avs,5740127134,11,,1.09,Success,,https://www.j-shis.bosai.go.jp/map/api/meshsearch?center=140.26710000%2C38.14840000&epsg=4326&format=geojson&filter=AVS_gt_0&radius=1.000&limit=1&order=DIST&version=V4
YMT012,38.1087,140.043,/home/zhangb/work/people/zhangbei/team_claude/team_pytorch/station_cache_d9a7d4d6.csv,1.0,V4,361.7,1,j-shis_meshsearch_avs,5740103312,11,,1.09,Success,,https://www.j-shis.bosai.go.jp/map/api/meshsearch?center=140.04300000%2C38.10870000&epsg=4326&format=geojson&filter=AVS_gt_0&radius=1.000&limit=1&order=DIST&version=V4
YMT013,38.0631,139.7596,/home/zhangb/work/people/zhangbei/team_claude/team_pytorch/station_cache_d9a7d4d6.csv,1.0,V4,407.9,1,j-shis_meshsearch_avs,5739067042,3,,0.98,Success,,https://www.j-shis.bosai.go.jp/map/api/meshsearch?center=139.75960000%2C38.06310000&epsg=4326&format=geojson&filter=AVS_gt_0&radius=1.000&limit=1&order=DIST&version=V4
YMT014,37.9193,139.8816,/home/zhangb/work/people/zhangbei/team_claude/team_pytorch/station_cache_d9a7d4d6.csv,1.0,V4,538.7,1,j-shis_meshsearch_avs,5639770023,8,,0.78,Success,,https://www.j-shis.bosai.go.jp/map/api/meshsearch?center=139.88160000%2C37.91930000&epsg=4326&format=geojson&filter=AVS_gt_0&radius=1.000&limit=1&order=DIST&version=V4
YMT015,37.9049,140.099,/home/zhangb/work/people/zhangbei/team_claude/team_pytorch/station_cache_d9a7d4d6.csv,1.0,V4,368.0,1,j-shis_meshsearch_avs,5640608742,11,,1.07,Success,,https://www.j-shis.bosai.go.jp/map/api/meshsearch?center=140.09900000%2C37.90490000&epsg=4326&format=geojson&filter=AVS_gt_0&radius=1.000&limit=1&order=DIST&version=V4
YMT016,38.7906,140.0207,/home/zhangb/work/people/zhangbei/team_claude/team_pytorch/station_cache_d9a7d4d6.csv,1.0,V4,313.7,1,j-shis_meshsearch_avs,5840104143,11,,1.23,Success,,https://www.j-shis.bosai.go.jp/map/api/meshsearch?center=140.02070000%2C38.79060000&epsg=4326&format=geojson&filter=AVS_gt_0&radius=1.000&limit=1&order=DIST&version=V4
YMT017,38.7897,140.3121,/home/zhangb/work/people/zhangbei/team_claude/team_pytorch/station_cache_d9a7d4d6.csv,1.0,V4,378.4,1,j-shis_meshsearch_avs,5840124444,8,,1.05,Success,,https://www.j-shis.bosai.go.jp/map/api/meshsearch?center=140.31210000%2C38.78970000&epsg=4326&format=geojson&filter=AVS_gt_0&radius=1.000&limit=1&order=DIST&version=V4
YMTH02,38.2693,140.2583,/home/zhangb/work/people/zhangbei/team_claude/team_pytorch/station_cache_d9a7d4d6.csv,1.0,V4,482.0,1,j-shis_meshsearch_avs,5740322023,8,,0.85,Success,,https://www.j-shis.bosai.go.jp/map/api/meshsearch?center=140.25830000%2C38.26930000&epsg=4326&format=geojson&filter=AVS_gt_0&radius=1.000&limit=1&order=DIST&version=V4
YMTH03,38.1035,140.1553,/home/zhangb/work/people/zhangbei/team_claude/team_pytorch/station_cache_d9a7d4d6.csv,1.0,V4,446.6,1,j-shis_meshsearch_avs,5740112214,10,,0.91,Success,,https://www.j-shis.bosai.go.jp/map/api/meshsearch?center=140.15530000%2C38.10350000&epsg=4326&format=geojson&filter=AVS_gt_0&radius=1.000&limit=1&order=DIST&version=V4
YMTH05,37.9883,139.8017,/home/zhangb/work/people/zhangbei/team_claude/team_pytorch/station_cache_d9a7d4d6.csv,1.0,V4,526.7,1,j-shis_meshsearch_avs,5639768431,8,,0.79,Success,,https://www.j-shis.bosai.go.jp/map/api/meshsearch?center=139.80170000%2C37.98830000&epsg=4326&format=geojson&filter=AVS_gt_0&radius=1.000&limit=1&order=DIST&version=V4
YMTH06,37.9633,140.1836,/home/zhangb/work/people/zhangbei/team_claude/team_pytorch/station_cache_d9a7d4d6.csv,1.0,V4,366.8,1,j-shis_meshsearch_avs,5640715441,11,,1.08,Success,,https://www.j-shis.bosai.go.jp/map/api/meshsearch?center=140.18360000%2C37.96330000&epsg=4326&format=geojson&filter=AVS_gt_0&radius=1.000&limit=1&order=DIST&version=V4
YMTH07,37.896,140.0278,/home/zhangb/work/people/zhangbei/team_claude/team_pytorch/station_cache_d9a7d4d6.csv,1.0,V4,533.1,1,j-shis_meshsearch_avs,5640607231,8,,0.78,Success,,https://www.j-shis.bosai.go.jp/map/api/meshsearch?center=140.02780000%2C37.89600000&epsg=4326&format=geojson&filter=AVS_gt_0&radius=1.000&limit=1&order=DIST&version=V4
YMTH08,38.9701,140.0333,/home/zhangb/work/people/zhangbei/team_claude/team_pytorch/station_cache_d9a7d4d6.csv,1.0,V4,394.8,1,j-shis_meshsearch_avs,5840306223,10,,1.01,Success,,https://www.j-shis.bosai.go.jp/map/api/meshsearch?center=140.03330000%2C38.97010000&epsg=4326&format=geojson&filter=AVS_gt_0&radius=1.000&limit=1&order=DIST&version=V4
YMTH09,38.7498,140.178,/home/zhangb/work/people/zhangbei/team_claude/team_pytorch/station_cache_d9a7d4d6.csv,1.0,V4,453.9,1,j-shis_meshsearch_avs,5840019433,8,,0.90,Success,,https://www.j-shis.bosai.go.jp/map/api/meshsearch?center=140.17800000%2C38.74980000&epsg=4326&format=geojson&filter=AVS_gt_0&radius=1.000&limit=1&order=DIST&version=V4
YMTH10,38.7107,140.3744,/home/zhangb/work/people/zhangbei/team_claude/team_pytorch/station_cache_d9a7d4d6.csv,1.0,V4,382.7,1,j-shis_meshsearch_avs,5840025924,10,,1.04,Success,,https://www.j-shis.bosai.go.jp/map/api/meshsearch?center=140.37440000%2C38.71070000&epsg=4326&format=geojson&filter=AVS_gt_0&radius=1.000&limit=1&order=DIST&version=V4
YMTH11,38.7132,140.5544,/home/zhangb/work/people/zhangbei/team_claude/team_pytorch/station_cache_d9a7d4d6.csv,1.0,V4,509.7,1,j-shis_meshsearch_avs,5840045432,8,,0.81,Success,,https://www.j-shis.bosai.go.jp/map/api/meshsearch?center=140.55440000%2C38.71320000&epsg=4326&format=geojson&filter=AVS_gt_0&radius=1.000&limit=1&order=DIST&version=V4
YMTH12,38.6357,140.0055,/home/zhangb/work/people/zhangbei/team_claude/team_pytorch/station_cache_d9a7d4d6.csv,1.0,V4,455.6,1,j-shis_meshsearch_avs,5740706014,10,,0.90,Success,,https://www.j-shis.bosai.go.jp/map/api/meshsearch?center=140.00550000%2C38.63570000&epsg=4326&format=geojson&filter=AVS_gt_0&radius=1.000&limit=1&order=DIST&version=V4
YMTH13,38.4704,139.7606,/home/zhangb/work/people/zhangbei/team_claude/team_pytorch/station_cache_d9a7d4d6.csv,1.0,V4,532.2,1,j-shis_meshsearch_avs,5739566024,8,,0.78,Success,,https://www.j-shis.bosai.go.jp/map/api/meshsearch?center=139.76060000%2C38.47040000&epsg=4326&format=geojson&filter=AVS_gt_0&radius=1.000&limit=1&order=DIST&version=V4
YMTH14,38.386,139.9916,/home/zhangb/work/people/zhangbei/team_claude/team_pytorch/station_cache_d9a7d4d6.csv,1.0,V4,641.3,1,j-shis_meshsearch_avs,5739476914,1,,0.67,Success,,https://www.j-shis.bosai.go.jp/map/api/meshsearch?center=139.99160000%2C38.38600000&epsg=4326&format=geojson&filter=AVS_gt_0&radius=1.000&limit=1&order=DIST&version=V4
YMTH15,38.4257,140.1249,/home/zhangb/work/people/zhangbei/team_claude/team_pytorch/station_cache_d9a7d4d6.csv,1.0,V4,452.7,1,j-shis_meshsearch_avs,5740501922,10,,0.90,Success,,https://www.j-shis.bosai.go.jp/map/api/meshsearch?center=140.12490000%2C38.42570000&epsg=4326&format=geojson&filter=AVS_gt_0&radius=1.000&limit=1&order=DIST&version=V4
