dataset_id,event_id,elapsed_time,geometry_protocol,input_count,target_count,k_group,target_group,selection_hash
japan_2008.hdf5,20080912082300,1.0,normal,1,2,K1,Q1to4,0257491d10e859340c352c0fa343f032a4839f3d6f0606c8789dc757a534d3f8
japan_2004.hdf5,20041103114300,1.0,normal,1,2,K1,Q1to4,04ef6874fd2f3c7dfe552ee9ae418fbe9bb943a966d4220b912c1a51f01ac4fe
japan_2024.hdf5,20240623131100,1.0,normal,1,4,K1,Q1to4,0885dba9212c700f386e190f61e7d68e4130babab189a574ec83bd144b9fcfde
japan_2000.hdf5,20001008141700,1.0,normal,1,3,K1,Q1to4,09d5ab4eb093e445260225b7d8ffbada3ae777a00416a304fad7b17e116877e0
japan_2001.hdf5,20010928111600,1.0,normal,1,4,K1,Q1to4,09f99d204ee07bac6a03fb15503dd2c5627e572936581f9b3923f15fa70a4a5a
japan_2013.hdf5,20131004102200,1.0,normal,1,3,K1,Q1to4,0b04a3e3b152bd43e4cb817471b662a7e4fd20a85a411556692d33a25ec193fe
japan_2005.hdf5,20050821164300,1.0,normal,1,2,K1,Q1to4,0cd218052bb1742c0dd7ba14741199f03a32c68ccc18021381ce40676cf79975
japan_2000.hdf5,20001006170500,1.0,normal,1,2,K1,Q1to4,0df147685fb1211e702233d0ffd1914a936578fdb52e216c0784ec56914ff04a
japan_2023.hdf5,20230917172300,1.0,normal,1,4,K1,Q1to4,1498029a7effedd6e2ec8812a7dc26f4e101a4c0483be100710fdc0720252177
japan_2018.hdf5,20180921092900,1.0,normal,1,4,K1,Q1to4,14a83e50a5589d0b8d8617c192126a3a14d5dd81eb975fceb7988c5177aec0eb
japan_2011.hdf5,20110821171300,1.0,normal,1,3,K1,Q1to4,1600a0aad32a638503d9a27c5f579aaf00740960c049f3c1a60babce547fc698
japan_2013.hdf5,20131010211800,1.0,normal,1,3,K1,Q1to4,16275e1abd9ab8a68cd4124ce7cb5407b3fdfcc9a3b9ba8387afb82480596637
japan_2013.hdf5,20131002221300,1.0,normal,1,3,K1,Q1to4,172e58588b0d483a57e6a960a8d78f5111a9e344e5af17d6f40e8bb9541b88b8
japan_2016.hdf5,20160903082900,1.0,normal,1,2,K1,Q1to4,18670c9613b59762d3fedaac6c38daa26981da46b96f210bf9ffcb0613919da9
japan_2018.hdf5,20180927034300,1.0,normal,1,2,K1,Q1to4,1953b81ca3eeff18b4e14b47d2522288dea1b2514694e9d5ac00d981393e2fec
japan_2022.hdf5,20220915085100,1.0,normal,1,2,K1,Q1to4,19b6d4be5710dbb1b1a3d6842e47c13a6d54ffd8647a8a43cd2aeeb98beb2508
japan_2012.hdf5,20121001053100,1.0,normal,1,3,K1,Q1to4,1a1d66ae5cf31b504a9798742be48b1186b46846f7874bbe0198dd356b637099
japan_2011.hdf5,20110829170600,1.0,normal,1,2,K1,Q1to4,1eaad67a0a174228702cf56849fc91c308e6ce177f851536ef380e02675af9e5
japan_2019.hdf5,20191014195500,1.0,normal,1,3,K1,Q1to4,1ef42558936ee403d48f9c7a6bcd266e5678ad8ab584169d7f6cf0a1495b3de1
japan_2003.hdf5,20030926051000,1.0,normal,1,4,K1,Q1to4,22007a3b93133f217f08d673b26ffca888fa2d6d94398b7f4815696d025ee103
japan_2009.hdf5,20091031024200,1.0,normal,1,2,K1,Q1to4,236c12293966e8f074362d941920d93969ac76a749e641f5d233f9ec38d34ecb
japan_2014.hdf5,20140918145600,1.0,normal,1,4,K1,Q1to4,23b20e5af87d0f34ec6c1be223a0cad5722a045d10ee5c756d0ee0c07a5fdbf1
japan_2004.hdf5,20041028065200,1.0,normal,1,2,K1,Q1to4,24f78ad3b12d45da0fe43ea1f587dce9897637e9a3b6989da583315b8e0690b8
japan_2001.hdf5,20011001024500,1.0,normal,1,3,K1,Q1to4,25e16b069f84fb971eafc25fb827326fc46dc592eb42abc1b9228d97c960a2a4
japan_2023.hdf5,20230915152600,1.0,normal,1,3,K1,Q1to4,281c2e7f6db8de65fb30b3028d32c0874446ed8a0c473bb878595d92241c3f55
japan_2024.hdf5,20240721001200,1.0,normal,1,2,K1,Q1to4,286836279946a8abfdc5883ed36e11948e59f04a30ea1277cc873757434eb6a8
japan_2011.hdf5,20110825202000,1.0,normal,1,4,K1,Q1to4,2a496ee2991b6b751f998d0f43431f1346be3cbead4ae300fd6961f876ed18ad
japan_2011.hdf5,20110831195900,1.0,normal,1,3,K1,Q1to4,2abd674f6cf51c7f8f4c031f1ed2a1ebde1f3e1626a7ecb4959d02e5710c7a3c
japan_2024.hdf5,20240718200700,1.0,normal,1,2,K1,Q1to4,2b8950255ef3611394efbd5c0ea01c239c29e62a82ab4e7e18dfed8150206fa2
japan_2000.hdf5,20001007161000,1.0,normal,1,2,K1,Q1to4,2be9eae42d76dafe9bab2273f474f0d0627834657f310475966917b37d67a4de
japan_2018.hdf5,20180910153700,1.0,normal,1,4,K1,Q1to4,2bffcefc59bc7a6fc3173a910301f6f47b92d704e0992d8ad9b8fc70aa26b4d7
japan_2013.hdf5,20131016181600,1.0,normal,1,4,K1,Q1to4,2ce74fd5a21aa64197f64140885f3283b30bd9d475b65f770e1b3c37da551d60
japan_2024.hdf5,20240607213500,1.0,normal,1,6,K1,Q5plus,007f1f5b4b4896503c8e828281b885aaf57c2184026f14fcba9e615c182f0165
japan_2017.hdf5,20170910125000,1.0,normal,1,23,K1,Q5plus,00addd155f1d630367b26bfba4b79b2d686e664ac387598f2b947ca82f3efa8a
japan_2004.hdf5,20041108032800,1.0,normal,1,15,K1,Q5plus,0117e1a040dd59291d944bddf161e6d57208f681f624fd0f14def09ab56a7d28
japan_2012.hdf5,20120923032400,1.0,normal,1,13,K1,Q5plus,0120c36cb54904908d0b6610318c1519c7aeb5c853c11163750c1d8da19e9150
japan_2011.hdf5,20110819175000,1.0,normal,1,8,K1,Q5plus,01bb1b66d40892acee8d9b42a83a54130be753a2df258fc783c1fb6df94959ff
japan_2011.hdf5,20110905210300,1.0,normal,1,5,K1,Q5plus,02d413d14348559756cf252cb45c538799453df56b4d164dd5ba7dc438aca9b2
japan_2009.hdf5,20091119002400,1.0,normal,1,6,K1,Q5plus,039cc5660809e5ba9c6aafecf8722fc0f147e1baa6882b9b7b372809b1da1084
japan_2003.hdf5,20030930122300,1.0,normal,1,10,K1,Q5plus,03e0c4fedf784866a9818066eb086053c56bcbd150ba745fac2729225637eb16
japan_2016.hdf5,20160903150300,1.0,normal,1,21,K1,Q5plus,05224a3cfb46fde0c6d0843bb2b502f089a21463c66ad1f718ebc540328ff66a
japan_2022.hdf5,20220904154600,1.0,normal,1,17,K1,Q5plus,05b81240cda9a712ac84ec2410008dbd2858cbcb8e995d3a534996b8ffe96b6d
japan_2011.hdf5,20110826083400,1.0,normal,1,15,K1,Q5plus,067d9fd5c7196963e0e0c7eec6c5e8dc87874137b3613930aa6fff49286fcf02
japan_2004.hdf5,20041030011500,1.0,normal,1,5,K1,Q5plus,073a0c3b8b2c9a8e4677b3fdeedb4999d1ddd7690e70c29dd71872b8cf01be04
japan_2012.hdf5,20120830024300,1.0,normal,1,12,K1,Q5plus,080c8a48e05865bcde3e53da9b7cf2a41d90da44d38274fb47016b86f7d56081
japan_2024.hdf5,20240612072400,1.0,normal,1,7,K1,Q5plus,08bc155bf738614a47db1077bbcf20399dc67e4c41d5195e2bdf5d62eef30a73
japan_2024.hdf5,20240705062000,1.0,normal,1,7,K1,Q5plus,0a076085e31db35649df11e2c455986dd3a12204cd1d93b99e4ec36558fd56e3
japan_2020.hdf5,20200912190400,1.0,normal,1,5,K1,Q5plus,0a39b326affce4f09f1222fd37ed297cb158e2e1502262e66bbd20f153597185
japan_2017.hdf5,20170916162300,1.0,normal,1,6,K1,Q5plus,0a8fb74b487fa7faf2fd3061a875b519902348aa9f671311208d83e15eb84ded
japan_2012.hdf5,20120930223900,1.0,normal,1,31,K1,Q5plus,0b9f56f089121281425037f83e9da7fb9ba3adfd35f9db8112bfa993a8043ff8
japan_2013.hdf5,20131010074600,1.0,normal,1,22,K1,Q5plus,0bd15905add3657502ebea78c096f355ac4af3bc8eaa88a0e631bfbdea6dba6e
japan_2000.hdf5,20001006144300,1.0,normal,1,9,K1,Q5plus,0c1a1b09c6a183aa9870c99a2f856d5afc2a3f3582f595d994667a8d0ee70185
japan_2015.hdf5,20151018094700,1.0,normal,1,13,K1,Q5plus,0db5e544ce955b2cf9cc054be33e3f91db586a21c3a223bb31c0aef0db6b7421
japan_2017.hdf5,20170924214600,1.0,normal,1,17,K1,Q5plus,0e3392047c75ef41d8a2e72d600c638fe35ea4aedbb6776105bfb9650fa307cc
japan_2013.hdf5,20131002010400,1.0,normal,1,5,K1,Q5plus,0f2a62aba0a899c4ecab448aaf51df93a08eb4df665beff80d83fd13b6e6b67d
japan_2012.hdf5,20120914081800,1.0,normal,1,9,K1,Q5plus,0fa4d12b5ccdcf03a9031afe4fe1a702bb9ab84989b183a21479b3be52c33258
japan_2024.hdf5,20240809195700,1.0,normal,1,90,K1,Q5plus,0fb89b178b2203e20614f576aced1d229950c8762f201b4b952545aafc7bf32d
japan_2012.hdf5,20120901003100,1.0,normal,1,17,K1,Q5plus,114d72970e233ad5be8578a66b49438ca53064a6e98a01dca690df1af13b48c5
japan_2011.hdf5,20110918220300,1.0,normal,1,13,K1,Q5plus,11f1d59842d57db8e0880343e5c88562f8b7820aa21288965853c35fcffd2309
japan_2020.hdf5,20200904091000,1.0,normal,1,26,K1,Q5plus,1298fc2a05816bd5f4b54ec7431c8c0989d600f1ed94a1c010ba30c059854369
japan_2006.hdf5,20060907030600,1.0,normal,1,11,K1,Q5plus,13d552764e2fc2e8b22ed004cf71139c288830dfcd9bd5a74eeaa00a17f7bc97
japan_2011.hdf5,20110924024800,1.0,normal,1,5,K1,Q5plus,15b44959456afc3414885a80b7a82c161edca21aafcdbbe26a36aa895c0f5303
japan_2020.hdf5,20200908185100,1.0,normal,1,6,K1,Q5plus,15d3792d2b7cd97eea1bb978224a2c16e8003129e69510cd9dd97bd640816dbc
japan_2005.hdf5,20050903012400,1.0,normal,1,7,K1,Q5plus,1844bcd15cafbf2e47197532fa315b8876830a25e8057c5037a753649a46f817
japan_2014.hdf5,20140911115300,1.0,normal,2,3,Kmulti,Q1to4,017199430c72ed8e487d5f951e2d881101d098c57b6ed018b23b66922f177df0
japan_2016.hdf5,20160911122200,1.0,normal,2,3,Kmulti,Q1to4,08bb568aa84580613f4b392ab0831fd53663ee390cd437e5b5c46b0b76d40ff7
japan_2016.hdf5,20160913232000,1.0,normal,2,4,Kmulti,Q1to4,10db6537c64de66038fa1dc9abef6774f45d12f029cc713b6724dda8805b77cc
japan_2008.hdf5,20080812145500,1.0,normal,3,4,Kmulti,Q1to4,12512da01b5ce6e599953c34629fde7278dec718289333ff56ab57e7cb878f2f
japan_2019.hdf5,20190908022400,1.0,normal,3,4,Kmulti,Q1to4,1a17038d58d1050e62b6da9b86e13c1143d320f33f293e1065f313d2cefc4515
japan_2005.hdf5,20050904130500,1.0,normal,2,3,Kmulti,Q1to4,2159686cccb29e4dce178ef456b6f5f668292ada70b17fb251d7039aa6e5a5f2
japan_2007.hdf5,20070824070900,1.0,normal,2,4,Kmulti,Q1to4,2556822ce3fa825783377dc8b18261f4819ad50748f3b76aa6c68199b4065035
japan_2018.hdf5,20180910175000,1.0,normal,2,2,Kmulti,Q1to4,33f1afbe0daa89acf6423c68fb5184de8dad72b0eda199280adbae320d269e65
japan_2009.hdf5,20091103192300,1.0,normal,2,4,Kmulti,Q1to4,34a0f948100aa3ccf7fc5a43274b32b2d08bcf4cbf174a0a1afa483f337d56f5
japan_2008.hdf5,20080906162900,1.0,normal,3,4,Kmulti,Q1to4,36546c8e00f45017fb8d6a3f409443b541f788f64d66dd89fcf66272d693103d
japan_2024.hdf5,20240707232800,1.0,normal,3,4,Kmulti,Q1to4,379f955ccc311bbbf814eabb54cde8db37a33dbfc893efe4cab0af19c48557f7
japan_2013.hdf5,20130921233800,1.0,normal,2,3,Kmulti,Q1to4,3958ad2680bbd6744db3542510bf5a0bf804cb1f9010a9f324759d1d34d54ef3
japan_2001.hdf5,20010929195800,1.0,normal,2,3,Kmulti,Q1to4,3d470ef7c5e1c61b0812f85903c3c3443d1c707989873d4855d91f2ec2ce66a6
japan_2003.hdf5,20030926191100,1.0,normal,2,2,Kmulti,Q1to4,4067164c8fc305e9d64ff38b542b813a43f2779ccd6ffbb86cb4df260bf66022
japan_2012.hdf5,20120820230900,1.0,normal,2,4,Kmulti,Q1to4,4394b0536bdaa2487322dc0a8d67bf3a59ab4ebdc3a669274eb1052827c8e39c
japan_2024.hdf5,20240710040200,1.0,normal,2,4,Kmulti,Q1to4,44d693e4cf029247255a343b3e01aeda7d79349431bb1dd3b7252eea0cae6cb4
japan_2023.hdf5,20230827225600,1.0,normal,2,3,Kmulti,Q1to4,468bc84a5643cea07a9390a68240ff89264c1a2910749cee93f38c00585694a2
japan_2022.hdf5,20220819051800,1.0,normal,2,3,Kmulti,Q1to4,54fb8ecbbe34ed71d9b533b4a6f8ca3cd6789d90ce7134ac02df30d344d2dd9d
japan_2017.hdf5,20171006105500,1.0,normal,2,3,Kmulti,Q1to4,5642a4b4e8713e3be8b98ca5c71b182bb07c92fe3c57b9a9672083d3221b5a75
japan_2017.hdf5,20170909194100,1.0,normal,2,3,Kmulti,Q1to4,599975d2d620a552dd2bcbc756fa757292b5217339428ffa086a35f8eb61be68
japan_2004.hdf5,20041107035400,1.0,normal,3,3,Kmulti,Q1to4,5f4a2e7620fa56a6bd8562156cff9f5299396325c6860cef38d348c73f9c93dd
japan_2011.hdf5,20110820004300,1.0,normal,2,4,Kmulti,Q1to4,5fb54abc220dd50f11fbd86658681de887c6c3299d531ecd843628ae517c705d
japan_2008.hdf5,20080831131200,1.0,normal,2,4,Kmulti,Q1to4,611414b0ae27288755febb459cb70bc8cb1bf4c29fb5527ad6526e4436c52630
japan_2022.hdf5,20220909081900,1.0,normal,3,4,Kmulti,Q1to4,6382c776ac23994e2723c7169ef7c7005ccf19a6fdfc22f8eef64495163c569b
japan_2012.hdf5,20120904124100,1.0,normal,2,4,Kmulti,Q1to4,6384298f723514199db1dad28336f718de540ac945664bf1269bf060e0dfe728
japan_2007.hdf5,20070811070400,1.0,normal,3,3,Kmulti,Q1to4,63a631c21f604044045337e71d7d289fe5eac4f8d90845b871e2206d2151d8f2
japan_2015.hdf5,20151019111400,1.0,normal,2,3,Kmulti,Q1to4,63fa5c36d679f922c6f0febf6051658530b7ceb427111635789075b99ffabbe8
japan_2017.hdf5,20170926194300,1.0,normal,2,2,Kmulti,Q1to4,65106fd7872d5391083e71ffe450c74b0d5af8299f951da913a3e2ba70a9ccf5
japan_2000.hdf5,20000930232400,1.0,normal,3,3,Kmulti,Q1to4,6c6d6d4485de6529d95643dea91920f153881041a3bf95b0394e776da222e467
japan_2003.hdf5,20030929232200,1.0,normal,2,2,Kmulti,Q1to4,6c8a9511d035926809c3e8aa0635c2c534691d4c027b49609ad4b126fa8f76b5
japan_2000.hdf5,20001006185400,1.0,normal,2,2,Kmulti,Q1to4,6ca5a399fbfca9fc197a584776c5c123a0624f408449ef74fdcc5525027e7ab5
japan_2012.hdf5,20120829191900,1.0,normal,2,4,Kmulti,Q1to4,6cb9b57ecb35477b7faa995b4b91f27b8dfc0e7643bf21393f2cad95fa0f8027
japan_2017.hdf5,20170913161300,1.0,normal,2,13,Kmulti,Q5plus,00ba45f348d571a678801801d857933eebb5a60dfd49cb170f6c882bbd555fb8
japan_2015.hdf5,20151018083000,1.0,normal,2,9,Kmulti,Q5plus,00cbd670694fd6ff358a4c748adc1eb7739ca0923688bd166954f478d2f1b6cd
japan_2010.hdf5,20101001185200,1.0,normal,2,18,Kmulti,Q5plus,0143b471174224124b841d985ff9ea66cdcc7d787962f8a96912ba791599df11
japan_2012.hdf5,20120821022200,1.0,normal,3,18,Kmulti,Q5plus,014ce24d0fc45e547e4e89a6c5d834ac8603d979c23e86fdd9f800a63a95cf50
japan_2020.hdf5,20200902025000,1.0,normal,2,30,Kmulti,Q5plus,016970b739593b004aa47b345cbe8e3503322afdff31cba4a457e79ad08c8331
japan_2005.hdf5,20050816115200,1.0,normal,2,13,Kmulti,Q5plus,019b36d227386c03d72590d7f6902654374a5661200553c8cc6a0019b76b5b55
japan_2020.hdf5,20200907223300,1.0,normal,2,11,Kmulti,Q5plus,01a99ffee52c000a2f212450b1aa4ffe2076a01626e99a2cfe30f14618dccddf
japan_2016.hdf5,20160817041300,1.0,normal,3,19,Kmulti,Q5plus,01d26ee9b66308ee7b9d98d997af475e92536cf209d8bdfc659313c545b53ebb
japan_2011.hdf5,20110903164200,1.0,normal,2,5,Kmulti,Q5plus,01d61ad87dc226a27ab888cbffcffd4a29920446ce8b51646819db52bddb363e
japan_2018.hdf5,20180918054000,1.0,normal,3,13,Kmulti,Q5plus,0277d372c8610c27f74d59cd1de1e129a01fb0214a89a8f928ae12f029bcc287
japan_2009.hdf5,20091029023700,1.0,normal,3,24,Kmulti,Q5plus,0283a69da1954ef17e3b299fe09e37cb823fa2310dac69b36ca00ca189c9f682
japan_2002.hdf5,20021019052600,1.0,normal,2,10,Kmulti,Q5plus,02b5d22e36920d8147c2db998659effc1133853e367d139ed406dd3daf8d881c
japan_2003.hdf5,20030929113700,1.0,normal,2,20,Kmulti,Q5plus,053899679b741a7126fa35f54fc4acf427b91c1107fa1af1b5a41ca4df45960e
japan_2012.hdf5,20120820210200,1.0,normal,2,5,Kmulti,Q5plus,054eea2b3c42566cba5e8771e6013752cdf4b9af5a894df162104cd81f0637e8
japan_2017.hdf5,20170917082800,1.0,normal,8,37,Kmulti,Q5plus,055537a777a1aeb9f240d4b113dc31bd1d6df1c04b046493d02ace1ca61047a5
japan_2007.hdf5,20070824210100,1.0,normal,3,21,Kmulti,Q5plus,059dc2e1644e75ab51b41acddd92ba08f9032159b27e93a6a1c5cc6cf4e1ec01
japan_2020.hdf5,20200904003300,1.0,normal,2,10,Kmulti,Q5plus,066f9e6432888de68ce7e9f24eaeb0985dc336a36c39eb09a2c84344b869b412
japan_2024.hdf5,20240704102500,1.0,normal,4,63,Kmulti,Q5plus,069307ce392060b93cefa0b299a8239de3b1a24a681a489d2ea0cb74eb9d2a04
japan_2018.hdf5,20180917025100,1.0,normal,5,34,Kmulti,Q5plus,06ad07bf6b7881b4267eba21849c03580470747f5ce2e1daecaf0e4474423a3b
japan_2014.hdf5,20141003095700,1.0,normal,2,20,Kmulti,Q5plus,06d3ef67f0a4888b383d093e1aa424fcf708100c1eb1479484276cc85bc4e99e
japan_2021.hdf5,20211002130100,1.0,normal,3,15,Kmulti,Q5plus,072892fea8937885d14ab257d6433ee6249af297630de041b1fcc1b370a61944
japan_2012.hdf5,20121001064000,1.0,normal,3,14,Kmulti,Q5plus,07af4ec947693afc298c8e45931f999a06b62005025c452e74b71c47ba336461
japan_2004.hdf5,20041031231600,1.0,normal,2,10,Kmulti,Q5plus,07bf94b990bca573f8740d22e310ac0eab0df06a760042129db7672fdd5569e2
japan_2008.hdf5,20080808125700,1.0,normal,9,75,Kmulti,Q5plus,0803109578bfe3fd711b1aad27e011d1753db639bda0f3a746c7aae5328e8e77
japan_2000.hdf5,20001007063800,1.0,normal,2,6,Kmulti,Q5plus,081345e3316ff3c2345311512c5ea4dcfc6ba443ef1d84596c5f28bea0bfd646
japan_2000.hdf5,20001007062200,1.0,normal,2,9,Kmulti,Q5plus,084db28b3f5b873e8954396b7caadc8ec81e323f8008451b288957f2daaf8577
japan_2011.hdf5,20110917180400,1.0,normal,4,19,Kmulti,Q5plus,08bdb13ce3f48e8a73d7e073f213e27a6cd4b0a49ee428f32815571e589604e8
japan_2020.hdf5,20200907063400,1.0,normal,4,35,Kmulti,Q5plus,093bf31656acd3933f7e0968559479545cfd699cd31f70ae50c7a207107fbbcb
japan_2012.hdf5,20120908104100,1.0,normal,3,57,Kmulti,Q5plus,0a653661c37542bca9bc53ae8b05d4f9fd541700883ce63adec48975f0bde5ba
japan_2010.hdf5,20101014143000,1.0,normal,6,41,Kmulti,Q5plus,0a745c368d3e3bd2860965f44b639e22d1ffed9c706858988ba7cdcbfcd5a3ec
japan_2003.hdf5,20030929193500,1.0,normal,3,8,Kmulti,Q5plus,0ad67463577c6fcb80c31d9ba2747ee4ec9808d65b7bd93120f4e5fe1e311105
japan_2009.hdf5,20091028142500,1.0,normal,3,21,Kmulti,Q5plus,0b5130b5f2afed7649a17ad8410b99d0a4c761ef430d90b6c43673259a7096bf
japan_2011.hdf5,20110915042400,1.0,random,1,1,K1,Q1to4,003edb3d62a4aabb31596a86dbc8654988a5a8d177b0332832bcdd9d783e37cb
japan_2014.hdf5,20140915162300,1.0,random,1,1,K1,Q1to4,024f4166ccf0fff16593a9f88607eed6f0a6e5d8a3dacc4f528588fb3fd41b8b
japan_2013.hdf5,20130923030900,1.0,random,1,3,K1,Q1to4,02a7ee5b76265bd9b08f0b05788a47b476b6c572fbe4ec6cb4970efba1bc2972
japan_2011.hdf5,20110925031200,1.0,random,1,1,K1,Q1to4,032aadb42562ce09227d7f29ed48e240c99e5a9877c4b14d526eba1d99b18ea3
japan_2018.hdf5,20180921092900,1.0,random,1,3,K1,Q1to4,0368a5cb6251e408de95be8add341329b12f307174feebdf93e41e0108e89e97
japan_2004.hdf5,20041106055900,1.0,random,1,1,K1,Q1to4,036b29b1e1d8812539ee66d72e0af44407c1956fbb09a2c624fe1eb3ec1d75d2
japan_2020.hdf5,20200907093400,1.0,random,1,2,K1,Q1to4,03b3da7036d80f3fa90e68802497c9a7bd96798fba37a9b733af28c27857a7b3
japan_2002.hdf5,20021014020700,1.0,random,1,3,K1,Q1to4,06a71fcad04b2d936b6fa18df18c989c5a1e2bcdaf35307f9cfa9cb0e60af715
japan_2016.hdf5,20160906175100,1.0,random,1,1,K1,Q1to4,0719ef53b9e652619c0fd87559f76114bac84277e8c492675268651a101024dd
japan_2014.hdf5,20140914171800,1.0,random,1,2,K1,Q1to4,075bd2aed19761386f204df43f3b1832b0931eaf05de785d9078ccf011c8a021
japan_2013.hdf5,20131008200100,1.0,random,1,2,K1,Q1to4,0940096d2bbfbe8c75fc8a52a16e1916c73ac9b187cf37858bbff2e7164399c0
japan_2004.hdf5,20041030011500,1.0,random,1,4,K1,Q1to4,0a769855d2c45d3c66123aff06d20e9070c2b2c442b004a9a94671488d33aa5a
japan_2014.hdf5,20140926174900,1.0,random,1,1,K1,Q1to4,0aa6a3cbd5eeba3769c3914eca016055a8f73745ee0179055ece970981b9aa47
japan_2013.hdf5,20130912150500,1.0,random,1,3,K1,Q1to4,0b0e57442d21a05fb948cbbb76c969bb41fc52a3a13745b48f31c7a76461b7b5
japan_2022.hdf5,20220901202100,1.0,random,1,4,K1,Q1to4,0d673ec08fcc2f0d11e2b7264134abc0e73a1ad642322f7b908b2d33e1432019
japan_2007.hdf5,20070810020400,1.0,random,1,3,K1,Q1to4,0d7198161fcf7a14da36ee404d88d4e02753730f0cf21f6d968eea96c5077a6e
japan_2015.hdf5,20151005214500,1.0,random,1,2,K1,Q1to4,0e9afd4fbb1d6e90e489aae81087e9f1889fc59072cb2fa6c7d09313bacd25b7
japan_2011.hdf5,20110819134300,1.0,random,1,4,K1,Q1to4,0fd0c7eaba76564b53b3ba06de3bd2de3854b2ac6113ad081eedd4e5b0329aac
japan_2016.hdf5,20160807044600,1.0,random,1,1,K1,Q1to4,10cc0de3fb43dcf5b1c30b35be22951d91c8e6bf01b618a1ef5a09e55be49c18
japan_2016.hdf5,20160926040100,1.0,random,1,4,K1,Q1to4,111153a53d6883f5e5dd76077c6a7b5321926be1a1db9825efb1096cf1e77d30
japan_2011.hdf5,20110915090000,1.0,random,1,3,K1,Q1to4,123b593d2e1bb35b17dda2d0ea58a75dca23569097ec111e1f80bfb97b782b06
japan_2012.hdf5,20120914112000,1.0,random,1,2,K1,Q1to4,12cc5ed751c540dfd17cea312ab955007b6b95dfe3dd86cbf592b294ef89fbf4
japan_2007.hdf5,20070811070400,1.0,random,1,2,K1,Q1to4,12ddeee1b86a542c745ed3e5ec5c78775d7bde6a66d6f025c82265bc7f8e4396
japan_2003.hdf5,20030929232700,1.0,random,1,2,K1,Q1to4,13796d925ba54c6e76bcfee5a4eae3273620ad80c07deac1813fe7ebc89ca610
japan_2007.hdf5,20070806145300,1.0,random,1,2,K1,Q1to4,13a9100b046dff192023c8d380b95d38be27fd06f18c507099c6bdeb1b570542
japan_2011.hdf5,20110921131400,1.0,random,1,4,K1,Q1to4,13ad32e15b9ef9b70dec9d4f0e3fea9259485157f6a76a0ad4a5c82add9f2bff
japan_2014.hdf5,20140911224200,1.0,random,1,2,K1,Q1to4,13ee7ce766c34f7339e0bfe040e8a74b223ae4008dbea61cfe2e5eb6b037aa51
japan_2014.hdf5,20141023171300,1.0,random,1,3,K1,Q1to4,1462143dfaeb31804ea49f27b909eb8e88df35d54e7620767f069d2f49b19dfd
japan_2014.hdf5,20141001154100,1.0,random,1,3,K1,Q1to4,167a479aedab06a38bb2cd13fce94f67a734038ff9e04bc0d04e2b55a0af508b
japan_2012.hdf5,20120828225500,1.0,random,1,4,K1,Q1to4,1ac8a79ac74ddee3533a5f509e7d0b90932ab502810561749c4ce7c213a0ebe5
japan_2005.hdf5,20050827154600,1.0,random,1,1,K1,Q1to4,1debd6a9e4b901698a6d05b17277c72e6b4cd39f173f26f79a2d2a4c6c724700
japan_2005.hdf5,20050817175600,1.0,random,1,4,K1,Q1to4,1e2182b2ba6dc69090d21e35511068dbd0dbdade11615b6c2a0c7026c9bf18dc
japan_2008.hdf5,20080902171700,1.0,random,1,10,K1,Q5plus,00665b8bc48a6caef49b8b24ccf6394310a7b685966a4a76fc418d91c69c3973
japan_2019.hdf5,20190928023300,1.0,random,1,24,K1,Q5plus,017045b318928ee03f4b35c8b1bbfcda12c222cb155a5724646739094b44ca9d
japan_2012.hdf5,20120830041700,1.0,random,1,53,K1,Q5plus,02757a724903884c0bef735885fe22ac340de3446ecdd4707fd75cb7675dc4eb
japan_2011.hdf5,20110909232900,1.0,random,1,11,K1,Q5plus,02b154cf1eac20ac374139c9ed3e2e1993abc9c92d2d2e4da67f3e4f3643539a
japan_2021.hdf5,20211015064200,1.0,random,1,10,K1,Q5plus,031176832143ec9aa47af596ae7095d543560c4e05ef203fa71ceaa5845a4b08
japan_2013.hdf5,20130929013100,1.0,random,1,6,K1,Q5plus,03135049aa3e6c0fb2974f3019a07a3b7eb65c0b647598bc2e5eb1700d7cff81
japan_2012.hdf5,20120910212100,1.0,random,1,10,K1,Q5plus,036bbba872072eb65377a21ea22eec908e8623fc7e1a77ce4967d52412f79395
japan_2013.hdf5,20130924074700,1.0,random,1,19,K1,Q5plus,0404a40d466ba356307c9beb9cd15eab3f6d28180deb3087252388c24c82d67f
japan_2001.hdf5,20010906104000,1.0,random,1,20,K1,Q5plus,07527a59b956811951caba3c89bfc38f0ae80fea573dcae374afa8751e675a91
japan_2011.hdf5,20110921055900,1.0,random,1,25,K1,Q5plus,0785e3b2294f422431a3be47acc6a9ee40d7a527e5a59a5b939a08f2bcf8c3d6
japan_2018.hdf5,20180911205100,1.0,random,1,13,K1,Q5plus,07c062c4f928ef1d88d79099abefe665adee4da2d1ce3996eaec2525f9c92bae
japan_2013.hdf5,20130926024600,1.0,random,1,9,K1,Q5plus,08194b139e0feb092c0d3e4274e1f56a51f03ef0c73172c2b2d507af5c06f96e
japan_2009.hdf5,20091119002400,1.0,random,1,5,K1,Q5plus,087fa0d9385c63d588699a777d371c3b65fe77100c9a6a549a7122e09786d3ca
japan_2016.hdf5,20160915141300,1.0,random,1,18,K1,Q5plus,08dd8d12d5a480e7c36cb2ef25d5a9fa13f51c009dd5614f2eb7fc6057323858
japan_2022.hdf5,20220919031200,1.0,random,1,12,K1,Q5plus,09bc8e7decd6277e80fffe4625d1eeb86cc94994686ed6cd3f19fb60f2777e8e
japan_2018.hdf5,20180914144500,1.0,random,1,15,K1,Q5plus,09dc11e7cd818f42dfa5285b5bc5608e9b3b5874dc7088f21cfdfcccf4b6cf67
japan_2012.hdf5,20120923032400,1.0,random,1,12,K1,Q5plus,0b0a0cb0779c1b7a303d0684985e3de9a2cc4fd6c6d93653888fc6a6ce1b5289
japan_2017.hdf5,20171001102500,1.0,random,1,52,K1,Q5plus,0bd83b35cadd5078212a94a30dc22b997efa64050838f66e990d81dbdccc6e2c
japan_2003.hdf5,20030930131000,1.0,random,1,13,K1,Q5plus,0c426b4828cbe5cbb013207a84da31ea1286ecd17a94f8a2745511ce10b0a4ae
japan_2020.hdf5,20200908185100,1.0,random,1,5,K1,Q5plus,0dcfec3771b68ce64e1334893b37125755d0a72e5189170e8b7441835a059cfc
japan_2009.hdf5,20091024215300,1.0,random,1,14,K1,Q5plus,0ef0f71d6c00ea8a96c9c2e83f370fdd9caef872de8fb1d6d12bdcf208b58d9b
japan_2016.hdf5,20160809224900,1.0,random,1,7,K1,Q5plus,0f4486bab7584ee2b03d6343ec132e8718d11530eab9b6738884c55652457cce
japan_2021.hdf5,20210919231400,1.0,random,1,5,K1,Q5plus,0f8feaa7fe280ddace0c66bfe9ce9ec7e7f7bae336af4eff6f3f1823507127fe
japan_2003.hdf5,20030930011800,1.0,random,1,7,K1,Q5plus,1169ff8a6197a4240428668d97d2119a30a7659a864d3af91e7c96403f07c739
japan_2024.hdf5,20240607213500,1.0,random,1,5,K1,Q5plus,12805eafe4dba8f1ae08f9f32b1a8f03c52dd69821b35563abb22a88c3400907
japan_2007.hdf5,20070831233600,1.0,random,1,24,K1,Q5plus,12d8ff11c1383f733bbb24e5cee8f1fb824f9ebd43eb67f63656365c9a000475
japan_2006.hdf5,20060907030600,1.0,random,1,10,K1,Q5plus,135b823242b6deee746c2c8f9dfba2c7aa553978831aea772247ad1fc2ad793c
japan_2011.hdf5,20110827232900,1.0,random,1,22,K1,Q5plus,1393d6f65c2307c46ae8a5f712438e094489a443b3ca325bf2db7fb648cc8bb7
japan_2021.hdf5,20210919185900,1.0,random,1,20,K1,Q5plus,13a66d71f3d2255bfdc24abf242bc826ab44ba32fde7c08b8b288a41388c125b
japan_2016.hdf5,20160912170100,1.0,random,1,16,K1,Q5plus,13f48614e8075b6ec70b1af130d4d0956a9e195d48d08ee1f2cedca434bb2d86
japan_2024.hdf5,20240719001700,1.0,random,1,34,K1,Q5plus,1428ae864beaa42275d9135ca2a5b79295b61679d3746c174cb8a67b50861d2e
japan_2016.hdf5,20160817115600,1.0,random,1,22,K1,Q5plus,157c66274a6a29e009ab1282634872914c8bcb046799447b22aabaef14cd4314
japan_2014.hdf5,20140911115300,1.0,random,2,1,Kmulti,Q1to4,012b0dc0bdc8588b4484b3ce20f22a69b5a9df6f871915c51a092c6d2564430a
japan_2014.hdf5,20140906233400,1.0,random,9,2,Kmulti,Q1to4,06b7f21d06094a45216b9291107cfbc187353b4891e0fe62ed537c3b2c07e37c
japan_2007.hdf5,20070905170300,1.0,random,2,2,Kmulti,Q1to4,07932af1e3d452d6469946a934b7ee6efb41553375b8372b17eb61200007492d
japan_2010.hdf5,20101004114700,1.0,random,3,2,Kmulti,Q1to4,0845f21714b6b816e8b00cd4acff533e07c551c991f2c81b4db8dbbc5afd1ec5
japan_2005.hdf5,20050904053800,1.0,random,2,1,Kmulti,Q1to4,08e9dd8c513bdb6a71d26f5bd6f4ef81138d531ed4c3791378191303c311a0b9
japan_2011.hdf5,20110819112900,1.0,random,2,2,Kmulti,Q1to4,0d642f9194c9db82ad749eff43b5021acd58425fd28970b1cc0e5a11b4f3a849
japan_2024.hdf5,20240611095800,1.0,random,3,3,Kmulti,Q1to4,0d8e302845aee984bf0905d6f8ff563114b0d673f812f1ea6efa583721b3844b
japan_2006.hdf5,20061003224200,1.0,random,3,4,Kmulti,Q1to4,0d982b84d6e5fc32d06c4c2189c65c9c36e940edc3e2bd34ecb674269af24c7c
japan_2000.hdf5,20001003131300,1.0,random,2,2,Kmulti,Q1to4,0e73cd7aa05e5b57f674210dbdb2b4c5410095caa576f794ab3c1b76e78aea66
japan_2022.hdf5,20220909081900,1.0,random,3,1,Kmulti,Q1to4,0e8cf246f4e16ff786eeb1528789590efce7d89d1f3aa0f828c08ddd97009174
japan_2015.hdf5,20151017175300,1.0,random,2,2,Kmulti,Q1to4,0e91625200f19b15a760480a055d0fa5410f21a633832e7ad167a65c705d758b
japan_2018.hdf5,20180912000800,1.0,random,2,1,Kmulti,Q1to4,0eff12b9122bffaa1ef37cf9ec5611aca3bcbb282fbd9fd144404010c9833559
japan_2008.hdf5,20080812145500,1.0,random,3,1,Kmulti,Q1to4,115b09e3f576b5557e04901592fcf3602b84963ed5bc239fab05ee207782dd97
japan_2016.hdf5,20160831050400,1.0,random,2,3,Kmulti,Q1to4,133dc2fb4f6041fcacf5cd5ee1d2786e53e0a32ca6c50cda856f79dc04989ff8
japan_2006.hdf5,20060914235600,1.0,random,4,4,Kmulti,Q1to4,14f7b805adf5aa0e486da75b9de9f2cd7a2010dc336448c0088306afc082e0da
japan_2011.hdf5,20110924201700,1.0,random,2,4,Kmulti,Q1to4,17c2efd6cf516ba8ef26543a2de04e16e5631629ab3afb08e63d0c33de847361
japan_2011.hdf5,20110830214600,1.0,random,2,3,Kmulti,Q1to4,17eee3e3aa485e581369c969e8b1ebfc797ec56a5d80eba176f85c4b95bbd79c
japan_2011.hdf5,20110923220800,1.0,random,2,4,Kmulti,Q1to4,1811aaa9d6ff30315380f6c76f3c10c31df2317a22c00420b6263bb4af4835fd
japan_2002.hdf5,20020926191200,1.0,random,4,1,Kmulti,Q1to4,18e78db52176e78c35c3597c336733f15c36427c4f9e68aad879500e1002e1db
japan_2016.hdf5,20160911122200,1.0,random,2,1,Kmulti,Q1to4,2069ce78ab03d28e1f121022bd89aeee0311e2252d867c89d8dafb7c9d3d436c
japan_2014.hdf5,20140908021000,1.0,random,2,4,Kmulti,Q1to4,2147e7512b188f193062ea9e4b102c9be32b52fddf8218840b0666442f59b9a4
japan_2018.hdf5,20180912043900,1.0,random,3,2,Kmulti,Q1to4,230cce9158031e042d36d8f401edf5054a5980237f7f8f2daab39fa68e9dc055
japan_2004.hdf5,20041102220400,1.0,random,3,2,Kmulti,Q1to4,235cde828c4a1b13557462d3fa5d55073af1409302dffd0a098b2198a3a11ecb
japan_2009.hdf5,20091027081000,1.0,random,2,1,Kmulti,Q1to4,24da12271896db77fed496cf75cfe3a477bf1646c587bdbf172f2b9511adf9d4
japan_2012.hdf5,20120920122400,1.0,random,2,4,Kmulti,Q1to4,25e4eb9965e3ab9cbcd061037e9f91c8b4f4ddc4d84b60d4aec9d5d043edd2fc
japan_2008.hdf5,20080825070700,1.0,random,2,2,Kmulti,Q1to4,25f5c66c904e8fcb1916b2651597d70f4bd2f0fb1228d93faaa44ac44fdc0bfb
japan_2006.hdf5,20060924092600,1.0,random,3,2,Kmulti,Q1to4,26a95b8fcf125b5fd1f2b62323373e8841b38e4bb200f0ad4db6b451cadf4777
japan_2008.hdf5,20080806221600,1.0,random,2,4,Kmulti,Q1to4,26cc010899373c05385d2144163ab4737ac546bfb88923d361d718e5486d7497
japan_2022.hdf5,20220925223500,1.0,random,2,4,Kmulti,Q1to4,29ff27ac914e5b3981d6069b77cc031fa5c0a677e2f39ece8ad9d317867de3f9
japan_2011.hdf5,20110918160400,1.0,random,2,4,Kmulti,Q1to4,2bf2b796472c9513b69f255d7d289544721893d58548d6aa21aea19fdd3cf69c
japan_2023.hdf5,20230827225600,1.0,random,2,1,Kmulti,Q1to4,2cd13ceeb365ebf106b57518c553ff3e4a4ce52cfe28f4724dd79fab7c455f3f
japan_2002.hdf5,20021001090500,1.0,random,3,3,Kmulti,Q1to4,2d41671517ca1b7bd8698787fdf0c259ac84286c46ebb2c9f5c3c02f4e34d1a7
japan_2015.hdf5,20150924151900,1.0,random,2,10,Kmulti,Q5plus,00209af87d1a7f790747012958870095b27418869f2c6c9decea8b297fc0f37f
japan_2024.hdf5,20240603063100,1.0,random,2,57,Kmulti,Q5plus,009b635b28467f9b4358849f89cc256130337c7b29f5166e36bc00d6a7977d8b
japan_2024.hdf5,20240716221900,1.0,random,5,57,Kmulti,Q5plus,00ec57c725b0e161d77ffb4105497d703be5f4837ab8075b06db16b38e465779
japan_2016.hdf5,20160906035700,1.0,random,2,12,Kmulti,Q5plus,011ad19c67804582dafd1857e7f430272fe22eb2fd495212f95e158ba0b83e87
japan_2001.hdf5,20010917112100,1.0,random,2,7,Kmulti,Q5plus,0131fb60f9a6dbb78c7f51dcfd895c57a5dfbfd097850f29fbf0f8cb46b76993
japan_2016.hdf5,20160907132800,1.0,random,5,83,Kmulti,Q5plus,01e405ff6ad357a62a81780a122b5b3a3f33a91e359446854a76dbfe50820337
japan_2017.hdf5,20170923002000,1.0,random,4,13,Kmulti,Q5plus,021e712a8735c0fe43e6d013082134d006fe6896ecff6e19136dd6ea0771a3bf
japan_2007.hdf5,20070816082000,1.0,random,3,42,Kmulti,Q5plus,0231c88af3186eb69b3b43242e441160257a90a082ac940c19a29da54b41bd15
japan_2008.hdf5,20080822195900,1.0,random,3,83,Kmulti,Q5plus,0311607f7dba4b945ca6f9d558ca47334923d58b4cc4647f86cd1772a9b8147b
japan_2023.hdf5,20230831061700,1.0,random,2,19,Kmulti,Q5plus,0330f3ead59a189093d9217ff920b4de27a656a63fd7fae59e44b0ef93038d2d
japan_2015.hdf5,20151006183200,1.0,random,4,23,Kmulti,Q5plus,038ba423161c89ee334d9eceb61d6ec0aeeebccb9d6e13cd0ebae96fae0e86ca
japan_2011.hdf5,20110904055300,1.0,random,12,47,Kmulti,Q5plus,03e05d4d56bda57abcd5d397f243589f475d5ef633a471fb82f3b647e8350942
japan_2019.hdf5,20190912014400,1.0,random,2,18,Kmulti,Q5plus,03f294d492487b262bdcdacc76abe19ce95e750dbaff841535ddd1003acd192f
japan_2001.hdf5,20011002172000,1.0,random,2,29,Kmulti,Q5plus,0410bb369428a7a69e68a8072d06f6a88347d05510fdc01c4c9f04cb04ebad12
japan_2018.hdf5,20180911222500,1.0,random,2,7,Kmulti,Q5plus,0445cef5cff6633eba598e9afa5d2da9885dcb525bdd6c9846b140225ff3dab1
japan_2024.hdf5,20240616191600,1.0,random,3,64,Kmulti,Q5plus,04ed3ebafb8291873e766ca32b34c55ee69a83056c9e4a5cce5cbf7ecd6dc3a1
japan_2014.hdf5,20141014062500,1.0,random,3,16,Kmulti,Q5plus,04ef50654342c7fec3fb9abd1d40a6d409f2c03ee4dd3ff837f32090daa7b5c0
japan_2011.hdf5,20110913011400,1.0,random,3,6,Kmulti,Q5plus,053dcbafc640d5d721c11f4e01cacb22ac8a2981a0dec63c4b2c8e185cf68758
japan_2008.hdf5,20080911180100,1.0,random,2,10,Kmulti,Q5plus,05a66c1c31a14a4949d67219876e30536801c9baedf36225d8d09ad694916b18
japan_2009.hdf5,20091103135000,1.0,random,2,24,Kmulti,Q5plus,06de6ab51d0fe37f3a98623793619d42f16abd5bdb8a87e6d9f228ac3e3a676a
japan_2014.hdf5,20141010172200,1.0,random,4,13,Kmulti,Q5plus,07282337be2328cd8fe912748345263186b00c46119e0ccf252468c197eaaedc
japan_2012.hdf5,20120817162400,1.0,random,2,20,Kmulti,Q5plus,078e73d684876ce4e771a2aa4b5f0f109025f73a8cd3596bfab89bdb8f44edcf
japan_2006.hdf5,20061002020700,1.0,random,3,10,Kmulti,Q5plus,07fa024de9afffe503b0347a0ecb01a9ea83423e133e04ac6ecc378d156d2798
japan_2014.hdf5,20141015125100,1.0,random,5,28,Kmulti,Q5plus,095006e33fe404841a593d02c2288a0130a2162e981da844ea2c028957e168e7
japan_2021.hdf5,20211016214800,1.0,random,3,19,Kmulti,Q5plus,0ae0fb7ace40f9f0baaf79944e606600cbc84c7a1434ed4312de264b7e168d89
japan_2016.hdf5,20160907015600,1.0,random,3,19,Kmulti,Q5plus,0b5c470ae804e22e8741a6c880654d72e8cd5d8789f711c0e2ef284edf89d36c
japan_2012.hdf5,20120824021000,1.0,random,2,11,Kmulti,Q5plus,0ba0922ed72b6a615c42a36b41bbf69cca0559876eb5851da12c4f5d19c4ed9b
japan_2009.hdf5,20091021115800,1.0,random,2,23,Kmulti,Q5plus,0be53a676b44afa626b9e9067df284c6ff046957617547aa0ee87bb79e51591c
japan_2003.hdf5,20030926052500,1.0,random,3,7,Kmulti,Q5plus,0be770e0835adaf59e009bde75ecfde2f69a0d2553e370e3199751cf4379cb9b
japan_2012.hdf5,20120914020100,1.0,random,2,6,Kmulti,Q5plus,0c03f0fd71a7c16f71604f60990e75cd68f61f9f9b4d06bf1cfecc76da2d3215
japan_2011.hdf5,20110902110600,1.0,random,2,7,Kmulti,Q5plus,0c15b2eb4997a6fbf6b4d8cd13518ef1342ef91f6cabff8a5a757479ea12425b
japan_2007.hdf5,20070909144500,1.0,random,2,7,Kmulti,Q5plus,0c99256fcbfdca9b6afdaa2c391ac456a1dd05306aa6bab68c83230b4a826c45
japan_2016.hdf5,20160913052000,3.0,normal,1,2,K1,Q1to4,03c81e7a4b89510ef1be72f8439431b6618bf06ffd529e7d667434bd16dcbe3e
japan_2008.hdf5,20080911044500,3.0,normal,1,3,K1,Q1to4,04cad0517731e4cc2df3bfa432816c9200d1a5f6b5248e7679db84f1c2121f97
japan_2002.hdf5,20020923084400,3.0,normal,1,2,K1,Q1to4,053d824edde74519b8f3fc98f41a2f50945de94c3a3db9ac5b0d5d2ca248d7ee
japan_2022.hdf5,20220922072400,3.0,normal,1,2,K1,Q1to4,07b85fea3bb5dcf22aa0f771e6d00d48ca8e555bcb2d9f467801d04c26bc4b25
japan_2001.hdf5,20010922191600,3.0,normal,1,2,K1,Q1to4,08f2ff531cd2f5137643ac2c08dc09f40f047a7eaebc407cfb648fdaa0957257
japan_2023.hdf5,20230923090800,3.0,normal,1,2,K1,Q1to4,0ac1be7b5211a27d8527ee86b83297a0e3b9e8054aa645d02f77d64fe92b20c7
japan_2016.hdf5,20160906175100,3.0,normal,1,2,K1,Q1to4,0b8a0eceac02706a849c7529eb29b3f115b44ddda32e5c26b4a0ddab47281597
japan_2007.hdf5,20070817094300,3.0,normal,1,2,K1,Q1to4,0ba097856a47719da947a40f7d9884e8a8c1bb3b2c2544f1b21ee5b00a87142b
japan_2004.hdf5,20041028065200,3.0,normal,1,2,K1,Q1to4,0f60d514d05aa74248d64ce44b58d28cbd3452393b1863d0145b483ec2acbdc2
japan_2024.hdf5,20240718200700,3.0,normal,1,2,K1,Q1to4,0fb36ae94246d556fc31cf491a2bc9865ff2ef02995790124aebcae7ad768d05
japan_2004.hdf5,20041106055900,3.0,normal,1,2,K1,Q1to4,11fe563f281c55847d53691c71e4e94c2e5a194c0b33b60b82ce72f81e4a3871
japan_2007.hdf5,20070803172900,3.0,normal,1,4,K1,Q1to4,1226497a35b62ab69fe54bb9acd40e3819d7b4b88b46af685455835e0aacdcc5
japan_2000.hdf5,20001008141700,3.0,normal,1,3,K1,Q1to4,19af4a17a59fcb5764cc0288840f4926c26df140c23e1ec5ec57209f744fe6df
japan_2004.hdf5,20041103035700,3.0,normal,1,2,K1,Q1to4,1cc3ed38551a02c5f3da7b60e764a4d0d3a8547f1101f6de2274a9b80844ba0d
japan_2020.hdf5,20200824030600,3.0,normal,1,2,K1,Q1to4,230ec4af562dda6200830459715ea2d859fe08e6b4b4d64702cae368ae227977
japan_2007.hdf5,20070826143100,3.0,normal,1,4,K1,Q1to4,23bf50e3fab1629c7856fa2a81a3ddcdbbde3e1368e6b72aad5ea3c1ce41b866
japan_2014.hdf5,20140918145600,3.0,normal,1,4,K1,Q1to4,259833a630801ac99f39eeed80bf0dacc171aab5ecd3aa788f1e97698921d10b
japan_2016.hdf5,20160820180100,3.0,normal,1,2,K1,Q1to4,25e245586852bf514a515d5a80ef4426b96035078fc05879bbbe5da31e15c944
japan_2004.hdf5,20041102004000,3.0,normal,1,4,K1,Q1to4,28f6eb72096525e8fe8a08b5f7a042549aba640b16ed4c99a690cbb9cdf304a7
japan_2023.hdf5,20230822083000,3.0,normal,1,3,K1,Q1to4,2b11123086c08ad6ad6afbdee7dcf970d6c488df3ed197520a6fb1b9f11fca74
japan_2024.hdf5,20240722190500,3.0,normal,1,3,K1,Q1to4,2e88f7fe176eba8133c0800876be8db06aee49d5c4fd272b57a89168522ba93f
japan_2011.hdf5,20110915090000,3.0,normal,1,4,K1,Q1to4,5282dc3fa6c2ca0b0d57af885e762ec2f59688479cc1a5306ff33112904812aa
japan_2012.hdf5,20120903071700,3.0,normal,1,2,K1,Q1to4,5366e5d8a3618d1f2aec30ebae4fd9ca11f9cd9fa76025c048d667b0ba00ceb6
japan_2021.hdf5,20210920171700,3.0,normal,1,2,K1,Q1to4,53b22bcdc70b5fe9e8857dbadf9b603dbb92faaab7245f6de2a032d1c14a6989
japan_2005.hdf5,20050809041300,3.0,normal,1,2,K1,Q1to4,5bf031ff74d0feb4556bf96217d2d859c33d81fb254890ae7fd13daed8c8993a
japan_2000.hdf5,20001006163800,3.0,normal,1,2,K1,Q1to4,726073690fa953a81e497b1194a79d83a8b2dbdfe290d3f7e785e829ebd045f1
japan_2010.hdf5,20101001202800,3.0,normal,1,3,K1,Q1to4,73ebdbc00a7c1e559b34659d8a4279014bb76dc5b17a681d144dd856756a3c39
japan_2022.hdf5,20220925062300,3.0,normal,1,4,K1,Q1to4,7a28f4851a7cb13c57353c17f6cbf7a5e6a1152870393cfc06d8a13debc721ed
japan_2017.hdf5,20170913040000,3.0,normal,1,4,K1,Q1to4,7a2c04f465f5fcb4a756cdeb542dbae0b86fdb00b93e98b597e803efac6bf979
japan_2024.hdf5,20240625173100,3.0,normal,1,2,K1,Q1to4,7c4e82f706b654db5ca415d7c7d1b4309844881e76e39fec159c1892a2c8c339
japan_2001.hdf5,20010929020700,3.0,normal,1,4,K1,Q1to4,82042edb0b3cd2baee6174c8eee71d16c3e1c1379b94776a5e9e604f79c4b826
japan_2017.hdf5,20170926120000,3.0,normal,1,2,K1,Q1to4,8a63dcad48157207c9c2b4966a849825a3973e72fe44321eda4e9b7e7a65b409
japan_2011.hdf5,20110921131400,3.0,normal,1,5,K1,Q5plus,027b036f35747ed6d1e8a53b208464f8709f1292843667d00fbbfe539be83241
japan_2003.hdf5,20030926050500,3.0,normal,1,7,K1,Q5plus,029b6fdcc39d0fd6406802e1a2efe4b50a9489f43a7c1c27697d7431d898f966
japan_2004.hdf5,20041106042300,3.0,normal,1,7,K1,Q5plus,15c6b057fce639e51fa66b44365316a9c7bc4880f4790d9942931a748a179a1d
japan_2011.hdf5,20110923184700,3.0,normal,1,6,K1,Q5plus,21a555b3431ff1597d91c930513465be99314cfcccda987c623a08e37f6d7db7
japan_2011.hdf5,20110907152400,3.0,normal,1,11,K1,Q5plus,32abcda64de8c90fe60c550a890ef5c7879be7c514cc4a9bcac98f2bc12fc491
japan_2011.hdf5,20110917064200,3.0,normal,1,12,K1,Q5plus,35f236740b91c79f43fdbc5aa1f39e942038d67fe590ad01f149bc7a3f752e3a
japan_2024.hdf5,20240603064000,3.0,normal,1,19,K1,Q5plus,3653226008d4b7d539be1223199bb70bae424be8e93725aa1dc8c70eaee5412c
japan_2008.hdf5,20080831143300,3.0,normal,1,5,K1,Q5plus,3909fe7744b71f83e97f01d94f7dd1d9344a0be0126161b9e641b98af5358723
japan_2018.hdf5,20180919152100,3.0,normal,1,5,K1,Q5plus,3b62c17f4d5dab9c4c3f9140a0f46d55a6ef95b241eb4eb7ce516d8e318d6af9
japan_2022.hdf5,20220926032500,3.0,normal,1,7,K1,Q5plus,425a34468267e84a59903dd95966bcbd498b4c43e6b8fdc94556bf6ac58ae739
japan_2017.hdf5,20170919020500,3.0,normal,1,11,K1,Q5plus,4ad5149e61daf5b5fe247b2a242aa308698d1f3e1fbd8ea5bc0a5c2c29ce937e
japan_2012.hdf5,20120828225500,3.0,normal,1,5,K1,Q5plus,56e1e9352dee6143f485b9690415f8e903a4e3aad0e9015db4536a8327d7e679
japan_2014.hdf5,20141013024400,3.0,normal,1,5,K1,Q5plus,5825eb21052e229d64370718d112e011012969f01eb72ab1f3550a3a5fb14688
japan_2013.hdf5,20131004081500,3.0,normal,1,7,K1,Q5plus,5c9592b6a02570bc662907205f477d0f30f6f94c3296d2f5d581238bb7fb76bb
japan_2015.hdf5,20151016163400,3.0,normal,1,9,K1,Q5plus,5f10f33969cf4d2fe0d4f671393a7ad8cb0faf21fe9d816d902e0c0acfd00815
japan_2011.hdf5,20110819134300,3.0,normal,1,5,K1,Q5plus,6012b11509466d7b6d58ddb4105931b3867a8429a62e89f033a47d74e908d06c
japan_2015.hdf5,20150922155900,3.0,normal,1,16,K1,Q5plus,61d7b6a53952c9c041e6254d7a5df7eb872839b183e98cc31776f849f048e2dc
japan_2009.hdf5,20091114042300,3.0,normal,1,56,K1,Q5plus,66e8dd40c282939fb5e90ad6ebb82c9ed5e09a99563d3d33d2a63dfc4592e59f
japan_2000.hdf5,20001007102700,3.0,normal,1,9,K1,Q5plus,6814ed373440f58c0480044680414d0870e7ed1b06a680242fda1d57a91fb55a
japan_2016.hdf5,20160826022800,3.0,normal,1,9,K1,Q5plus,68f6844a035fb0b83b1712fb8b8d7f24c16dbf9fe5d261d068a955b002055436
japan_2021.hdf5,20211009111600,3.0,normal,1,20,K1,Q5plus,6c5d2ef2ab28161680e97dd995e78044bcb40bed6cba92cb394d21f17735c937
japan_2018.hdf5,20180915184300,3.0,normal,1,8,K1,Q5plus,716012f779cc8acdec53bc3511682c480444830e71dff62c1ec86e2c84a4f064
japan_2013.hdf5,20131014084600,3.0,normal,1,7,K1,Q5plus,72254e1f723006df076e34cf558efb22efd8a4f2dd4304fbbb179afebe646342
japan_2011.hdf5,20110827113700,3.0,normal,1,11,K1,Q5plus,77f0d2b8c47b7b4ef0a7a97b81fd48e3b9b674b898d2baff31ab2a4678c09256
japan_2021.hdf5,20211014020000,3.0,normal,1,7,K1,Q5plus,782a6a94b02930a130a9b604451d4a66119b02e0d999979de2b5287e3382320f
japan_2012.hdf5,20120909155400,3.0,normal,1,17,K1,Q5plus,789b67eef9ae899dcecda64a7c4c231f3a1461e548c2e2e32af8cf9659f9ff6c
japan_2021.hdf5,20211018110100,3.0,normal,1,22,K1,Q5plus,98669413fa401e9e6b9a387ed99004affcd4446967d1b14d6059725482c852ad
japan_2013.hdf5,20130926144400,3.0,normal,1,6,K1,Q5plus,a0cd3418be98ac42b4480e17d93a8b06b42b0d09f09276a86d5ce4d000316916
japan_2012.hdf5,20120815085600,3.0,normal,1,18,K1,Q5plus,b0bdf5d3934452dbfd08a04fb85b28906df078cb88882360b7021ad96d810457
japan_2021.hdf5,20210919231400,3.0,normal,1,6,K1,Q5plus,bbc3f1e414bd9f18c8e3bbba05e6edf159f18d643b63f6f105169d04c0c3a80d
japan_2000.hdf5,20001007045600,3.0,normal,1,7,K1,Q5plus,be12bb2f270b36bbd59cd2662a7a64752984cf30deb59bcd6ea8f4e2d06780c7
japan_2011.hdf5,20110924024800,3.0,normal,1,5,K1,Q5plus,be44d2974381b18a46c9d14e01ddb7a8ad349e2e2f526b657f359c0fce0ebbbc
japan_2011.hdf5,20110821171300,3.0,normal,2,3,Kmulti,Q1to4,0150c89647926f83963593e064b4cdd820ad1740d695f04ab1becfc8b8065cc3
japan_2001.hdf5,20011001024500,3.0,normal,3,3,Kmulti,Q1to4,01b678f851e013c690eec0849cee9bc6737cfd2f30084146de46fc1aec862e53
japan_2018.hdf5,20181001211000,3.0,normal,2,4,Kmulti,Q1to4,01ccbfe42ddf129b8dfe6193c07940415c8b4cb0cd176467b7d2c05ff56db724
japan_2011.hdf5,20110910005100,3.0,normal,2,2,Kmulti,Q1to4,046fe9aa1b4928009b2b3e0a3d757608c245798a9a515df7d932ca31512a86de
japan_2020.hdf5,20200911052200,3.0,normal,2,4,Kmulti,Q1to4,04b33efc9e82bbace52a5da732ca072913d05db3a3dae43fa3c57a3c40360752
japan_2019.hdf5,20190927222500,3.0,normal,3,3,Kmulti,Q1to4,06bfe5256fb862440bf0f0aae2522a94e745a3634a072137d8534175000886fd
japan_2018.hdf5,20180927034300,3.0,normal,2,2,Kmulti,Q1to4,06ce6a63fea809a01c473fdd2ce19cf229408eef2a65634fd2f91032f4f947ab
japan_2022.hdf5,20220915085100,3.0,normal,2,2,Kmulti,Q1to4,06ddfc2ef16b0b4f27060a75011f5f271eb738f72e99d3d0d21256fe01f63dd0
japan_2011.hdf5,20110820004300,3.0,normal,2,4,Kmulti,Q1to4,07d3c5b2109487d0e685726316d89e82529a42b149cc0821356de37bc712914b
japan_2019.hdf5,20191007162500,3.0,normal,3,3,Kmulti,Q1to4,090fd2c4359f3cf2daf7b3fd65fc23f88c780d60d657fbeaff05dd0abbf09250
japan_2011.hdf5,20110829170600,3.0,normal,2,2,Kmulti,Q1to4,10364042d19593c36dabe730c4f9243a5e430f71a286501ebe73c3c762bdf528
japan_2022.hdf5,20220819051800,3.0,normal,3,3,Kmulti,Q1to4,121abcd7de80805e603c1905adcf7ac5ad33965538b1e034bb2b8a69c5713fbf
japan_2008.hdf5,20080825070700,3.0,normal,4,4,Kmulti,Q1to4,1285fc3a08c8509da197b25c67c310497955d070e47208b184044d010b78433d
japan_2013.hdf5,20130914041000,3.0,normal,2,2,Kmulti,Q1to4,1442372c03151792fc37e6ebb1839eecde1edf597b70ad8861f38c2cb67b1bd7
japan_2015.hdf5,20151017141700,3.0,normal,2,3,Kmulti,Q1to4,17f401fb7435a9bb55d68f76dfd1e757ed1a0f3507f20b4ba89fe039101900d2
japan_2007.hdf5,20070808230200,3.0,normal,2,2,Kmulti,Q1to4,1a2e0e9e70f77a7378d00f65936b7f05d775cc76d86b1b58b04b99006593354f
japan_2003.hdf5,20031004234100,3.0,normal,2,4,Kmulti,Q1to4,1a50c8321b133b6536504a433a9477e9af474c2e837eff1b087e8c1f5f72f33e
japan_2015.hdf5,20151002181900,3.0,normal,3,3,Kmulti,Q1to4,1adb5ca5a92afd956325af6ea7938cfefda4256626475c574635704d17abe789
japan_2016.hdf5,20160913232000,3.0,normal,2,4,Kmulti,Q1to4,1b102eef7ac6a9bb556674cba50457c5c44c8e65681254ac4e42e8973148e97f
japan_2016.hdf5,20160903211100,3.0,normal,4,4,Kmulti,Q1to4,1b97a3b13e6a57ddd36fd1999b777861e4eff39c10765ac69b12cee8ceaef673
japan_2016.hdf5,20160806183600,3.0,normal,3,4,Kmulti,Q1to4,1c63590e08d3004ee7ed4ecd9820c6f0a6651c898a42b75a266db2bd6584c0ea
japan_2016.hdf5,20160831213600,3.0,normal,2,4,Kmulti,Q1to4,1c9d1c176127ff21001e308be60b13cb38a7b382bde77870826fbe796798686a
japan_2023.hdf5,20230917172300,3.0,normal,3,4,Kmulti,Q1to4,1ccc9f8d711a4ed19e1b5c185e0e2f1b65c517c112867634705cfabc29102041
japan_2004.hdf5,20041101054000,3.0,normal,2,3,Kmulti,Q1to4,1d0bbc5f990e57e6a8915e5baf0dfef38f4742c4d1d838e2b06816ee25efba36
japan_2008.hdf5,20080822092500,3.0,normal,3,3,Kmulti,Q1to4,1d445b3d2f7cac15535deb22aa13ede3f063d6c6b123b1d3a3d58b02b91810b7
japan_2000.hdf5,20000930232400,3.0,normal,3,3,Kmulti,Q1to4,1d865d2ccc34eaa00820cc3b9dabdc3722ef133426a28ff2ffac57e10b343e6e
japan_2000.hdf5,20001007081700,3.0,normal,3,3,Kmulti,Q1to4,1fa9ee686167f145275a0b998479cacf30d1daf990b3b89587cc1b0a57f5355e
japan_2004.hdf5,20041029125700,3.0,normal,2,3,Kmulti,Q1to4,20ef8f7464453ff55ca3f069522e4bf0237b7b3e366e4b60210fe6600c1c6e99
japan_2014.hdf5,20140909070300,3.0,normal,2,3,Kmulti,Q1to4,27d6bb7d0848c4126b1edd52f45a892b60f38d7a369d6c3c2ca5369c1981c27c
japan_2005.hdf5,20050807232800,3.0,normal,3,4,Kmulti,Q1to4,29cd64679e645d7045248e26b5333bef4a32bf556f33bf3d1fb4cff1773cf4b2
japan_2013.hdf5,20131010211800,3.0,normal,3,3,Kmulti,Q1to4,2aa852546ec56062a1627e569453ac240c560761858da71f3c26342bca7ff3e2
japan_2012.hdf5,20120914112000,3.0,normal,2,3,Kmulti,Q1to4,2c1605ad7b2b69d9015f07f175f933cd8022925348efbd31283099eaa169fcb5
japan_2024.hdf5,20240606090300,3.0,normal,8,15,Kmulti,Q5plus,00a0be067d877c1805ee4e100bcdd7e85a74ca08698efafa15667316e39377d7
japan_2002.hdf5,20020928023100,3.0,normal,2,12,Kmulti,Q5plus,00f56aa84f50b031b0a85e7c52bf440c3e9b46d8ca60e46503ae51a128b1dd77
japan_2016.hdf5,20160912133300,3.0,normal,7,12,Kmulti,Q5plus,0104df170c0a15985386aab1d99de89e2e73a5a38653cfe9a79966c11b1e20ab
japan_2022.hdf5,20220927010500,3.0,normal,5,10,Kmulti,Q5plus,0123963367eeb29073d48d5eef11ec69c93856c19fb9e80e2d2dea35cbf7a14b
japan_2006.hdf5,20060930003700,3.0,normal,9,17,Kmulti,Q5plus,01467f46c75a39f35be69b8f5aab386136418973f4944ac0a5722fabf8f5da85
japan_2010.hdf5,20101014143000,3.0,normal,14,41,Kmulti,Q5plus,019c487f26225fef5bb0ac57072ff267f3dacd937fea574294f415ad7c0fd927
japan_2020.hdf5,20200909114500,3.0,normal,5,15,Kmulti,Q5plus,01ab9b25a75f6f251856e4c1c964e967b561bf71de290b6371550f960fff9c9f
japan_2024.hdf5,20240620222300,3.0,normal,7,50,Kmulti,Q5plus,01ed27e3d0bb5d931142b46aca1ebad2fa16d891c96164565053fe1cd1a323cb
japan_2007.hdf5,20070725072700,3.0,normal,6,12,Kmulti,Q5plus,02314d50c3b38d308f78b5c651d1e9555023b7c21bd5fe36b18956784ce6ffd1
japan_2009.hdf5,20091021115800,3.0,normal,3,25,Kmulti,Q5plus,02427031da1d9d4029bd3a5ee23f932df261cd3017346d3422a5eede092d71c4
japan_2000.hdf5,20000929191400,3.0,normal,10,15,Kmulti,Q5plus,0279e7497bafc7c44eb192c6e1a6f61e790fd4f5429fb4a877b9d016881975b1
japan_2011.hdf5,20110916143100,3.0,normal,2,14,Kmulti,Q5plus,02c42dc606c57a44225be9e26ade99e3d08831f62c01aa61c82f34d73a35fde4
japan_2004.hdf5,20041106182600,3.0,normal,6,13,Kmulti,Q5plus,02fe02098139eb925744b3c58f7d823ab974f9e0d87442fcf91cb3731d5e49b2
japan_2024.hdf5,20240618033300,3.0,normal,10,16,Kmulti,Q5plus,0395284798188b93575ffa610393ee92e80b503baa51cbafe41f71286db66e91
japan_2015.hdf5,20150924195800,3.0,normal,7,17,Kmulti,Q5plus,048e13c4f662cdc228b1ed962655fd41e00fb400e2c7c58422c6f3462f4afe60
japan_2007.hdf5,20070825215700,3.0,normal,15,18,Kmulti,Q5plus,04c68a1a258b08bb304100efa0fbdce9f7064315f9a6a7320ad7d0406f2e8de6
japan_2007.hdf5,20070817021000,3.0,normal,3,5,Kmulti,Q5plus,04d53c88f8c862c5f00442b78efa801413c5bb58d52c366bd06e96d99810b9b1
japan_2019.hdf5,20190919084900,3.0,normal,9,27,Kmulti,Q5plus,0507bbd6a0f593732b828fe2b3830b6c7f690806ee767417f19a97d1bf0744e5
japan_2006.hdf5,20060908175100,3.0,normal,6,12,Kmulti,Q5plus,05585b52b4fe91c21ad7343dc62757cad62fef3c1e30956743d559a4eb6d3d01
japan_2011.hdf5,20110907025400,3.0,normal,5,14,Kmulti,Q5plus,057562e6722edf023f9fd6363940a01c40a81577ba1be4bc389adbaa8b427148
japan_2003.hdf5,20030926072400,3.0,normal,5,10,Kmulti,Q5plus,05d67d79f2312018afea1c037f332c00e79f7374190ee9de89751de9760eb064
japan_2000.hdf5,20001006162100,3.0,normal,2,12,Kmulti,Q5plus,05e2b08af8ff67ac8656c7b6be5fb3cf6976b18790a0bad9fe3b230f8e85926b
japan_2019.hdf5,20190914125700,3.0,normal,4,5,Kmulti,Q5plus,0604096ba569bc3c8d2162e7e6b02eab500c9fe18520eb15a98400cdfbb4b175
japan_2007.hdf5,20070818041400,3.0,normal,9,60,Kmulti,Q5plus,0614af68114cf216564c1d1bb1a2ce34fde89daaf964b3ff5fc86f223ef39b1c
japan_2011.hdf5,20110819003900,3.0,normal,16,49,Kmulti,Q5plus,062313f84483f5df551e438d31121e35d3582a73cf9c333c9c8ce8c3eaf5ac3e
japan_2012.hdf5,20121001064000,3.0,normal,4,14,Kmulti,Q5plus,0632c3954ada4141768fcbd3df1ec83a867d2d261bf3337babc1e4df1db23758
japan_2012.hdf5,20120928144600,3.0,normal,4,31,Kmulti,Q5plus,065021930f2930aa85691f96d8dbcde50b05ff117480882de47773d319cb9fa2
japan_2016.hdf5,20160823122700,3.0,normal,3,7,Kmulti,Q5plus,06536d6431719630b8fdbc04ac1bc63de0358386bd38c35099df1b8a83ff69e2
japan_2015.hdf5,20150922175600,3.0,normal,4,22,Kmulti,Q5plus,0672767630f9a8755d22674f6f0f54180c6a7769eecf53ad002b3c10eb6d7a6c
japan_2021.hdf5,20211007224100,3.0,normal,25,87,Kmulti,Q5plus,070bbb50de57391a99b175283ec094905223625649ecc12443a61e58c24e9d65
japan_2003.hdf5,20031004053800,3.0,normal,5,9,Kmulti,Q5plus,079edec851f199e43c764ebad8f43b21690aac79154717c0a8c2ce08b09c5ee7
japan_2018.hdf5,20180913150600,3.0,normal,4,14,Kmulti,Q5plus,07a715f1a50cf4bd929f2f243f8b32c4486f0e8a9a543be614e3e6248e27b998
japan_2005.hdf5,20050827154600,3.0,random,1,1,K1,Q1to4,024d97531693bd159a94db485c45fb52e5ef82875eb6aa34f024e0b4adff0725
japan_2007.hdf5,20070826143100,3.0,random,1,3,K1,Q1to4,02811f20008247452c37846a50331d74936597f24e51a2234c5a45e2e469180c
japan_2004.hdf5,20041030011500,3.0,random,1,4,K1,Q1to4,03a7d1716a34753e54dfec0f9803fb8bba7bdf7aa4b1499084e820aa58bd70af
japan_2004.hdf5,20041101185800,3.0,random,1,3,K1,Q1to4,05833d8cf26b1a49f1f703734503648f04b3eec87a18581af582748b0a5a5747
japan_2016.hdf5,20160903082900,3.0,random,1,1,K1,Q1to4,060aa9784167ee310282320fe204a843979f425140102522d4a9f8fd189beaea
japan_2010.hdf5,20101001202800,3.0,random,1,2,K1,Q1to4,0922c7c356fe9feac617dca615ef25c7be9acd4bbd53f2eed480373de425a7b8
japan_2012.hdf5,20120924073900,3.0,random,1,4,K1,Q1to4,0aea95526b759fc83792a8f30b1ea03b5855f9fe4814c7802580c6792dec8ab6
japan_2007.hdf5,20070808230200,3.0,random,1,1,K1,Q1to4,0ccb95a3572dc36393fe21e8ad64ee353b706f7e0495b20318d550b45f3eb57e
japan_2011.hdf5,20110831195900,3.0,random,1,2,K1,Q1to4,0d38957e7ff1be2d08e8ffc22195d238bfecb3ab4b900c9d3f12361eac96e42f
japan_2016.hdf5,20160919152300,3.0,random,1,1,K1,Q1to4,10fa14eeff5e6696fc45682311402a38a6c7b618e58684d29da83399520cd9b6
japan_2003.hdf5,20030926191100,3.0,random,1,1,K1,Q1to4,12daed80967867d7eeb555654c62c7d6a7a2a1cded03aa435c4edd9272605d08
japan_2002.hdf5,20021011022200,3.0,random,1,1,K1,Q1to4,137a55716fa780f324e3da8890ab0ef766482f4d163cc2bc827177b38b0f8c79
japan_2009.hdf5,20091031024200,3.0,random,1,1,K1,Q1to4,172152fd30b423345ad21057799502ed7a6df27e8fdddf2c98da627825f74cb8
japan_2019.hdf5,20190915171500,3.0,random,1,1,K1,Q1to4,18ab6382c67acb1f445e92d794cb25cd65e41c1125aa18cd180a77b8c3aef158
japan_2024.hdf5,20240627194300,3.0,random,1,3,K1,Q1to4,1b69550fcde2c57acc21d49e89c5bfd4aa52c9304321f51109cd47ca3d401a49
japan_2016.hdf5,20160830085300,3.0,random,1,1,K1,Q1to4,1b8a3982495c2cc5cec83e8ad44d1da55775105e06d83f43b4314f42abc7dff2
japan_2013.hdf5,20130914041000,3.0,random,1,1,K1,Q1to4,1ca6dca24a6c18628576541d443733d7c72819c345e82c652035d9581a02d10d
japan_2011.hdf5,20110910005100,3.0,random,1,1,K1,Q1to4,1e746017688479169c7b385c45632a141347fa1150fd38b0611c81fdd51d6724
japan_2022.hdf5,20220915085100,3.0,random,1,1,K1,Q1to4,21786eb245bc1a2af677c10945657691ee07ad26c070f0c25c2b5704c80c66b9
japan_2017.hdf5,20170926120000,3.0,random,1,1,K1,Q1to4,243cb5590f30f3d0b985bc7c419f4d3b978edf17debbf00827b40325c37bf910
japan_2005.hdf5,20050821164300,3.0,random,1,1,K1,Q1to4,247d51cd84f324c1bf1eb2c0bc639b358d3dc0a2960cfecaa1c16c3fd386d9c3
japan_2004.hdf5,20041106055900,3.0,random,1,1,K1,Q1to4,265005f8384ba9b992fa4834981ada2a0f3a7f3807409320db40eff52d8c580d
japan_2012.hdf5,20120813141100,3.0,random,1,4,K1,Q1to4,294de1f1726f83901eb44197ec810ec6ebafb5c0dbd87107045d7e2acfe39e30
japan_2004.hdf5,20041102004000,3.0,random,1,3,K1,Q1to4,2b4805e07e9db97e1693bdb7734aecc1c40fcbade9e8924b1811578c2a99918b
japan_2021.hdf5,20210920171700,3.0,random,1,1,K1,Q1to4,2bd45e1b5f462be7b66fe938e7044958797c98569a4abdca050d87199eec3a3f
japan_2022.hdf5,20220927050200,3.0,random,1,2,K1,Q1to4,2c1c654ce2530d8835a8c6293230f14f24d217a7f53391f74c94b4b0d2551307
japan_2000.hdf5,20001009192400,3.0,random,1,2,K1,Q1to4,2cbad4b6e1264da9a55a687bba7d9e0604f759cf72fb144c8fcbe598b63f00a4
japan_2004.hdf5,20041028214900,3.0,random,1,1,K1,Q1to4,2dfcbc8f84da7e12ed27f070ac6a88c518d0b9a7fce4dea5dce13d10d99c6e20
japan_2002.hdf5,20020922085300,3.0,random,1,1,K1,Q1to4,2e416e1ef13c419e8d55c146cf2e0f2f0961384072794f79c98f55e46bfe8901
japan_2016.hdf5,20160820180100,3.0,random,1,1,K1,Q1to4,2f23d90ec5779d4df1fd09958f94bcd1cbc6a469290e6197efd73f29d0a966cf
japan_2007.hdf5,20070823184600,3.0,random,1,2,K1,Q1to4,30d31c299a4009c11692cc365cb16340b68768675f58ea51cfe781bc57be777e
japan_2009.hdf5,20091022162500,3.0,random,1,1,K1,Q1to4,33a68a9d98def75b41c8026a08e7123f69815a0a8538d6fb1d8716733fb3be82
japan_2018.hdf5,20180922070200,3.0,random,1,6,K1,Q5plus,0044d39b67fda2e526aff87c9fa731a0ad27d9d309803a0191e851d1ffbafc9f
japan_2012.hdf5,20120901003100,3.0,random,1,16,K1,Q5plus,01a87a383d963821406d340b5c242633d2411396284634ef603645fc230ee3a2
japan_2011.hdf5,20110921055900,3.0,random,1,25,K1,Q5plus,04f05a763929f53301357607912e99a9490dfb91e16941abbada2f1faabf5faf
japan_2014.hdf5,20141021052500,3.0,random,1,10,K1,Q5plus,072248607f89f2a071bb91772dd013758b6140d5228fab9b843d546cfca059bc
japan_2020.hdf5,20200830143700,3.0,random,1,83,K1,Q5plus,09907d7031eccedc6c7eb6cc5e4bd37b95e14c46973c4d7e7b2ab8f7b8cd3333
japan_2021.hdf5,20210927195800,3.0,random,1,11,K1,Q5plus,099c4c5f9b94ed4033a5a51c7f7524dbbb11dca6b85895efc3d9804967b125b9
japan_2024.hdf5,20240705062000,3.0,random,1,6,K1,Q5plus,0a33a9c0cd515d3e4d6358375ccedb3174dbed6375e4f3647e90c44fc4a9ffcd
japan_2014.hdf5,20141006132000,3.0,random,1,16,K1,Q5plus,0b96eeff388d9c830632310ce74d6edf5891d314a4de597a5172d79adaee9ba1
japan_2011.hdf5,20110913024200,3.0,random,1,47,K1,Q5plus,0ce6a0a35e5e7473797ced0f461958ddc57b0d32e8b8b9f81ebbfda594a5dd51
japan_2009.hdf5,20091012184200,3.0,random,1,21,K1,Q5plus,0fd4feaba4c7d5e5c5fe0d89aafcee1640d96f9af4cf373fb7f8f27f6c1846d7
japan_2004.hdf5,20041108032800,3.0,random,1,14,K1,Q5plus,1166d4b5fe8cdf1bce03bd67fa30e3d9028d248c7e7130d5395ab6245286b0ed
japan_2011.hdf5,20110821012600,3.0,random,1,19,K1,Q5plus,11d8a3a8e6851b2f1ae54d2d9b8c704caee664bf5d8a16dfe69235a876480ce3
japan_2000.hdf5,20001007045600,3.0,random,1,6,K1,Q5plus,1278f9f4c4c8ae66dd75838bc6acb4044189ce840d681dff09a2052bf0d9e2ac
japan_2009.hdf5,20091024213800,3.0,random,1,10,K1,Q5plus,145f550adcc7644f29874cc3b906525e000caaaa5ab00e43278ddcd2df785a33
japan_2011.hdf5,20110916071500,3.0,random,1,48,K1,Q5plus,1461fefdee1a704f409442389445f98100e35e966893974d212cc49f5d616b95
japan_2016.hdf5,20160817115600,3.0,random,1,22,K1,Q5plus,16120f7b93404400297ddf2236fe2af74f3a61026d8386c8612aab4fdbdfae46
japan_2004.hdf5,20041104031300,3.0,random,1,29,K1,Q5plus,1a02741ab3f3b5086bcec4a75a62484ffd45f39106e3269954c84e8b0978b9dc
japan_2002.hdf5,20021014231300,3.0,random,1,12,K1,Q5plus,1b16666e57975c197154c9d6107f8212f67b24b7a762d32095a78a0c1bc781ff
japan_2011.hdf5,20110831214200,3.0,random,1,6,K1,Q5plus,1f725f32799e239db276e95a15b399cadd7ba6fdd6e9b4703bbb61c89150c163
japan_2023.hdf5,20230924000100,3.0,random,1,15,K1,Q5plus,210b45d6ef963512a83e07d01985283b7f777a00c9ad7914743b3561543d0414
japan_2011.hdf5,20110827113500,3.0,random,1,37,K1,Q5plus,220845dfccc3ad49f11b4636bd64856ab5d9a41ee4e73a3cba569afb8bcbd49c
japan_2013.hdf5,20131014084600,3.0,random,1,6,K1,Q5plus,22bc99d1341011eebaf487d0c202ff731ff0f2c17cfe07491eebdce5043e3c72
japan_2012.hdf5,20120911201200,3.0,random,1,13,K1,Q5plus,24fbfcc7bec92d7461f741c41b04f74e040e4fa63c2943c29a91c0d439d71609
japan_2011.hdf5,20110909232900,3.0,random,1,11,K1,Q5plus,2550733153b5efe7b9bef4ad441cc0a56efe9910c5ff8a448e465e080305efeb
japan_2012.hdf5,20120929194900,3.0,random,1,8,K1,Q5plus,2662e25bb92d3ccd057e6ab0ef7462ad49edd38014682e16af933104d71bae4c
japan_2021.hdf5,20211014020000,3.0,random,1,6,K1,Q5plus,27bde18fb7389b55e9a0eda52ea860022697ad836fb5da05c111ef7c06822a8e
japan_2017.hdf5,20170919183300,3.0,random,1,35,K1,Q5plus,2968d74ec77928726845834c774a56ea7ee3913ee786571df6cf92ecf186ce0b
japan_2013.hdf5,20131017133200,3.0,random,1,18,K1,Q5plus,2b792a9900a12d35696394d53a4af565027b04dc087a349e8709e1aedfec9552
japan_2014.hdf5,20140906173200,3.0,random,1,12,K1,Q5plus,2b9ee068cd855a43fc029e0c693a703c51f2a5fc26d3ddce8a9fb1e836b01154
japan_2012.hdf5,20121001064000,3.0,random,1,13,K1,Q5plus,2e9d4294e6a0b903405011607bf4a39b086e62a9f3819b224d9e87e6859b0fa8
japan_2016.hdf5,20160920084600,3.0,random,1,22,K1,Q5plus,30dfd7cc27dd469a938700e57706c59b2fb216f3058c231da729f33a1f5d9089
japan_2019.hdf5,20190913013500,3.0,random,1,17,K1,Q5plus,35be4b60263caf8506e16af52378c6cfa9773b61f354aa03a5ccd2d1f428d4b1
japan_2011.hdf5,20110819112900,3.0,random,3,1,Kmulti,Q1to4,0059177787b0c766fdf0672551055341fd269e47028f6e4e7c30a023ce5a7c8a
japan_2009.hdf5,20091103192300,3.0,random,2,2,Kmulti,Q1to4,015fa58b3440e86550b0ab385d275ecf5a873b84d6fc738274f6bc7576e4f833
japan_2013.hdf5,20130917054200,3.0,random,5,4,Kmulti,Q1to4,01ff468332a42036e54b100d0e932de48160572b93871c0f59274c69470a64cc
japan_2016.hdf5,20160810111300,3.0,random,2,1,Kmulti,Q1to4,023e987929296a7aaead961a6e3e51398efc7db9c8122ff9c38704675f460cbe
japan_2002.hdf5,20020926191200,3.0,random,4,1,Kmulti,Q1to4,02599233747c2522dfa0490dbbc347f7dba6b418efdd1b131667105ef7c2242d
japan_2008.hdf5,20080807061200,3.0,random,3,2,Kmulti,Q1to4,0289c9a736d832fa8368649561de95382cf5598d181d871b2b3074e37048fa39
japan_2004.hdf5,20041029125700,3.0,random,2,1,Kmulti,Q1to4,03a30a44d333d1893f8395fdaa3fa6f64dd3f4f71874ff05126938443b4141ce
japan_2015.hdf5,20151003082900,3.0,random,5,1,Kmulti,Q1to4,04c44353f21d94ad14bab3ecfe5e0af9ee295ecaea1b884fd51144d8957116ca
japan_2022.hdf5,20220928062100,3.0,random,2,1,Kmulti,Q1to4,07bcfb8d45b7c0e1a38611fc94b0819fc2d1ea6add1dfdb5e7ddb00004fc1e58
japan_2017.hdf5,20170922074500,3.0,random,2,1,Kmulti,Q1to4,07dce7b4137fd9895ef181ca247670368e7aaf0715a3ab31686a383126f372d4
japan_2020.hdf5,20200901133700,3.0,random,5,2,Kmulti,Q1to4,085707f69cf6a81a9c2da8369f2c20e2cbc4636a88ac2e1ea3ebfda8bec0406c
japan_2022.hdf5,20220830022000,3.0,random,8,1,Kmulti,Q1to4,0899c80cb7bded4cb9a79f5af6741ba623d76f4b34a12e57b4f3e25e17f8ef32
japan_2016.hdf5,20160807224800,3.0,random,3,2,Kmulti,Q1to4,08d64d3943787b145e83f5c1d835daaa55cf7d6c7ccc1c368c4910e045955695
japan_2004.hdf5,20041030060700,3.0,random,6,1,Kmulti,Q1to4,09891768835d539e283431d51cd74be3019cfabae328a42b9f4b2d66843f364e
japan_2008.hdf5,20080830045500,3.0,random,2,2,Kmulti,Q1to4,0a15910490d66d23241be4d96c0753a5a4ee05205e3f89c3e3bb67676dd7f88a
japan_2001.hdf5,20010928111600,3.0,random,2,2,Kmulti,Q1to4,0a46cbfd6424981cb0ef3a9f365079b34ffa441dbe7889967b529063ce91f28d
japan_2005.hdf5,20050904053800,3.0,random,2,1,Kmulti,Q1to4,0b07153a9991b4facb7ac6cec806d7556f690490870d4b8deb8bfd1be798b99d
japan_2019.hdf5,20191015202900,3.0,random,5,2,Kmulti,Q1to4,0b0a6cfe18dc8d166b37f22570afa325219bc60c94027282e85b246970930479
japan_2014.hdf5,20140906233400,3.0,random,10,1,Kmulti,Q1to4,0b0f99b9aaecaaac2f5d650acb70dabdc459fb32e6b37e3405a0ace2f453f7be
japan_2016.hdf5,20160913232000,3.0,random,2,2,Kmulti,Q1to4,0bc973464981064bd8a594f472c3d83e7ea2e8f3bc70d3fae085e2ddee96e570
japan_2012.hdf5,20120814075400,3.0,random,2,4,Kmulti,Q1to4,0bd27f812045d3a72ebeb0f45d4b9f113b7615152d7cb7621d897013351a1010
japan_2008.hdf5,20080831131200,3.0,random,2,2,Kmulti,Q1to4,0bf1aacf9586e5344a3773427a02678fd843bbe5c335e040d2cdbf94ccbf5d72
japan_2020.hdf5,20200907093400,3.0,random,2,1,Kmulti,Q1to4,0ca72d5ba661f94f67a4cbc42311a82dee585936d51c4ebecb59b8c5af0a216b
japan_2019.hdf5,20190911202200,3.0,random,3,3,Kmulti,Q1to4,0e955de09afb36376adccd3bae11131f2b5960f45c835706231be6a1ce89493a
japan_2012.hdf5,20120919233000,3.0,random,4,1,Kmulti,Q1to4,11406f5a47070f7066fcb3812abc7c8eff9ebe47edfebb5dd06ad539a3e73913
japan_2018.hdf5,20180927061300,3.0,random,4,2,Kmulti,Q1to4,11f09e57062eefdb3e0ae1eb4b5e9f1c881cb8052b411ec13658334a83e56d9c
japan_2024.hdf5,20240607213500,3.0,random,3,3,Kmulti,Q1to4,1216da3a520dfff91ce942753c30c4dcd22f2ca3512d059c92e1de13348dc8d8
japan_2023.hdf5,20230915152600,3.0,random,2,1,Kmulti,Q1to4,12e63df18ec688551729c36d83e795aa274fa1f5712c916ee9a158674b81daf9
japan_2013.hdf5,20130923030900,3.0,random,2,2,Kmulti,Q1to4,1348194befff788c357e5c5e5b918feb69f6aadaace7664339be4308f93ceea4
japan_2006.hdf5,20061003224200,3.0,random,6,1,Kmulti,Q1to4,1371935d4ac100fc7363ff06f67246d0d9980174ad46442b6815ed6368e6ba3c
japan_2014.hdf5,20141022092000,3.0,random,2,2,Kmulti,Q1to4,14ad8ecedbddd222ef9919cd7cd3206e8512e85dc44d585db2b599cdfb6eb2d0
japan_2011.hdf5,20110822202300,3.0,random,2,3,Kmulti,Q1to4,15655592f8f5eefba4704d64bd3d4f586e8839afe54be61633e0f898608ccaa9
japan_2008.hdf5,20080822150200,3.0,random,4,19,Kmulti,Q5plus,001fc4cfda12b2437ee09e81c12fb9a71a376ccafc1fe02d4a95e951bd060783
japan_2017.hdf5,20171003040100,3.0,random,4,39,Kmulti,Q5plus,004bec84a859286cf81c5c412eb152be4f8e1da60001ebfc4d9fca0dbdf4dc9b
japan_2011.hdf5,20110827140900,3.0,random,3,10,Kmulti,Q5plus,0076500c9aa4b592ee7866cc9a9417a7ea437d552eee9c7149c08d2d1ec94c7c
japan_2024.hdf5,20240620164000,3.0,random,2,16,Kmulti,Q5plus,00a79bac3ea3c855641122690f514267d1eaea60df9f6f91057edb78c4a92479
japan_2005.hdf5,20050807010500,3.0,random,3,75,Kmulti,Q5plus,01ddcf1a3f03f7e0582bb86e879d8e22bc7d862a21aa4d52637ed7d3ba047693
japan_2020.hdf5,20200907101900,3.0,random,2,8,Kmulti,Q5plus,02779494b6525270b9336b4e16c146eba1d8af331694b79001a24a40c5a2fabb
japan_2024.hdf5,20240808180000,3.0,random,3,5,Kmulti,Q5plus,02822579fc7abb076fa320bb388b22f439fad283a7fd0c7146e907af1f5258a6
japan_2013.hdf5,20130929013100,3.0,random,2,5,Kmulti,Q5plus,029a5e6e409667f71f3eb737f24207edb9d192d72b4b7600d406a5f93c83226c
japan_2023.hdf5,20230908182800,3.0,random,7,29,Kmulti,Q5plus,02edfbdf89dcad3656ac3914b6e53f8376ae426ff410e868d50af55f61ba4137
japan_2011.hdf5,20110923221200,3.0,random,3,23,Kmulti,Q5plus,031d1e83e706864bdbbbca114e735ffbc713b3140e86d4204296e27a499b087f
japan_2011.hdf5,20110922194300,3.0,random,3,7,Kmulti,Q5plus,031d94ad7e69bb2cbdcc55e7847cd7bd3c67796f180be9befa0e92bd8c584a9f
japan_2010.hdf5,20101003065200,3.0,random,5,27,Kmulti,Q5plus,038853f2f9e5d4e09916963ec9a1da56ba8ca9e4e45b00b3d82a151d3a59b89a
japan_2024.hdf5,20240809042300,3.0,random,5,27,Kmulti,Q5plus,03ad21228f9dade2fc44d78412e9024f8dd2b0a98621fc15f5b0edc0f8d979a0
japan_2012.hdf5,20120911103900,3.0,random,3,6,Kmulti,Q5plus,04c482efe5c4f38c4bf60b7738eae58d83f634c600f712fd1f8c793b6dfff8ed
japan_2012.hdf5,20120817162400,3.0,random,4,18,Kmulti,Q5plus,04f71a8310ad13ad8928aeadaed0ba4d36b3f3a21027a4275d5435249ccef899
japan_2013.hdf5,20130914174400,3.0,random,2,5,Kmulti,Q5plus,0523bd6ba3e9232497db32a2c6dd9fda5b7891f31b4c86853ec4f1fb993f5a21
japan_2009.hdf5,20091031115100,3.0,random,6,8,Kmulti,Q5plus,052983e475a1555d8d1e9cc15d80346c29ecf85a1d53630f3309fb139da8d964
japan_2007.hdf5,20070818170700,3.0,random,7,19,Kmulti,Q5plus,060f98f297b2d25f11569e8beb91100cbfad02ad408d775819c7932226597649
japan_2014.hdf5,20140910100900,3.0,random,7,19,Kmulti,Q5plus,062db8fcbdebd03c07b5b3bb90c70bdae9b0a7a3ea10de8cd68bcdc362b69822
japan_2020.hdf5,20200912114400,3.0,random,10,34,Kmulti,Q5plus,064dea80131a6cdb6b749f0b0661af66e97240f44c6870e95d4b66df22a8f935
japan_2004.hdf5,20041101043500,3.0,random,4,33,Kmulti,Q5plus,06a5ecc385cde34791e54f7ec3e5f236a116ab28c1760aaa872c9c62683f71dc
japan_2008.hdf5,20080808125700,3.0,random,8,67,Kmulti,Q5plus,0755ebf4b21cc96fc268f112903cac92005dbf3e89a9021d692ffc667e66a661
japan_2023.hdf5,20230905133300,3.0,random,12,53,Kmulti,Q5plus,07672effde2deffb0d09b86964ca7b8ae40fdcc0f8e050bbfdb0241da1b78fdc
japan_2022.hdf5,20220826084800,3.0,random,4,25,Kmulti,Q5plus,0774318aaf0e324629e5e0a009fe62e8ee8752bd9b94d9515e92f5a81b633e38
japan_2012.hdf5,20120917172200,3.0,random,3,5,Kmulti,Q5plus,096529cd90e964421f6d882eaf2d4fb54a065d92ec332ad21834e0e60a416145
japan_2019.hdf5,20191016030200,3.0,random,5,24,Kmulti,Q5plus,099d7d212bb2aab9108ea6b63e4613ee38c5c3e02fce226b8f40255147b21aea
japan_2017.hdf5,20171007000000,3.0,random,4,17,Kmulti,Q5plus,09a6e4639743b2ef9b570a04a59d130074b3012c98a51c09a126f91d505b2cf7
japan_2020.hdf5,20200902193500,3.0,random,5,9,Kmulti,Q5plus,09c2ce3329c9cd28a9f6f372a0dad2259b46b0daf27dbff22e0cc99e2155d51f
japan_2005.hdf5,20050909161500,3.0,random,3,6,Kmulti,Q5plus,0a04acb19870101d9bdca520bc9a6187c9c15d96f62d350818612de69f46b879
japan_2000.hdf5,20001006195700,3.0,random,2,5,Kmulti,Q5plus,0a1e1bb1e68323cd669d09987f4e7bd635dcbb878b74d28e90526bbf2ff50251
japan_2008.hdf5,20080829234100,3.0,random,12,7,Kmulti,Q5plus,0a414e16d1c9cefdda9226a49d88a02971b171adf562b54cc6e68e207e2cd44d
japan_2023.hdf5,20230828042900,3.0,random,5,6,Kmulti,Q5plus,0a6953f80832bb1a5afd9f833e1d40f06705fb8bbf8107b4195b9a40923328ec
japan_2008.hdf5,20080911044500,5.0,normal,1,3,K1,Q1to4,053a314c5bf1d6fdf0fc2410ac90f711d7881ea63156a2cb6a4a7883d6a4e834
japan_2000.hdf5,20001006170500,5.0,normal,1,2,K1,Q1to4,0e390a515a2b510f602f2597d4577bf95bce77e8a90242afbb13d0feca459c26
japan_2004.hdf5,20041102004000,5.0,normal,1,4,K1,Q1to4,0f58d76b461afa9a12cb0dfb0ec2efbbc01dce5842f10b580dfe6b3c96d1f9ac
japan_2012.hdf5,20120815013200,5.0,normal,1,2,K1,Q1to4,14902b5da8af3618825d32f2e91d63e51a7f1add3b14c15a61ca839337ff4e87
japan_2000.hdf5,20001008141700,5.0,normal,1,3,K1,Q1to4,21365f608674cdc64eb9d7f959db0bebd96de406638ae2c1529be5f908dd35a5
japan_2008.hdf5,20080829144800,5.0,normal,1,2,K1,Q1to4,407aefff0765609425b451bf247540971d8aac119de9da6e406e4f49ab390fa8
japan_2021.hdf5,20210920171700,5.0,normal,1,2,K1,Q1to4,4601a61ad5662d7e6391f694679c6e9191a8ba81d02a9ab2b31878462e2a93f5
japan_2024.hdf5,20240718200700,5.0,normal,1,2,K1,Q1to4,5b7e0d472ec8b4e9ce9b8f238ab1a78b355c5beee3532a4b72f8b67741176a26
japan_2016.hdf5,20160913052000,5.0,normal,1,2,K1,Q1to4,6ab98d9e1cf047273d685aa422b140519efc1c89773a22c97220543a08a4c58f
japan_2022.hdf5,20220922072400,5.0,normal,1,2,K1,Q1to4,8dd705928f86d0cbcc00595d389e3ec0bc46e2a27183bf189825000dce2ad56a
japan_2014.hdf5,20141011142000,5.0,normal,1,2,K1,Q1to4,9773fb5f7828c067d2f8e8450f1a3f92061794f96f61a2d104881196f0e539c2
japan_2008.hdf5,20080913180600,5.0,normal,1,2,K1,Q1to4,9b56303624f6e4889dd203e28c618d08f933a6283fcccb236963821200995bb9
japan_2005.hdf5,20050821164300,5.0,normal,1,2,K1,Q1to4,9e0fb7409aac525a709739215d265ddddd30cdcc2fb9e53a3bd19782599e98cf
japan_2005.hdf5,20050809041300,5.0,normal,1,2,K1,Q1to4,a4b0ae7a7799efcfe2c1d95ada90b0bf781c761ef9040455f004324617c16d5e
japan_2024.hdf5,20240625173100,5.0,normal,1,2,K1,Q1to4,b3fab6aa2fcb0c2bc73c67fb53ae7020ff5dee132e3966f4b82638752ae25283
japan_2004.hdf5,20041103035700,5.0,normal,1,2,K1,Q1to4,bacd9f9a58392594b9ed787bbaea8d0a6c10cd3fd821b4a514d008e0199204ce
japan_2007.hdf5,20070823184600,5.0,normal,1,3,K1,Q1to4,bc167ed9dc6da482e6e84e5e6e7e1dd1566600123e16395f79395e6b7f3166ca
japan_2012.hdf5,20120903071700,5.0,normal,1,2,K1,Q1to4,bcb8606356dc471676c7e5107ba039626e8ad1be8fa76f8f1d70b282d9bf1183
japan_2007.hdf5,20070817094300,5.0,normal,1,2,K1,Q1to4,c03b0534ad60f497953ee5d586fe172226bd84f205c621c6b2fd2df248046357
japan_2016.hdf5,20160820180100,5.0,normal,1,2,K1,Q1to4,cca9fc4a49336d7e7e6765ce9d25c883563ff639159b69dc18c5ec6b32f82397
japan_2024.hdf5,20240721001200,5.0,normal,1,2,K1,Q1to4,d78c33da9e1635b0322e31b95657a364a66df43ee8333fa38ace1770c430dd4d
japan_2001.hdf5,20010922191600,5.0,normal,1,2,K1,Q1to4,e461e49387de1c9e83b3c7f698d4383086c3df816d11d0e33fa76dd26f47c208
japan_2009.hdf5,20091118131300,5.0,normal,1,5,K1,Q5plus,387d72241c030d59b46f4e18c8cf01f5a4e0b1941864fdcad7b6e0c145469022
japan_2018.hdf5,20180919152100,5.0,normal,1,5,K1,Q5plus,71fb3181ddc1fdcb04d838e4c140a5a9a9b09593d27e1d8379872829463df7c3
japan_2013.hdf5,20130926144400,5.0,normal,1,6,K1,Q5plus,89601ad4fb2e1798db1d1abd9b64a6c9a1f1189d4f3984fbf0d9b8afba1868ce
japan_2003.hdf5,20030926050500,5.0,normal,1,7,K1,Q5plus,b040520d3090eec835355c10614cc97440cd5dd9f4c9dfc383bad30bc224e5ef
japan_2011.hdf5,20110908035000,5.0,normal,2,2,Kmulti,Q1to4,01c103eca6df84281f6c897fa759abf63877f5a385326633d0b37182141b866c
japan_2004.hdf5,20041103052800,5.0,normal,2,2,Kmulti,Q1to4,02ab231b8af0534a05e96bebcd3af380feeb5f5e146515f4ba09b4a2de0a307c
japan_2015.hdf5,20151017175300,5.0,normal,3,4,Kmulti,Q1to4,03720f5f15464b2fe5c99f2c8b3108652d81f178e838dc9e122d3a160b2d3392
japan_2005.hdf5,20050904053800,5.0,normal,2,3,Kmulti,Q1to4,03941cecc1d29f03268ee8909ee2a16e41debe9556ca70538141c17e34282324
japan_2005.hdf5,20050827095100,5.0,normal,2,2,Kmulti,Q1to4,03dc82fdc7c282ffa4cc7f77357f65b931f460a4bd8b3a802ec393e3e99301f8
japan_2007.hdf5,20070826143100,5.0,normal,2,4,Kmulti,Q1to4,04b762d0999ffc7cfbb4c5e31991088526b534a1f6a65e72015b4c0f031e461d
japan_2019.hdf5,20190915171500,5.0,normal,2,2,Kmulti,Q1to4,073893cde333f09d5afa3a11a117691e9a0da5f9bac261f103512c3405ab0326
japan_2000.hdf5,20001007081700,5.0,normal,3,3,Kmulti,Q1to4,07516b8255e9a7e9d8998da1d83cb03d9006543ef3b5055adfa833ebff514cc9
japan_2020.hdf5,20200911052200,5.0,normal,3,4,Kmulti,Q1to4,084f5e575ad81134d3f39cc34d711e1733772f90d77937389943edbfe33b5bbb
japan_2008.hdf5,20080822092500,5.0,normal,3,3,Kmulti,Q1to4,0897f49d011313fc8bde04c173c205dd1d38208c30681f4118ca0c6a1cbe75ce
japan_2011.hdf5,20110915042400,5.0,normal,2,2,Kmulti,Q1to4,095182f571db5cfdcd0c2b406def217730d0169b0501792e8ed54459f55e5298
japan_2019.hdf5,20191010005200,5.0,normal,4,4,Kmulti,Q1to4,0a37eafc90ac597ab2b762ac34e95614dff4313462baea79968782f51a779fe4
japan_2014.hdf5,20141022092000,5.0,normal,4,4,Kmulti,Q1to4,0a9d2479f00017772e72177440dd49a6ed2d6d421f7c7d416d58600119ddc1ac
japan_2007.hdf5,20070808230200,5.0,normal,2,2,Kmulti,Q1to4,0b701f91114ca836e70bf763024b1e19f749065540bf7190d73c0c1517db74ed
japan_2014.hdf5,20141001154100,5.0,normal,2,4,Kmulti,Q1to4,111b69fe35335a782f01fa92cac0fcd0ea32e89d092b63a1925b54c020e5c712
japan_2024.hdf5,20240710082000,5.0,normal,2,2,Kmulti,Q1to4,11d57931c3bea70bff374529bf6e257b6db384abc3a23d0f1e9b850ec38a9b00
japan_2014.hdf5,20140926174900,5.0,normal,2,2,Kmulti,Q1to4,171892f28a6dd3db613580271a3af5a1336b706026ff13a655ce75f5b2fe83ba
japan_2015.hdf5,20151017141700,5.0,normal,3,3,Kmulti,Q1to4,19b3b40aea199b9582d49a297d9d72f7818421512f1f405e23a250b2fe08ac7f
japan_2017.hdf5,20171006105500,5.0,normal,3,3,Kmulti,Q1to4,19b61910cfa5fdb7392a6ef526227f1b7d5ed4ce2ffa2176a76f8e77fea76ded
japan_2004.hdf5,20041101185800,5.0,normal,3,4,Kmulti,Q1to4,1b8728e7b45b5c1b0ff9b009e9a4d741499909cdebb123d7118f8729ac8f0841
japan_2005.hdf5,20050831031100,5.0,normal,3,3,Kmulti,Q1to4,1e11df6b5846175bf44ecb049058b4cfd1cdadc93edbe6dc94f1b860fd97146f
japan_2004.hdf5,20041101054000,5.0,normal,2,3,Kmulti,Q1to4,1fa2e4a0bcbbc93343aea926316c8396c39a059eb5ba03f490e54dea8b3f1cc3
japan_2016.hdf5,20160903211100,5.0,normal,4,4,Kmulti,Q1to4,2003df1c143d8f04756bf9e393d1b2023bd3d38dca12c12ba5a19c2f867e62c7
japan_2015.hdf5,20150917200700,5.0,normal,2,2,Kmulti,Q1to4,202ecea1e7dca549ee0327bfc6043d57dcf23b56390264c0c3891c7d804d0c7a
japan_2014.hdf5,20140911115300,5.0,normal,3,3,Kmulti,Q1to4,21883f98fd3983b62d46226109c11c34aed06d9d6127e8331e989f5918a6afdf
japan_2004.hdf5,20041103072100,5.0,normal,2,2,Kmulti,Q1to4,21a2546a3fff8b865bac4c5b140888180570b7eaba2c5dece9238b868863453d
japan_2008.hdf5,20080814201100,5.0,normal,2,4,Kmulti,Q1to4,21bfe498968fc106cf4e1143cfc244b4bd7d66eb943e0f926a4cb365a51346cc
japan_2014.hdf5,20140911224200,5.0,normal,3,3,Kmulti,Q1to4,21f4de5449dd57d98145fce6aaa78fdf0d348f21d8b23a60fb14a3c0831f2257
japan_2018.hdf5,20180912202800,5.0,normal,3,3,Kmulti,Q1to4,2258f092f8f3cc2ed263ebb47db19e1a9e43fbc98f969c1534cd32a538b01f2c
japan_2018.hdf5,20180912000800,5.0,normal,2,3,Kmulti,Q1to4,235c9d0de465c684b4ccd85f96a18205b772b984038e3139e6f738bfe92475ff
japan_2008.hdf5,20080825070700,5.0,normal,4,4,Kmulti,Q1to4,23c5f6350c6cede51fe5d03f4dd3036c4b90f16c41a3829529ac006ee3e7ce5d
japan_2013.hdf5,20130923030900,5.0,normal,2,4,Kmulti,Q1to4,268065b46a5353fe36f2b8551cfc078d4ae0c4f2f38845ddf46a349b01220c62
japan_2016.hdf5,20160815133600,5.0,normal,25,48,Kmulti,Q5plus,002e1846943146aa3680a26c9c5b613195c219c4bd557e5a58e17369e3697c67
japan_2014.hdf5,20140916122800,5.0,normal,25,117,Kmulti,Q5plus,0088fac1292530e8936758824656865f9db1578247d60eac6090801fa1f0c88a
japan_2020.hdf5,20200830143700,5.0,normal,25,84,Kmulti,Q5plus,00fd03ae82e5f069c4c0458654dc9a46f5d7d13f3d3fddbf0bfa5adc5d47123f
japan_2019.hdf5,20190907075500,5.0,normal,10,14,Kmulti,Q5plus,01e2acebfdec428e91636c82f58eecc78e50a248ab9d301ceb7da5b4682473e1
japan_2003.hdf5,20030930131000,5.0,normal,11,14,Kmulti,Q5plus,02534ad8740665aa65e4131947bfc403a5c44620e28af2d6c438c2c58b4de02d
japan_2011.hdf5,20110822070500,5.0,normal,15,36,Kmulti,Q5plus,026b10cc6b91c130b72d85c40f7dc1634cd67ac8d16e26d320e1865a7c23a622
japan_2018.hdf5,20180911205100,5.0,normal,9,14,Kmulti,Q5plus,0322537bf7366cbb10bdb0575dbba431a07e821f8bc250cf4b29825348feb7c9
japan_2011.hdf5,20110909232900,5.0,normal,6,12,Kmulti,Q5plus,03adfd666c8146b368cb41b43b4005697a029f4e5ce64f6263b6e0372bafb72a
japan_2012.hdf5,20120813141100,5.0,normal,5,5,Kmulti,Q5plus,0442ca62d919d930651e1d36e776b655f540d2ca30b7c143b8bad58788ae3ba6
japan_2021.hdf5,20210922043300,5.0,normal,5,8,Kmulti,Q5plus,04abbdee55d8e88349298d7036afdcd911763355231edf590d702dd8b3335723
japan_2000.hdf5,20001007045600,5.0,normal,3,7,Kmulti,Q5plus,04b18fab401c2d0b383acb8aef8c79e79d3eb6e2b76dc63a0e2df2db1dc9bc0c
japan_2018.hdf5,20180910055100,5.0,normal,7,16,Kmulti,Q5plus,04e9b9a016bfac15ac3023aa8eb9bd9b4b4ad9e1cd23ec934c4c0210a8d5810e
japan_2011.hdf5,20110819134300,5.0,normal,4,5,Kmulti,Q5plus,053bd0e15932c69787876e4c0e93eb2c03042b85c184254deba20f76587d7c0f
japan_2007.hdf5,20070725094000,5.0,normal,4,5,Kmulti,Q5plus,0555745c4f795261176f317ea60e86adf66d1c46583e32fcd4bfa3274ac3be83
japan_2014.hdf5,20140930192300,5.0,normal,17,23,Kmulti,Q5plus,05875946f4ac42b8a7f7a9f772089e28f95ee7812221cc6f371543893e73ce6e
japan_2009.hdf5,20091021115800,5.0,normal,7,25,Kmulti,Q5plus,05a22a955736ad88a89c995ea4a82db48f50ae93478e0f39afc05e8ed1635a2f
japan_2001.hdf5,20010922181100,5.0,normal,17,35,Kmulti,Q5plus,05b5001edf2700e521e76fc8542151215a74c79df811bb703cffc65c77e5c883
japan_2006.hdf5,20061014063800,5.0,normal,18,59,Kmulti,Q5plus,0618f9962f73d7346f7e76318fbe7a7e9d6dbdcbc5a0c087ba392261d1f22faf
japan_2011.hdf5,20110825182300,5.0,normal,4,8,Kmulti,Q5plus,0647a0f474e56a782bbba25083641ae5e1bbf23d7a81e8c0b33bd1dc05cb6acf
japan_2024.hdf5,20240730012500,5.0,normal,12,32,Kmulti,Q5plus,06549e0a51cae90572c31189d6b30d9ab9a41ffa1041775df4d9fdb80a31af19
japan_2014.hdf5,20141015125100,5.0,normal,17,33,Kmulti,Q5plus,06d92c9df6ab30c29d5b3fec583cac37f07b110b4227dc9d43aa428ec38feaeb
japan_2021.hdf5,20210930174500,5.0,normal,14,26,Kmulti,Q5plus,06df3e90ffa89db10b26d8f5bd8881f30315f2edf1124cb7d823dd7cee018d07
japan_2013.hdf5,20131008225000,5.0,normal,12,18,Kmulti,Q5plus,06f50d3d52338a0d9f7c40f084d49e726545d1d0c07a401776ebeec04bd4eb71
japan_2024.hdf5,20240724010200,5.0,normal,6,8,Kmulti,Q5plus,071ee8a83d5634901ca3416b34d51f77d4099f0b6d3c01fc567d7217e2e99194
japan_2000.hdf5,20001008205100,5.0,normal,6,25,Kmulti,Q5plus,0751485a2c67bc0ff48d1f8717e057b38d1f49d648d03db63491943ea40faa24
japan_2014.hdf5,20140924214500,5.0,normal,13,36,Kmulti,Q5plus,07af2203824c80bc02ef6e085cb9b4797632d67a66467eda1a90e67cf9a9f4b6
japan_2024.hdf5,20240625152600,5.0,normal,3,6,Kmulti,Q5plus,07e2cfab3d6546444f14fd059f60110e4fcbd33e6644951b4e58ec3b8c051c02
japan_2009.hdf5,20091016065600,5.0,normal,18,29,Kmulti,Q5plus,07faaa4e8bb0b89f49eb5a453066c4f4450088f80a0ebac186893ceed8805ce4
japan_2011.hdf5,20110830063200,5.0,normal,5,7,Kmulti,Q5plus,09555a6631dfb2708343f2587afe22e4847b80b91435a620042c9c9efc901588
japan_2004.hdf5,20041028045200,5.0,normal,3,5,Kmulti,Q5plus,09dcfaecc2fa1b795c5f1743bd53622fa812325174a8537ebdcfe163f501fcda
japan_2016.hdf5,20160817041300,5.0,normal,15,19,Kmulti,Q5plus,0a240153123323d2a6565c1cbf6c85ddcc444b0099e9bde391533f9997109d51
japan_2014.hdf5,20140910015400,5.0,normal,9,17,Kmulti,Q5plus,0a51a3bbb92dbe9a82326f25ab776a0b81983d621c59687445b79de1ebb3f0ea
japan_2014.hdf5,20141011142000,5.0,random,1,1,K1,Q1to4,0110a1253f7cc169d085b87d7c058b3cf17d62d90903502ef4e4ecc3527cffa8
japan_2001.hdf5,20010922191600,5.0,random,1,1,K1,Q1to4,029feb2b635591b093c2acb327d430081b380d4cdce292e5b1f108dd4c41d0c8
japan_2011.hdf5,20110910184700,5.0,random,1,1,K1,Q1to4,03873f820197dd6f01bc9bf17f0a90a2295db40b1ba54f9d702f8a3c46884c6e
japan_2002.hdf5,20020923084400,5.0,random,1,1,K1,Q1to4,06d23358a19672f14f65c6b8e99b4b4694f99eadf25026d95d176cfe94f9b9c1
japan_2004.hdf5,20041103114300,5.0,random,1,1,K1,Q1to4,09a73cc1128d281df060db5bca59fc729b167829de84b705ce04d58b4b336647
japan_2020.hdf5,20200824030600,5.0,random,1,1,K1,Q1to4,09bedfadd613784f7197016e758c9f8567ca94e695638689f33a34f9242c769c
japan_2011.hdf5,20110829170600,5.0,random,1,1,K1,Q1to4,0d6568cde2aa5a5db8da5186917946ba40ca5579d1240db6c0a1a02fa7fe8a40
japan_2007.hdf5,20070821200500,5.0,random,1,2,K1,Q1to4,0d8e3a9c58e7618f919f930229c5f2e974022a788d4928985935082314a2d60e
japan_2005.hdf5,20050827154600,5.0,random,1,1,K1,Q1to4,0f97807037312c7a5a788af5de00fccef418714093ebe79c755a533eded0aa54
japan_2008.hdf5,20080829144800,5.0,random,1,1,K1,Q1to4,117ae19d894d5f21b327f73f91c5a3fb60fec26b8d14f7cc02181dbcddf22c99
japan_2004.hdf5,20041107035400,5.0,random,1,2,K1,Q1to4,144f64a03c11afbc2dbb60f7e32a7df12ba020716041d31bdbe4ecd479bccfdb
japan_2002.hdf5,20021011022200,5.0,random,1,1,K1,Q1to4,15863ec366f981107b830d9fedd5441cfe720a79a9ac3c490d881d453804aad7
japan_2008.hdf5,20080913180600,5.0,random,1,1,K1,Q1to4,16d5cc68c0f65c15a22fe2976b0b3a584022777587c7f478f82c3aa95265bff1
japan_2011.hdf5,20110910005100,5.0,random,1,1,K1,Q1to4,17a8bf514c67bfe63ad6d99e4c1064b5e146aaa9b6ff34b6d8660e5b78450a5c
japan_2012.hdf5,20120924073900,5.0,random,1,4,K1,Q1to4,1d076ee54710bb0f46db53b000b0803f54aa856472417a1a0e0d3a5089e089a2
japan_2004.hdf5,20041103035700,5.0,random,1,1,K1,Q1to4,1d6f3c40289d0e8be70f849fde6829cfc4349d961da759dc5c656ecc33548c92
japan_2016.hdf5,20160830085300,5.0,random,1,1,K1,Q1to4,205f73cb7c741c10b53b9106f5b11d4c89c365e4669b95585099bfb181b49b01
japan_2005.hdf5,20050807232800,5.0,random,1,3,K1,Q1to4,23cea7a26c24da4f6954998bfc8ffcb332bde56d4505b43ec02f0701e92c1798
japan_2010.hdf5,20100930140800,5.0,random,1,1,K1,Q1to4,26aab3ae3adec745ea0d4f0117105eeec761178566deed230e1cb72ecee348b0
japan_2003.hdf5,20030926152700,5.0,random,1,1,K1,Q1to4,29f2d3cf26e237e2d213a0689669e93e04b6dcf8d3ffddfc8424d01885f632f9
japan_2011.hdf5,20110908035000,5.0,random,1,1,K1,Q1to4,2b9c1f5fd5f6fb5e1a83e4038b4fc4f1e361962af4eac76f4b9c91655b4ff5bf
japan_2022.hdf5,20220922072400,5.0,random,1,1,K1,Q1to4,2c063218a5abda8a09fbfeecf66e5aea6182461c458bb8dd97a96fd9280be95d
japan_2013.hdf5,20131010211800,5.0,random,1,2,K1,Q1to4,2c483a1a0ce4a806ad6f2a8b309279855f1ee4b6a2e85810cebb52800e3c1222
japan_2007.hdf5,20070808230200,5.0,random,1,1,K1,Q1to4,2f7d10d0f20a37f9ad9cbf698e4ef313d1a434cf3bc71649ef869aa3e91e8c21
japan_2003.hdf5,20030926191100,5.0,random,1,1,K1,Q1to4,31f1a4ea743b7eab11d3612b1f86c550f41fc54d0011673be08777da703c0d14
japan_2011.hdf5,20110829133400,5.0,random,1,1,K1,Q1to4,37d5244ac1207fdef54636964f2503e9ebbae5891cf82cc9f5bc85d8d7327b7a
japan_2000.hdf5,20001006162500,5.0,random,1,1,K1,Q1to4,3801c7f700634c55ca81dafac79e978eeb6aa1ba08eb2b54e1d424d8f4438bbf
japan_2012.hdf5,20120829191900,5.0,random,1,3,K1,Q1to4,3c22c7ffcc9735feeb6e9559cdb10caf567325d7a321ad9e5ff4e0b383070589
japan_2012.hdf5,20120903071700,5.0,random,1,1,K1,Q1to4,3c24c536c57825ab0ddb3b11d05e77d5a0373a117328b394dda7a92821dfa1d7
japan_2011.hdf5,20110909021800,5.0,random,1,1,K1,Q1to4,3d0f86ec4a9519e98b9f52798cc5aaeb15933489209f9eebbd08e5d28c49b9ef
japan_2017.hdf5,20170926194300,5.0,random,1,1,K1,Q1to4,40af762cbe4b5d21745143e0a29086baa1544e9404b10c42d0eaa8f2e4617a5e
japan_2016.hdf5,20160816002800,5.0,random,1,1,K1,Q1to4,4237d6ffea6389e714887bae4adb24e6c679524a8540fedba9f77e65f6ae7736
japan_2002.hdf5,20021014231300,5.0,random,1,12,K1,Q5plus,00567f6b51f5bcdf2a028359f6dd55b196a78eeb9930a92697190ee4d7e8c7a3
japan_2024.hdf5,20240621165600,5.0,random,1,9,K1,Q5plus,0065ffc101fc2d906ce0bf221e50f3221333a2aa7e9a7acc471317d26ec77ca6
japan_2020.hdf5,20200827234500,5.0,random,1,21,K1,Q5plus,00a5331781edef7130dce937a73b0b36f5370cb43bc8b3ac8336fdf9c89df595
japan_2002.hdf5,20020924092000,5.0,random,1,5,K1,Q5plus,020864c9dbb86fbe847f999838f45b05433e748679b122ef6af7e8239ef9501f
japan_2021.hdf5,20210927195800,5.0,random,1,11,K1,Q5plus,0305648d04e6b2042a01d9a44d6443e6de5b34bc6e7bbc4581a00db796408e00
japan_2014.hdf5,20141006000900,5.0,random,1,16,K1,Q5plus,03712c7ccd3e8bf4e1082c87e4fd210ce16ec011b10e6e81309858f630628d67
japan_2001.hdf5,20010826142300,5.0,random,1,8,K1,Q5plus,03722f65a973a8063c35f713f2d3222b5f774907eca1bd5de77efcf940878cbb
japan_2011.hdf5,20110818143400,5.0,random,1,14,K1,Q5plus,062061943e4883c38c4b4391f011e180c963a1dcc606e646e9306866e81bfe83
japan_2013.hdf5,20130928043700,5.0,random,1,10,K1,Q5plus,08f3310edff78f358da8cede9ee149f338420e034e02e582dfb09f6abf615ed5
japan_2014.hdf5,20141021052500,5.0,random,1,10,K1,Q5plus,0ac92edb745315b6200405527fb6ac699e832fbe314b5ec9760c8708e1ce9c80
japan_2004.hdf5,20041108112700,5.0,random,1,23,K1,Q5plus,0c3760506643efd98c4155ba42db0ae2cffea3b21a18dbba7ecf7e811771f7b3
japan_2005.hdf5,20050911050600,5.0,random,1,27,K1,Q5plus,0ca0097bccbb45aeec6b4580ed873cbf077c63e1b4deb8d385caba19076e0531
japan_2000.hdf5,20000929085600,5.0,random,1,41,K1,Q5plus,146cb3cbf236667415ab45762df1157b6111b0d8452a0ca9b69c180e78f4e8f3
japan_2018.hdf5,20180925123100,5.0,random,1,25,K1,Q5plus,14cc465b802e6e79c3d008e2eef12b0a76404edd569ee7919fbda21652f24ac0
japan_2016.hdf5,20160814051500,5.0,random,1,12,K1,Q5plus,1632eb4385f31bcf64548c551778eee61ea77638457746f53f0d74ad1a1c418b
japan_2024.hdf5,20240531044600,5.0,random,1,60,K1,Q5plus,178fe8904d3bb64c90f2958c2e345db9101d2f606a376ebb5948f6bf4847cfb3
japan_2016.hdf5,20160915141300,5.0,random,1,18,K1,Q5plus,1a4c9a516868ef9576d3ddc43ef4c233aa76b81597060648ca04c69c9f68d050
japan_2022.hdf5,20220927010500,5.0,random,1,9,K1,Q5plus,1c6763d59938042e0b63599a07abac442bd974d211198596a3a952b9d1e58f84
japan_2024.hdf5,20240627184500,5.0,random,1,26,K1,Q5plus,1d83aaa32f42ccebdadb3083f63f719d01afad8ebf42f56001d82486aade2f10
japan_2007.hdf5,20070816092200,5.0,random,1,35,K1,Q5plus,1e6a5286a150836833b97ee9366f22e4ad80a0aa0eee0ae3c65a3e5f79a10a37
japan_2004.hdf5,20041101010900,5.0,random,1,13,K1,Q5plus,1f7c69c1541c5f43190f62a03a7cc89c8c2f4751adafbcb1c888443b8b0960dd
japan_2024.hdf5,20240620222300,5.0,random,1,49,K1,Q5plus,1fdbb6df23c57ea9ab20a729d7eb4d7d2d1e48e64c82e941b48daf454c10bda7
japan_2011.hdf5,20110825210300,5.0,random,1,7,K1,Q5plus,209db0ce0a1db6a1196ae950fd1d64f56869a8eafc3c211f6d2f13f59d6edb10
japan_2021.hdf5,20211006024600,5.0,random,1,37,K1,Q5plus,235e16fee468e1df336deb70d199cf5b4c450a0b8849d5ebc376019b68d5eaa7
japan_2004.hdf5,20041106182600,5.0,random,1,12,K1,Q5plus,2561974f60494e9bc9e2313a04189eeb38f8fa07c11b7a9c56e51add3c3fc819
japan_2011.hdf5,20110926073100,5.0,random,1,6,K1,Q5plus,265bef1c7df0223818fb1b2e1b37036245f7fee7d0b90a8c599f29467d5244ff
japan_2000.hdf5,20001008205100,5.0,random,1,24,K1,Q5plus,26dd12585123da29e85e256b2ab5581c088b482e82b91164ca5557c9888dff02
japan_2004.hdf5,20041104031300,5.0,random,1,29,K1,Q5plus,293b7ecba1f10a958c6b1a0fa54b5095323e999e5893e99f4e9251f6689fcbf8
japan_2013.hdf5,20131017011400,5.0,random,1,8,K1,Q5plus,2cd1970ec1bd131c4c49a91f71b3681692461e2ec4cddb11266fd62e7fee470f
japan_2012.hdf5,20120817151500,5.0,random,1,11,K1,Q5plus,2dc5026d1485c17bf011d96226025b6d8a7457552678a6464fc237a15ce56d33
japan_2008.hdf5,20080906152000,5.0,random,1,10,K1,Q5plus,2ea8a96678ee5ab50edbf60c527b11691c0b869fa907661f3c3e998e6a98c098
japan_2024.hdf5,20240606090300,5.0,random,1,14,K1,Q5plus,2ee08a024d16d3c858d2164fda943e3a4b8347d56fd613c93ee389a710699fb6
japan_2022.hdf5,20220901202100,5.0,random,4,1,Kmulti,Q1to4,004a83056c4b7f361260defe8aeff7d1955cd2c20e26aad8717c5135050c6c6a
japan_2011.hdf5,20110902073900,5.0,random,3,1,Kmulti,Q1to4,02a7139550056e96b3af4f1abfb914b8e3616ad14cd57be7ac73f2d25695bb32
japan_2004.hdf5,20041101054000,5.0,random,2,1,Kmulti,Q1to4,0389b28a3ac5f1d1af62a4bf95968338844f3c9df1a51996f859ab57460b4c7b
japan_2015.hdf5,20150919050500,5.0,random,8,1,Kmulti,Q1to4,03e2482dea4ccd77d0399a036cc0c5e8e164ad68f9732509ee304e34b3ea9871
japan_2011.hdf5,20110819134300,5.0,random,4,1,Kmulti,Q1to4,04b4805b7c4b8bb356be23725e3806fc89bb9939147fb479a42579eee0c27435
japan_2019.hdf5,20191015202900,5.0,random,5,2,Kmulti,Q1to4,065ff7f86b3dda507ce14f67d10a393ca2fb3a9008313a3cbc790d26f5849e39
japan_2000.hdf5,20001007183200,5.0,random,2,2,Kmulti,Q1to4,06aac4c226af3714c24c7d8699e8f7325ea7277546776a1fcd4fdc125e7c2e52
japan_2002.hdf5,20021013201700,5.0,random,8,3,Kmulti,Q1to4,06c65d84aaf8a9664d527b274c3108d3809097e3c52bee79888f0ffcb492f761
japan_2013.hdf5,20131009164400,5.0,random,5,4,Kmulti,Q1to4,07238fd1b060e887cb6f575bcc210c73280ff829486038fe84bcd0a24ab23d01
japan_2022.hdf5,20220928062100,5.0,random,2,1,Kmulti,Q1to4,078aa5c0f1556c852c8a52c5a49dd78da83acbd6627a02b196457875dde10513
japan_2016.hdf5,20160807224800,5.0,random,4,1,Kmulti,Q1to4,080c967aa7ba710bcef54bfeb68f889b0d1967b1d1c3fea848ce61159d391099
japan_2013.hdf5,20130914174400,5.0,random,4,3,Kmulti,Q1to4,0857fd3fa0ae83198cb1f5aa44c3e5b541fa87da53feb292768540cf921c5941
japan_2009.hdf5,20091104231900,5.0,random,5,2,Kmulti,Q1to4,09979ac02ff1190d11d143fa39c769934aab4fb01e42e4c404d15c07cbc13d7e
japan_2011.hdf5,20110907074300,5.0,random,5,1,Kmulti,Q1to4,0a2e7e0d8c2721d08f33496e3592442db1c19567c0247f97b722e1dd972ee2a0
japan_2013.hdf5,20130910121500,5.0,random,5,3,Kmulti,Q1to4,0bcc1d3d56868ba87bcbc69483231b09753480f9cd35030d9c74771fc07f28e9
japan_2015.hdf5,20151018083000,5.0,random,6,3,Kmulti,Q1to4,0db1540a2f7dc2e3f744314d39e2030636f0300be05cf6fa301eea214dda7204
japan_2007.hdf5,20070905170300,5.0,random,3,1,Kmulti,Q1to4,0e4c306cf0ee017968f66f3ca915c8075bf60536b2e4c6bd2a69aa3cc3eb1b3a
japan_2011.hdf5,20110915232500,5.0,random,5,4,Kmulti,Q1to4,0ebbc1f807f45a788dc33b2e102956ac2d8c79029019093c795024b5c7a9646d
japan_2007.hdf5,20070824132000,5.0,random,3,1,Kmulti,Q1to4,0edacd82216775c53791a30967989b80cb9554f4505ee5aa0d1dbd51a83aa389
japan_2004.hdf5,20041029125700,5.0,random,2,1,Kmulti,Q1to4,0f4ab0094e46fb597b34c5f7db5e0a5ddd4e42ab6231129ad0765017ab9a5544
japan_2005.hdf5,20050904053800,5.0,random,2,1,Kmulti,Q1to4,0f65a25b17dab33a333eb97dc98e4e2e71d239b64766925a09cc5ac30873c0ac
japan_2015.hdf5,20151003082900,5.0,random,5,1,Kmulti,Q1to4,103615176ede061cb4e63b147ebf675db7cd0b1ee8ddfd69370569ada6cef75e
japan_2011.hdf5,20110822202300,5.0,random,3,2,Kmulti,Q1to4,119230739e1e3e3a20afb9e3066a4834841f2758a328221bd0bd6f21aaa244db
japan_2023.hdf5,20230817205100,5.0,random,4,2,Kmulti,Q1to4,11aac624c0577c6b42198ade209cd145c012dcb15e69537fe376aba32b673558
japan_2004.hdf5,20041031022200,5.0,random,5,4,Kmulti,Q1to4,122df7e42c3d61732fc229d963ee19fb470be6b2c4fc3fe1fccb15e1adeca623
japan_2012.hdf5,20120909165800,5.0,random,5,2,Kmulti,Q1to4,1286a0124bb2e7ed92c9441bad8ef3da41e783036e6f6ef5cfc130bfb1fb69a1
japan_2010.hdf5,20101010143300,5.0,random,8,1,Kmulti,Q1to4,136bc4b05841d2e510f296f08bc9d5dbf40ad8316448598009e7af8c86166e71
japan_2020.hdf5,20200911191900,5.0,random,8,3,Kmulti,Q1to4,13ddb45751a6ceaacea3325c4337e88c49ad274a2f91813cb4998c0ee5397ebe
japan_2011.hdf5,20110917060800,5.0,random,5,4,Kmulti,Q1to4,145adeb55e1f2b7d81e889c3348613e0e9671247500c10f6a13c72d29e1a1a43
japan_2016.hdf5,20160911122200,5.0,random,2,1,Kmulti,Q1to4,146fa01aa137b9cf52ca922adf05805662c05658e864915d063b14f2237906a0
japan_2017.hdf5,20170916162300,5.0,random,3,3,Kmulti,Q1to4,14bda998ee2768e9e5bccb8268ff030bfbdc2195b1886cad162fbf5ddac527b6
japan_2016.hdf5,20160903140900,5.0,random,5,2,Kmulti,Q1to4,1507be4dc2ec613314c265b9a3e39014a1ed47221b5ea8a57637ab25bb594889
japan_2010.hdf5,20101012044200,5.0,random,3,16,Kmulti,Q5plus,00e7b0fb74831601beb8fe9a9404056fd4f6af418811896e7930066802f5075a
japan_2014.hdf5,20141016043900,5.0,random,8,38,Kmulti,Q5plus,00f9062b88a6b1f900a56ab14cc8e5e179edb626f82537018d3b18357dc45ec2
japan_2011.hdf5,20110923045900,5.0,random,9,19,Kmulti,Q5plus,00fba790baf1cb36c0cca9066fcd010042f93b6fc60ed74bb8fc6a4c53baf6ec
japan_2014.hdf5,20141012052800,5.0,random,3,14,Kmulti,Q5plus,0129b5d97e798fbfb5447e83643cf46e24f0f06ba94fa9b69e1f25f62b76b621
japan_2011.hdf5,20110831181200,5.0,random,3,13,Kmulti,Q5plus,0135e1d295c755b8254bc4ba4e41bcb87eab4b29b272ca82671e0673ac3e23be
japan_2016.hdf5,20160903150300,5.0,random,9,12,Kmulti,Q5plus,01fcc5903cef5232880e715e481bb84ea371b3108bf0f220425987aa34e217c1
japan_2011.hdf5,20110827091600,5.0,random,3,9,Kmulti,Q5plus,021decf40ee4b1b842047ed68b0778dee17d473cf6c3ac3250eae8856d8ce8bc
japan_2011.hdf5,20110905170400,5.0,random,3,24,Kmulti,Q5plus,0231dc05a2301859c5c17975eed6542c06446b8769bd679e9611d0b02a1451bd
japan_2007.hdf5,20070820125400,5.0,random,8,7,Kmulti,Q5plus,0277d18a0a0eac53fdc4f416ff48a46c99a4c6fe379172c8d17a0cf633f1abd0
japan_2018.hdf5,20180916115000,5.0,random,11,6,Kmulti,Q5plus,02c65f63033607a465ad4b86afb73d4aff490c36245522813fca85069fb5ba50
japan_2017.hdf5,20170913161300,5.0,random,6,7,Kmulti,Q5plus,03672aaebf872eb2b83a8760fdce79ebc84dc6f6ca1eff9e8c907d13c30faae8
japan_2014.hdf5,20140925132500,5.0,random,7,7,Kmulti,Q5plus,04156e141e26deff59b6ff84e8d6c422130228b7c7fb81f141d4848cff47abdf
japan_2008.hdf5,20080813104500,5.0,random,5,6,Kmulti,Q5plus,04529d2fe86157f7f7c37a8d20d45cef2bf29ef3e4ff301bdc1192ddae1e78e9
japan_2018.hdf5,20180924064800,5.0,random,12,6,Kmulti,Q5plus,04bdb3dc27b8c3f40dcb245f530f26c7e32a01e1f8ded4d65b95fac0bd390394
japan_2008.hdf5,20080820151300,5.0,random,12,69,Kmulti,Q5plus,053143f385522df49d982451e6861603d5aaadcd9cf82287df3588cccc0d7211
japan_2010.hdf5,20101011231000,5.0,random,5,6,Kmulti,Q5plus,05694004b658ebaa1216726180baf27623e41195f0c91cf7c012c51221e005d0
japan_2023.hdf5,20230909114100,5.0,random,12,30,Kmulti,Q5plus,05798dea8c24bc79032a4214356b6923da77138ef47f8870400199451088dd9a
japan_2015.hdf5,20150926202200,5.0,random,7,13,Kmulti,Q5plus,05e005c39c965e4b2728a0a3828f9025ed20d70ddf0282e4a8123762a9d6bdf6
japan_2015.hdf5,20151006180900,5.0,random,8,6,Kmulti,Q5plus,060af7ef4e74cf7414387c6e4b6f09d0429d48e41351bf7e7d38314a10d06b81
japan_2014.hdf5,20141006153800,5.0,random,8,14,Kmulti,Q5plus,065b44037aabef66e4124707acbbd7d45ced5b4f337f68877fcd2278b3c40689
japan_2004.hdf5,20041104085700,5.0,random,5,37,Kmulti,Q5plus,0703c1982477d2796aad3441dd065a437365586913993ccc7d4ec3cbcec53430
japan_2022.hdf5,20220828120400,5.0,random,8,16,Kmulti,Q5plus,07335bf105da112b534006c74210c61ce70454d9494eb266a35a1b8ba04b64bc
japan_2015.hdf5,20150922175600,5.0,random,5,17,Kmulti,Q5plus,07a0009d950e2def309d06ee9a586336c604d6183adb032afbb13134c15ee0c3
japan_2016.hdf5,20160822151100,5.0,random,5,22,Kmulti,Q5plus,07b05eb658d81d365f3e2ebe7c0259e09a3caedaabf45bfbe9c12039b3c1bb2b
japan_2007.hdf5,20070816083200,5.0,random,3,19,Kmulti,Q5plus,08ecc22e841f8c910f4260d1a7d8d0c064236c83eb364dcf954a2ff2584f5920
japan_2002.hdf5,20021021010600,5.0,random,16,25,Kmulti,Q5plus,092e9cf4f26d24d9f03b314638da5a3c878b6fbeb0a7f4f9db3ca4a06b8d0e9a
japan_2023.hdf5,20230831150500,5.0,random,16,7,Kmulti,Q5plus,09697ee3ba03042ecbe0ef7ced326feb2faae704126b144cb136bdf1b6b9e3e3
japan_2002.hdf5,20020925144500,5.0,random,3,18,Kmulti,Q5plus,09869c5347ac8d72bc5a2db88f2fbec2706435201e0bef56b5c4c18c90eac3ec
japan_2010.hdf5,20100930214700,5.0,random,3,32,Kmulti,Q5plus,09894968d4bb577457c27e09c37dfbe1bc8cbc5623797e05e64f0651f43d2173
japan_2007.hdf5,20070804021300,5.0,random,12,12,Kmulti,Q5plus,098a5113bc8f3936a6d46a38db40972a8b00cf904ed826477d1bd2f55085feb7
japan_2018.hdf5,20180910162100,5.0,random,8,5,Kmulti,Q5plus,098dc08936be241f7d7e7c6b1b53e1495702b905b7477244c98083bae39959f7
japan_2020.hdf5,20200912114700,5.0,random,3,5,Kmulti,Q5plus,0a61b302ae2cd013fd2aea9e8d7723a590c5d2f427ce418bb756a0ccdb304116
japan_2000.hdf5,20001006170500,10.0,normal,1,2,K1,Q1to4,42674ea7d2faa40cd1d09fe71d953765071f7e1f4b874b7d0809d7287e847d76
japan_2016.hdf5,20160820180100,10.0,normal,1,2,K1,Q1to4,a847c695b0351fdd76191964cde468a29e99c5eae0e470a6121166f75749bbf5
japan_2024.hdf5,20240718200700,10.0,normal,1,2,K1,Q1to4,abfd6736874167277c4195eb36a29d5e058d182443d2170d5d0515b67c07753f
japan_2014.hdf5,20141011142000,10.0,normal,1,2,K1,Q1to4,ad408ffac054e381ac91e4cb331a0235eab28a1ea781e34eb4195b2111d219a8
japan_2004.hdf5,20041102004000,10.0,normal,1,4,K1,Q1to4,c1e6f17ce3c05f14f0939ed6933dfa2375d015d533c8dcf33662bf0965e64a04
japan_2024.hdf5,20240625173100,10.0,normal,1,2,K1,Q1to4,c7616035c0525a3cf3688da36457614bc5bba610206512257885fa5b3819c14d
japan_2016.hdf5,20160913052000,10.0,normal,1,2,K1,Q1to4,fc730a3e393dcf90284871726b4f8abb31d65df3d69a00ccd9ff31a1df18bc8e
japan_2003.hdf5,20030926050500,10.0,normal,1,7,K1,Q5plus,de700df1c08bbcd4723924916ef81c33bae99009f213ccb19ffaf112f829086b
japan_2002.hdf5,20020923084400,10.0,normal,2,2,Kmulti,Q1to4,0016c92e4b422b9c453755b47a17c8e0956aa90d8e7ceb866d65422006174388
japan_2001.hdf5,20010928111600,10.0,normal,4,4,Kmulti,Q1to4,00a82da7d6daccd539b343e3b2fc752e01e2eec7ea624203dda7327954606770
japan_2024.hdf5,20240809135600,10.0,normal,4,4,Kmulti,Q1to4,027ee5ca551cb6c4a8dca7ef30430e5669b267bf91b579080e01a4561c1e208c
japan_2000.hdf5,20001003131300,10.0,normal,4,4,Kmulti,Q1to4,055819b8f61b02181e80bab908a17b95816b1cedcf95322f29f11096c0dbec60
japan_2007.hdf5,20070730114100,10.0,normal,4,4,Kmulti,Q1to4,0582db9d34ec22ece56818d3dc89902871fbfd81067b86ab55f9ebcf04bdc6cd
japan_2007.hdf5,20070824070900,10.0,normal,4,4,Kmulti,Q1to4,05a8a03cbfacbf67f5054f22cf2db71e6f46c5c3667818402df43465dd7a237d
japan_2011.hdf5,20110915042400,10.0,normal,2,2,Kmulti,Q1to4,064e2afa20a38222017bf10c7a4af34efe1f80ed376770855b32cca925a93e50
japan_2024.hdf5,20240710082000,10.0,normal,2,2,Kmulti,Q1to4,0824a200c6428a42bbb6cfac5c1ffb5096612dafd93d7a88c8f11f40ef725500
japan_2003.hdf5,20030926051000,10.0,normal,4,4,Kmulti,Q1to4,08a488c59a6714e433e05a756a11f173f967d43ab1cb679150d8e09f1adecf42
japan_2005.hdf5,20050802144000,10.0,normal,4,4,Kmulti,Q1to4,0bc85cf33448c6bc10ec168b9afd5b0827e3c0de22d44f766fab93962df9b871
japan_2019.hdf5,20190927222500,10.0,normal,3,3,Kmulti,Q1to4,0c9c15814392ad42fc0766610198fe27e503c3d0b51625e7b6d2f539c01b3a04
japan_2016.hdf5,20160822125800,10.0,normal,3,4,Kmulti,Q1to4,0ce0784b4393f3f1f67a3009b05c8a2b64657c9aecb301b073aae3ca19a20fa3
japan_2024.hdf5,20240731230300,10.0,normal,3,3,Kmulti,Q1to4,0efc6f7afb1d75f157d38e5e35f09d97c4d6b1b2868cc99f77628182923913e6
japan_2014.hdf5,20141001154100,10.0,normal,3,4,Kmulti,Q1to4,118b31dd195f53efed41f0c85f6ea20815f13e85efaaf96915e4f5346085185e
japan_2012.hdf5,20120904090600,10.0,normal,2,2,Kmulti,Q1to4,13625a65481c5468f00ad1335646b4ce843a63e6dcbb8b28829a22327c722156
japan_2018.hdf5,20180921092900,10.0,normal,4,4,Kmulti,Q1to4,180439272e663200834fc47c44ed1689d0a7a10c9d55db75a470a97da7cb8fca
japan_2004.hdf5,20041029183600,10.0,normal,2,2,Kmulti,Q1to4,186187e8d7de018cbb6ac84778a266be8f3affcd24430229d91648ef111cbbde
japan_2000.hdf5,20001007081700,10.0,normal,3,3,Kmulti,Q1to4,18e8ad229484a4c71cf5ac9596b05a98ab3ce6c7a4d014e62963d7015431ab15
japan_2004.hdf5,20041029125700,10.0,normal,3,3,Kmulti,Q1to4,19b95638fa7c6e119165c1b88eeb675e72fb570e512230af627923112eb737ca
japan_2019.hdf5,20191015155700,10.0,normal,2,2,Kmulti,Q1to4,19f57a8ae35415d3fea8f4b0fc9d00eed03438449e1ab7286d4050c2af44f91f
japan_2006.hdf5,20060915145000,10.0,normal,4,4,Kmulti,Q1to4,1bc85e1bb763412f45e09385da3d9250faa001b60a682590e9aef36ea5fdaafc
japan_2021.hdf5,20210920171700,10.0,normal,2,2,Kmulti,Q1to4,1c3240da49db504faf6cad9d6bd49a5d2707a396fba8e0ea7bdc8a6ab2193a7c
japan_2011.hdf5,20110910005100,10.0,normal,2,2,Kmulti,Q1to4,1cbbff77e040145df696bcb8d0433523f985994ee1be3616f551f7512c5c6aef
japan_2007.hdf5,20070810020400,10.0,normal,4,4,Kmulti,Q1to4,1da3409e1940c5b89770f294c84bceb3460dd3658fec80138b9bbd6c9ab189b0
japan_2015.hdf5,20151007164600,10.0,normal,4,4,Kmulti,Q1to4,1e0abd6da2813cf9578f1986b8d3b8e69f1e08518b6acd1f64ed8bdab10b4b20
japan_2011.hdf5,20110821171300,10.0,normal,3,3,Kmulti,Q1to4,1e78875cfa7823b715650a907ddc3e6d44b3daa4dd0a55efe68b3a1334101640
japan_2011.hdf5,20110908035000,10.0,normal,2,2,Kmulti,Q1to4,20a43915be234b5266cd4cf8cb01b5f66a9db089337479f2e62929e3b5f6d4f5
japan_2005.hdf5,20050904053800,10.0,normal,3,3,Kmulti,Q1to4,22a6d7ec060b652ef4bd65829548555c6d0c5fdf48ef2f55be7d44a55f8c6290
japan_2024.hdf5,20240619112400,10.0,normal,2,3,Kmulti,Q1to4,22da4714bc830be5cdb643a0ee4bfd120c5385eb4728104c8b46bd3f06ce9681
japan_2005.hdf5,20050809041300,10.0,normal,2,2,Kmulti,Q1to4,2339f08ac7aed8dd77f5cc41b9f4653d63c9e00d505c623d4485914f75cd2b50
japan_2013.hdf5,20130921233800,10.0,normal,3,3,Kmulti,Q1to4,2515c11f4f49e47ee2803f2741c40ca5d95f86baa7e6d868a88ce6b5d2cd46f8
japan_2011.hdf5,20110917163400,10.0,normal,2,4,Kmulti,Q1to4,25e2421c921c65d7ec1be67fc6edbd3c44c59aa8e6c092c2cd64b55104ecf38b
japan_2021.hdf5,20210919190400,10.0,normal,4,9,Kmulti,Q5plus,003d2ddf988788027a02873922e25431b4fecba1efcdd12f0ab32472a56be4bb
japan_2019.hdf5,20190929164700,10.0,normal,24,29,Kmulti,Q5plus,0097726939b5a03ce85f15ee236206dfa77a5764a5a9ecc6e1e8b6f198c9001a
japan_2000.hdf5,20000929191400,10.0,normal,15,15,Kmulti,Q5plus,00cce0a5c9abc787998add143ac6bbc6c6f276573a63bf9f46f3d7937f65322c
japan_2017.hdf5,20170917065800,10.0,normal,25,32,Kmulti,Q5plus,00d04245bd0831e7ee4107c01abe839865dc0352fb9458f611ee9431258c604e
japan_2023.hdf5,20230816222900,10.0,normal,25,27,Kmulti,Q5plus,0136e2cf1dc49afc72472fb01da2f6b55ef1eddd1679460c90c05f588a5a5c61
japan_2020.hdf5,20200902025000,10.0,normal,19,30,Kmulti,Q5plus,013e1e4f52097406ef0d0f324286a2a85232216b27297085b13b5b42931f0d17
japan_2011.hdf5,20110923220800,10.0,normal,6,6,Kmulti,Q5plus,0164f12736a6d339fad78100e9cb699245aa46a93f0f0cefc932d80b2bb4a25c
japan_2013.hdf5,20131008192800,10.0,normal,8,10,Kmulti,Q5plus,01a6804aa3021c2d6eb5b68915fdd01486a28c176613401ae4cea170affb9e19
japan_2016.hdf5,20160926040100,10.0,normal,5,5,Kmulti,Q5plus,0202343c77b19c0bce1df4d416ff472ea1f7b656e2fd9759c21ad41fe0df52a6
japan_2001.hdf5,20010903000300,10.0,normal,17,17,Kmulti,Q5plus,0209a5bd377e94f1e78a0ee49232ed79ffdadfa3a904b2f32bd8248bc891fbe2
japan_2023.hdf5,20230905092100,10.0,normal,18,18,Kmulti,Q5plus,02327218a24a060ba2187ec5cf8d103c34458351dd0f95ba4eb84e4e3b3a2df1
japan_2016.hdf5,20160915141300,10.0,normal,19,19,Kmulti,Q5plus,029d23f5d5ff6df2c183eb6424fb8766bffb6ed935bddad2a9f4e32d6afe7168
japan_2013.hdf5,20131009164400,10.0,normal,9,9,Kmulti,Q5plus,030ace15156a7c419a9d359932213d52ae6d449f3d73f198958de9170be718c6
japan_2011.hdf5,20110830032200,10.0,normal,25,37,Kmulti,Q5plus,046d16a6fb2efb5eed395c4183df58f192ea9cedea36a908d80ce41f1cd8393c
japan_2024.hdf5,20240725162600,10.0,normal,25,32,Kmulti,Q5plus,04b0e640f0280a593821f3b331eb5c2545f54692de145c6cbd4f51076f7609e8
japan_2011.hdf5,20110826042500,10.0,normal,10,12,Kmulti,Q5plus,04c9be77341dd2da2598a08ad67b41d160bb576c54fea0188a2ad3db39608915
japan_2011.hdf5,20110921043700,10.0,normal,6,6,Kmulti,Q5plus,04ed350ce85bd3509a4bff98e82092e682b54301f15ed5f952a794425807c874
japan_2014.hdf5,20141006132000,10.0,normal,17,17,Kmulti,Q5plus,06503c8725d36ab02a60ea5d89ba1b1106ca3f2aecac9d6b171abe99ae930877
japan_2008.hdf5,20080806221600,10.0,normal,6,6,Kmulti,Q5plus,0655c2766c404bd5697fdacd603812d87d16bb3821ae302c5034c559099a0755
japan_2018.hdf5,20180918171100,10.0,normal,25,63,Kmulti,Q5plus,06bb6ce9f422bb2fbfdecb00248290ca0cd151fa7ccbe2bba5b88730aed5b0fd
japan_2002.hdf5,20021016130400,10.0,normal,21,25,Kmulti,Q5plus,06c5138af2d7c4b37b038f30b8257443c3c82edc8a496826bcb2dd8753835c9d
japan_2018.hdf5,20180914143500,10.0,normal,25,61,Kmulti,Q5plus,07563461bafd82ca703f72dfd6fc40ce9ccb64d470472ba0bc9f6650f383f89d
japan_2024.hdf5,20240531044600,10.0,normal,25,61,Kmulti,Q5plus,075ce87b2b4ef484c6b1f8cf064cd1c8905ccbf72116253354e99b1301d92302
japan_2011.hdf5,20110908223800,10.0,normal,19,23,Kmulti,Q5plus,07b634d939730ab8f63c9e05e626e2bc06cf1f15c720b1d3b4139531e1d0b9d6
japan_2003.hdf5,20030929193500,10.0,normal,8,8,Kmulti,Q5plus,084df3c862bf6324e6929e0a0f4e059e26dc35e7998f6d5bef47eb621d509cee
japan_2003.hdf5,20030926072000,10.0,normal,9,10,Kmulti,Q5plus,086df152055324d46b61f0dddd0b477d89d3be0082e15a569983d0c529edad35
japan_2022.hdf5,20220930000300,10.0,normal,21,35,Kmulti,Q5plus,0895ed6eb14a88f2ac38f876643e15f10dcdaa13a13f814d68814ac564bff291
japan_2022.hdf5,20220823000300,10.0,normal,13,13,Kmulti,Q5plus,091ae40891f9ba671d3adbbe95a243f753ef3259270cb51a85061ca552b3b17f
japan_2016.hdf5,20160913191200,10.0,normal,25,80,Kmulti,Q5plus,0937a2042bd08159da510595ce222f287e91d83cb9d0b9b2ad6a35aac9a44f37
japan_2004.hdf5,20041030060700,10.0,normal,7,7,Kmulti,Q5plus,0958f3164462c391fbf454e6cb8b219e313a75e4ea4c09b1b38bd9fc729abea2
japan_2024.hdf5,20240616193500,10.0,normal,25,53,Kmulti,Q5plus,0999897fa0be0fd43d1182926aeb1f99e4bafbb0fb3df7b0372c290bdb7d8541
japan_2015.hdf5,20150929013300,10.0,normal,16,16,Kmulti,Q5plus,0a5c23672707c7f8c6a5550ecc1b0cad4ab87ebaac0d286bb5c3713dd05b9bba
japan_2016.hdf5,20160919152300,10.0,random,1,1,K1,Q1to4,00a13b1a6a8afd3de341c5176c7e9510ce495318f0939ade7226cc90ddc9a064
japan_2022.hdf5,20220922072400,10.0,random,1,1,K1,Q1to4,0116b2f1c932fb0413064d395235068a5b6a92c49c345bffb82579f88c90c4a9
japan_2012.hdf5,20120929190900,10.0,random,1,1,K1,Q1to4,01a760c6ea962b9bf2c2cc7ebf8cdf0d026a2221136d2a2669ec167a5e864ffe
japan_2005.hdf5,20050809041300,10.0,random,1,1,K1,Q1to4,04aca16d4941e3bc11d9a5b034272ba99c2afa6d2442e5c5bbbd5c7ac5457396
japan_2005.hdf5,20050827154600,10.0,random,1,1,K1,Q1to4,04d8adedfe602dcb7aaa23abdec7ceecf1fcf08192a1c3d9e9f7939b1ee3cb44
japan_2016.hdf5,20160807044600,10.0,random,1,1,K1,Q1to4,05f609fa547ebad07dc65fffb88e2b857236353dc3b1d733769fd220206f6913
japan_2021.hdf5,20210920171700,10.0,random,1,1,K1,Q1to4,06dda88748257548e4e3b2b4de982593edd61c059f4076e75f3d5570744c9d17
japan_2011.hdf5,20110902231500,10.0,random,1,1,K1,Q1to4,0917b165863b63d6691f84ebb09de7a9676a564e1d15cb7b2f35dab6e4080109
japan_2012.hdf5,20120815013200,10.0,random,1,1,K1,Q1to4,097e766e3658218738cbcbea86192fcb9871e4ccbcc4e4bfa1dbfae7ea7b8f64
japan_2012.hdf5,20120813141100,10.0,random,1,4,K1,Q1to4,0a41c636dd43199036e6b7f083c953e8a396ccc248bd20491af95cbce8e21b88
japan_2004.hdf5,20041107035400,10.0,random,1,2,K1,Q1to4,0a732fc6e753d9727af74b3a49f1128102e8473bb992b1e6addbb55a2f301db1
japan_2013.hdf5,20131010211800,10.0,random,1,2,K1,Q1to4,0da718f0721b0809161037ae28122ebc924998f864e27ec5bfec8bcce6ceccbe
japan_2024.hdf5,20240728191300,10.0,random,1,4,K1,Q1to4,1046f7269e11659385b408fad0103d05004ced308f45108c617f55b8ed1d99a7
japan_2024.hdf5,20240627194300,10.0,random,1,3,K1,Q1to4,11a255f00ab9b29ca3281b1bce16af03cc5692cdc4e26269abd5df578ba67982
japan_2007.hdf5,20070817094300,10.0,random,1,1,K1,Q1to4,11c70f0143d748890c421c2c70a554d3b6a0c3bd6591af600e63c85e7dc2a1ad
japan_2024.hdf5,20240619112400,10.0,random,1,2,K1,Q1to4,134144463075c47b0fc91309aecf2f288202d7e88ca3418067b9de725e1ce0a0
japan_2004.hdf5,20041103114300,10.0,random,1,1,K1,Q1to4,164916a9a1cd9aff336e80dc273094b2c028c7a2fd86d87a46ec23e4b6efbfcf
japan_2004.hdf5,20041030011500,10.0,random,1,4,K1,Q1to4,16a42f0bbcc103f2dee9c4a6708bca7e5cf49aa3d0245c243d11effdfa7ad87c
japan_2000.hdf5,20001006170500,10.0,random,1,1,K1,Q1to4,172c3b3e38cd8f89432e2d355503d9df8486b3497b11e6968f1d45d181ad4344
japan_2019.hdf5,20191010005200,10.0,random,1,3,K1,Q1to4,181f68554ecb647e55a4c040b8a3abbb5e50700dabafb4b3a340903ad6baa885
japan_2005.hdf5,20050802144000,10.0,random,1,3,K1,Q1to4,195cf64fc8c02916abb9567a80e3547656b611f54bd00281508f311be85a7e31
japan_2019.hdf5,20191014195500,10.0,random,1,2,K1,Q1to4,1c816ed323f24100594229bd9c8eeaf9230c987a238bb05cdf8fcd51799e99d3
japan_2014.hdf5,20141023171300,10.0,random,1,3,K1,Q1to4,1ca53510d9e8e30399259e9d1b4013f0b38e67146c29cb062cb7603f0cb1395f
japan_2004.hdf5,20041028062900,10.0,random,1,4,K1,Q1to4,1cc52d4de3e9ef9868244280b1b9616050e9f027af0c948b3902f5c5e40b8d0f
japan_2011.hdf5,20110827015100,10.0,random,1,4,K1,Q1to4,1dacd558c9d865f57db5fdc01dad324d8ae3d330cc347983944e79ce5b27fe30
japan_2012.hdf5,20120924073900,10.0,random,1,4,K1,Q1to4,1f511ec7c10968f106f4765d15e8296d045747a69bcb1218682828445bc65ada
japan_2004.hdf5,20041102004000,10.0,random,1,3,K1,Q1to4,200fec72432bbbcea799db870ae63be2ec8f612acfc8fc83995152f0bfcea8ec
japan_2008.hdf5,20080911044500,10.0,random,1,2,K1,Q1to4,2195555ccb08fb48ef68ed9401369c7b9d0550913d7881d7c150ea5bc2a0446a
japan_2004.hdf5,20041106055900,10.0,random,1,1,K1,Q1to4,2a1f376a68284511d8c27456a6501de40a465fe456a642430583c797dfb53187
japan_2005.hdf5,20050821164300,10.0,random,1,1,K1,Q1to4,2cf0fdc86e5c108ba4702082a2b1eaf6bf1eb688be85864fedaf11e111092bda
japan_2008.hdf5,20080906162900,10.0,random,1,3,K1,Q1to4,2ebba8c21bbcf6764fa19815c10fec008fd22407c27d9070ca65acf524b81c68
japan_2003.hdf5,20030926152700,10.0,random,1,1,K1,Q1to4,30c348944fc3670650bd6e3fe60e070b52bf87fc4146414859f58f2802ce281e
japan_2024.hdf5,20240605215400,10.0,random,1,58,K1,Q5plus,019e89c22ab676740ab825bca1faff1a34a7d227189a07a412bc75f685695c00
japan_2022.hdf5,20220930145800,10.0,random,1,75,K1,Q5plus,08401dd9b932485e2ba5d0e6b86bb09ffafcb2625f9eb27bcd5270b8e458dcc1
japan_2015.hdf5,20150922155900,10.0,random,1,15,K1,Q5plus,09959215f555c610cdf1cd8d81d871cec62e771f7409f9125b33c5395995f1cf
japan_2012.hdf5,20120926090800,10.0,random,1,5,K1,Q5plus,09e06b042b7424796ef2b409f04b99a3e5452aa5463ecaa0f4f764f8218105a1
japan_2016.hdf5,20160926213500,10.0,random,1,16,K1,Q5plus,10b83dca03eec4f195b2129044dd2f27a8e21e2d514c39ccc640afdac5cf8470
japan_2024.hdf5,20240624232400,10.0,random,1,32,K1,Q5plus,143b7c36e96dd11b395d225e59dcec933523a0fbbb62801fecc38ba28ca8e3a5
japan_2024.hdf5,20240719001700,10.0,random,1,34,K1,Q5plus,172b8a3504b356f2f92d7aa63542db0fa00e5cf0cf2f0df3110012a8d7b2f4a6
japan_2012.hdf5,20120819204000,10.0,random,1,12,K1,Q5plus,186494be53dcd1279e20f85c83f9f7dc935b12f9b8f1e3d2891331eeef87859d
japan_2006.hdf5,20061013081100,10.0,random,1,6,K1,Q5plus,187b357ac3f4e15fc6066e2879b124f91a4508dcbb73f6bc112d32682e363515
japan_2001.hdf5,20010917175700,10.0,random,1,5,K1,Q5plus,1a7f19e92919429e894d8e0b8e076c628aa798cf742da6f5ce071352744f45bc
japan_2012.hdf5,20120910212100,10.0,random,1,10,K1,Q5plus,1c7375614bc9823842f598a2f350545b71461e8287f29a88111f8bf952ac8d21
japan_2012.hdf5,20120825231600,10.0,random,1,56,K1,Q5plus,1c94946159d567582e4dd0c6866c9b5b256543920f31c34a7cb0a63a006653a3
japan_2001.hdf5,20010906104000,10.0,random,1,20,K1,Q5plus,1dad51273b1a9feef9317c6f244078646e3ba8699b6a11cfdd4ea7a785a0427f
japan_2007.hdf5,20070816092200,10.0,random,1,35,K1,Q5plus,2242193bb12da03eeb56a1bd3f20d034d12d4bb1db2b9e00419b361e9372a66a
japan_2024.hdf5,20240621165600,10.0,random,1,9,K1,Q5plus,22d55f1d236a207ca0f80431c9e95ccfd246e0a4ca4a53ded052751b0a24aea9
japan_2003.hdf5,20030930011800,10.0,random,1,7,K1,Q5plus,23326565e921189338b433d17b2effacd71b18b7c1915b6b4ce3c0fb24fc55df
japan_2014.hdf5,20140925201200,10.0,random,1,5,K1,Q5plus,252f0b63f1932490804f9bc51a13643f55e6468634442a7a80c764dee8f05bba
japan_2003.hdf5,20031004081100,10.0,random,1,20,K1,Q5plus,2ae995b5c7d48ceab09b248a98932ae9d8c90989c203a45cb75230fc231120ba
japan_2010.hdf5,20101001185200,10.0,random,1,17,K1,Q5plus,2af73357abeb018a19d7baa79cd088d39c43c3b7ead8cb3ba9203a90947062e0
japan_2016.hdf5,20160831085900,10.0,random,1,23,K1,Q5plus,2ed0743b10a7aa539182e33e88a94c04befe02b134f47f14446481b46c0246ef
japan_2018.hdf5,20180930175400,10.0,random,1,36,K1,Q5plus,323c2e1cf399aaea71d65de3ee5a4a60cf425cafced33a166b77f8f2cbc57c81
japan_2005.hdf5,20050912042800,10.0,random,1,11,K1,Q5plus,36442cb65bbb3fe6a7b0b6a615a6161220348fb82c0f16dad678af0d1fe0ecd4
japan_2024.hdf5,20240627184500,10.0,random,1,26,K1,Q5plus,3851452e75ab37dc1b0e9ee7307e13defaaaf2479fc8c1c29a851986d4f9941d
japan_2021.hdf5,20211014020000,10.0,random,1,6,K1,Q5plus,3a6ab4277d96b4a49ba0df5d40026dda21b360dcdbcef3f225dc587e7186160c
japan_2018.hdf5,20180911205100,10.0,random,1,13,K1,Q5plus,3a7b16d2560c670338381d9a2575fb8cd8738127ac75ab70a1f46f73bfa27577
japan_2021.hdf5,20211019213600,10.0,random,1,6,K1,Q5plus,3b5ce8aa34ccbfcd16916af592c12a3fdb9a3d517e8e2599d5d1c2440a264ed3
japan_2014.hdf5,20140927003500,10.0,random,1,7,K1,Q5plus,3beec601ba34ee49171693e4e9ad7b3e13d72dc882045156b6425a3642750d7d
japan_2004.hdf5,20041106182600,10.0,random,1,12,K1,Q5plus,3d8eb0214f2d81222a23cdda95c5ac12eb844ee811964d58ee9ed5afcac09de8
japan_2018.hdf5,20180914173100,10.0,random,1,21,K1,Q5plus,3e2aa68b7904501b5df9d67e68d1756deca5e1e949d46cec526ef18ca1211736
japan_2018.hdf5,20180925123100,10.0,random,1,25,K1,Q5plus,3e62fc211df6cb30f7fa230ac46dffbe5601131b172688d1cbf82f62b753299a
japan_2002.hdf5,20021008140200,10.0,random,1,8,K1,Q5plus,404b3ad9a7e732d1807522698b944faf2612117ed646efaa3461ee2504970cbe
japan_2011.hdf5,20110909232900,10.0,random,1,11,K1,Q5plus,41cacb0612f3b79eec6527c1faee2f089a6ca6716c3dfdc3635f42d95fe0536d
japan_2012.hdf5,20120910205400,10.0,random,3,1,Kmulti,Q1to4,00640826ada4e9904381b16282429f84a86395cc853770e0120e9c8671b8a312
japan_2020.hdf5,20200911191900,10.0,random,10,1,Kmulti,Q1to4,01160bac50071766c8fe032f8b0dca153a4853c88cff980ae819ddb4ac8a4b29
japan_2022.hdf5,20220925062300,10.0,random,3,1,Kmulti,Q1to4,0210e8de700c2b533c1abefb08b6f94a9a7c9ca6d31ef055ee9da954d958cf71
japan_2017.hdf5,20171002122400,10.0,random,5,1,Kmulti,Q1to4,0215270107e6414763402ab86495f8934f8a20aed84494043ec4af76e2ddc217
japan_2010.hdf5,20101010143300,10.0,random,8,1,Kmulti,Q1to4,025193f0eb63d1d19738a57a3cb7514bf93bf9ac0907a4e9b3ec640ee01ad310
japan_2018.hdf5,20181001211000,10.0,random,3,1,Kmulti,Q1to4,028663da36ead4b968f9ecdb33c649136817873e950828b8955a386e30d7d50f
japan_2018.hdf5,20180919152100,10.0,random,4,1,Kmulti,Q1to4,0370d9e5cf8447f8e9b172254070a7e4fd3a4929f89483f59c17daf3a939ba2d
japan_2012.hdf5,20120824021000,10.0,random,12,1,Kmulti,Q1to4,0395a2f709f7e96af324c2f625ed860d0b23489f0fee88dcbcb16b1ae4fa6a7f
japan_2024.hdf5,20240809034800,10.0,random,3,1,Kmulti,Q1to4,04b4f876e4989ab511d9ffe642ef4d4fc6b872f0d93f9edba3b6ec78e4d2e602
japan_2024.hdf5,20240721132700,10.0,random,11,1,Kmulti,Q1to4,05084fb3b715a1c9f56418d7e0f0b9c4efddab9eebe1ad93884620fb90eda14f
japan_2024.hdf5,20240611095800,10.0,random,3,3,Kmulti,Q1to4,054b8dea26c983bd03c50b3e2b72479d370ad493dfbf9f5491018ab7cb9954fc
japan_2021.hdf5,20210920130900,10.0,random,2,1,Kmulti,Q1to4,05855a4b0474f0e589da13d02b12a211e67829974f6dd989549047cd12eb9599
japan_2018.hdf5,20180914144500,10.0,random,12,4,Kmulti,Q1to4,05e2c4f499f66e8f8732522e47fb42c94a57a5ac0bd47c1a133082d9c832ca5a
japan_2022.hdf5,20220909081900,10.0,random,3,1,Kmulti,Q1to4,067e5190c8db24e73672ea0358990b743a6650b38fdf7d849c2eb0bf1019faf1
japan_2001.hdf5,20010917203900,10.0,random,4,1,Kmulti,Q1to4,076105533672def6a29606628ca129ff65035337851007ea9c5adeb0962c7486
japan_2018.hdf5,20180918064200,10.0,random,6,1,Kmulti,Q1to4,08517aecbac7e274a77ff8f25e02e0eec83ec2f72cd8f4c060beb05243d07b67
japan_2013.hdf5,20131006120200,10.0,random,16,4,Kmulti,Q1to4,086216eb1acf65829b9a3e501ac9e6cb51238e666004a8e47a23fb352ea48a7c
japan_2000.hdf5,20001008060800,10.0,random,2,1,Kmulti,Q1to4,09331150584d6a20135e84755ce056275c3096d611d638f8934b73945619a428
japan_2007.hdf5,20070826014200,10.0,random,7,3,Kmulti,Q1to4,09e36a2ad9bfff9e2c834360e3a0fb7cbd8cc1ff8f4115d2fddf04a8d910947d
japan_2005.hdf5,20050810151200,10.0,random,16,1,Kmulti,Q1to4,0ad795f3754c0c4df8631a374969700cb9a433c1d111b57fe588644edc9e605f
japan_2016.hdf5,20160830044400,10.0,random,8,4,Kmulti,Q1to4,0b9e7e7f4ec822cf2f3bec8415fa90ecaa6104518def88965963bfb2d86a5674
japan_2013.hdf5,20130908093000,10.0,random,5,1,Kmulti,Q1to4,0cf0c91a93d8e3632d79d0940a2ff629d3522c9fb0992dd96ec73e31feb24095
japan_2018.hdf5,20180910232300,10.0,random,7,3,Kmulti,Q1to4,0f5661df74ca28d7793ae8f6654c768ae28cacc92f2177870dfa2083e553aad3
japan_2013.hdf5,20130920112200,10.0,random,12,1,Kmulti,Q1to4,105c49dcc87d6a9ecc9f3225a9ecb6dd3a1e260d8dcbf272feaba796a64bf6ff
japan_2015.hdf5,20151019111400,10.0,random,2,1,Kmulti,Q1to4,105f29b317681447e55c125ec59f32d5a311d3ffc7fe5e7ff729c9c7133a4e64
japan_2009.hdf5,20091103192300,10.0,random,3,1,Kmulti,Q1to4,1086efcd1354818936c35c88251abc847cf96f4e0e12eeb1aec3075d8dd141fe
japan_2011.hdf5,20110825182300,10.0,random,7,1,Kmulti,Q1to4,1173eb54ffa86eb2fbc706962708d713aecf93f2c96797b0e62d69ed3fcb2b2d
japan_2011.hdf5,20110915232500,10.0,random,5,4,Kmulti,Q1to4,11a36ee4995f2c8e4669d138cd5aca66206a45bdefc1b51419ae7bb29139a959
japan_2010.hdf5,20101004114700,10.0,random,4,1,Kmulti,Q1to4,13b6c62b1787e79cc7eeda58e997bed194a5bb58818b8f34f4a5e012a19f018a
japan_2017.hdf5,20170912041900,10.0,random,5,1,Kmulti,Q1to4,1475f2db67fbed7dabe0856e70831249a20dca8468013d603015e51f779b5e4f
japan_2003.hdf5,20030926122900,10.0,random,3,1,Kmulti,Q1to4,14b2e757bebc0d3b12e1341202d8dd1181272e26e69855fbb477809e0bcba1a6
japan_2008.hdf5,20080814201100,10.0,random,2,2,Kmulti,Q1to4,14eb2bf06f246b0ac0a0d469cfd65af4c9511452f1d002a1856170c48d137895
japan_2008.hdf5,20080903233200,10.0,random,3,24,Kmulti,Q5plus,00aab7c5d4f7dbf89e9a32774805b8e9f336ff55aa9ff738ca7ff08971d17087
japan_2023.hdf5,20230826070200,10.0,random,16,16,Kmulti,Q5plus,013f02ca1d5733b3179e77e7e687455011f74820efc829f615c568eb76ac0371
japan_2000.hdf5,20001008131700,10.0,random,16,22,Kmulti,Q5plus,0190446fecf7f673b6828dd2b46d6a99f9534445b5555bc228fdcdd4efab89e4
japan_2011.hdf5,20110822212100,10.0,random,12,10,Kmulti,Q5plus,02a565c1a5e3256e4338160965fcdead36040b136eb5b0f12a2e08d67bcf6e62
japan_2016.hdf5,20160815160400,10.0,random,8,43,Kmulti,Q5plus,03300812d4dcbf0acaecc90709c86f379073d25b5f8430df68ba5b8eff56525c
japan_2013.hdf5,20130916125300,10.0,random,8,26,Kmulti,Q5plus,0342b58699a397a8e1a2e9f660a39a226ea9f1b64894ab8c74be604be36938e3
japan_2016.hdf5,20160913172900,10.0,random,5,11,Kmulti,Q5plus,03468712ee6a55774b6c45abfbc56a1e949c3ba83d1d55302dffb8e9039353a6
japan_2008.hdf5,20080820151300,10.0,random,12,69,Kmulti,Q5plus,0447d737cb76b1c3c29c04138e54c89516c81d618a5c631a624c05ad7bcfb913
japan_2016.hdf5,20160907015600,10.0,random,8,14,Kmulti,Q5plus,045a7aca0fe3c851fa42baaa7ccb812cd6f6edb6ca407b252a7d690238bd6e80
japan_2018.hdf5,20180928043200,10.0,random,5,15,Kmulti,Q5plus,04b5c30f4a065ef9fccdad095f253b09ae25911500965fd48998867baa6086b4
japan_2020.hdf5,20200827085500,10.0,random,13,14,Kmulti,Q5plus,08080628ba869f1cc585b4c4ef690d94091e9a4ca5da62a3de6346c34caa10ba
japan_2012.hdf5,20120911103900,10.0,random,3,6,Kmulti,Q5plus,094808e3561de597ba023336971adeaa023caafd767e1c885adc71efb18e0fa9
japan_2024.hdf5,20240729231200,10.0,random,16,10,Kmulti,Q5plus,0962a12378a83a9d38dcd61ae01b20cea82db80980e41ff13ded9d4839da434f
japan_2011.hdf5,20110919183800,10.0,random,3,8,Kmulti,Q5plus,0a47a6a89dd1cc156c6b771cc0e4d701b2aa5b313ce615bbfb2cf24089003e84
japan_2003.hdf5,20031002163200,10.0,random,8,7,Kmulti,Q5plus,0ab7e95f411cc6a0bce10dbcc8a22d87f19d475d6066f0e62e1de8ae8acd5fc2
japan_2015.hdf5,20150926184900,10.0,random,5,12,Kmulti,Q5plus,0ac83c50c34060b6fbaa6e248e743310daccd473a29bada3d3dca5fa4b8c2695
japan_2024.hdf5,20240730012500,10.0,random,16,16,Kmulti,Q5plus,0af398e84211ec2a6657cb28fa4946945c8ffcc049ff3c1095114c3f514e0468
japan_2011.hdf5,20110908172200,10.0,random,3,9,Kmulti,Q5plus,0b571e5a0d6fdda548ae41d5c6d2f0f5378882a5c417f71bffd056080b99057f
japan_2008.hdf5,20080911121400,10.0,random,12,21,Kmulti,Q5plus,0b80db86cca4ff7e5fec397a555d017629654a23422c38d04d74565e65296e9f
japan_2007.hdf5,20070818165500,10.0,random,5,62,Kmulti,Q5plus,0bc683312841d28c96b0b50628b3d007a873bffc288b581025469c944c7dca72
japan_2011.hdf5,20110908223800,10.0,random,12,11,Kmulti,Q5plus,0be6b4e4a998d6c993084f49e5ffa33fb516ee98f53eb567283706fbd9865717
japan_2019.hdf5,20191019180800,10.0,random,15,9,Kmulti,Q5plus,0e2e04191a993351b17303a52aff25cb04244f78c79510a5448fa80c05e7fe1b
japan_2012.hdf5,20120817162400,10.0,random,5,17,Kmulti,Q5plus,0e60e2f33051e85f1bcce38ea53ca8004415b3d8101012686c665b4a4a22f032
japan_2024.hdf5,20240601040200,10.0,random,3,43,Kmulti,Q5plus,0eb181cf76536d415cfee494340058a56e76c3345d882fb1ada5111202caff9d
japan_2018.hdf5,20180911225700,10.0,random,8,5,Kmulti,Q5plus,0edc45321ef4c9a25fa0941d27daf7e67a47e1f0307e51b640b192642791537f
japan_2024.hdf5,20240713122700,10.0,random,5,13,Kmulti,Q5plus,0ef95176cef9aa873742c79362c095a932cc6d9142f65ba50b67e53259581c7a
japan_2010.hdf5,20101002123500,10.0,random,8,13,Kmulti,Q5plus,0f474f487991f24527134415daf27d7ee2a1a1985e315bd5dcdae91c470f461a
japan_2021.hdf5,20210930125200,10.0,random,5,7,Kmulti,Q5plus,1096c25e9b61d98c16034f7ef2387ea29bd29b91cbb617647c5ab5e3ebc4c8d5
japan_2012.hdf5,20120825074300,10.0,random,5,7,Kmulti,Q5plus,109c6f3530a5e21a2722c27064ce953ae4447677e7b1fde0758d21afaa2a9279
japan_2007.hdf5,20070825215700,10.0,random,8,10,Kmulti,Q5plus,10c9a7850b028a774fd7830250c01d041b4e0349ca561336c82d95e996b3436c
japan_2009.hdf5,20091025055000,10.0,random,16,15,Kmulti,Q5plus,10e2edbaae7b0c858eb9a3c8796d7e2e2c9696f86eab0e9867e0044a5442ae80
japan_2021.hdf5,20211005060600,10.0,random,5,11,Kmulti,Q5plus,10e31d692cdeef5db9e53f1b65c7d093df402ff1736f91962445b61d005eb764
japan_2004.hdf5,20041102004000,20.0,normal,1,4,K1,Q1to4,2fe2f0b0d234a46eb6b8b91a2c10818abe2d5ee1e3b0ebb91914060c21fec87d
japan_2014.hdf5,20141011142000,20.0,normal,1,2,K1,Q1to4,31486a2927bf8f69961cefb63e4cba2abce48ec037f1c8d4742b40eb29031683
japan_2000.hdf5,20001006170500,20.0,normal,1,2,K1,Q1to4,dd99f498c40dd73dcdbbbed1575675a39fb624b338c4f570ee504b98156ee369
japan_2016.hdf5,20160820180100,20.0,normal,1,2,K1,Q1to4,e2b24a0aa769f84eb65683664bd846282b8149591f2dcd2657a7eb7719150998
japan_2024.hdf5,20240718200700,20.0,normal,1,2,K1,Q1to4,e803330bc35e669d950a6e6bdae1ad41d9d079f4cc99bdbbf2786292c15b87eb
japan_2003.hdf5,20030926050500,20.0,normal,1,7,K1,Q5plus,eade444b8bae05ec52681e5b31a5464f858672d161e9690695f933d3a947cffc
japan_2007.hdf5,20070821200500,20.0,normal,3,3,Kmulti,Q1to4,0201f786ba190289357c7b45955aed1bd557b019bd9ba6a863153b06cec62115
japan_2017.hdf5,20171005114200,20.0,normal,3,3,Kmulti,Q1to4,0262f9eeec9c4fc39bf23c25d5208a5ec1fe0e15e2d9a4d7655e3546ad3d60b1
japan_2024.hdf5,20240625173100,20.0,normal,2,2,Kmulti,Q1to4,02902a6b5e578e5f993750bb04b8c366fb3b4eaa8cf3a44a2455b932ae24f6cd
japan_2020.hdf5,20200824030600,20.0,normal,2,2,Kmulti,Q1to4,0377ec1d5c469004e16de2fd1d10182f14b51b2293852d308b7fca1d3352c054
japan_2023.hdf5,20230917172300,20.0,normal,4,4,Kmulti,Q1to4,037cbf14f6bffb05a08bd2037b0b04915f24b77498204ed5c2ca6048a9d6f97f
japan_2009.hdf5,20091103192300,20.0,normal,4,4,Kmulti,Q1to4,04d08cf5da7c88608bf268fdb07212822d07bb9adca1f171b3ec27a5e62b61bd
japan_2015.hdf5,20151002181900,20.0,normal,3,3,Kmulti,Q1to4,06c8a81189d2b88582d0cebbaab6f9d792348d3ba1efabfaad516adebcc73258
japan_2007.hdf5,20070730114100,20.0,normal,4,4,Kmulti,Q1to4,0718c672682bcffff1100e1595e8e1229de330a8334542816f53fb68772f1c2c
japan_2013.hdf5,20131002221300,20.0,normal,3,3,Kmulti,Q1to4,0a91981095f2a94fcdd49217cba53101c6e5576e2b38e6dbea327871763f97b6
japan_2007.hdf5,20070803172900,20.0,normal,4,4,Kmulti,Q1to4,0bbcca36eb8f5764de5c0080ec47158d75b13e7164f70c213286c691bc199d18
japan_2008.hdf5,20080913180600,20.0,normal,2,2,Kmulti,Q1to4,0ce4781ca01217491df00a11b9992fa7c2762655a51cd2eeba98c6868352a6f8
japan_2014.hdf5,20140914171800,20.0,normal,3,3,Kmulti,Q1to4,10e61e29499eb84c79d5d14b4b93893b067dc7557c67b3a662b3cf386dae959d
japan_2005.hdf5,20050904053800,20.0,normal,3,3,Kmulti,Q1to4,11ffde20e8040fab87dcdf49f40513eb4610f5d41c521d3eead9ef6c95a68ef7
japan_2021.hdf5,20210919190800,20.0,normal,3,3,Kmulti,Q1to4,137d27dffa49f4db9a859af10ff9be060f42cefbccd07dfa74ab8013d2f382a8
japan_2007.hdf5,20070811070400,20.0,normal,3,3,Kmulti,Q1to4,13c782bd7d6c1ac57058e562e6be7b20cbf0b7cbed43633974245859e17b7b5c
japan_2015.hdf5,20151019111400,20.0,normal,3,3,Kmulti,Q1to4,159cd6fe1083ec109e57bdcfbd0884d96eb9015d6a3b58477bd38b11908984b3
japan_2009.hdf5,20091105024500,20.0,normal,4,4,Kmulti,Q1to4,173ff5271324915be1b8f155e9166cd1b6f1ed60558e0ec151a0f5df2748ffea
japan_2011.hdf5,20110821171300,20.0,normal,3,3,Kmulti,Q1to4,177f7678b559d8b909d9a0be0b5228246fae77b75980955dd4253c28ffe22a25
japan_2013.hdf5,20130914041000,20.0,normal,2,2,Kmulti,Q1to4,180c8094790e79e858b0d1ba73431b7b04d089b236bec25743ce5195f35399dc
japan_2018.hdf5,20180911125800,20.0,normal,3,3,Kmulti,Q1to4,188f225ab2784c1cff18fe97ac561248e65cb4ae0381eb2613b4672258124411
japan_2012.hdf5,20120929190900,20.0,normal,2,2,Kmulti,Q1to4,1953f5e4fb15a935becd2440f74e00107c4b092b7e27bcc1fa326cafb3e5e3be
japan_2009.hdf5,20091031024200,20.0,normal,2,2,Kmulti,Q1to4,19bf64b5c4cc31f77b03c17d326b2fedeaa24fb25d1c9e37e81320aa6b6dd4ad
japan_2022.hdf5,20220915085100,20.0,normal,2,2,Kmulti,Q1to4,1baea58eae01baee9890df2cd3c8a421411c5074c77e51d81249cede2e283c41
japan_2010.hdf5,20101001202800,20.0,normal,3,3,Kmulti,Q1to4,1cf7a31878ae20282439f1958b02f273b4fb39ddd66f10a307443c860c7975bb
japan_2016.hdf5,20160830085300,20.0,normal,2,2,Kmulti,Q1to4,1d68490b15c4017b446851c3e79fc571a4e81e94d5bf9b290330f8b0c40572e8
japan_2016.hdf5,20160807044600,20.0,normal,2,2,Kmulti,Q1to4,1f12d862a66a45d9a63c1bf953d1aad93b9b16966dc214e07a568105a5ebb70a
japan_2021.hdf5,20210920130900,20.0,normal,3,3,Kmulti,Q1to4,221cc4541bc92ba39e586bfbd481f9eebd4fe9e2656f3add8c500c8ee4e31cd4
japan_2012.hdf5,20120826221300,20.0,normal,3,3,Kmulti,Q1to4,23cfef6cdd18c262b2a7f1a2f3b5a8c4f7b4ea26fd856c6a3ba354bde7477628
japan_2006.hdf5,20060915145000,20.0,normal,4,4,Kmulti,Q1to4,23d63fc12c6413b112f550af230001bee666686516cf8ef1201b516e5be0327e
japan_2011.hdf5,20110825202000,20.0,normal,4,4,Kmulti,Q1to4,23ddac6cf7623114dde1a52ba37323fa29d2dd6b5f7e8cec46c070cb1b5c1c0d
japan_2013.hdf5,20131004102200,20.0,normal,3,3,Kmulti,Q1to4,24289a1fb59b79b756d04e5ba43c40d9e5d0ff5046ce63f1aae95a3bca8ed389
japan_2022.hdf5,20220908173600,20.0,normal,3,3,Kmulti,Q1to4,263d53004b8814a65bcd14f2d011c748c63d01d154415ee38efc786db23f53d6
japan_2023.hdf5,20230817205100,20.0,normal,6,6,Kmulti,Q5plus,003f6fcffd1e0d50e521043adbeaf7437b3486468ea95848b052e65a2572aa4e
japan_2007.hdf5,20070816083200,20.0,normal,22,22,Kmulti,Q5plus,00613ddb51b126b9c45859b4827d32ecfb214c0d5bda81a8c369d47a67321ba1
japan_2017.hdf5,20170921010200,20.0,normal,25,29,Kmulti,Q5plus,00744d54b5721675459adbf8afcbd0d856cd8b31daf909dae568f5a89d396f29
japan_2016.hdf5,20160827190000,20.0,normal,12,12,Kmulti,Q5plus,007e03189932113138e3d05e42745eb21f07fb387d04e4e9927f40a969c4c109
japan_2009.hdf5,20091118131300,20.0,normal,5,5,Kmulti,Q5plus,00861270c13d256abd1ee3beb1338595a03cfc1cad2687b44eb3841912740ed0
japan_2000.hdf5,20001007074900,20.0,normal,7,7,Kmulti,Q5plus,0164733ecac60a587111e7921d3acf6102bf67706a535d80851bc68ccd4c6680
japan_2002.hdf5,20021014231300,20.0,normal,12,13,Kmulti,Q5plus,018a05b586d0fdf61142ec9220410ab3a9a1eb59c4d5bc3c5464f0d1442f5ec2
japan_2006.hdf5,20060914235600,20.0,normal,8,8,Kmulti,Q5plus,01f81840923642686bef6efee3f13a0a3e584e4e80b2355bed6c69ba9ae84237
japan_2011.hdf5,20110914215200,20.0,normal,5,5,Kmulti,Q5plus,0263d35c2c57859b436bc145c75191b8ff82873df68a16e77cbea0c03f5074f8
japan_2007.hdf5,20070817002500,20.0,normal,7,7,Kmulti,Q5plus,028959ad75923de560bd4a9b3f755bfd20d83fee9a7a3599f51ab0afde177a8f
japan_2019.hdf5,20191007080200,20.0,normal,25,51,Kmulti,Q5plus,02b2c38604b15ee307e766ac393b3b2cc04e3137203ec1e2a795818fa7d8516e
japan_2011.hdf5,20110902110600,20.0,normal,9,9,Kmulti,Q5plus,02f142cb6c9e49dfb9d652b69cfb7ab07f95c19a2b13c1fcb4026b1506dfae29
japan_2009.hdf5,20091012184200,20.0,normal,22,22,Kmulti,Q5plus,0307f72b5498680eb940a05d9086a9babe34be97421c37fe74c1c532fd3b675b
japan_2014.hdf5,20141016043900,20.0,normal,25,46,Kmulti,Q5plus,03209bc3c8ac16b3a39df03c3f823fd4a7f847fd006c83384414a7607189c610
japan_2024.hdf5,20240705062000,20.0,normal,7,7,Kmulti,Q5plus,0351c0a27b549e865b02e0ca0dfbae20ea22453c6fde3db6aee1f0bfdfe19dbb
japan_2012.hdf5,20120820210200,20.0,normal,5,5,Kmulti,Q5plus,03e295e75676ed8268ca164109da50bf03b5c0035741bdc4bbfcf1685bfb9172
japan_2022.hdf5,20220903052400,20.0,normal,25,28,Kmulti,Q5plus,03f969e0073f5a3e550a8a4f7c37e1f4e405a0535a21e2b62f8a2055eba1f56d
japan_2022.hdf5,20220919084900,20.0,normal,25,25,Kmulti,Q5plus,0423e70271e2d41e66e34da001fb7145761b5aaca082f0540c523f636a6a6717
japan_2005.hdf5,20050821112900,20.0,normal,25,39,Kmulti,Q5plus,044977c5b07033c121d8088d7fd14c9b91ee540838a82e828dd277f11d5a448e
japan_2001.hdf5,20011002230200,20.0,normal,22,22,Kmulti,Q5plus,04bd15073fe067c68ee2d894775ebe1ecd2f6c5e36962fb7503118c3026618af
japan_2004.hdf5,20041108111600,20.0,normal,25,47,Kmulti,Q5plus,04fc9ea77f533fea782b9407f7ab5ba8238a4e4fd5d54fe49c5e171f05e8b792
japan_2006.hdf5,20060924092600,20.0,normal,5,5,Kmulti,Q5plus,0522c0422d0c61ae628851a0b2904a3b838fdd3b81ea829bfa496328e8f28d4b
japan_2011.hdf5,20110926073000,20.0,normal,11,11,Kmulti,Q5plus,062c5ba9a2236f50345578b83393c41a9e3ac7892114efe64e73378d8aeecc8b
japan_2005.hdf5,20050817093000,20.0,normal,22,22,Kmulti,Q5plus,0645f1ac4e129fdb79aba84839cf2bed992c67fd9de6bb166715b1b688a51be7
japan_2012.hdf5,20120916011700,20.0,normal,7,7,Kmulti,Q5plus,06d5ef001ade9f0788bf1433b01649f8155183c19bf4cd261f584997fdb6981a
japan_2016.hdf5,20160901114600,20.0,normal,6,6,Kmulti,Q5plus,07038e9191e07c462f989817ff1e9c36a4afa282ffcd4bbda03d85307ad1f10f
japan_2012.hdf5,20120826033700,20.0,normal,25,37,Kmulti,Q5plus,073989ad35e3dd0851e5bff2757b0ecf27e98dce439b4e6d192dc67b87fab409
japan_2009.hdf5,20091101043900,20.0,normal,16,16,Kmulti,Q5plus,07fbf30166481fb09a29bb5f80e5cb91a95ede968c7484ab650ef32fb6fbe94f
japan_2013.hdf5,20130915081900,20.0,normal,18,18,Kmulti,Q5plus,082e12c05b586427717e02256c68f5f8acc435defeadf7d4d0c53df5e92635e1
japan_2006.hdf5,20061012122300,20.0,normal,6,6,Kmulti,Q5plus,083fcb51c54f1585cf61d776e131e0e5ba054eddfe9d6bffe13752e4d8d50b71
japan_2000.hdf5,20001006195700,20.0,normal,7,7,Kmulti,Q5plus,090c840139436362df3e5c71cdc706de2496b675632a991c1b892048f8f497c3
japan_2001.hdf5,20010913054300,20.0,normal,22,22,Kmulti,Q5plus,099ef02674750d8cc5ac6a0c5bba7640b8ed3381c817955a8eaa43119d035785
japan_2010.hdf5,20100930140800,20.0,random,1,1,K1,Q1to4,024390dbc220225b0ddd9da12e00cecf4e3ab05041bde3f01d05907e7b893cdd
japan_2022.hdf5,20220915085100,20.0,random,1,1,K1,Q1to4,036ce6239c7f9b945363648a6c0ed3e64c80907b3371c86dcde532b2bcfefd83
japan_2003.hdf5,20030926152700,20.0,random,1,1,K1,Q1to4,07467b7369400e3fe0ddfc134ef1b068b853f1e53e1442093a790160633eecf4
japan_2014.hdf5,20140915162300,20.0,random,1,1,K1,Q1to4,0ac7de5c3a107007c581ff7f26d6213097315aca37a759c1512329ef5d2c280f
japan_2015.hdf5,20151017141700,20.0,random,1,2,K1,Q1to4,0bcd551219eb5ca19fe72f177ba11e512a2b40dd52a7fab8180992c863472b7d
japan_2005.hdf5,20050827095100,20.0,random,1,1,K1,Q1to4,0f113b9e8e942098f1c9f6ac1aafa8b296cb3c31a64430161c73b51bd3c5da5f
japan_2000.hdf5,20001006185400,20.0,random,1,1,K1,Q1to4,10e819f766ef984aa25ca86e88c7d8ca2faa8daf848991544f7a17545b03c016
japan_2004.hdf5,20041029183600,20.0,random,1,1,K1,Q1to4,10ec9af0a291196ec1b70d08b35d2c45b3b4f001f32f5b82ce88e4f2696472fe
japan_2011.hdf5,20110914215200,20.0,random,1,4,K1,Q1to4,11aaa625bc378783a8859aa93d494ffc67d8160a9cd5b673cf55e46b65192be2
japan_2014.hdf5,20140926174900,20.0,random,1,1,K1,Q1to4,16ac775d204ac6fd4dc8b1ac1bcc1133700a05a33f4268e783501b8d0788defc
japan_2008.hdf5,20080913180600,20.0,random,1,1,K1,Q1to4,199ee043642877bbd4d7cad7165074f40b2209ba3eb337c10cf3fb250554f12d
japan_2008.hdf5,20080829144800,20.0,random,1,1,K1,Q1to4,1af3a84f8ee92b58c43c1d7a6ad9992475cd0b79306466f3f03be456d04eb6e7
japan_2024.hdf5,20240721001200,20.0,random,1,1,K1,Q1to4,1d9bfbad7f5d8dfd922b4570a173a5991b7d3cd4e8ac9cd00614b05eaf46868d
japan_2019.hdf5,20191015155700,20.0,random,1,1,K1,Q1to4,1e3448621164894932869ae7cc7b91c51c97beab290a14471ebded03ed67eccb
japan_2013.hdf5,20131010211800,20.0,random,1,2,K1,Q1to4,24849c6b0d3c044bd381b3c7a82402233651a5aceed4cc4e0c3030d450879f28
japan_2019.hdf5,20191019213600,20.0,random,1,1,K1,Q1to4,28ec5d5754809d43eb927ce3f7a7beece1a74a44606d20e61d7bafcd03819b43
japan_2008.hdf5,20080911044500,20.0,random,1,2,K1,Q1to4,2e7f7d71c5df852f7a4eb896ef81554779de92f64b50ef927a920f211f288f04
japan_2013.hdf5,20130914041000,20.0,random,1,1,K1,Q1to4,2f6948c19a4b0b3ea76248ba2bfd6e0965c0d81ec7f3403a5ca477e646f618a6
japan_2016.hdf5,20160827231100,20.0,random,1,1,K1,Q1to4,34b83c350bd524e30af6def6c68472951a181ad5300d172d8b2ced1a82eea61d
japan_2024.hdf5,20240627194300,20.0,random,1,3,K1,Q1to4,3bbc90cc8708c90918afc2755d867e34dbd22e7e28bbf0c252cc52926e753990
japan_2016.hdf5,20160906175100,20.0,random,1,1,K1,Q1to4,3cf5d22471580eea50d250f7f0c002ef1a739229fc893478d46a2e65c33c1353
japan_2002.hdf5,20020922085300,20.0,random,1,1,K1,Q1to4,4013240d3e43d16c026af00e85b6a7a9b0984dac84832f8d3d6efd35cb9345fb
japan_2016.hdf5,20160831195100,20.0,random,1,1,K1,Q1to4,42c2c192e770a1d711b1bad2ca69ff657a57bc28ff9951e56ad03b49437afbe0
japan_2022.hdf5,20220922072400,20.0,random,1,1,K1,Q1to4,437c98ea3e897456cee2b35aa0ea0487f0213e5cddff222cf59334a101c3fa02
japan_2005.hdf5,20050904130500,20.0,random,1,2,K1,Q1to4,4718b441bb311bc7c1edefecf4898365388df5ba8f1110a12a09ba05276476d5
japan_2012.hdf5,20120904090600,20.0,random,1,1,K1,Q1to4,472dc6d11f2fb6bef71cd11cbb8599fdc9552295bced2c23b90f8dd0ddcd141c
japan_2004.hdf5,20041103035700,20.0,random,1,1,K1,Q1to4,473526dcfa37f22b9461e6770a017b98a686e1186f0cbfb13e9e6ff995a066dc
japan_2011.hdf5,20110829133400,20.0,random,1,1,K1,Q1to4,4775e82dea26702e68f38e5a62e86d41bf5925328284fe06136721d6e6b8fce1
japan_2012.hdf5,20120904124100,20.0,random,1,3,K1,Q1to4,49c03f2164649117a715a201c6b7b354cb646cfecd20acb1a9df6dde0ecaf113
japan_2024.hdf5,20240619112400,20.0,random,1,2,K1,Q1to4,49d6f2574edce24f91984cf00f62c18348e774b80ddbecfe73952ba32206fe8f
japan_2015.hdf5,20151002181900,20.0,random,1,2,K1,Q1to4,4bb24fe34668b127d3717e0823647c1c78963056275a005dd4dc1a428c8b36b6
japan_2011.hdf5,20110827015100,20.0,random,1,4,K1,Q1to4,4efbcf101c5b06e7edce4ff9378c2aa101300daa327a3ba0d8d46abb1372f52b
japan_2018.hdf5,20180911205100,20.0,random,1,13,K1,Q5plus,01d06e276ab241092f8044a1d3869c83953aa9c86f1f726b676663f1494e5101
japan_2009.hdf5,20091012184200,20.0,random,1,21,K1,Q5plus,02569a0a5d08bbb0497ed90315b18e8fc471aebd9b12fdcd047b2cd1053cf431
japan_2004.hdf5,20041101010900,20.0,random,1,13,K1,Q5plus,02e89997d4591a3c10e8f6e4da90604d71e2d636d9242e336fa8e46c683dbb90
japan_2021.hdf5,20211019213600,20.0,random,1,6,K1,Q5plus,02eaa3e524e5bd323a0026193510bcc4a784ad61994a6936209d34275fa3bf98
japan_2012.hdf5,20120830041700,20.0,random,1,53,K1,Q5plus,0313fa16205cb1428a2e2df7066eb7d74d8351924c1ef8cccb9947b28d7c071b
japan_2018.hdf5,20180911042700,20.0,random,1,29,K1,Q5plus,0322e02c28c82b12fc942c025e23395622029b7f49649f6a186536cd68444acb
japan_2016.hdf5,20160909205300,20.0,random,1,44,K1,Q5plus,04ae6151cdf1fd0c2d8c87f9ecc5e189b507cc3bc209272eb54c9f77962f4b12
japan_2016.hdf5,20160831194600,20.0,random,1,75,K1,Q5plus,05f2d0e9d74b36424ca1d74c18594ef5d08bc828721e08d3e595f5da561a2bee
japan_2021.hdf5,20211003111100,20.0,random,1,10,K1,Q5plus,07c9b64e3f0214a4327f2558d0b4bb427f01291e0822b3882822167487725789
japan_2018.hdf5,20180922070200,20.0,random,1,6,K1,Q5plus,0c20fcc78306cae4f28d16cb6c93346435cbdf022e7592f824d4c55cddbfd92a
japan_2019.hdf5,20190913013500,20.0,random,1,17,K1,Q5plus,0f420186c3dbf59270c8e4020600db9d04fc53836de4d15a9882ff0561616a39
japan_2013.hdf5,20130919102100,20.0,random,1,12,K1,Q5plus,0fdf1b593e0f366e43095872d71830160c75497a40e41cf1d5dd371a775747a5
japan_2011.hdf5,20110921055900,20.0,random,1,25,K1,Q5plus,1272288bbca0e069957e7c691b269c33d1e998488fc452bd22afb3b8ff6aa27e
japan_2014.hdf5,20140927003500,20.0,random,1,7,K1,Q5plus,13e6aee0f340172f6fb8cbdee3289932a09559f1f3f713b48a0395673f52bf55
japan_2013.hdf5,20131002010800,20.0,random,1,22,K1,Q5plus,147d1363265215264774a63d879f0f88028f5d9bf1f7541b90e422a679101fa0
japan_2003.hdf5,20030926050500,20.0,random,1,6,K1,Q5plus,14e643be39ce8d3d244b52fe973797397ff4ba7d1c0f3b8bbe6d8cd8adccdba0
japan_2024.hdf5,20240606090300,20.0,random,1,14,K1,Q5plus,1541f413a4026d1ee5be17e3a75421ba59b7c91e0df26110099af08dcc1f433a
japan_2012.hdf5,20121001064000,20.0,random,1,13,K1,Q5plus,1741c279f4e73fd36c7179622fc9976642376a40c32e79af288408024a0b5cb4
japan_2023.hdf5,20230824005000,20.0,random,1,10,K1,Q5plus,1761eec29b2eef12913a77286fc63f239f9484f1f1d10ca98cdd43a630a384f4
japan_2006.hdf5,20060908175100,20.0,random,1,11,K1,Q5plus,1a2437e356e616eebd8f2db4bf99a61e46ecd423101c58a90f530c75dee037d4
japan_2018.hdf5,20180914173100,20.0,random,1,21,K1,Q5plus,1ccef767c4764dc9267ee1e601d9c6535e6eb02b975d8447143bb4fb83214c35
japan_2004.hdf5,20041106182600,20.0,random,1,12,K1,Q5plus,1eff8012a1fd2a7e26b52f333b9ec4abb72cf84f8fc27d22e1fa526a641afa3e
japan_2008.hdf5,20080809005300,20.0,random,1,9,K1,Q5plus,1fdffb886a2f849ea54f3094f33d2f836a27f7e7dd6ce99cdc8d522b9a4217db
japan_2000.hdf5,20000929085600,20.0,random,1,41,K1,Q5plus,1ffd46c5d03d94d8b8a57a6af821dcc8a7ef26d0b62acf85df76dc6a2253a212
japan_2011.hdf5,20110827113500,20.0,random,1,37,K1,Q5plus,20ab2838eca8dd1f1f670da13625e31e4752a42efcf2ffa4e4789899cfd63d87
japan_2015.hdf5,20151011071600,20.0,random,1,7,K1,Q5plus,2539491a7fb74279b2c8aaae6b9cd743fa69bc0a8eddf24bdad1f5074fa42976
japan_2018.hdf5,20180910235800,20.0,random,1,41,K1,Q5plus,253b60afa49de74a710c267510bc76c9a09cd52e9728cbb679c93662450c80ac
japan_2016.hdf5,20160831085900,20.0,random,1,23,K1,Q5plus,25639d15d5d6f4e7ecabb341465aafb6d4603cd0b499b0a5540f18c1c18e1133
japan_2011.hdf5,20110818143400,20.0,random,1,14,K1,Q5plus,276b960c328e6cffd26934870ed31c55f6fc408e636b673450141bf5085de346
japan_2012.hdf5,20120824102200,20.0,random,1,11,K1,Q5plus,28012049c5f7d40cc78c8293c26af0c88ea12f93d43906c7c5a638a5aa9178a3
japan_2011.hdf5,20110823002600,20.0,random,1,28,K1,Q5plus,2e27a2e37b21ca299792402b57e039952b6e496e4f8a2e1e42e5d430904b9ae6
japan_2016.hdf5,20160915141300,20.0,random,1,18,K1,Q5plus,2ea5b8d98c7670b9cb18d0a6be912be4dea9714b1a2a0fb85a88fa9f249fc9b9
japan_2012.hdf5,20120815011500,20.0,random,2,1,Kmulti,Q1to4,01f54711e9e1c01c14c8fd37c7c49f840e137dcf583e48f643e8c112973270d8
japan_2011.hdf5,20110914235600,20.0,random,16,3,Kmulti,Q1to4,0228026cf00259d2cc94d86f53a32c735f9b3fba3bb88e13deefdb7c7d2edbc3
japan_2012.hdf5,20120906053300,20.0,random,10,1,Kmulti,Q1to4,03d13040fffffc27dc94f2ca355861ffbca0f330ae5ca8356df5b315238c338e
japan_2009.hdf5,20091016185000,20.0,random,7,1,Kmulti,Q1to4,03db1549433aead2969f08469041cb56c5059305579f40a7a526e2eeb2037cfa
japan_2004.hdf5,20041102220400,20.0,random,4,1,Kmulti,Q1to4,056a65736e70b5298ae96ea4b0f369df36f2c7255e01ae5b42c61a961ac87500
japan_2021.hdf5,20210920120000,20.0,random,3,1,Kmulti,Q1to4,0588072b7d635dd08b519a0b31fba3b6c1b06b0a5cb5a1f994701394642d8292
japan_2000.hdf5,20001006145200,20.0,random,6,1,Kmulti,Q1to4,059b0c3ff7ca78895c383ceac5a9e0ffdc333df99c1e22fa473bf70eab6432a3
japan_2012.hdf5,20120815010900,20.0,random,8,1,Kmulti,Q1to4,06a6e005873537a6f37d2052d240993533317ec8bb0782d5c98722bd80104bf9
japan_2012.hdf5,20120929065600,20.0,random,3,1,Kmulti,Q1to4,06abe8ca9a5a7abfaee1f9ece39e83b98d419822ecf0cfddab15252883b8595d
japan_2006.hdf5,20061012122300,20.0,random,5,1,Kmulti,Q1to4,071742c079530201e85c85b82fbc15ac903b537e1ce237fac81878c01933a9c4
japan_2002.hdf5,20021001090500,20.0,random,5,1,Kmulti,Q1to4,07dc13af7c09e2950d4fd69d9c4da37b8d23fd6380d9c112626446987f941848
japan_2024.hdf5,20240627032300,20.0,random,5,4,Kmulti,Q1to4,07dc4907cc51c524ac76602b989ce063554289b0a2ddebb2af109b421f1ac0e9
japan_2023.hdf5,20230828042900,20.0,random,10,1,Kmulti,Q1to4,0800570a167743422ce2432c0fad6a5ff81b2784bf4a42a225bc74d094011af5
japan_2023.hdf5,20230915152600,20.0,random,2,1,Kmulti,Q1to4,080a2936cc2d75436e171c7a1e7c9981d24ad57e25cdda8cf94b6f79099e2baa
japan_2011.hdf5,20110905210300,20.0,random,3,2,Kmulti,Q1to4,089645d054eb54438a073e3a9db69949080f290bc0a14705de6120618e69f78e
japan_2000.hdf5,20001007102700,20.0,random,8,1,Kmulti,Q1to4,08b22d19c59964254379d8511d7a7e177f22805962811a23cba14832c2446c38
japan_2016.hdf5,20160828095800,20.0,random,3,1,Kmulti,Q1to4,08f0d59320fd6ff19f3f5b0e4ce604d8a1d6404743cc00f3044107f37148bf01
japan_2011.hdf5,20110917163400,20.0,random,2,2,Kmulti,Q1to4,08fae8ac08d2a03910698cb0367c3065a00f1637b2280bae441f662bd111258e
japan_2012.hdf5,20120823001600,20.0,random,8,3,Kmulti,Q1to4,09768d637d1690cc31d05c2987844b7b241c4bb6032a639e9a78af831a6e1c7d
japan_2011.hdf5,20110922081600,20.0,random,7,1,Kmulti,Q1to4,0a738e89f27c9912d6cd249002b9cfc86756bc3221d36f0a775ebd43d832f16a
japan_2016.hdf5,20160830044400,20.0,random,8,4,Kmulti,Q1to4,0bb18d792c62181bfd7f120fd28c2773fb233ad7c649abddb71200ac12c4d35c
japan_2022.hdf5,20220925062300,20.0,random,3,1,Kmulti,Q1to4,0bd7f3582417cb6ad56d5a2ff5c020bf0b3c572a884ca112cfaa64d46bd000e6
japan_2019.hdf5,20190928084700,20.0,random,6,1,Kmulti,Q1to4,0c2dddd646f2b362ae63000a31da3330611863beb5e8987481d6a46c7926fec9
japan_2009.hdf5,20091103234000,20.0,random,2,1,Kmulti,Q1to4,0c9316459e722ff4c226c59ac8ee3957f7d4b5b1399c1e818ad93a4f339b41bb
japan_2008.hdf5,20080825070700,20.0,random,3,1,Kmulti,Q1to4,0ce0249c5cfebab2f767f3ee9740bd4d3bbc3597bd4dbbe2ddeff2ea581f1bc7
japan_2015.hdf5,20151005214500,20.0,random,2,1,Kmulti,Q1to4,0d1bf5c4a04fb79d0a6e89fe7ab0fde36fa8df5baa3408e3b50ecaf9601ced92
japan_2007.hdf5,20070818045200,20.0,random,6,1,Kmulti,Q1to4,0d867a0e8a17115d6917b8c00183905d1f630f95b8d82b439fcfe7a200b0706e
japan_2018.hdf5,20180914144500,20.0,random,12,4,Kmulti,Q1to4,0dd6d8b3e4fad15269bc235edf23413a51a22458df164df4ff66663f008cdb76
japan_2015.hdf5,20150929102100,20.0,random,2,1,Kmulti,Q1to4,0e1f4564bf36d033cc701d0da34f041afd22301fd264565b677b5ab787e60521
japan_2020.hdf5,20200901133700,20.0,random,6,1,Kmulti,Q1to4,0ef99b261d87aaafc5d8c4a3442529d8334c3c6a1bead74cf697c527e8b7c793
japan_2012.hdf5,20120820210200,20.0,random,4,1,Kmulti,Q1to4,0f3e23810b5c05576d8b0698f382fc4f2f9a26aa214f91f7ecd5753ed86f346d
japan_2012.hdf5,20120909165800,20.0,random,6,1,Kmulti,Q1to4,0f66c7a75e1d3da5975e37a3ae2a083da0ad4dffff2fd66d547bda36a4035d46
japan_2001.hdf5,20011002172000,20.0,random,3,28,Kmulti,Q5plus,0058c45912eeb6505bfb67d5aebc69f0a204eb56e65b53b5bc2c76f33973db42
japan_2017.hdf5,20170917065800,20.0,random,3,29,Kmulti,Q5plus,0120efdd425fda084f77ac58382474bb561fdb41275bf0f526d6701fd8758620
japan_2022.hdf5,20220904154600,20.0,random,3,14,Kmulti,Q5plus,01acbd773dcad8409d984f0dfc26f7e7f045251f444eb3d20beeee530a265da3
japan_2002.hdf5,20020922093600,20.0,random,16,11,Kmulti,Q5plus,01e1acab2d9e0b94e65bae9fdc19b9590289c12bc405b7395752ff7a98253c33
japan_2024.hdf5,20240603063100,20.0,random,16,43,Kmulti,Q5plus,0233ac144c375d972b2775695c16d7bb02b602a1bf55772657a0817e93e008e6
japan_2018.hdf5,20180911045800,20.0,random,16,11,Kmulti,Q5plus,027990d84a91e2207916b19388e697528463d0264a8e50ce9246590677d42316
japan_2007.hdf5,20070804170300,20.0,random,5,15,Kmulti,Q5plus,02d8e6af10926f69098ab3ef3f5f8fa16ba6b165a217b42596c15d9f5692bdb5
japan_2024.hdf5,20240729231200,20.0,random,16,10,Kmulti,Q5plus,02dfd69d1ad1734db5188e53d2257af8023a8cefda715d0c92cbaac82ad3b944
japan_2011.hdf5,20110905170400,20.0,random,3,24,Kmulti,Q5plus,0385752d70dc63e016266f0bf39b1a811e9c919c7f7fc6da464c51603af9fdc3
japan_2024.hdf5,20240616191600,20.0,random,3,64,Kmulti,Q5plus,04bc9020b3e9f4ff63fc1b34c24750cfb59def9515e7c1d4708820b0948c59a7
japan_2014.hdf5,20140914155700,20.0,random,5,45,Kmulti,Q5plus,04e27260fe59a225c6b7a1172c4e3af2af12e732e2098667c95d5d193f6ed8dc
japan_2012.hdf5,20120913003800,20.0,random,5,15,Kmulti,Q5plus,05bf21b906e998d4e30e10cde973bc466d0fe0466f1d1811c31f689e7beead94
japan_2012.hdf5,20120815085600,20.0,random,8,10,Kmulti,Q5plus,0655f5829b523c691a2ad218d063fac0a186f1e187f2c6648f5ff829a1df81b9
japan_2007.hdf5,20070804022300,20.0,random,5,7,Kmulti,Q5plus,071388a904d582fc627ec5a2a721a362e6ccee4776d750672d02b498add6b9ac
japan_2011.hdf5,20110819003900,20.0,random,8,41,Kmulti,Q5plus,07d662e42e83b9caada3f454179e421309b120dab58abcb34fee3031503f04f7
japan_2016.hdf5,20160913083000,20.0,random,12,43,Kmulti,Q5plus,087e40a5b3746004b7949824f95b4ddbaf27de30a37a9f05a8f50e4fbce2c2f6
japan_2019.hdf5,20190929192900,20.0,random,8,12,Kmulti,Q5plus,08a6b5612cd26dde0b4a59062e749e2f1ed947c5a4298c097a6b4c5e64bbc257
japan_2024.hdf5,20240810040400,20.0,random,3,29,Kmulti,Q5plus,09196356aee404640bc4a80c66aac75ce15353de578446995d203218451ee0a4
japan_2004.hdf5,20041108111600,20.0,random,12,35,Kmulti,Q5plus,0ba6b3e0fa82d1d3cec5b13710e1593debc8305b4236f277dcee21e4a7baff74
japan_2020.hdf5,20200902025000,20.0,random,16,14,Kmulti,Q5plus,0bb7c356494f8d68350269289093963ffc66f6706f70505cdda44064af494993
japan_2011.hdf5,20110824050400,20.0,random,3,18,Kmulti,Q5plus,0bc21d9cd905d2f309b3ce31067fb464a039374d11a7041031dd4d1f9c2ad8c5
japan_2013.hdf5,20130927073700,20.0,random,8,24,Kmulti,Q5plus,0bd8884f66732c42759d23ce4f1f0e57df6955780bc39ad143fd5910187a516f
japan_2022.hdf5,20220919084900,20.0,random,12,13,Kmulti,Q5plus,0e5ef3b73a8f164a7846a27cf50faaa96ce7aad144b795228938e5e1c23a2495
japan_2019.hdf5,20190914115400,20.0,random,8,26,Kmulti,Q5plus,0e67fefb1df0e0a90b453f60f9194f074fb2cd675d8570514660d3aacc9a4130
japan_2006.hdf5,20061002020700,20.0,random,3,10,Kmulti,Q5plus,0ee1d432407fdac76491c44052fb966f463c293780fd631fc7003f148658ae17
japan_2020.hdf5,20200912114400,20.0,random,12,32,Kmulti,Q5plus,0ee33e9081d641c3007a7953a36f353100b4f812aaeffcb3c752def41b77fc1d
japan_2019.hdf5,20190907075500,20.0,random,3,11,Kmulti,Q5plus,0fa00d9e590e696bf913eea677534c6b7acd7722d6c415265b26941b0ee0e04e
japan_2022.hdf5,20220930000300,20.0,random,16,19,Kmulti,Q5plus,0fa6dc6662821ce77c74516c90cddfae5f4e0d274ba76dcee3a680127a0eb2c7
japan_2008.hdf5,20080903233200,20.0,random,3,24,Kmulti,Q5plus,0fe74d4f5de2675f07abadba62bf9736144ca8af568e11c59d02738f46901477
japan_2011.hdf5,20110908195800,20.0,random,5,15,Kmulti,Q5plus,10ddf9ed06f2fc7e007d0b91b2a9bf68ecb28680c33162cc43801d029c5509f1
japan_2011.hdf5,20110908223800,20.0,random,12,11,Kmulti,Q5plus,11f25c414f4f4caf8c543e77b359bbf6e9d4f2dc7d04f5c57ee743aaca67b7ab
japan_2020.hdf5,20200827085500,20.0,random,16,11,Kmulti,Q5plus,1303731b77582cd1da638e0f4bd6ac449e03f045483bbc0244c3173642ed3866
