split,dataset_id,event_id
train,japan_2000.hdf5,20000106204000
train,japan_2000.hdf5,20000107045100
train,japan_2000.hdf5,20000107193500
train,japan_2000.hdf5,20000109130200
train,japan_2000.hdf5,20000110173300
train,japan_2000.hdf5,20000110181000
train,japan_2000.hdf5,20000110222500
train,japan_2000.hdf5,20000112110900
train,japan_2000.hdf5,20000113080200
train,japan_2000.hdf5,20000114092200
train,japan_2000.hdf5,20000117131000
train,japan_2000.hdf5,20000117205600
train,japan_2000.hdf5,20000122064800
train,japan_2000.hdf5,20000123164000
train,japan_2000.hdf5,20000124215000
train,japan_2000.hdf5,20000125180200
train,japan_2000.hdf5,20000127115100
train,japan_2000.hdf5,20000127135300
train,japan_2000.hdf5,20000127205100
train,japan_2000.hdf5,20000128202800
train,japan_2000.hdf5,20000128232100
train,japan_2000.hdf5,20000131022900
train,japan_2000.hdf5,20000131120900
train,japan_2000.hdf5,20000203040700
train,japan_2000.hdf5,20000204165300
train,japan_2000.hdf5,20000206044300
train,japan_2000.hdf5,20000208122100
train,japan_2000.hdf5,20000208152200
train,japan_2000.hdf5,20000209131200
train,japan_2000.hdf5,20000211160800
train,japan_2000.hdf5,20000211203200
train,japan_2000.hdf5,20000211205700
train,japan_2000.hdf5,20000211222900
train,japan_2000.hdf5,20000212120100
train,japan_2000.hdf5,20000217230100
train,japan_2000.hdf5,20000218223800
train,japan_2000.hdf5,20000219223300
train,japan_2000.hdf5,20000220225800
train,japan_2000.hdf5,20000223182100
train,japan_2000.hdf5,20000224145500
train,japan_2000.hdf5,20000225152500
train,japan_2000.hdf5,20000227000300
train,japan_2000.hdf5,20000228051000
train,japan_2000.hdf5,20000228193000
train,japan_2000.hdf5,20000229191500
train,japan_2000.hdf5,20000301051100
train,japan_2000.hdf5,20000303092300
train,japan_2000.hdf5,20000304093400
train,japan_2000.hdf5,20000304123500
train,japan_2000.hdf5,20000304195200
train,japan_2000.hdf5,20000306163000
train,japan_2000.hdf5,20000307232500
train,japan_2000.hdf5,20000313065800
train,japan_2000.hdf5,20000315233300
train,japan_2000.hdf5,20000318110800
train,japan_2000.hdf5,20000319124900
train,japan_2000.hdf5,20000320062600
train,japan_2000.hdf5,20000324201200
train,japan_2000.hdf5,20000324230000
train,japan_2000.hdf5,20000325220200
train,japan_2000.hdf5,20000326040800
train,japan_2000.hdf5,20000329155600
train,japan_2000.hdf5,20000329172200
train,japan_2000.hdf5,20000329194000
train,japan_2000.hdf5,20000329200100
train,japan_2000.hdf5,20000330002000
train,japan_2000.hdf5,20000330025400
train,japan_2000.hdf5,20000330032000
train,japan_2000.hdf5,20000330052100
train,japan_2000.hdf5,20000330091200
train,japan_2000.hdf5,20000330103200
train,japan_2000.hdf5,20000330114400
train,japan_2000.hdf5,20000330114800
train,japan_2000.hdf5,20000330123700
train,japan_2000.hdf5,20000330124300
train,japan_2000.hdf5,20000330140200
train,japan_2000.hdf5,20000330143000
train,japan_2000.hdf5,20000330171300
train,japan_2000.hdf5,20000330185100
train,japan_2000.hdf5,20000331233100
train,japan_2000.hdf5,20000401031200
train,japan_2000.hdf5,20000406101400
train,japan_2000.hdf5,20000407155400
train,japan_2000.hdf5,20000410063000
train,japan_2000.hdf5,20000411113100
train,japan_2000.hdf5,20000411121000
train,japan_2000.hdf5,20000412000800
train,japan_2000.hdf5,20000412030500
train,japan_2000.hdf5,20000412043600
train,japan_2000.hdf5,20000412201800
train,japan_2000.hdf5,20000413065100
train,japan_2000.hdf5,20000413110700
train,japan_2000.hdf5,20000415052600
train,japan_2000.hdf5,20000417142300
train,japan_2000.hdf5,20000422215500
train,japan_2000.hdf5,20000424024200
train,japan_2000.hdf5,20000426044800
train,japan_2000.hdf5,20000426050900
train,japan_2000.hdf5,20000428114200
train,japan_2000.hdf5,20000428123900
train,japan_2000.hdf5,20000429183500
train,japan_2000.hdf5,20000429203000
train,japan_2000.hdf5,20000430091900
train,japan_2000.hdf5,20000502233300
train,japan_2000.hdf5,20000504110200
train,japan_2000.hdf5,20000508184500
train,japan_2000.hdf5,20000510103200
train,japan_2000.hdf5,20000511063600
train,japan_2000.hdf5,20000516040900
train,japan_2000.hdf5,20000516054300
train,japan_2000.hdf5,20000516194000
train,japan_2000.hdf5,20000517120400
train,japan_2000.hdf5,20000518215300
train,japan_2000.hdf5,20000519022900
train,japan_2000.hdf5,20000520233900
train,japan_2000.hdf5,20000521104200
train,japan_2000.hdf5,20000521231900
train,japan_2000.hdf5,20000522121800
train,japan_2000.hdf5,20000523085600
train,japan_2000.hdf5,20000526175700
train,japan_2000.hdf5,20000530232800
train,japan_2000.hdf5,20000602150600
train,japan_2000.hdf5,20000602212600
train,japan_2000.hdf5,20000603071700
train,japan_2000.hdf5,20000603175000
train,japan_2000.hdf5,20000603175400
train,japan_2000.hdf5,20000604011500
train,japan_2000.hdf5,20000604204000
train,japan_2000.hdf5,20000605095400
train,japan_2000.hdf5,20000606022200
train,japan_2000.hdf5,20000607061600
train,japan_2000.hdf5,20000608093200
train,japan_2000.hdf5,20000608093900
train,japan_2000.hdf5,20000608100500
train,japan_2000.hdf5,20000608112500
train,japan_2000.hdf5,20000608113900
train,japan_2000.hdf5,20000608185800
train,japan_2000.hdf5,20000608191200
train,japan_2000.hdf5,20000609042500
train,japan_2000.hdf5,20000609165400
train,japan_2000.hdf5,20000610053900
train,japan_2000.hdf5,20000612045700
train,japan_2000.hdf5,20000613015400
train,japan_2000.hdf5,20000613064400
train,japan_2000.hdf5,20000613152900
train,japan_2000.hdf5,20000618100300
train,japan_2000.hdf5,20000622203600
train,japan_2000.hdf5,20000623172600
train,japan_2000.hdf5,20000625061100
train,japan_2000.hdf5,20000625153400
train,japan_2000.hdf5,20000625162400
train,japan_2000.hdf5,20000628153800
train,japan_2000.hdf5,20000628182500
train,japan_2000.hdf5,20000629012100
train,japan_2000.hdf5,20000629020200
train,japan_2000.hdf5,20000629101600
train,japan_2000.hdf5,20000629130200
train,japan_2000.hdf5,20000629135300
train,japan_2000.hdf5,20000629153000
train,japan_2000.hdf5,20000629185300
train,japan_2000.hdf5,20000629220700
train,japan_2000.hdf5,20000629232600
train,japan_2000.hdf5,20000630005200
train,japan_2000.hdf5,20000630010400
train,japan_2000.hdf5,20000630204200
train,japan_2000.hdf5,20000701024100
train,japan_2000.hdf5,20000701053400
train,japan_2000.hdf5,20000701091000
train,japan_2000.hdf5,20000701124900
train,japan_2000.hdf5,20000701160200
train,japan_2000.hdf5,20000702082800
train,japan_2000.hdf5,20000703044200
train,japan_2000.hdf5,20000703050300
train,japan_2000.hdf5,20000703121500
train,japan_2000.hdf5,20000703123600
train,japan_2000.hdf5,20000703143700
train,japan_2000.hdf5,20000703222400
train,japan_2000.hdf5,20000704155300
train,japan_2000.hdf5,20000705065100
train,japan_2000.hdf5,20000705081600
train,japan_2000.hdf5,20000705112100
train,japan_2000.hdf5,20000705124200
train,japan_2000.hdf5,20000706130700
train,japan_2000.hdf5,20000706130900
train,japan_2000.hdf5,20000706191300
train,japan_2000.hdf5,20000706231600
train,japan_2000.hdf5,20000706235200
train,japan_2000.hdf5,20000706235900
train,japan_2000.hdf5,20000707033100
train,japan_2000.hdf5,20000707035900
train,japan_2000.hdf5,20000707041500
train,japan_2000.hdf5,20000707114500
train,japan_2000.hdf5,20000708223400
train,japan_2000.hdf5,20000709014900
train,japan_2000.hdf5,20000709015200
train,japan_2000.hdf5,20000709035700
train,japan_2000.hdf5,20000710041500
train,japan_2000.hdf5,20000711013800
train,japan_2000.hdf5,20000711020100
train,japan_2000.hdf5,20000711054300
train,japan_2000.hdf5,20000711135700
train,japan_2000.hdf5,20000711184400
train,japan_2000.hdf5,20000711204300
train,japan_2000.hdf5,20000711221000
train,japan_2000.hdf5,20000712012900
train,japan_2000.hdf5,20000712042500
train,japan_2000.hdf5,20000712121900
train,japan_2000.hdf5,20000712204300
train,japan_2000.hdf5,20000712230700
train,japan_2000.hdf5,20000713042500
train,japan_2000.hdf5,20000714191900
train,japan_2000.hdf5,20000715032800
train,japan_2000.hdf5,20000715101100
train,japan_2000.hdf5,20000715103000
train,japan_2000.hdf5,20000717080000
train,japan_2000.hdf5,20000718212200
train,japan_2000.hdf5,20000719050100
train,japan_2000.hdf5,20000719204800
train,japan_2000.hdf5,20000719212500
train,japan_2000.hdf5,20000720061800
train,japan_2000.hdf5,20000720065600
train,japan_2000.hdf5,20000720121000
train,japan_2000.hdf5,20000720145500
train,japan_2000.hdf5,20000721033900
train,japan_2000.hdf5,20000721072900
train,japan_2000.hdf5,20000721141600
train,japan_2000.hdf5,20000721205100
train,japan_2000.hdf5,20000723014600
train,japan_2000.hdf5,20000723121500
train,japan_2000.hdf5,20000724021300
train,japan_2000.hdf5,20000724062600
train,japan_2000.hdf5,20000724065200
train,japan_2000.hdf5,20000724174400
train,japan_2000.hdf5,20000725161200
train,japan_2000.hdf5,20000726033600
train,japan_2000.hdf5,20000726035700
train,japan_2000.hdf5,20000726162400
train,japan_2000.hdf5,20000727104900
train,japan_2000.hdf5,20000727111200
train,japan_2000.hdf5,20000727151200
train,japan_2000.hdf5,20000728133900
train,japan_2000.hdf5,20000728220600
train,japan_2000.hdf5,20000728223200
train,japan_2000.hdf5,20000730012200
train,japan_2000.hdf5,20000730070600
train,japan_2000.hdf5,20000730144100
train,japan_2000.hdf5,20000730212500
train,japan_2000.hdf5,20000730214900
train,japan_2000.hdf5,20000730221600
train,japan_2000.hdf5,20000802061800
train,japan_2000.hdf5,20000802194400
train,japan_2000.hdf5,20000802200800
train,japan_2000.hdf5,20000803143000
train,japan_2000.hdf5,20000803160800
train,japan_2000.hdf5,20000803172400
train,japan_2000.hdf5,20000803180400
train,japan_2000.hdf5,20000803202700
train,japan_2000.hdf5,20000803211300
train,japan_2000.hdf5,20000803221800
train,japan_2000.hdf5,20000803232600
train,japan_2000.hdf5,20000810113700
train,japan_2000.hdf5,20000811224700
train,japan_2000.hdf5,20000812023900
train,japan_2000.hdf5,20000814163300
train,japan_2000.hdf5,20000815035500
train,japan_2000.hdf5,20000816000300
train,japan_2000.hdf5,20000816005500
train,japan_2000.hdf5,20000816022200
train,japan_2000.hdf5,20000816042400
train,japan_2000.hdf5,20000816052100
train,japan_2000.hdf5,20000818022700
train,japan_2000.hdf5,20000818045300
train,japan_2000.hdf5,20000818105200
train,japan_2000.hdf5,20000818224700
train,japan_2000.hdf5,20000819043600
train,japan_2000.hdf5,20000819163800
train,japan_2000.hdf5,20000819214100
train,japan_2000.hdf5,20000820022600
train,japan_2000.hdf5,20000820162400
train,japan_2000.hdf5,20000820224500
train,japan_2000.hdf5,20000821151800
train,japan_2000.hdf5,20000821212700
train,japan_2000.hdf5,20000823074600
train,japan_2000.hdf5,20000825221200
train,japan_2000.hdf5,20000825221700
train,japan_2000.hdf5,20000827003000
train,japan_2000.hdf5,20000827065400
train,japan_2000.hdf5,20000827084200
train,japan_2000.hdf5,20000827131300
train,japan_2000.hdf5,20000827165400
train,japan_2000.hdf5,20000827201900
train,japan_2000.hdf5,20000828172000
train,japan_2000.hdf5,20000829110000
train,japan_2000.hdf5,20000829120800
train,japan_2000.hdf5,20000829161900
train,japan_2000.hdf5,20000830103700
train,japan_2000.hdf5,20000830142300
train,japan_2000.hdf5,20000901061300
train,japan_2000.hdf5,20000903213500
train,japan_2000.hdf5,20000907145100
train,japan_2000.hdf5,20000909192400
train,japan_2000.hdf5,20000909204800
train,japan_2000.hdf5,20000910223600
train,japan_2000.hdf5,20000911010500
train,japan_2000.hdf5,20000911074900
train,japan_2000.hdf5,20000913190800
train,japan_2000.hdf5,20000915234300
train,japan_2000.hdf5,20000917141800
train,japan_2000.hdf5,20000918152400
train,japan_2001.hdf5,20010102153200
train,japan_2001.hdf5,20010102195300
train,japan_2001.hdf5,20010103234700
train,japan_2001.hdf5,20010104131800
train,japan_2001.hdf5,20010104150800
train,japan_2001.hdf5,20010104223100
train,japan_2001.hdf5,20010105051500
train,japan_2001.hdf5,20010106114800
train,japan_2001.hdf5,20010107025600
train,japan_2001.hdf5,20010109133700
train,japan_2001.hdf5,20010110190900
train,japan_2001.hdf5,20010112080000
train,japan_2001.hdf5,20010112182700
train,japan_2001.hdf5,20010113235200
train,japan_2001.hdf5,20010114075700
train,japan_2001.hdf5,20010114085500
train,japan_2001.hdf5,20010115232000
train,japan_2001.hdf5,20010116044400
train,japan_2001.hdf5,20010116154500
train,japan_2001.hdf5,20010116180600
train,japan_2001.hdf5,20010119081100
train,japan_2001.hdf5,20010120052000
train,japan_2001.hdf5,20010120052700
train,japan_2001.hdf5,20010120062500
train,japan_2001.hdf5,20010120072400
train,japan_2001.hdf5,20010121014600
train,japan_2001.hdf5,20010121024900
train,japan_2001.hdf5,20010122094300
train,japan_2001.hdf5,20010122132000
train,japan_2001.hdf5,20010123211400
train,japan_2001.hdf5,20010124000300
train,japan_2001.hdf5,20010125161800
train,japan_2001.hdf5,20010125194500
train,japan_2001.hdf5,20010125213300
train,japan_2001.hdf5,20010126084200
train,japan_2001.hdf5,20010127165400
train,japan_2001.hdf5,20010129071900
train,japan_2001.hdf5,20010129095900
train,japan_2001.hdf5,20010201015000
train,japan_2001.hdf5,20010202081000
train,japan_2001.hdf5,20010205033400
train,japan_2001.hdf5,20010205041700
train,japan_2001.hdf5,20010205104600
train,japan_2001.hdf5,20010208002400
train,japan_2001.hdf5,20010208141200
train,japan_2001.hdf5,20010210174500
train,japan_2001.hdf5,20010211091700
train,japan_2001.hdf5,20010211125100
train,japan_2001.hdf5,20010215053300
train,japan_2001.hdf5,20010216021900
train,japan_2001.hdf5,20010218095700
train,japan_2001.hdf5,20010218161700
train,japan_2001.hdf5,20010218230500
train,japan_2001.hdf5,20010221030500
train,japan_2001.hdf5,20010223072300
train,japan_2001.hdf5,20010223085800
train,japan_2001.hdf5,20010225065400
train,japan_2001.hdf5,20010225140500
train,japan_2001.hdf5,20010226124800
train,japan_2001.hdf5,20010226150800
train,japan_2001.hdf5,20010302073000
train,japan_2001.hdf5,20010302185200
train,japan_2001.hdf5,20010303191100
train,japan_2001.hdf5,20010304192000
train,japan_2001.hdf5,20010306143200
train,japan_2001.hdf5,20010306193600
train,japan_2001.hdf5,20010309050600
train,japan_2001.hdf5,20010312063600
train,japan_2001.hdf5,20010312115800
train,japan_2001.hdf5,20010316122400
train,japan_2001.hdf5,20010320204000
train,japan_2001.hdf5,20010323074400
train,japan_2001.hdf5,20010324152800
train,japan_2001.hdf5,20010324154800
train,japan_2001.hdf5,20010324162500
train,japan_2001.hdf5,20010324170200
train,japan_2001.hdf5,20010324223700
train,japan_2001.hdf5,20010325021900
train,japan_2001.hdf5,20010325091000
train,japan_2001.hdf5,20010325191900
train,japan_2001.hdf5,20010326021600
train,japan_2001.hdf5,20010326053600
train,japan_2001.hdf5,20010326054100
train,japan_2001.hdf5,20010326072500
train,japan_2001.hdf5,20010326185900
train,japan_2001.hdf5,20010330045000
train,japan_2001.hdf5,20010331042500
train,japan_2001.hdf5,20010331060900
train,japan_2001.hdf5,20010401173000
train,japan_2001.hdf5,20010403045400
train,japan_2001.hdf5,20010403211400
train,japan_2001.hdf5,20010403235700
train,japan_2001.hdf5,20010404000400
train,japan_2001.hdf5,20010404002900
train,japan_2001.hdf5,20010406200700
train,japan_2001.hdf5,20010406201500
train,japan_2001.hdf5,20010410100400
train,japan_2001.hdf5,20010411040800
train,japan_2001.hdf5,20010412160200
train,japan_2001.hdf5,20010414081600
train,japan_2001.hdf5,20010414104400
train,japan_2001.hdf5,20010414200900
train,japan_2001.hdf5,20010415175400
train,japan_2001.hdf5,20010416190500
train,japan_2001.hdf5,20010417094000
train,japan_2001.hdf5,20010420014500
train,japan_2001.hdf5,20010420190500
train,japan_2001.hdf5,20010423090400
train,japan_2001.hdf5,20010423153900
train,japan_2001.hdf5,20010425220800
train,japan_2001.hdf5,20010425234000
train,japan_2001.hdf5,20010427024900
train,japan_2001.hdf5,20010429101300
train,japan_2001.hdf5,20010429104000
train,japan_2001.hdf5,20010430110200
train,japan_2001.hdf5,20010506054800
train,japan_2001.hdf5,20010508062700
train,japan_2001.hdf5,20010509194800
train,japan_2001.hdf5,20010516011800
train,japan_2001.hdf5,20010518035700
train,japan_2001.hdf5,20010523085900
train,japan_2001.hdf5,20010524132300
train,japan_2001.hdf5,20010525155500
train,japan_2001.hdf5,20010531015200
train,japan_2001.hdf5,20010531085900
train,japan_2001.hdf5,20010601004100
train,japan_2001.hdf5,20010601070200
train,japan_2001.hdf5,20010601111600
train,japan_2001.hdf5,20010603113300
train,japan_2001.hdf5,20010603210100
train,japan_2001.hdf5,20010607182000
train,japan_2001.hdf5,20010611132200
train,japan_2001.hdf5,20010613025200
train,japan_2001.hdf5,20010613095900
train,japan_2001.hdf5,20010613170600
train,japan_2001.hdf5,20010621083400
train,japan_2001.hdf5,20010621132400
train,japan_2001.hdf5,20010621215400
train,japan_2001.hdf5,20010625012700
train,japan_2001.hdf5,20010629063700
train,japan_2001.hdf5,20010630171300
train,japan_2001.hdf5,20010701163100
train,japan_2001.hdf5,20010701234000
train,japan_2001.hdf5,20010705221200
train,japan_2001.hdf5,20010706035700
train,japan_2001.hdf5,20010708123400
train,japan_2001.hdf5,20010711022200
train,japan_2001.hdf5,20010712235300
train,japan_2001.hdf5,20010718074700
train,japan_2001.hdf5,20010720060200
train,japan_2001.hdf5,20010721092400
train,japan_2001.hdf5,20010721143600
train,japan_2001.hdf5,20010724092600
train,japan_2001.hdf5,20010725051000
train,japan_2001.hdf5,20010726033300
train,japan_2001.hdf5,20010731135900
train,japan_2001.hdf5,20010802141600
train,japan_2001.hdf5,20010804204300
train,japan_2001.hdf5,20010810154200
train,japan_2001.hdf5,20010811172900
train,japan_2001.hdf5,20010814051100
train,japan_2001.hdf5,20010816053200
train,japan_2001.hdf5,20010819111000
train,japan_2001.hdf5,20010820194200
train,japan_2001.hdf5,20010824184800
train,japan_2001.hdf5,20010824214400
train,japan_2001.hdf5,20010825222100
train,japan_2002.hdf5,20020101051900
train,japan_2002.hdf5,20020101093300
train,japan_2002.hdf5,20020104110500
train,japan_2002.hdf5,20020104120800
train,japan_2002.hdf5,20020104131900
train,japan_2002.hdf5,20020104140000
train,japan_2002.hdf5,20020104163400
train,japan_2002.hdf5,20020106183500
train,japan_2002.hdf5,20020113093400
train,japan_2002.hdf5,20020115215900
train,japan_2002.hdf5,20020118164600
train,japan_2002.hdf5,20020119180600
train,japan_2002.hdf5,20020121085500
train,japan_2002.hdf5,20020123120900
train,japan_2002.hdf5,20020124160800
train,japan_2002.hdf5,20020124163100
train,japan_2002.hdf5,20020127160900
train,japan_2002.hdf5,20020129084200
train,japan_2002.hdf5,20020129084500
train,japan_2002.hdf5,20020129185000
train,japan_2002.hdf5,20020201174800
train,japan_2002.hdf5,20020202050900
train,japan_2002.hdf5,20020203050300
train,japan_2002.hdf5,20020203191200
train,japan_2002.hdf5,20020204060200
train,japan_2002.hdf5,20020205195700
train,japan_2002.hdf5,20020211101000
train,japan_2002.hdf5,20020212224400
train,japan_2002.hdf5,20020213185400
train,japan_2002.hdf5,20020214101200
train,japan_2002.hdf5,20020219000500
train,japan_2002.hdf5,20020221045100
train,japan_2002.hdf5,20020221151400
train,japan_2002.hdf5,20020223112000
train,japan_2002.hdf5,20020225054400
train,japan_2002.hdf5,20020225221400
train,japan_2002.hdf5,20020226230400
train,japan_2002.hdf5,20020302203900
train,japan_2002.hdf5,20020306071200
train,japan_2002.hdf5,20020307041900
train,japan_2002.hdf5,20020307051200
train,japan_2002.hdf5,20020308220200
train,japan_2002.hdf5,20020309125700
train,japan_2002.hdf5,20020310232300
train,japan_2002.hdf5,20020311155400
train,japan_2002.hdf5,20020316162300
train,japan_2002.hdf5,20020317012200
train,japan_2002.hdf5,20020317030100
train,japan_2002.hdf5,20020320220900
train,japan_2002.hdf5,20020322175700
train,japan_2002.hdf5,20020325223000
train,japan_2002.hdf5,20020325225800
train,japan_2002.hdf5,20020326204100
train,japan_2002.hdf5,20020328044200
train,japan_2002.hdf5,20020328045300
train,japan_2002.hdf5,20020328050600
train,japan_2002.hdf5,20020328063900
train,japan_2002.hdf5,20020328075000
train,japan_2002.hdf5,20020328103700
train,japan_2002.hdf5,20020328125600
train,japan_2002.hdf5,20020328155100
train,japan_2002.hdf5,20020330191500
train,japan_2002.hdf5,20020402221300
train,japan_2002.hdf5,20020403172500
train,japan_2002.hdf5,20020404084200
train,japan_2002.hdf5,20020406015700
train,japan_2002.hdf5,20020411015500
train,japan_2002.hdf5,20020411210400
train,japan_2002.hdf5,20020411231600
train,japan_2002.hdf5,20020413165400
train,japan_2002.hdf5,20020415151000
train,japan_2002.hdf5,20020417091000
train,japan_2002.hdf5,20020421063000
train,japan_2002.hdf5,20020421091000
train,japan_2002.hdf5,20020422190300
train,japan_2002.hdf5,20020426204600
train,japan_2002.hdf5,20020428103400
train,japan_2002.hdf5,20020430214200
train,japan_2002.hdf5,20020504203500
train,japan_2002.hdf5,20020504232900
train,japan_2002.hdf5,20020506171200
train,japan_2002.hdf5,20020506184500
train,japan_2002.hdf5,20020510052700
train,japan_2002.hdf5,20020512102900
train,japan_2002.hdf5,20020512181700
train,japan_2002.hdf5,20020512185200
train,japan_2002.hdf5,20020519050000
train,japan_2002.hdf5,20020520221900
train,japan_2002.hdf5,20020524190800
train,japan_2002.hdf5,20020525063200
train,japan_2002.hdf5,20020525093700
train,japan_2002.hdf5,20020527173100
train,japan_2002.hdf5,20020530140800
train,japan_2002.hdf5,20020605182500
train,japan_2002.hdf5,20020605193200
train,japan_2002.hdf5,20020614114200
train,japan_2002.hdf5,20020616043900
train,japan_2002.hdf5,20020616113800
train,japan_2002.hdf5,20020617153100
train,japan_2002.hdf5,20020617173600
train,japan_2002.hdf5,20020618165800
train,japan_2002.hdf5,20020619181600
train,japan_2002.hdf5,20020620083400
train,japan_2002.hdf5,20020621231500
train,japan_2002.hdf5,20020701154800
train,japan_2002.hdf5,20020701204900
train,japan_2002.hdf5,20020703185700
train,japan_2002.hdf5,20020706065800
train,japan_2002.hdf5,20020710234800
train,japan_2002.hdf5,20020711114100
train,japan_2002.hdf5,20020712223500
train,japan_2002.hdf5,20020713214500
train,japan_2002.hdf5,20020716045800
train,japan_2002.hdf5,20020716200900
train,japan_2002.hdf5,20020716223500
train,japan_2002.hdf5,20020720050000
train,japan_2002.hdf5,20020721070700
train,japan_2002.hdf5,20020722212300
train,japan_2002.hdf5,20020724050500
train,japan_2002.hdf5,20020727175900
train,japan_2002.hdf5,20020728203100
train,japan_2002.hdf5,20020730003600
train,japan_2002.hdf5,20020801191500
train,japan_2002.hdf5,20020805055700
train,japan_2002.hdf5,20020805060700
train,japan_2002.hdf5,20020811075600
train,japan_2002.hdf5,20020811230000
train,japan_2002.hdf5,20020812065500
train,japan_2002.hdf5,20020812223700
train,japan_2002.hdf5,20020815041600
train,japan_2002.hdf5,20020817222700
train,japan_2002.hdf5,20020818090100
train,japan_2002.hdf5,20020823111900
train,japan_2002.hdf5,20020823125200
train,japan_2002.hdf5,20020824082200
train,japan_2002.hdf5,20020825034100
train,japan_2002.hdf5,20020829180400
train,japan_2002.hdf5,20020830213000
train,japan_2002.hdf5,20020901025000
train,japan_2002.hdf5,20020902014500
train,japan_2002.hdf5,20020902054800
train,japan_2002.hdf5,20020902181700
train,japan_2002.hdf5,20020903072400
train,japan_2002.hdf5,20020904180600
train,japan_2002.hdf5,20020907065700
train,japan_2002.hdf5,20020908001100
train,japan_2002.hdf5,20020908014500
train,japan_2002.hdf5,20020908181000
train,japan_2002.hdf5,20020909040900
train,japan_2002.hdf5,20020913073600
train,japan_2002.hdf5,20020916002500
train,japan_2002.hdf5,20020916101000
train,japan_2002.hdf5,20020916104000
train,japan_2002.hdf5,20020916135700
train,japan_2002.hdf5,20020917003800
train,japan_2002.hdf5,20020917010700
train,japan_2002.hdf5,20020917231600
train,japan_2002.hdf5,20020919045800
train,japan_2002.hdf5,20020919090300
train,japan_2002.hdf5,20020919131700
train,japan_2003.hdf5,20030101231800
train,japan_2003.hdf5,20030105113300
train,japan_2003.hdf5,20030105185100
train,japan_2003.hdf5,20030106134300
train,japan_2003.hdf5,20030107032700
train,japan_2003.hdf5,20030107204400
train,japan_2003.hdf5,20030109131400
train,japan_2003.hdf5,20030109222400
train,japan_2003.hdf5,20030113133800
train,japan_2003.hdf5,20030115180200
train,japan_2003.hdf5,20030119003100
train,japan_2003.hdf5,20030119045000
train,japan_2003.hdf5,20030120220500
train,japan_2003.hdf5,20030121131900
train,japan_2003.hdf5,20030123214200
train,japan_2003.hdf5,20030126110800
train,japan_2003.hdf5,20030127022200
train,japan_2003.hdf5,20030127161600
train,japan_2003.hdf5,20030128200900
train,japan_2003.hdf5,20030131071800
train,japan_2003.hdf5,20030131092800
train,japan_2003.hdf5,20030131175300
train,japan_2003.hdf5,20030201031500
train,japan_2003.hdf5,20030203042500
train,japan_2003.hdf5,20030206023700
train,japan_2003.hdf5,20030207130600
train,japan_2003.hdf5,20030211183400
train,japan_2003.hdf5,20030212221300
train,japan_2003.hdf5,20030213015000
train,japan_2003.hdf5,20030213041700
train,japan_2003.hdf5,20030213105400
train,japan_2003.hdf5,20030214105400
train,japan_2003.hdf5,20030214112600
train,japan_2003.hdf5,20030216120300
train,japan_2003.hdf5,20030220061900
train,japan_2003.hdf5,20030222123400
train,japan_2003.hdf5,20030224020000
train,japan_2003.hdf5,20030224162400
train,japan_2003.hdf5,20030226030300
train,japan_2003.hdf5,20030227053100
train,japan_2003.hdf5,20030227170900
train,japan_2003.hdf5,20030303074700
train,japan_2003.hdf5,20030304231500
train,japan_2003.hdf5,20030304234300
train,japan_2003.hdf5,20030307153100
train,japan_2003.hdf5,20030307200000
train,japan_2003.hdf5,20030312001700
train,japan_2003.hdf5,20030313031000
train,japan_2003.hdf5,20030313121300
train,japan_2003.hdf5,20030313210400
train,japan_2003.hdf5,20030316000600
train,japan_2003.hdf5,20030316143500
train,japan_2003.hdf5,20030316220100
train,japan_2003.hdf5,20030317221400
train,japan_2003.hdf5,20030323040900
train,japan_2003.hdf5,20030324094800
train,japan_2003.hdf5,20030326040800
train,japan_2003.hdf5,20030327101000
train,japan_2003.hdf5,20030327134700
train,japan_2003.hdf5,20030327145300
train,japan_2003.hdf5,20030328053100
train,japan_2003.hdf5,20030330043500
train,japan_2003.hdf5,20030330135300
train,japan_2003.hdf5,20030401092500
train,japan_2003.hdf5,20030401121100
train,japan_2003.hdf5,20030402013800
train,japan_2003.hdf5,20030408032800
train,japan_2003.hdf5,20030408041700
train,japan_2003.hdf5,20030408154000
train,japan_2003.hdf5,20030412132800
train,japan_2003.hdf5,20030412192800
train,japan_2003.hdf5,20030413013800
train,japan_2003.hdf5,20030414062500
train,japan_2003.hdf5,20030414124600
train,japan_2003.hdf5,20030415235600
train,japan_2003.hdf5,20030417030000
train,japan_2003.hdf5,20030418004000
train,japan_2003.hdf5,20030421101800
train,japan_2003.hdf5,20030424102200
train,japan_2003.hdf5,20030425074000
train,japan_2003.hdf5,20030426183400
train,japan_2003.hdf5,20030429100400
train,japan_2003.hdf5,20030429204300
train,japan_2003.hdf5,20030429225300
train,japan_2003.hdf5,20030506223000
train,japan_2003.hdf5,20030506234800
train,japan_2003.hdf5,20030509204200
train,japan_2003.hdf5,20030510114600
train,japan_2003.hdf5,20030510170000
train,japan_2003.hdf5,20030511162800
train,japan_2003.hdf5,20030512005700
train,japan_2003.hdf5,20030512005900
train,japan_2003.hdf5,20030516180100
train,japan_2003.hdf5,20030517233300
train,japan_2003.hdf5,20030517234900
train,japan_2003.hdf5,20030518032300
train,japan_2003.hdf5,20030518201900
train,japan_2003.hdf5,20030520041800
train,japan_2003.hdf5,20030522070900
train,japan_2003.hdf5,20030523190800
train,japan_2003.hdf5,20030525030200
train,japan_2003.hdf5,20030526081700
train,japan_2003.hdf5,20030526182400
train,japan_2003.hdf5,20030526182900
train,japan_2003.hdf5,20030526183200
train,japan_2003.hdf5,20030526183500
train,japan_2003.hdf5,20030526183800
train,japan_2003.hdf5,20030526183900
train,japan_2003.hdf5,20030526184200
train,japan_2003.hdf5,20030526184800
train,japan_2003.hdf5,20030526184900
train,japan_2003.hdf5,20030526185300
train,japan_2003.hdf5,20030526190900
train,japan_2003.hdf5,20030526193700
train,japan_2003.hdf5,20030526203300
train,japan_2003.hdf5,20030526204700
train,japan_2003.hdf5,20030526212300
train,japan_2003.hdf5,20030526212400
train,japan_2003.hdf5,20030526213200
train,japan_2003.hdf5,20030526220700
train,japan_2003.hdf5,20030526223400
train,japan_2003.hdf5,20030526230200
train,japan_2003.hdf5,20030526234800
train,japan_2003.hdf5,20030526235600
train,japan_2003.hdf5,20030527004400
train,japan_2003.hdf5,20030527040000
train,japan_2003.hdf5,20030527040400
train,japan_2003.hdf5,20030527050700
train,japan_2003.hdf5,20030527074100
train,japan_2003.hdf5,20030527104200
train,japan_2003.hdf5,20030527104700
train,japan_2003.hdf5,20030527112800
train,japan_2003.hdf5,20030527131100
train,japan_2003.hdf5,20030527152100
train,japan_2003.hdf5,20030527163000
train,japan_2003.hdf5,20030527211200
train,japan_2003.hdf5,20030528052400
train,japan_2003.hdf5,20030528054800
train,japan_2003.hdf5,20030528060500
train,japan_2003.hdf5,20030528062400
train,japan_2003.hdf5,20030528075000
train,japan_2003.hdf5,20030528205600
train,japan_2003.hdf5,20030529184000
train,japan_2003.hdf5,20030530234600
train,japan_2003.hdf5,20030531013300
train,japan_2003.hdf5,20030531024700
train,japan_2003.hdf5,20030531035800
train,japan_2003.hdf5,20030531043700
train,japan_2003.hdf5,20030531165300
train,japan_2003.hdf5,20030531184200
train,japan_2003.hdf5,20030601053800
train,japan_2003.hdf5,20030601070200
train,japan_2003.hdf5,20030603080800
train,japan_2003.hdf5,20030603085600
train,japan_2003.hdf5,20030603172100
train,japan_2003.hdf5,20030605020600
train,japan_2003.hdf5,20030605042900
train,japan_2003.hdf5,20030605104200
train,japan_2003.hdf5,20030605231400
train,japan_2003.hdf5,20030606043900
train,japan_2003.hdf5,20030606113400
train,japan_2003.hdf5,20030607010300
train,japan_2003.hdf5,20030609035700
train,japan_2003.hdf5,20030609065600
train,japan_2003.hdf5,20030609115500
train,japan_2003.hdf5,20030609185900
train,japan_2003.hdf5,20030610072900
train,japan_2003.hdf5,20030610162400
train,japan_2003.hdf5,20030611083000
train,japan_2003.hdf5,20030612044600
train,japan_2003.hdf5,20030612191200
train,japan_2003.hdf5,20030613100700
train,japan_2003.hdf5,20030613191000
train,japan_2003.hdf5,20030614021300
train,japan_2003.hdf5,20030614145500
train,japan_2003.hdf5,20030615015400
train,japan_2003.hdf5,20030615175300
train,japan_2003.hdf5,20030615201200
train,japan_2003.hdf5,20030616183400
train,japan_2003.hdf5,20030617222500
train,japan_2003.hdf5,20030618133500
train,japan_2003.hdf5,20030619230400
train,japan_2003.hdf5,20030620191300
train,japan_2003.hdf5,20030621031100
train,japan_2003.hdf5,20030622123300
train,japan_2003.hdf5,20030624003300
train,japan_2003.hdf5,20030625175900
train,japan_2003.hdf5,20030627000300
train,japan_2003.hdf5,20030628201900
train,japan_2003.hdf5,20030701123000
train,japan_2003.hdf5,20030701123100
train,japan_2003.hdf5,20030702193300
train,japan_2003.hdf5,20030703085200
train,japan_2003.hdf5,20030707033900
train,japan_2003.hdf5,20030708024100
train,japan_2003.hdf5,20030708085600
train,japan_2003.hdf5,20030708133000
train,japan_2003.hdf5,20030708173000
train,japan_2003.hdf5,20030708233200
train,japan_2003.hdf5,20030709021400
train,japan_2003.hdf5,20030711082000
train,japan_2003.hdf5,20030711142400
train,japan_2003.hdf5,20030712023100
train,japan_2003.hdf5,20030714073000
train,japan_2003.hdf5,20030716061200
train,japan_2003.hdf5,20030717045200
train,japan_2003.hdf5,20030717115300
train,japan_2003.hdf5,20030718085700
train,japan_2003.hdf5,20030718123200
train,japan_2003.hdf5,20030719024200
train,japan_2003.hdf5,20030720022500
train,japan_2003.hdf5,20030721182100
train,japan_2003.hdf5,20030721190400
train,japan_2003.hdf5,20030722071300
train,japan_2003.hdf5,20030722173500
train,japan_2003.hdf5,20030726001300
train,japan_2003.hdf5,20030726001800
train,japan_2003.hdf5,20030726003800
train,japan_2003.hdf5,20030726005000
train,japan_2003.hdf5,20030726022600
train,japan_2003.hdf5,20030726030900
train,japan_2003.hdf5,20030726032900
train,japan_2003.hdf5,20030726034800
train,japan_2003.hdf5,20030726052200
train,japan_2003.hdf5,20030726071300
train,japan_2003.hdf5,20030726071900
train,japan_2003.hdf5,20030726072400
train,japan_2003.hdf5,20030726074200
train,japan_2003.hdf5,20030726074400
train,japan_2003.hdf5,20030726075200
train,japan_2003.hdf5,20030726075400
train,japan_2003.hdf5,20030726080900
train,japan_2003.hdf5,20030726084100
train,japan_2003.hdf5,20030726084900
train,japan_2003.hdf5,20030726085300
train,japan_2003.hdf5,20030726090300
train,japan_2003.hdf5,20030726091200
train,japan_2003.hdf5,20030726093500
train,japan_2003.hdf5,20030726094100
train,japan_2003.hdf5,20030726095400
train,japan_2003.hdf5,20030726102200
train,japan_2003.hdf5,20030726102500
train,japan_2003.hdf5,20030726102800
train,japan_2003.hdf5,20030726110500
train,japan_2003.hdf5,20030726110800
train,japan_2003.hdf5,20030726114700
train,japan_2003.hdf5,20030726121600
train,japan_2003.hdf5,20030726123600
train,japan_2003.hdf5,20030726133400
train,japan_2003.hdf5,20030726142900
train,japan_2003.hdf5,20030726145300
train,japan_2003.hdf5,20030726150300
train,japan_2003.hdf5,20030726153500
train,japan_2003.hdf5,20030726154100
train,japan_2003.hdf5,20030726165600
train,japan_2003.hdf5,20030726165900
train,japan_2003.hdf5,20030727015500
train,japan_2003.hdf5,20030727080900
train,japan_2003.hdf5,20030727132000
train,japan_2003.hdf5,20030727164300
train,japan_2003.hdf5,20030727190700
train,japan_2003.hdf5,20030728040800
train,japan_2003.hdf5,20030728061500
train,japan_2003.hdf5,20030728162400
train,japan_2003.hdf5,20030729175700
train,japan_2003.hdf5,20030730191100
train,japan_2003.hdf5,20030731040800
train,japan_2003.hdf5,20030731110400
train,japan_2003.hdf5,20030801063600
train,japan_2003.hdf5,20030801171000
train,japan_2003.hdf5,20030803140000
train,japan_2003.hdf5,20030804002300
train,japan_2003.hdf5,20030804092300
train,japan_2003.hdf5,20030804205700
train,japan_2003.hdf5,20030806025400
train,japan_2003.hdf5,20030806094800
train,japan_2003.hdf5,20030806135500
train,japan_2003.hdf5,20030806201400
train,japan_2003.hdf5,20030808061100
train,japan_2003.hdf5,20030808095100
train,japan_2003.hdf5,20030808222400
train,japan_2003.hdf5,20030809025400
train,japan_2003.hdf5,20030810102200
train,japan_2003.hdf5,20030812092800
train,japan_2003.hdf5,20030812135400
train,japan_2003.hdf5,20030813101800
train,japan_2003.hdf5,20030813145500
train,japan_2003.hdf5,20030813213000
train,japan_2003.hdf5,20030814234600
train,japan_2003.hdf5,20030815094600
train,japan_2003.hdf5,20030815194400
train,japan_2003.hdf5,20030816102600
train,japan_2003.hdf5,20030818151000
train,japan_2003.hdf5,20030818185900
train,japan_2003.hdf5,20030821000800
train,japan_2003.hdf5,20030821033400
train,japan_2003.hdf5,20030821053700
train,japan_2003.hdf5,20030822224400
train,japan_2003.hdf5,20030823005400
train,japan_2003.hdf5,20030823010500
train,japan_2003.hdf5,20030826093100
train,japan_2003.hdf5,20030827021200
train,japan_2003.hdf5,20030827101000
train,japan_2003.hdf5,20030827210500
train,japan_2003.hdf5,20030828211100
train,japan_2003.hdf5,20030829133800
train,japan_2003.hdf5,20030830093100
train,japan_2003.hdf5,20030830190600
train,japan_2003.hdf5,20030831104100
train,japan_2003.hdf5,20030904225500
train,japan_2003.hdf5,20030905195400
train,japan_2003.hdf5,20030909012200
train,japan_2003.hdf5,20030909090100
train,japan_2003.hdf5,20030910100200
train,japan_2003.hdf5,20030911002900
train,japan_2003.hdf5,20030911043200
train,japan_2004.hdf5,20040102044800
train,japan_2004.hdf5,20040102134100
train,japan_2004.hdf5,20040103033200
train,japan_2004.hdf5,20040103120300
train,japan_2004.hdf5,20040104183200
train,japan_2004.hdf5,20040106074700
train,japan_2004.hdf5,20040106145000
train,japan_2004.hdf5,20040107091700
train,japan_2004.hdf5,20040107141000
train,japan_2004.hdf5,20040108000700
train,japan_2004.hdf5,20040108094400
train,japan_2004.hdf5,20040109220500
train,japan_2004.hdf5,20040109230200
train,japan_2004.hdf5,20040111162100
train,japan_2004.hdf5,20040111165700
train,japan_2004.hdf5,20040112011500
train,japan_2004.hdf5,20040113051200
train,japan_2004.hdf5,20040117043500
train,japan_2004.hdf5,20040119031600
train,japan_2004.hdf5,20040121034000
train,japan_2004.hdf5,20040123113900
train,japan_2004.hdf5,20040123180100
train,japan_2004.hdf5,20040126174500
train,japan_2004.hdf5,20040126213400
train,japan_2004.hdf5,20040127024300
train,japan_2004.hdf5,20040127151100
train,japan_2004.hdf5,20040129134700
train,japan_2004.hdf5,20040204041100
train,japan_2004.hdf5,20040204150800
train,japan_2004.hdf5,20040204163800
train,japan_2004.hdf5,20040208193000
train,japan_2004.hdf5,20040211164200
train,japan_2004.hdf5,20040215210000
train,japan_2004.hdf5,20040215215300
train,japan_2004.hdf5,20040217164600
train,japan_2004.hdf5,20040220122500
train,japan_2004.hdf5,20040221133900
train,japan_2004.hdf5,20040226140600
train,japan_2004.hdf5,20040227114900
train,japan_2004.hdf5,20040228022700
train,japan_2004.hdf5,20040228063700
train,japan_2004.hdf5,20040229053300
train,japan_2004.hdf5,20040302154700
train,japan_2004.hdf5,20040303043700
train,japan_2004.hdf5,20040303135500
train,japan_2004.hdf5,20040307034100
train,japan_2004.hdf5,20040307110900
train,japan_2004.hdf5,20040309164700
train,japan_2004.hdf5,20040310045600
train,japan_2004.hdf5,20040310051500
train,japan_2004.hdf5,20040311113500
train,japan_2004.hdf5,20040311113800
train,japan_2004.hdf5,20040312001000
train,japan_2004.hdf5,20040315034500
train,japan_2004.hdf5,20040315041800
train,japan_2004.hdf5,20040315073800
train,japan_2004.hdf5,20040318160400
train,japan_2004.hdf5,20040319025100
train,japan_2004.hdf5,20040319042500
train,japan_2004.hdf5,20040321101000
train,japan_2004.hdf5,20040321213600
train,japan_2004.hdf5,20040324140600
train,japan_2004.hdf5,20040326000000
train,japan_2004.hdf5,20040326223800
train,japan_2004.hdf5,20040331012800
train,japan_2004.hdf5,20040401054100
train,japan_2004.hdf5,20040401075900
train,japan_2004.hdf5,20040403185600
train,japan_2004.hdf5,20040404040500
train,japan_2004.hdf5,20040404080200
train,japan_2004.hdf5,20040405023900
train,japan_2004.hdf5,20040406075100
train,japan_2004.hdf5,20040406190600
train,japan_2004.hdf5,20040406220500
train,japan_2004.hdf5,20040407224700
train,japan_2004.hdf5,20040409012300
train,japan_2004.hdf5,20040410063400
train,japan_2004.hdf5,20040412030600
train,japan_2004.hdf5,20040412051000
train,japan_2004.hdf5,20040412141500
train,japan_2004.hdf5,20040414011800
train,japan_2004.hdf5,20040414111100
train,japan_2004.hdf5,20040416100700
train,japan_2004.hdf5,20040416120700
train,japan_2004.hdf5,20040420222600
train,japan_2004.hdf5,20040420224500
train,japan_2004.hdf5,20040421121000
train,japan_2004.hdf5,20040421122100
train,japan_2004.hdf5,20040423053700
train,japan_2004.hdf5,20040423071600
train,japan_2004.hdf5,20040423224900
train,japan_2004.hdf5,20040425062600
train,japan_2004.hdf5,20040427031700
train,japan_2004.hdf5,20040428181600
train,japan_2004.hdf5,20040502020200
train,japan_2004.hdf5,20040502140200
train,japan_2004.hdf5,20040505141900
train,japan_2004.hdf5,20040505222000
train,japan_2004.hdf5,20040506095900
train,japan_2004.hdf5,20040506224000
train,japan_2004.hdf5,20040506224300
train,japan_2004.hdf5,20040507140200
train,japan_2004.hdf5,20040508091000
train,japan_2004.hdf5,20040508160600
train,japan_2004.hdf5,20040509013000
train,japan_2004.hdf5,20040509044900
train,japan_2004.hdf5,20040510153800
train,japan_2004.hdf5,20040512123200
train,japan_2004.hdf5,20040513124400
train,japan_2004.hdf5,20040515190100
train,japan_2004.hdf5,20040516003700
train,japan_2004.hdf5,20040519073100
train,japan_2004.hdf5,20040519234300
train,japan_2004.hdf5,20040521050500
train,japan_2004.hdf5,20040521081300
train,japan_2004.hdf5,20040521232700
train,japan_2004.hdf5,20040523050600
train,japan_2004.hdf5,20040524213600
train,japan_2004.hdf5,20040525063900
train,japan_2004.hdf5,20040526123100
train,japan_2004.hdf5,20040528085900
train,japan_2004.hdf5,20040529124700
train,japan_2004.hdf5,20040601215400
train,japan_2004.hdf5,20040603184400
train,japan_2004.hdf5,20040603190400
train,japan_2004.hdf5,20040607131400
train,japan_2004.hdf5,20040608080500
train,japan_2004.hdf5,20040608090400
train,japan_2004.hdf5,20040611031200
train,japan_2004.hdf5,20040612020500
train,japan_2004.hdf5,20040613145500
train,japan_2004.hdf5,20040619160300
train,japan_2004.hdf5,20040621120300
train,japan_2004.hdf5,20040625050200
train,japan_2004.hdf5,20040627044300
train,japan_2004.hdf5,20040628112300
train,japan_2004.hdf5,20040629160500
train,japan_2004.hdf5,20040630163500
train,japan_2004.hdf5,20040630183200
train,japan_2004.hdf5,20040704161900
train,japan_2004.hdf5,20040704213100
train,japan_2004.hdf5,20040705182200
train,japan_2004.hdf5,20040707231300
train,japan_2004.hdf5,20040709195400
train,japan_2004.hdf5,20040710200700
train,japan_2004.hdf5,20040712050900
train,japan_2004.hdf5,20040712214500
train,japan_2004.hdf5,20040717151000
train,japan_2004.hdf5,20040717194100
train,japan_2004.hdf5,20040718150000
train,japan_2004.hdf5,20040719021300
train,japan_2004.hdf5,20040719140500
train,japan_2004.hdf5,20040719233700
train,japan_2004.hdf5,20040720055800
train,japan_2004.hdf5,20040720114600
train,japan_2004.hdf5,20040722115300
train,japan_2004.hdf5,20040722172300
train,japan_2004.hdf5,20040726033300
train,japan_2004.hdf5,20040726152600
train,japan_2004.hdf5,20040727005500
train,japan_2004.hdf5,20040727174400
train,japan_2004.hdf5,20040728035700
train,japan_2004.hdf5,20040729130800
train,japan_2004.hdf5,20040801050100
train,japan_2004.hdf5,20040805192600
train,japan_2004.hdf5,20040805205300
train,japan_2004.hdf5,20040806032300
train,japan_2004.hdf5,20040810151300
train,japan_2004.hdf5,20040810224900
train,japan_2004.hdf5,20040819204000
train,japan_2004.hdf5,20040821065000
train,japan_2004.hdf5,20040822172800
train,japan_2004.hdf5,20040825014900
train,japan_2004.hdf5,20040828203600
train,japan_2004.hdf5,20040901114900
train,japan_2004.hdf5,20040903070100
train,japan_2004.hdf5,20040904111800
train,japan_2004.hdf5,20040905032500
train,japan_2004.hdf5,20040905093300
train,japan_2004.hdf5,20040905190700
train,japan_2004.hdf5,20040905192500
train,japan_2004.hdf5,20040905213600
train,japan_2004.hdf5,20040905214200
train,japan_2004.hdf5,20040905235700
train,japan_2004.hdf5,20040906053000
train,japan_2004.hdf5,20040906100300
train,japan_2004.hdf5,20040906192900
train,japan_2004.hdf5,20040907082900
train,japan_2004.hdf5,20040907201800
train,japan_2004.hdf5,20040907214100
train,japan_2004.hdf5,20040908033600
train,japan_2004.hdf5,20040908191200
train,japan_2004.hdf5,20040908205900
train,japan_2004.hdf5,20040908235800
train,japan_2004.hdf5,20040909233600
train,japan_2004.hdf5,20040910132200
train,japan_2004.hdf5,20040913012400
train,japan_2004.hdf5,20040916091600
train,japan_2004.hdf5,20040921101300
train,japan_2004.hdf5,20040922202300
train,japan_2004.hdf5,20040923205600
train,japan_2004.hdf5,20040924204400
train,japan_2004.hdf5,20041001095900
train,japan_2004.hdf5,20041001132500
train,japan_2004.hdf5,20041001154200
train,japan_2004.hdf5,20041004084100
train,japan_2004.hdf5,20041005083300
train,japan_2004.hdf5,20041005083500
train,japan_2004.hdf5,20041006234000
train,japan_2004.hdf5,20041007220100
train,japan_2004.hdf5,20041008042600
train,japan_2004.hdf5,20041009144400
train,japan_2004.hdf5,20041011052700
train,japan_2004.hdf5,20041011103900
train,japan_2004.hdf5,20041012084500
train,japan_2004.hdf5,20041016074500
train,japan_2004.hdf5,20041016115800
train,japan_2004.hdf5,20041016134100
train,japan_2004.hdf5,20041017021900
train,japan_2004.hdf5,20041017035400
train,japan_2004.hdf5,20041017070500
train,japan_2004.hdf5,20041017091100
train,japan_2004.hdf5,20041017144500
train,japan_2004.hdf5,20041018114800
train,japan_2004.hdf5,20041018170000
train,japan_2004.hdf5,20041020111600
train,japan_2004.hdf5,20041022011200
train,japan_2004.hdf5,20041023175600
train,japan_2004.hdf5,20041023175900
train,japan_2004.hdf5,20041023180300
train,japan_2004.hdf5,20041023180700
train,japan_2004.hdf5,20041023181000
train,japan_2004.hdf5,20041023181200
train,japan_2004.hdf5,20041023181300
train,japan_2004.hdf5,20041023181900
train,japan_2004.hdf5,20041023182200
train,japan_2004.hdf5,20041023182400
train,japan_2004.hdf5,20041023182800
train,japan_2004.hdf5,20041023183000
train,japan_2004.hdf5,20041023183400
train,japan_2004.hdf5,20041023183600
train,japan_2004.hdf5,20041023184000
train,japan_2004.hdf5,20041023184400
train,japan_2004.hdf5,20041023184600
train,japan_2004.hdf5,20041023185100
train,japan_2004.hdf5,20041023185400
train,japan_2004.hdf5,20041023185700
train,japan_2004.hdf5,20041023185800
train,japan_2004.hdf5,20041023190100
train,japan_2004.hdf5,20041023190300
train,japan_2004.hdf5,20041023190700
train,japan_2004.hdf5,20041023193000
train,japan_2004.hdf5,20041023193600
train,japan_2004.hdf5,20041023194300
train,japan_2004.hdf5,20041023194600
train,japan_2004.hdf5,20041023194900
train,japan_2004.hdf5,20041023195200
train,japan_2004.hdf5,20041023195500
train,japan_2004.hdf5,20041023195900
train,japan_2004.hdf5,20041023200200
train,japan_2004.hdf5,20041023200600
train,japan_2004.hdf5,20041023201500
train,japan_2004.hdf5,20041023201700
train,japan_2004.hdf5,20041023202000
train,japan_2004.hdf5,20041023202100
train,japan_2004.hdf5,20041023203400
train,japan_2004.hdf5,20041023204000
train,japan_2004.hdf5,20041023205500
train,japan_2004.hdf5,20041023214400
train,japan_2004.hdf5,20041023222600
train,japan_2004.hdf5,20041023222800
train,japan_2004.hdf5,20041023223500
train,japan_2004.hdf5,20041023225800
train,japan_2004.hdf5,20041023233400
train,japan_2004.hdf5,20041023234600
train,japan_2004.hdf5,20041023235400
train,japan_2004.hdf5,20041024002300
train,japan_2004.hdf5,20041024005300
train,japan_2004.hdf5,20041024005900
train,japan_2004.hdf5,20041024012300
train,japan_2004.hdf5,20041024023800
train,japan_2004.hdf5,20041024035900
train,japan_2004.hdf5,20041024043100
train,japan_2004.hdf5,20041024050500
train,japan_2004.hdf5,20041024064400
train,japan_2004.hdf5,20041024070800
train,japan_2004.hdf5,20041024071600
train,japan_2004.hdf5,20041024080200
train,japan_2004.hdf5,20041024092800
train,japan_2004.hdf5,20041024100600
train,japan_2004.hdf5,20041024102900
train,japan_2004.hdf5,20041024121600
train,japan_2004.hdf5,20041024125100
train,japan_2004.hdf5,20041024135400
train,japan_2004.hdf5,20041024142100
train,japan_2004.hdf5,20041024160600
train,japan_2004.hdf5,20041024172100
train,japan_2004.hdf5,20041024220400
train,japan_2004.hdf5,20041024230000
train,japan_2004.hdf5,20041024231900
train,japan_2004.hdf5,20041025002800
train,japan_2004.hdf5,20041025004600
train,japan_2004.hdf5,20041025005300
train,japan_2004.hdf5,20041025005600
train,japan_2004.hdf5,20041025011500
train,japan_2004.hdf5,20041025011900
train,japan_2004.hdf5,20041025012700
train,japan_2004.hdf5,20041025013600
train,japan_2004.hdf5,20041025020100
train,japan_2004.hdf5,20041025034000
train,japan_2004.hdf5,20041025060500
train,japan_2004.hdf5,20041025060700
train,japan_2004.hdf5,20041025063200
train,japan_2004.hdf5,20041025080300
train,japan_2004.hdf5,20041025144600
train,japan_2004.hdf5,20041025155100
train,japan_2004.hdf5,20041025185000
train,japan_2004.hdf5,20041025202600
train,japan_2004.hdf5,20041026033200
train,japan_2004.hdf5,20041026122500
train,japan_2004.hdf5,20041026203700
train,japan_2004.hdf5,20041027005600
train,japan_2004.hdf5,20041027020500
train,japan_2004.hdf5,20041027033500
train,japan_2004.hdf5,20041027041500
train,japan_2004.hdf5,20041027082000
train,japan_2004.hdf5,20041027091100
train,japan_2004.hdf5,20041027092100
train,japan_2004.hdf5,20041027102600
train,japan_2004.hdf5,20041027103000
train,japan_2004.hdf5,20041027103500
train,japan_2004.hdf5,20041027104000
train,japan_2004.hdf5,20041027104500
train,japan_2004.hdf5,20041027105600
train,japan_2004.hdf5,20041027120500
train,japan_2004.hdf5,20041027124000
train,japan_2004.hdf5,20041027145900
train,japan_2004.hdf5,20041027152300
train,japan_2004.hdf5,20041027152800
train,japan_2004.hdf5,20041027171500
train,japan_2004.hdf5,20041027203100
train,japan_2004.hdf5,20041027210900
train,japan_2004.hdf5,20041027212700
train,japan_2004.hdf5,20041028014700
train,japan_2004.hdf5,20041028020300
train,japan_2004.hdf5,20041028025100
train,japan_2005.hdf5,20050101051400
train,japan_2005.hdf5,20050102013000
train,japan_2005.hdf5,20050102123000
train,japan_2005.hdf5,20050103040800
train,japan_2005.hdf5,20050104050600
train,japan_2005.hdf5,20050106220000
train,japan_2005.hdf5,20050107093900
train,japan_2005.hdf5,20050107233800
train,japan_2005.hdf5,20050109185900
train,japan_2005.hdf5,20050109193000
train,japan_2005.hdf5,20050109201500
train,japan_2005.hdf5,20050112140500
train,japan_2005.hdf5,20050112223500
train,japan_2005.hdf5,20050113044500
train,japan_2005.hdf5,20050113050300
train,japan_2005.hdf5,20050115154200
train,japan_2005.hdf5,20050116075900
train,japan_2005.hdf5,20050117163600
train,japan_2005.hdf5,20050118195800
train,japan_2005.hdf5,20050118215000
train,japan_2005.hdf5,20050118230900
train,japan_2005.hdf5,20050120011100
train,japan_2005.hdf5,20050120120100
train,japan_2005.hdf5,20050120222500
train,japan_2005.hdf5,20050127084300
train,japan_2005.hdf5,20050127164200
train,japan_2005.hdf5,20050128044900
train,japan_2005.hdf5,20050128064800
train,japan_2005.hdf5,20050129000100
train,japan_2005.hdf5,20050129102600
train,japan_2005.hdf5,20050129232300
train,japan_2005.hdf5,20050131183900
train,japan_2005.hdf5,20050201233300
train,japan_2005.hdf5,20050202164300
train,japan_2005.hdf5,20050204010800
train,japan_2005.hdf5,20050205014100
train,japan_2005.hdf5,20050205165300
train,japan_2005.hdf5,20050206022500
train,japan_2005.hdf5,20050206165700
train,japan_2005.hdf5,20050208112900
train,japan_2005.hdf5,20050211132600
train,japan_2005.hdf5,20050212113000
train,japan_2005.hdf5,20050212212300
train,japan_2005.hdf5,20050214002200
train,japan_2005.hdf5,20050216044600
train,japan_2005.hdf5,20050216093700
train,japan_2005.hdf5,20050218115600
train,japan_2005.hdf5,20050218124000
train,japan_2005.hdf5,20050220151900
train,japan_2005.hdf5,20050222205500
train,japan_2005.hdf5,20050223215900
train,japan_2005.hdf5,20050226213700
train,japan_2005.hdf5,20050226215300
train,japan_2005.hdf5,20050226231400
train,japan_2005.hdf5,20050302060400
train,japan_2005.hdf5,20050302115600
train,japan_2005.hdf5,20050303024600
train,japan_2005.hdf5,20050303135300
train,japan_2005.hdf5,20050305145800
train,japan_2005.hdf5,20050308034500
train,japan_2005.hdf5,20050308062100
train,japan_2005.hdf5,20050308174300
train,japan_2005.hdf5,20050309064700
train,japan_2005.hdf5,20050309141100
train,japan_2005.hdf5,20050309164800
train,japan_2005.hdf5,20050310104400
train,japan_2005.hdf5,20050312034700
train,japan_2005.hdf5,20050312122000
train,japan_2005.hdf5,20050312140100
train,japan_2005.hdf5,20050312175400
train,japan_2005.hdf5,20050312175700
train,japan_2005.hdf5,20050314125800
train,japan_2005.hdf5,20050314194900
train,japan_2005.hdf5,20050316222300
train,japan_2005.hdf5,20050318093800
train,japan_2005.hdf5,20050318105500
train,japan_2005.hdf5,20050319051100
train,japan_2005.hdf5,20050319101300
train,japan_2005.hdf5,20050319120900
train,japan_2005.hdf5,20050319150300
train,japan_2005.hdf5,20050320105300
train,japan_2005.hdf5,20050320105900
train,japan_2005.hdf5,20050320110200
train,japan_2005.hdf5,20050320110300
train,japan_2005.hdf5,20050320110600
train,japan_2005.hdf5,20050320111500
train,japan_2005.hdf5,20050320111600
train,japan_2005.hdf5,20050320111700
train,japan_2005.hdf5,20050320111800
train,japan_2005.hdf5,20050320112100
train,japan_2005.hdf5,20050320112400
train,japan_2005.hdf5,20050320112900
train,japan_2005.hdf5,20050320113500
train,japan_2005.hdf5,20050320114000
train,japan_2005.hdf5,20050320115000
train,japan_2005.hdf5,20050320115800
train,japan_2005.hdf5,20050320121700
train,japan_2005.hdf5,20050320123500
train,japan_2005.hdf5,20050320125000
train,japan_2005.hdf5,20050320130000
train,japan_2005.hdf5,20050320131600
train,japan_2005.hdf5,20050320133900
train,japan_2005.hdf5,20050320135500
train,japan_2005.hdf5,20050320143200
train,japan_2005.hdf5,20050320151300
train,japan_2005.hdf5,20050320160800
train,japan_2005.hdf5,20050320161500
train,japan_2005.hdf5,20050320174300
train,japan_2005.hdf5,20050320181500
train,japan_2005.hdf5,20050320195200
train,japan_2005.hdf5,20050320200800
train,japan_2005.hdf5,20050320203800
train,japan_2005.hdf5,20050321003100
train,japan_2005.hdf5,20050321061700
train,japan_2005.hdf5,20050321153700
train,japan_2005.hdf5,20050321235900
train,japan_2005.hdf5,20050322115100
train,japan_2005.hdf5,20050322155500
train,japan_2005.hdf5,20050322212900
train,japan_2005.hdf5,20050324015800
train,japan_2005.hdf5,20050324123000
train,japan_2005.hdf5,20050324200700
train,japan_2005.hdf5,20050324233800
train,japan_2005.hdf5,20050325002300
train,japan_2005.hdf5,20050325034300
train,japan_2005.hdf5,20050325040800
train,japan_2005.hdf5,20050325200900
train,japan_2005.hdf5,20050325210300
train,japan_2005.hdf5,20050326054500
train,japan_2005.hdf5,20050326111800
train,japan_2005.hdf5,20050326200100
train,japan_2005.hdf5,20050327052000
train,japan_2005.hdf5,20050327135600
train,japan_2005.hdf5,20050327214400
train,japan_2005.hdf5,20050329114500
train,japan_2005.hdf5,20050330025600
train,japan_2005.hdf5,20050330041200
train,japan_2005.hdf5,20050330045900
train,japan_2005.hdf5,20050331031800
train,japan_2005.hdf5,20050401094100
train,japan_2005.hdf5,20050401134400
train,japan_2005.hdf5,20050401215200
train,japan_2005.hdf5,20050402042000
train,japan_2005.hdf5,20050403174100
train,japan_2005.hdf5,20050403175000
train,japan_2005.hdf5,20050403180300
train,japan_2005.hdf5,20050403182000
train,japan_2005.hdf5,20050403214000
train,japan_2005.hdf5,20050404025700
train,japan_2005.hdf5,20050404174300
train,japan_2005.hdf5,20050405043500
train,japan_2005.hdf5,20050405201900
train,japan_2005.hdf5,20050405235700
train,japan_2005.hdf5,20050406080000
train,japan_2005.hdf5,20050407001700
train,japan_2005.hdf5,20050407010900
train,japan_2005.hdf5,20050410184400
train,japan_2005.hdf5,20050410194700
train,japan_2005.hdf5,20050410203400
train,japan_2005.hdf5,20050411072200
train,japan_2005.hdf5,20050411105500
train,japan_2005.hdf5,20050411153500
train,japan_2005.hdf5,20050412130900
train,japan_2005.hdf5,20050414071800
train,japan_2005.hdf5,20050415140300
train,japan_2005.hdf5,20050416042500
train,japan_2005.hdf5,20050417200900
train,japan_2005.hdf5,20050417225600
train,japan_2005.hdf5,20050420061100
train,japan_2005.hdf5,20050420062200
train,japan_2005.hdf5,20050420064400
train,japan_2005.hdf5,20050420090900
train,japan_2005.hdf5,20050420094000
train,japan_2005.hdf5,20050421073200
train,japan_2005.hdf5,20050423002300
train,japan_2005.hdf5,20050425101900
train,japan_2005.hdf5,20050425181300
train,japan_2005.hdf5,20050428034300
train,japan_2005.hdf5,20050502002600
train,japan_2005.hdf5,20050502012400
train,japan_2005.hdf5,20050502071200
train,japan_2005.hdf5,20050503133700
train,japan_2005.hdf5,20050505073800
train,japan_2005.hdf5,20050507002700
train,japan_2005.hdf5,20050507045200
train,japan_2005.hdf5,20050508150400
train,japan_2005.hdf5,20050508152900
train,japan_2005.hdf5,20050508185800
train,japan_2005.hdf5,20050511105100
train,japan_2005.hdf5,20050512042300
train,japan_2005.hdf5,20050512223600
train,japan_2005.hdf5,20050513185200
train,japan_2005.hdf5,20050514001400
train,japan_2005.hdf5,20050514153100
train,japan_2005.hdf5,20050515155500
train,japan_2005.hdf5,20050515190100
train,japan_2005.hdf5,20050516071000
train,japan_2005.hdf5,20050519013300
train,japan_2005.hdf5,20050519101400
train,japan_2005.hdf5,20050521070100
train,japan_2005.hdf5,20050521213600
train,japan_2005.hdf5,20050521213700
train,japan_2005.hdf5,20050525164900
train,japan_2005.hdf5,20050525203100
train,japan_2005.hdf5,20050527031700
train,japan_2005.hdf5,20050529131600
train,japan_2005.hdf5,20050530073400
train,japan_2005.hdf5,20050531110400
train,japan_2005.hdf5,20050601190500
train,japan_2005.hdf5,20050601193900
train,japan_2005.hdf5,20050601204400
train,japan_2005.hdf5,20050602065600
train,japan_2005.hdf5,20050603004600
train,japan_2005.hdf5,20050603013200
train,japan_2005.hdf5,20050603041600
train,japan_2005.hdf5,20050603042300
train,japan_2005.hdf5,20050603104800
train,japan_2005.hdf5,20050604094000
train,japan_2005.hdf5,20050605121700
train,japan_2005.hdf5,20050607062600
train,japan_2005.hdf5,20050609092800
train,japan_2005.hdf5,20050609123000
train,japan_2005.hdf5,20050610152600
train,japan_2005.hdf5,20050612191200
train,japan_2005.hdf5,20050616234200
train,japan_2005.hdf5,20050617055600
train,japan_2005.hdf5,20050620011500
train,japan_2005.hdf5,20050620012400
train,japan_2005.hdf5,20050620064000
train,japan_2005.hdf5,20050620130300
train,japan_2005.hdf5,20050620131500
train,japan_2005.hdf5,20050620140400
train,japan_2005.hdf5,20050620213800
train,japan_2005.hdf5,20050621191100
train,japan_2005.hdf5,20050624220800
train,japan_2005.hdf5,20050627004600
train,japan_2005.hdf5,20050627041600
train,japan_2005.hdf5,20050627050200
train,japan_2005.hdf5,20050627233900
train,japan_2005.hdf5,20050701235500
train,japan_2005.hdf5,20050703024900
train,japan_2005.hdf5,20050703105800
train,japan_2005.hdf5,20050703184800
train,japan_2005.hdf5,20050705051000
train,japan_2005.hdf5,20050709180000
train,japan_2005.hdf5,20050709192200
train,japan_2005.hdf5,20050711072700
train,japan_2005.hdf5,20050711111800
train,japan_2005.hdf5,20050711190500
train,japan_2005.hdf5,20050711234900
train,japan_2005.hdf5,20050714105800
train,japan_2005.hdf5,20050716020700
train,japan_2005.hdf5,20050716152600
train,japan_2005.hdf5,20050717195100
train,japan_2005.hdf5,20050718182200
train,japan_2005.hdf5,20050719133100
train,japan_2005.hdf5,20050720211400
train,japan_2005.hdf5,20050722092700
train,japan_2005.hdf5,20050723163500
train,japan_2005.hdf5,20050723163700
train,japan_2005.hdf5,20050723164200
train,japan_2005.hdf5,20050724181200
train,japan_2005.hdf5,20050726014400
train,japan_2005.hdf5,20050728091100
train,japan_2005.hdf5,20050728191500
train,japan_2005.hdf5,20050730175000
train,japan_2005.hdf5,20050731145300
train,japan_2006.hdf5,20060101225600
train,japan_2006.hdf5,20060102083600
train,japan_2006.hdf5,20060103181200
train,japan_2006.hdf5,20060103212600
train,japan_2006.hdf5,20060104004200
train,japan_2006.hdf5,20060109144800
train,japan_2006.hdf5,20060110102100
train,japan_2006.hdf5,20060114153000
train,japan_2006.hdf5,20060115195400
train,japan_2006.hdf5,20060116075300
train,japan_2006.hdf5,20060118232500
train,japan_2006.hdf5,20060119065300
train,japan_2006.hdf5,20060121233000
train,japan_2006.hdf5,20060122010100
train,japan_2006.hdf5,20060126030000
train,japan_2006.hdf5,20060131001900
train,japan_2006.hdf5,20060201042300
train,japan_2006.hdf5,20060201121500
train,japan_2006.hdf5,20060203130300
train,japan_2006.hdf5,20060203133700
train,japan_2006.hdf5,20060203133900
train,japan_2006.hdf5,20060203143800
train,japan_2006.hdf5,20060203144100
train,japan_2006.hdf5,20060203151000
train,japan_2006.hdf5,20060204001200
train,japan_2006.hdf5,20060205074300
train,japan_2006.hdf5,20060206094700
train,japan_2006.hdf5,20060206123900
train,japan_2006.hdf5,20060206202600
train,japan_2006.hdf5,20060207181600
train,japan_2006.hdf5,20060209220500
train,japan_2006.hdf5,20060211130100
train,japan_2006.hdf5,20060213172300
train,japan_2006.hdf5,20060214020000
train,japan_2006.hdf5,20060214224600
train,japan_2006.hdf5,20060216034600
train,japan_2006.hdf5,20060216231000
train,japan_2006.hdf5,20060218162100
train,japan_2006.hdf5,20060220021100
train,japan_2006.hdf5,20060222133700
train,japan_2006.hdf5,20060224175100
train,japan_2006.hdf5,20060226181100
train,japan_2006.hdf5,20060227134700
train,japan_2006.hdf5,20060302232800
train,japan_2006.hdf5,20060307124600
train,japan_2006.hdf5,20060310175500
train,japan_2006.hdf5,20060312035100
train,japan_2006.hdf5,20060312070600
train,japan_2006.hdf5,20060313124100
train,japan_2006.hdf5,20060313130600
train,japan_2006.hdf5,20060313131500
train,japan_2006.hdf5,20060316062400
train,japan_2006.hdf5,20060319162700
train,japan_2006.hdf5,20060319224700
train,japan_2006.hdf5,20060321064100
train,japan_2006.hdf5,20060322201600
train,japan_2006.hdf5,20060324075900
train,japan_2006.hdf5,20060325071600
train,japan_2006.hdf5,20060325230800
train,japan_2006.hdf5,20060326015100
train,japan_2006.hdf5,20060326094400
train,japan_2006.hdf5,20060326104700
train,japan_2006.hdf5,20060327115000
train,japan_2006.hdf5,20060327231000
train,japan_2006.hdf5,20060329192800
train,japan_2006.hdf5,20060330172100
train,japan_2006.hdf5,20060330224400
train,japan_2006.hdf5,20060402162300
train,japan_2006.hdf5,20060402204600
train,japan_2006.hdf5,20060403204700
train,japan_2006.hdf5,20060405145800
train,japan_2006.hdf5,20060406154000
train,japan_2006.hdf5,20060406223000
train,japan_2006.hdf5,20060407204800
train,japan_2006.hdf5,20060408145300
train,japan_2006.hdf5,20060409062200
train,japan_2006.hdf5,20060409093700
train,japan_2006.hdf5,20060410092100
train,japan_2006.hdf5,20060411174600
train,japan_2006.hdf5,20060413132700
train,japan_2006.hdf5,20060414020500
train,japan_2006.hdf5,20060414072500
train,japan_2006.hdf5,20060414163300
train,japan_2006.hdf5,20060415085800
train,japan_2006.hdf5,20060415174700
train,japan_2006.hdf5,20060417120400
train,japan_2006.hdf5,20060418193800
train,japan_2006.hdf5,20060419062200
train,japan_2006.hdf5,20060420124000
train,japan_2006.hdf5,20060420184900
train,japan_2006.hdf5,20060421025000
train,japan_2006.hdf5,20060421030600
train,japan_2006.hdf5,20060421032000
train,japan_2006.hdf5,20060421070800
train,japan_2006.hdf5,20060421224300
train,japan_2006.hdf5,20060421231700
train,japan_2006.hdf5,20060422014400
train,japan_2006.hdf5,20060422022500
train,japan_2006.hdf5,20060422060300
train,japan_2006.hdf5,20060422090500
train,japan_2006.hdf5,20060422233600
train,japan_2006.hdf5,20060423030900
train,japan_2006.hdf5,20060423235000
train,japan_2006.hdf5,20060424211900
train,japan_2006.hdf5,20060425081800
train,japan_2006.hdf5,20060425121600
train,japan_2006.hdf5,20060426145500
train,japan_2006.hdf5,20060426231000
train,japan_2006.hdf5,20060428130500
train,japan_2006.hdf5,20060429003700
train,japan_2006.hdf5,20060430131000
train,japan_2006.hdf5,20060501160000
train,japan_2006.hdf5,20060502034000
train,japan_2006.hdf5,20060502182400
train,japan_2006.hdf5,20060502182600
train,japan_2006.hdf5,20060503220700
train,japan_2006.hdf5,20060504101700
train,japan_2006.hdf5,20060506204500
train,japan_2006.hdf5,20060508124500
train,japan_2006.hdf5,20060510102300
train,japan_2006.hdf5,20060511131400
train,japan_2006.hdf5,20060512010900
train,japan_2006.hdf5,20060512051500
train,japan_2006.hdf5,20060514194600
train,japan_2006.hdf5,20060515014200
train,japan_2006.hdf5,20060515222800
train,japan_2006.hdf5,20060518022100
train,japan_2006.hdf5,20060520014200
train,japan_2006.hdf5,20060520072100
train,japan_2006.hdf5,20060520135800
train,japan_2006.hdf5,20060521162200
train,japan_2006.hdf5,20060522203200
train,japan_2006.hdf5,20060528203600
train,japan_2006.hdf5,20060530163800
train,japan_2006.hdf5,20060601184300
train,japan_2006.hdf5,20060603004800
train,japan_2006.hdf5,20060606232800
train,japan_2006.hdf5,20060609060700
train,japan_2006.hdf5,20060609182600
train,japan_2006.hdf5,20060610004000
train,japan_2006.hdf5,20060612080400
train,japan_2006.hdf5,20060613114000
train,japan_2006.hdf5,20060613200300
train,japan_2006.hdf5,20060614071100
train,japan_2006.hdf5,20060614183000
train,japan_2006.hdf5,20060615015800
train,japan_2006.hdf5,20060616232100
train,japan_2006.hdf5,20060617135100
train,japan_2006.hdf5,20060617144900
train,japan_2006.hdf5,20060618053000
train,japan_2006.hdf5,20060620064700
train,japan_2006.hdf5,20060623191700
train,japan_2006.hdf5,20060624221800
train,japan_2006.hdf5,20060624231000
train,japan_2006.hdf5,20060625213300
train,japan_2006.hdf5,20060627232100
train,japan_2006.hdf5,20060628210400
train,japan_2006.hdf5,20060701082800
train,japan_2006.hdf5,20060705125700
train,japan_2006.hdf5,20060706020800
train,japan_2006.hdf5,20060706061100
train,japan_2006.hdf5,20060706151700
train,japan_2006.hdf5,20060706192000
train,japan_2006.hdf5,20060709090600
train,japan_2006.hdf5,20060709174800
train,japan_2006.hdf5,20060711030900
train,japan_2006.hdf5,20060711154700
train,japan_2006.hdf5,20060716163900
train,japan_2006.hdf5,20060716165200
train,japan_2006.hdf5,20060717050100
train,japan_2006.hdf5,20060717082500
train,japan_2006.hdf5,20060717173400
train,japan_2006.hdf5,20060720102000
train,japan_2006.hdf5,20060721091700
train,japan_2006.hdf5,20060725202600
train,japan_2006.hdf5,20060726121600
train,japan_2006.hdf5,20060730021900
train,japan_2006.hdf5,20060731194200
train,japan_2006.hdf5,20060801071300
train,japan_2006.hdf5,20060801221100
train,japan_2006.hdf5,20060805020700
train,japan_2006.hdf5,20060807004600
train,japan_2006.hdf5,20060812201100
train,japan_2006.hdf5,20060814060000
train,japan_2006.hdf5,20060816204200
train,japan_2006.hdf5,20060817074800
train,japan_2006.hdf5,20060817124500
train,japan_2006.hdf5,20060824203300
train,japan_2006.hdf5,20060825213200
train,japan_2006.hdf5,20060826215100
train,japan_2006.hdf5,20060828074900
train,japan_2006.hdf5,20060828123800
train,japan_2006.hdf5,20060828164500
train,japan_2006.hdf5,20060829145300
train,japan_2006.hdf5,20060831171800
train,japan_2006.hdf5,20060904133200
train,japan_2007.hdf5,20070101005000
train,japan_2007.hdf5,20070102224600
train,japan_2007.hdf5,20070102231700
train,japan_2007.hdf5,20070104004000
train,japan_2007.hdf5,20070104084700
train,japan_2007.hdf5,20070105030600
train,japan_2007.hdf5,20070105064000
train,japan_2007.hdf5,20070108181200
train,japan_2007.hdf5,20070108185900
train,japan_2007.hdf5,20070109051200
train,japan_2007.hdf5,20070109131800
train,japan_2007.hdf5,20070110095700
train,japan_2007.hdf5,20070110191900
train,japan_2007.hdf5,20070110200200
train,japan_2007.hdf5,20070110211300
train,japan_2007.hdf5,20070112053400
train,japan_2007.hdf5,20070113172000
train,japan_2007.hdf5,20070115191900
train,japan_2007.hdf5,20070116215200
train,japan_2007.hdf5,20070122021600
train,japan_2007.hdf5,20070123130700
train,japan_2007.hdf5,20070124103000
train,japan_2007.hdf5,20070125165500
train,japan_2007.hdf5,20070127051600
train,japan_2007.hdf5,20070128062500
train,japan_2007.hdf5,20070130104900
train,japan_2007.hdf5,20070201154000
train,japan_2007.hdf5,20070201215100
train,japan_2007.hdf5,20070202041600
train,japan_2007.hdf5,20070204205900
train,japan_2007.hdf5,20070205014200
train,japan_2007.hdf5,20070205230700
train,japan_2007.hdf5,20070206024400
train,japan_2007.hdf5,20070206231500
train,japan_2007.hdf5,20070209163500
train,japan_2007.hdf5,20070212230900
train,japan_2007.hdf5,20070214062400
train,japan_2007.hdf5,20070214073600
train,japan_2007.hdf5,20070217090300
train,japan_2007.hdf5,20070217092200
train,japan_2007.hdf5,20070219095700
train,japan_2007.hdf5,20070220062400
train,japan_2007.hdf5,20070225204100
train,japan_2007.hdf5,20070226140600
train,japan_2007.hdf5,20070303051400
train,japan_2007.hdf5,20070303155900
train,japan_2007.hdf5,20070303182600
train,japan_2007.hdf5,20070304141600
train,japan_2007.hdf5,20070306110000
train,japan_2007.hdf5,20070307145300
train,japan_2007.hdf5,20070307215900
train,japan_2007.hdf5,20070309160000
train,japan_2007.hdf5,20070310004700
train,japan_2007.hdf5,20070311160900
train,japan_2007.hdf5,20070314223900
train,japan_2007.hdf5,20070314224000
train,japan_2007.hdf5,20070316091800
train,japan_2007.hdf5,20070316195800
train,japan_2007.hdf5,20070317204000
train,japan_2007.hdf5,20070318102500
train,japan_2007.hdf5,20070322102900
train,japan_2007.hdf5,20070322182700
train,japan_2007.hdf5,20070323223700
train,japan_2007.hdf5,20070325005000
train,japan_2007.hdf5,20070325094200
train,japan_2007.hdf5,20070325094500
train,japan_2007.hdf5,20070325094800
train,japan_2007.hdf5,20070325095100
train,japan_2007.hdf5,20070325095200
train,japan_2007.hdf5,20070325095400
train,japan_2007.hdf5,20070325095600
train,japan_2007.hdf5,20070325100100
train,japan_2007.hdf5,20070325100600
train,japan_2007.hdf5,20070325101000
train,japan_2007.hdf5,20070325101100
train,japan_2007.hdf5,20070325101600
train,japan_2007.hdf5,20070325102100
train,japan_2007.hdf5,20070325103600
train,japan_2007.hdf5,20070325110400
train,japan_2007.hdf5,20070325111900
train,japan_2007.hdf5,20070325113800
train,japan_2007.hdf5,20070325114300
train,japan_2007.hdf5,20070325114900
train,japan_2007.hdf5,20070325115100
train,japan_2007.hdf5,20070325115800
train,japan_2007.hdf5,20070325122300
train,japan_2007.hdf5,20070325124000
train,japan_2007.hdf5,20070325130200
train,japan_2007.hdf5,20070325140800
train,japan_2007.hdf5,20070325142100
train,japan_2007.hdf5,20070325145500
train,japan_2007.hdf5,20070325152600
train,japan_2007.hdf5,20070325154300
train,japan_2007.hdf5,20070325155700
train,japan_2007.hdf5,20070325161500
train,japan_2007.hdf5,20070325165300
train,japan_2007.hdf5,20070325170800
train,japan_2007.hdf5,20070325175400
train,japan_2007.hdf5,20070325181100
train,japan_2007.hdf5,20070325182300
train,japan_2007.hdf5,20070325190400
train,japan_2007.hdf5,20070325212600
train,japan_2007.hdf5,20070325222800
train,japan_2007.hdf5,20070325224900
train,japan_2007.hdf5,20070326021400
train,japan_2007.hdf5,20070326022500
train,japan_2007.hdf5,20070326023400
train,japan_2007.hdf5,20070326032100
train,japan_2007.hdf5,20070326071600
train,japan_2007.hdf5,20070326120600
train,japan_2007.hdf5,20070326134700
train,japan_2007.hdf5,20070326144600
train,japan_2007.hdf5,20070326164100
train,japan_2007.hdf5,20070326180200
train,japan_2007.hdf5,20070326210400
train,japan_2007.hdf5,20070326213000
train,japan_2007.hdf5,20070326214300
train,japan_2007.hdf5,20070327011900
train,japan_2007.hdf5,20070327071600
train,japan_2007.hdf5,20070327113300
train,japan_2007.hdf5,20070327122800
train,japan_2007.hdf5,20070327124000
train,japan_2007.hdf5,20070327211800
train,japan_2007.hdf5,20070328005700
train,japan_2007.hdf5,20070328080800
train,japan_2007.hdf5,20070328105100
train,japan_2007.hdf5,20070328130500
train,japan_2007.hdf5,20070328143600
train,japan_2007.hdf5,20070328211600
train,japan_2007.hdf5,20070329043200
train,japan_2007.hdf5,20070329104600
train,japan_2007.hdf5,20070330052100
train,japan_2007.hdf5,20070330180500
train,japan_2007.hdf5,20070331022800
train,japan_2007.hdf5,20070331080900
train,japan_2007.hdf5,20070331153400
train,japan_2007.hdf5,20070331223200
train,japan_2007.hdf5,20070402010100
train,japan_2007.hdf5,20070402025100
train,japan_2007.hdf5,20070402080100
train,japan_2007.hdf5,20070402133700
train,japan_2007.hdf5,20070402172500
train,japan_2007.hdf5,20070403055800
train,japan_2007.hdf5,20070403093100
train,japan_2007.hdf5,20070403095400
train,japan_2007.hdf5,20070404064700
train,japan_2007.hdf5,20070404081800
train,japan_2007.hdf5,20070405090500
train,japan_2007.hdf5,20070405151400
train,japan_2007.hdf5,20070405203900
train,japan_2007.hdf5,20070406151800
train,japan_2007.hdf5,20070406214200
train,japan_2007.hdf5,20070406235500
train,japan_2007.hdf5,20070410102200
train,japan_2007.hdf5,20070410102300
train,japan_2007.hdf5,20070411174200
train,japan_2007.hdf5,20070411221100
train,japan_2007.hdf5,20070412033700
train,japan_2007.hdf5,20070412215900
train,japan_2007.hdf5,20070412225000
train,japan_2007.hdf5,20070414002800
train,japan_2007.hdf5,20070414054200
train,japan_2007.hdf5,20070414230800
train,japan_2007.hdf5,20070415063900
train,japan_2007.hdf5,20070415121700
train,japan_2007.hdf5,20070415121900
train,japan_2007.hdf5,20070415183400
train,japan_2007.hdf5,20070416152900
train,japan_2007.hdf5,20070417024700
train,japan_2007.hdf5,20070420023300
train,japan_2007.hdf5,20070423172700
train,japan_2007.hdf5,20070426090300
train,japan_2007.hdf5,20070426113000
train,japan_2007.hdf5,20070426115500
train,japan_2007.hdf5,20070427013800
train,japan_2007.hdf5,20070428000400
train,japan_2007.hdf5,20070428031500
train,japan_2007.hdf5,20070428074400
train,japan_2007.hdf5,20070428092700
train,japan_2007.hdf5,20070428173000
train,japan_2007.hdf5,20070430133600
train,japan_2007.hdf5,20070502101500
train,japan_2007.hdf5,20070502204400
train,japan_2007.hdf5,20070502214700
train,japan_2007.hdf5,20070503211100
train,japan_2007.hdf5,20070505011100
train,japan_2007.hdf5,20070505102500
train,japan_2007.hdf5,20070505170900
train,japan_2007.hdf5,20070505174300
train,japan_2007.hdf5,20070506100900
train,japan_2007.hdf5,20070507021300
train,japan_2007.hdf5,20070507230900
train,japan_2007.hdf5,20070508210100
train,japan_2007.hdf5,20070509020800
train,japan_2007.hdf5,20070509085200
train,japan_2007.hdf5,20070511021200
train,japan_2007.hdf5,20070511050200
train,japan_2007.hdf5,20070513081400
train,japan_2007.hdf5,20070514065900
train,japan_2007.hdf5,20070516052100
train,japan_2007.hdf5,20070518170200
train,japan_2007.hdf5,20070519010000
train,japan_2007.hdf5,20070522022700
train,japan_2007.hdf5,20070525140800
train,japan_2007.hdf5,20070526085400
train,japan_2007.hdf5,20070528123900
train,japan_2007.hdf5,20070529073600
train,japan_2007.hdf5,20070529160300
train,japan_2007.hdf5,20070601072900
train,japan_2007.hdf5,20070601114200
train,japan_2007.hdf5,20070602144300
train,japan_2007.hdf5,20070602150300
train,japan_2007.hdf5,20070603160500
train,japan_2007.hdf5,20070604030700
train,japan_2007.hdf5,20070604133400
train,japan_2007.hdf5,20070605061600
train,japan_2007.hdf5,20070606155500
train,japan_2007.hdf5,20070606230500
train,japan_2007.hdf5,20070606233900
train,japan_2007.hdf5,20070606234200
train,japan_2007.hdf5,20070606234600
train,japan_2007.hdf5,20070606235700
train,japan_2007.hdf5,20070607001800
train,japan_2007.hdf5,20070607111900
train,japan_2007.hdf5,20070607145800
train,japan_2007.hdf5,20070607172200
train,japan_2007.hdf5,20070607204900
train,japan_2007.hdf5,20070607205000
train,japan_2007.hdf5,20070608031700
train,japan_2007.hdf5,20070608034500
train,japan_2007.hdf5,20070608202100
train,japan_2007.hdf5,20070609202800
train,japan_2007.hdf5,20070611015300
train,japan_2007.hdf5,20070611034500
train,japan_2007.hdf5,20070611043600
train,japan_2007.hdf5,20070611062700
train,japan_2007.hdf5,20070612053000
train,japan_2007.hdf5,20070612140800
train,japan_2007.hdf5,20070613104900
train,japan_2007.hdf5,20070616052900
train,japan_2007.hdf5,20070618112200
train,japan_2007.hdf5,20070622033400
train,japan_2007.hdf5,20070623145800
train,japan_2007.hdf5,20070623235300
train,japan_2007.hdf5,20070624145700
train,japan_2007.hdf5,20070626200400
train,japan_2007.hdf5,20070626210800
train,japan_2007.hdf5,20070627160600
train,japan_2007.hdf5,20070628182600
train,japan_2007.hdf5,20070629225600
train,japan_2007.hdf5,20070629234600
train,japan_2007.hdf5,20070630161100
train,japan_2007.hdf5,20070630220400
train,japan_2007.hdf5,20070703200600
train,japan_2007.hdf5,20070703233100
train,japan_2007.hdf5,20070706165500
train,japan_2007.hdf5,20070707003500
train,japan_2007.hdf5,20070707102600
train,japan_2007.hdf5,20070708084400
train,japan_2007.hdf5,20070708233100
train,japan_2007.hdf5,20070709160000
train,japan_2007.hdf5,20070710131500
train,japan_2007.hdf5,20070712052900
train,japan_2007.hdf5,20070712174300
train,japan_2007.hdf5,20070714120800
train,japan_2007.hdf5,20070714200000
train,japan_2007.hdf5,20070716101300
train,japan_2007.hdf5,20070716101600
train,japan_2007.hdf5,20070716101800
train,japan_2007.hdf5,20070716102200
train,japan_2007.hdf5,20070716102800
train,japan_2007.hdf5,20070716103000
train,japan_2007.hdf5,20070716103400
train,japan_2007.hdf5,20070716103600
train,japan_2007.hdf5,20070716103700
train,japan_2007.hdf5,20070716104300
train,japan_2007.hdf5,20070716105200
train,japan_2007.hdf5,20070716105700
train,japan_2007.hdf5,20070716110000
train,japan_2007.hdf5,20070716110500
train,japan_2007.hdf5,20070716112400
train,japan_2007.hdf5,20070716115000
train,japan_2007.hdf5,20070716115300
train,japan_2007.hdf5,20070716115500
train,japan_2007.hdf5,20070716122000
train,japan_2007.hdf5,20070716131600
train,japan_2007.hdf5,20070716140700
train,japan_2007.hdf5,20070716152600
train,japan_2007.hdf5,20070716153700
train,japan_2007.hdf5,20070716160000
train,japan_2007.hdf5,20070716163200
train,japan_2007.hdf5,20070716165400
train,japan_2007.hdf5,20070716171300
train,japan_2007.hdf5,20070716172400
train,japan_2007.hdf5,20070716174200
train,japan_2007.hdf5,20070716181900
train,japan_2007.hdf5,20070716185800
train,japan_2007.hdf5,20070716210800
train,japan_2007.hdf5,20070716211500
train,japan_2007.hdf5,20070716215300
train,japan_2007.hdf5,20070716225500
train,japan_2007.hdf5,20070717013500
train,japan_2007.hdf5,20070717052000
train,japan_2007.hdf5,20070717061900
train,japan_2007.hdf5,20070717083900
train,japan_2007.hdf5,20070717102600
train,japan_2007.hdf5,20070717105800
train,japan_2007.hdf5,20070718043900
train,japan_2007.hdf5,20070718114700
train,japan_2007.hdf5,20070718165300
train,japan_2007.hdf5,20070718200300
train,japan_2007.hdf5,20070720015200
train,japan_2007.hdf5,20070720023300
train,japan_2007.hdf5,20070720023800
train,japan_2007.hdf5,20070720085800
train,japan_2007.hdf5,20070720141900
train,japan_2007.hdf5,20070720171500
train,japan_2007.hdf5,20070720171700
train,japan_2007.hdf5,20070720214700
train,japan_2007.hdf5,20070720215400
train,japan_2007.hdf5,20070720221300
train,japan_2007.hdf5,20070720232800
train,japan_2007.hdf5,20070721093200
train,japan_2007.hdf5,20070721163600
train,japan_2007.hdf5,20070723005400
train,japan_2007.hdf5,20070723061600
train,japan_2007.hdf5,20070724113700
train,japan_2007.hdf5,20070724113800
train,japan_2007.hdf5,20070724155100
train,japan_2007.hdf5,20070725065200
train,japan_2008.hdf5,20080102012000
train,japan_2008.hdf5,20080106062800
train,japan_2008.hdf5,20080106093400
train,japan_2008.hdf5,20080108200900
train,japan_2008.hdf5,20080109041900
train,japan_2008.hdf5,20080111080000
train,japan_2008.hdf5,20080112123600
train,japan_2008.hdf5,20080113021000
train,japan_2008.hdf5,20080113021100
train,japan_2008.hdf5,20080114060700
train,japan_2008.hdf5,20080116025500
train,japan_2008.hdf5,20080116145100
train,japan_2008.hdf5,20080119185300
train,japan_2008.hdf5,20080120035200
train,japan_2008.hdf5,20080120111900
train,japan_2008.hdf5,20080120162600
train,japan_2008.hdf5,20080121121200
train,japan_2008.hdf5,20080122162000
train,japan_2008.hdf5,20080122162200
train,japan_2008.hdf5,20080123043400
train,japan_2008.hdf5,20080125073700
train,japan_2008.hdf5,20080125100400
train,japan_2008.hdf5,20080126043300
train,japan_2008.hdf5,20080127103300
train,japan_2008.hdf5,20080127104600
train,japan_2008.hdf5,20080127105300
train,japan_2008.hdf5,20080127203700
train,japan_2008.hdf5,20080201234000
train,japan_2008.hdf5,20080202130700
train,japan_2008.hdf5,20080206020800
train,japan_2008.hdf5,20080207115000
train,japan_2008.hdf5,20080209070700
train,japan_2008.hdf5,20080210093700
train,japan_2008.hdf5,20080210235700
train,japan_2008.hdf5,20080211000200
train,japan_2008.hdf5,20080211014900
train,japan_2008.hdf5,20080212004300
train,japan_2008.hdf5,20080212173900
train,japan_2008.hdf5,20080213083500
train,japan_2008.hdf5,20080217031500
train,japan_2008.hdf5,20080217182500
train,japan_2008.hdf5,20080218004000
train,japan_2008.hdf5,20080222023900
train,japan_2008.hdf5,20080222202700
train,japan_2008.hdf5,20080228175900
train,japan_2008.hdf5,20080302183300
train,japan_2008.hdf5,20080303170600
train,japan_2008.hdf5,20080303175700
train,japan_2008.hdf5,20080303214100
train,japan_2008.hdf5,20080304055700
train,japan_2008.hdf5,20080308015500
train,japan_2008.hdf5,20080308035200
train,japan_2008.hdf5,20080309061300
train,japan_2008.hdf5,20080310104400
train,japan_2008.hdf5,20080312180000
train,japan_2008.hdf5,20080313174100
train,japan_2008.hdf5,20080314200600
train,japan_2008.hdf5,20080315135000
train,japan_2008.hdf5,20080317070000
train,japan_2008.hdf5,20080319020700
train,japan_2008.hdf5,20080319231800
train,japan_2008.hdf5,20080320013600
train,japan_2008.hdf5,20080323121300
train,japan_2008.hdf5,20080323155400
train,japan_2008.hdf5,20080324110100
train,japan_2008.hdf5,20080324124000
train,japan_2008.hdf5,20080324141600
train,japan_2008.hdf5,20080324222900
train,japan_2008.hdf5,20080327063000
train,japan_2008.hdf5,20080329080300
train,japan_2008.hdf5,20080330104900
train,japan_2008.hdf5,20080331034500
train,japan_2008.hdf5,20080401105000
train,japan_2008.hdf5,20080401232900
train,japan_2008.hdf5,20080403063900
train,japan_2008.hdf5,20080404182300
train,japan_2008.hdf5,20080404190200
train,japan_2008.hdf5,20080405073300
train,japan_2008.hdf5,20080406190900
train,japan_2008.hdf5,20080406215500
train,japan_2008.hdf5,20080409044700
train,japan_2008.hdf5,20080410095400
train,japan_2008.hdf5,20080410175600
train,japan_2008.hdf5,20080411053300
train,japan_2008.hdf5,20080412094600
train,japan_2008.hdf5,20080413064600
train,japan_2008.hdf5,20080416184600
train,japan_2008.hdf5,20080417005800
train,japan_2008.hdf5,20080417103400
train,japan_2008.hdf5,20080418041100
train,japan_2008.hdf5,20080418212000
train,japan_2008.hdf5,20080420010000
train,japan_2008.hdf5,20080422180700
train,japan_2008.hdf5,20080425185200
train,japan_2008.hdf5,20080426054900
train,japan_2008.hdf5,20080427035600
train,japan_2008.hdf5,20080429065800
train,japan_2008.hdf5,20080429142600
train,japan_2008.hdf5,20080430131000
train,japan_2008.hdf5,20080501055100
train,japan_2008.hdf5,20080501073400
train,japan_2008.hdf5,20080502054600
train,japan_2008.hdf5,20080502065800
train,japan_2008.hdf5,20080502122300
train,japan_2008.hdf5,20080502144100
train,japan_2008.hdf5,20080503210600
train,japan_2008.hdf5,20080504194400
train,japan_2008.hdf5,20080505092600
train,japan_2008.hdf5,20080506215300
train,japan_2008.hdf5,20080507185900
train,japan_2008.hdf5,20080508010200
train,japan_2008.hdf5,20080508010300
train,japan_2008.hdf5,20080508010900
train,japan_2008.hdf5,20080508011200
train,japan_2008.hdf5,20080508011600
train,japan_2008.hdf5,20080508015000
train,japan_2008.hdf5,20080508023100
train,japan_2008.hdf5,20080508031900
train,japan_2008.hdf5,20080508042000
train,japan_2008.hdf5,20080509051100
train,japan_2008.hdf5,20080509074300
train,japan_2008.hdf5,20080509074800
train,japan_2008.hdf5,20080509082100
train,japan_2008.hdf5,20080509085800
train,japan_2008.hdf5,20080510090100
train,japan_2008.hdf5,20080511012000
train,japan_2008.hdf5,20080511025200
train,japan_2008.hdf5,20080511032400
train,japan_2008.hdf5,20080511041900
train,japan_2008.hdf5,20080512114700
train,japan_2008.hdf5,20080514030000
train,japan_2008.hdf5,20080516071600
train,japan_2008.hdf5,20080517084800
train,japan_2008.hdf5,20080520144100
train,japan_2008.hdf5,20080520171900
train,japan_2008.hdf5,20080523024000
train,japan_2008.hdf5,20080524082300
train,japan_2008.hdf5,20080526004100
train,japan_2008.hdf5,20080527002600
train,japan_2008.hdf5,20080529014200
train,japan_2008.hdf5,20080529021900
train,japan_2008.hdf5,20080529091900
train,japan_2008.hdf5,20080531140300
train,japan_2008.hdf5,20080531152400
train,japan_2008.hdf5,20080531165500
train,japan_2008.hdf5,20080531232800
train,japan_2008.hdf5,20080601031700
train,japan_2008.hdf5,20080602005800
train,japan_2008.hdf5,20080603035200
train,japan_2008.hdf5,20080603035700
train,japan_2008.hdf5,20080604000300
train,japan_2008.hdf5,20080604221200
train,japan_2008.hdf5,20080604221500
train,japan_2008.hdf5,20080604233300
train,japan_2008.hdf5,20080605203700
train,japan_2008.hdf5,20080612011400
train,japan_2008.hdf5,20080612022500
train,japan_2008.hdf5,20080613112100
train,japan_2008.hdf5,20080613151600
train,japan_2008.hdf5,20080614044500
train,japan_2008.hdf5,20080614084300
train,japan_2008.hdf5,20080614084600
train,japan_2008.hdf5,20080614084700
train,japan_2008.hdf5,20080614084900
train,japan_2008.hdf5,20080614085000
train,japan_2008.hdf5,20080614085100
train,japan_2008.hdf5,20080614085200
train,japan_2008.hdf5,20080614085300
train,japan_2008.hdf5,20080614085500
train,japan_2008.hdf5,20080614085600
train,japan_2008.hdf5,20080614085800
train,japan_2008.hdf5,20080614085900
train,japan_2008.hdf5,20080614090000
train,japan_2008.hdf5,20080614090100
train,japan_2008.hdf5,20080614090600
train,japan_2008.hdf5,20080614090700
train,japan_2008.hdf5,20080614091400
train,japan_2008.hdf5,20080614091800
train,japan_2008.hdf5,20080614092000
train,japan_2008.hdf5,20080614092300
train,japan_2008.hdf5,20080614092400
train,japan_2008.hdf5,20080614092900
train,japan_2008.hdf5,20080614093000
train,japan_2008.hdf5,20080614094000
train,japan_2008.hdf5,20080614095200
train,japan_2008.hdf5,20080614095400
train,japan_2008.hdf5,20080614095500
train,japan_2008.hdf5,20080614095800
train,japan_2008.hdf5,20080614100000
train,japan_2008.hdf5,20080614100400
train,japan_2008.hdf5,20080614100600
train,japan_2008.hdf5,20080614101600
train,japan_2008.hdf5,20080614101800
train,japan_2008.hdf5,20080614101900
train,japan_2008.hdf5,20080614102800
train,japan_2008.hdf5,20080614103700
train,japan_2008.hdf5,20080614104000
train,japan_2008.hdf5,20080614105100
train,japan_2008.hdf5,20080614105600
train,japan_2008.hdf5,20080614111900
train,japan_2008.hdf5,20080614113000
train,japan_2008.hdf5,20080614113100
train,japan_2008.hdf5,20080614113300
train,japan_2008.hdf5,20080614113500
train,japan_2008.hdf5,20080614114000
train,japan_2008.hdf5,20080614114800
train,japan_2008.hdf5,20080614115500
train,japan_2008.hdf5,20080614115700
train,japan_2008.hdf5,20080614115800
train,japan_2008.hdf5,20080614120900
train,japan_2008.hdf5,20080614121000
train,japan_2008.hdf5,20080614121400
train,japan_2008.hdf5,20080614122700
train,japan_2008.hdf5,20080614123000
train,japan_2008.hdf5,20080614123600
train,japan_2008.hdf5,20080614125500
train,japan_2008.hdf5,20080614131000
train,japan_2008.hdf5,20080614133000
train,japan_2008.hdf5,20080614140900
train,japan_2008.hdf5,20080614143900
train,japan_2008.hdf5,20080614153800
train,japan_2008.hdf5,20080614160200
train,japan_2008.hdf5,20080614171300
train,japan_2008.hdf5,20080614173100
train,japan_2008.hdf5,20080614173400
train,japan_2008.hdf5,20080614184300
train,japan_2008.hdf5,20080614185900
train,japan_2008.hdf5,20080614191200
train,japan_2008.hdf5,20080614192000
train,japan_2008.hdf5,20080614194600
train,japan_2008.hdf5,20080614200700
train,japan_2008.hdf5,20080614202100
train,japan_2008.hdf5,20080614204200
train,japan_2008.hdf5,20080614211000
train,japan_2008.hdf5,20080614214800
train,japan_2008.hdf5,20080614221500
train,japan_2008.hdf5,20080614230400
train,japan_2008.hdf5,20080614232200
train,japan_2008.hdf5,20080614234200
train,japan_2008.hdf5,20080615000400
train,japan_2008.hdf5,20080615011300
train,japan_2008.hdf5,20080615011400
train,japan_2008.hdf5,20080615022500
train,japan_2008.hdf5,20080615022900
train,japan_2008.hdf5,20080615023100
train,japan_2008.hdf5,20080615032900
train,japan_2008.hdf5,20080615034700
train,japan_2008.hdf5,20080615035500
train,japan_2008.hdf5,20080615060200
train,japan_2008.hdf5,20080615123000
train,japan_2008.hdf5,20080615142200
train,japan_2008.hdf5,20080615150000
train,japan_2008.hdf5,20080615152500
train,japan_2008.hdf5,20080615162300
train,japan_2008.hdf5,20080615211900
train,japan_2008.hdf5,20080616012600
train,japan_2008.hdf5,20080616023600
train,japan_2008.hdf5,20080616083300
train,japan_2008.hdf5,20080616123500
train,japan_2008.hdf5,20080616133500
train,japan_2008.hdf5,20080616135600
train,japan_2008.hdf5,20080616150900
train,japan_2008.hdf5,20080616170800
train,japan_2008.hdf5,20080616200100
train,japan_2008.hdf5,20080616203500
train,japan_2008.hdf5,20080616231400
train,japan_2008.hdf5,20080617000300
train,japan_2008.hdf5,20080617005900
train,japan_2008.hdf5,20080617030200
train,japan_2008.hdf5,20080617032300
train,japan_2008.hdf5,20080617040500
train,japan_2008.hdf5,20080617045600
train,japan_2008.hdf5,20080617063900
train,japan_2008.hdf5,20080617064400
train,japan_2008.hdf5,20080617091900
train,japan_2008.hdf5,20080617124200
train,japan_2008.hdf5,20080617151200
train,japan_2008.hdf5,20080617163200
train,japan_2008.hdf5,20080617213100
train,japan_2008.hdf5,20080617221900
train,japan_2008.hdf5,20080618005400
train,japan_2008.hdf5,20080618014200
train,japan_2008.hdf5,20080618165500
train,japan_2008.hdf5,20080618180400
train,japan_2008.hdf5,20080618235500
train,japan_2008.hdf5,20080619190500
train,japan_2008.hdf5,20080620023200
train,japan_2008.hdf5,20080621015500
train,japan_2008.hdf5,20080622102800
train,japan_2008.hdf5,20080622110800
train,japan_2008.hdf5,20080622124800
train,japan_2008.hdf5,20080623075800
train,japan_2008.hdf5,20080624084400
train,japan_2008.hdf5,20080625095000
train,japan_2008.hdf5,20080626035700
train,japan_2008.hdf5,20080626083700
train,japan_2008.hdf5,20080626122000
train,japan_2008.hdf5,20080626155100
train,japan_2008.hdf5,20080626233400
train,japan_2008.hdf5,20080627143300
train,japan_2008.hdf5,20080627162300
train,japan_2008.hdf5,20080627222400
train,japan_2008.hdf5,20080627225700
train,japan_2008.hdf5,20080627231900
train,japan_2008.hdf5,20080628095000
train,japan_2008.hdf5,20080629155300
train,japan_2008.hdf5,20080630141300
train,japan_2008.hdf5,20080630222500
train,japan_2008.hdf5,20080701113600
train,japan_2008.hdf5,20080701201700
train,japan_2008.hdf5,20080703100000
train,japan_2008.hdf5,20080704041200
train,japan_2008.hdf5,20080705083000
train,japan_2008.hdf5,20080705131400
train,japan_2008.hdf5,20080705142100
train,japan_2008.hdf5,20080705164900
train,japan_2008.hdf5,20080706131200
train,japan_2008.hdf5,20080707151400
train,japan_2008.hdf5,20080708052200
train,japan_2008.hdf5,20080709120500
train,japan_2008.hdf5,20080712080600
train,japan_2008.hdf5,20080713031700
train,japan_2008.hdf5,20080713102600
train,japan_2008.hdf5,20080714194100
train,japan_2008.hdf5,20080714231200
train,japan_2008.hdf5,20080714235600
train,japan_2008.hdf5,20080715213700
train,japan_2008.hdf5,20080715222300
train,japan_2008.hdf5,20080719113900
train,japan_2008.hdf5,20080719114700
train,japan_2008.hdf5,20080719130900
train,japan_2008.hdf5,20080719194200
train,japan_2008.hdf5,20080720035800
train,japan_2008.hdf5,20080721135000
train,japan_2008.hdf5,20080721180100
train,japan_2008.hdf5,20080721203000
train,japan_2008.hdf5,20080722174700
train,japan_2008.hdf5,20080723041600
train,japan_2008.hdf5,20080723125400
train,japan_2008.hdf5,20080724150100
train,japan_2008.hdf5,20080725054800
train,japan_2008.hdf5,20080725175900
train,japan_2008.hdf5,20080729005500
train,japan_2008.hdf5,20080729162700
train,japan_2008.hdf5,20080729163500
train,japan_2008.hdf5,20080730101500
train,japan_2008.hdf5,20080804190800
train,japan_2008.hdf5,20080805110700
train,japan_2008.hdf5,20080806062600
train,japan_2009.hdf5,20090101084900
train,japan_2009.hdf5,20090102071500
train,japan_2009.hdf5,20090103161300
train,japan_2009.hdf5,20090104010200
train,japan_2009.hdf5,20090105103600
train,japan_2009.hdf5,20090107064400
train,japan_2009.hdf5,20090108114100
train,japan_2009.hdf5,20090111145700
train,japan_2009.hdf5,20090111215300
train,japan_2009.hdf5,20090113002200
train,japan_2009.hdf5,20090114071800
train,japan_2009.hdf5,20090118183600
train,japan_2009.hdf5,20090119020900
train,japan_2009.hdf5,20090121160900
train,japan_2009.hdf5,20090123150800
train,japan_2009.hdf5,20090125023300
train,japan_2009.hdf5,20090129085600
train,japan_2009.hdf5,20090129090500
train,japan_2009.hdf5,20090130011400
train,japan_2009.hdf5,20090130045900
train,japan_2009.hdf5,20090131040700
train,japan_2009.hdf5,20090201065200
train,japan_2009.hdf5,20090201144300
train,japan_2009.hdf5,20090201183200
train,japan_2009.hdf5,20090202192800
train,japan_2009.hdf5,20090204020200
train,japan_2009.hdf5,20090204071400
train,japan_2009.hdf5,20090205054100
train,japan_2009.hdf5,20090206055700
train,japan_2009.hdf5,20090207001900
train,japan_2009.hdf5,20090209115900
train,japan_2009.hdf5,20090210022300
train,japan_2009.hdf5,20090211190700
train,japan_2009.hdf5,20090215182400
train,japan_2009.hdf5,20090216004600
train,japan_2009.hdf5,20090216030600
train,japan_2009.hdf5,20090216073900
train,japan_2009.hdf5,20090216225900
train,japan_2009.hdf5,20090217045400
train,japan_2009.hdf5,20090217091300
train,japan_2009.hdf5,20090218014400
train,japan_2009.hdf5,20090218064700
train,japan_2009.hdf5,20090218214500
train,japan_2009.hdf5,20090219060400
train,japan_2009.hdf5,20090220181700
train,japan_2009.hdf5,20090221071700
train,japan_2009.hdf5,20090221182200
train,japan_2009.hdf5,20090222124000
train,japan_2009.hdf5,20090222232400
train,japan_2009.hdf5,20090224115200
train,japan_2009.hdf5,20090224155000
train,japan_2009.hdf5,20090226055200
train,japan_2009.hdf5,20090228023000
train,japan_2009.hdf5,20090304190400
train,japan_2009.hdf5,20090305174300
train,japan_2009.hdf5,20090307233300
train,japan_2009.hdf5,20090308060200
train,japan_2009.hdf5,20090310104100
train,japan_2009.hdf5,20090311012100
train,japan_2009.hdf5,20090312174100
train,japan_2009.hdf5,20090313212100
train,japan_2009.hdf5,20090317064300
train,japan_2009.hdf5,20090317064700
train,japan_2009.hdf5,20090319081100
train,japan_2009.hdf5,20090319194000
train,japan_2009.hdf5,20090320083000
train,japan_2009.hdf5,20090320155200
train,japan_2009.hdf5,20090324122100
train,japan_2009.hdf5,20090324151700
train,japan_2009.hdf5,20090325152600
train,japan_2009.hdf5,20090328122700
train,japan_2009.hdf5,20090328194100
train,japan_2009.hdf5,20090331053200
train,japan_2009.hdf5,20090403084300
train,japan_2009.hdf5,20090405135600
train,japan_2009.hdf5,20090405170000
train,japan_2009.hdf5,20090405183600
train,japan_2009.hdf5,20090406025000
train,japan_2009.hdf5,20090406113100
train,japan_2009.hdf5,20090408101300
train,japan_2009.hdf5,20090413103400
train,japan_2009.hdf5,20090414015800
train,japan_2009.hdf5,20090416161900
train,japan_2009.hdf5,20090421051600
train,japan_2009.hdf5,20090421075400
train,japan_2009.hdf5,20090421185800
train,japan_2009.hdf5,20090421204300
train,japan_2009.hdf5,20090422202400
train,japan_2009.hdf5,20090424150300
train,japan_2009.hdf5,20090425225400
train,japan_2009.hdf5,20090428063700
train,japan_2009.hdf5,20090428202100
train,japan_2009.hdf5,20090428230200
train,japan_2009.hdf5,20090505045100
train,japan_2009.hdf5,20090505221400
train,japan_2009.hdf5,20090510165200
train,japan_2009.hdf5,20090511203100
train,japan_2009.hdf5,20090512194000
train,japan_2009.hdf5,20090513005600
train,japan_2009.hdf5,20090513164800
train,japan_2009.hdf5,20090515070800
train,japan_2009.hdf5,20090517071300
train,japan_2009.hdf5,20090518084200
train,japan_2009.hdf5,20090523051500
train,japan_2009.hdf5,20090525010600
train,japan_2009.hdf5,20090525202600
train,japan_2009.hdf5,20090526193100
train,japan_2009.hdf5,20090527064000
train,japan_2009.hdf5,20090528120100
train,japan_2009.hdf5,20090529143900
train,japan_2009.hdf5,20090531064900
train,japan_2009.hdf5,20090601003300
train,japan_2009.hdf5,20090602193700
train,japan_2009.hdf5,20090602213400
train,japan_2009.hdf5,20090605123000
train,japan_2009.hdf5,20090606145200
train,japan_2009.hdf5,20090609011900
train,japan_2009.hdf5,20090609110700
train,japan_2009.hdf5,20090610130600
train,japan_2009.hdf5,20090611075300
train,japan_2009.hdf5,20090612063100
train,japan_2009.hdf5,20090613062100
train,japan_2009.hdf5,20090614191700
train,japan_2009.hdf5,20090615033200
train,japan_2009.hdf5,20090617175100
train,japan_2009.hdf5,20090618020100
train,japan_2009.hdf5,20090623163700
train,japan_2009.hdf5,20090624181500
train,japan_2009.hdf5,20090625225100
train,japan_2009.hdf5,20090625230400
train,japan_2009.hdf5,20090627020500
train,japan_2009.hdf5,20090627041500
train,japan_2009.hdf5,20090627130700
train,japan_2009.hdf5,20090627204200
train,japan_2009.hdf5,20090628065500
train,japan_2009.hdf5,20090628093500
train,japan_2009.hdf5,20090628101400
train,japan_2009.hdf5,20090628200000
train,japan_2009.hdf5,20090630012100
train,japan_2009.hdf5,20090702125000
train,japan_2009.hdf5,20090708073800
train,japan_2009.hdf5,20090710090700
train,japan_2009.hdf5,20090712113600
train,japan_2009.hdf5,20090713042800
train,japan_2009.hdf5,20090714035700
train,japan_2009.hdf5,20090714141100
train,japan_2009.hdf5,20090715220100
train,japan_2009.hdf5,20090716051900
train,japan_2009.hdf5,20090718051600
train,japan_2009.hdf5,20090719104700
train,japan_2009.hdf5,20090721071200
train,japan_2009.hdf5,20090722035600
train,japan_2009.hdf5,20090722235100
train,japan_2009.hdf5,20090723004700
train,japan_2009.hdf5,20090727094400
train,japan_2009.hdf5,20090728053000
train,japan_2009.hdf5,20090728205200
train,japan_2009.hdf5,20090729212200
train,japan_2009.hdf5,20090801184500
train,japan_2009.hdf5,20090802005700
train,japan_2009.hdf5,20090802025400
train,japan_2009.hdf5,20090803041900
train,japan_2009.hdf5,20090803052300
train,japan_2009.hdf5,20090803141300
train,japan_2009.hdf5,20090803161900
train,japan_2009.hdf5,20090803201800
train,japan_2009.hdf5,20090804202600
train,japan_2009.hdf5,20090805074000
train,japan_2009.hdf5,20090805125100
train,japan_2009.hdf5,20090806112200
train,japan_2009.hdf5,20090806143900
train,japan_2009.hdf5,20090807134500
train,japan_2009.hdf5,20090808073000
train,japan_2009.hdf5,20090810032600
train,japan_2009.hdf5,20090811050700
train,japan_2009.hdf5,20090811060700
train,japan_2009.hdf5,20090811061300
train,japan_2009.hdf5,20090811062700
train,japan_2009.hdf5,20090811180900
train,japan_2009.hdf5,20090812175100
train,japan_2009.hdf5,20090813074900
train,japan_2009.hdf5,20090813124200
train,japan_2009.hdf5,20090813181100
train,japan_2009.hdf5,20090813181200
train,japan_2009.hdf5,20090813224700
train,japan_2009.hdf5,20090815194500
train,japan_2009.hdf5,20090815204700
train,japan_2009.hdf5,20090816140800
train,japan_2009.hdf5,20090816142700
train,japan_2009.hdf5,20090817022100
train,japan_2009.hdf5,20090817022300
train,japan_2009.hdf5,20090817204000
train,japan_2009.hdf5,20090818065900
train,japan_2009.hdf5,20090820230900
train,japan_2009.hdf5,20090821085100
train,japan_2009.hdf5,20090824044600
train,japan_2009.hdf5,20090824133000
train,japan_2009.hdf5,20090825022200
train,japan_2009.hdf5,20090825201900
train,japan_2009.hdf5,20090827174700
train,japan_2009.hdf5,20090829072400
train,japan_2009.hdf5,20090829153000
train,japan_2009.hdf5,20090831004600
train,japan_2009.hdf5,20090831211100
train,japan_2009.hdf5,20090901154900
train,japan_2009.hdf5,20090901184300
train,japan_2009.hdf5,20090901210200
train,japan_2009.hdf5,20090902045600
train,japan_2009.hdf5,20090902064000
train,japan_2009.hdf5,20090902130400
train,japan_2009.hdf5,20090904113000
train,japan_2009.hdf5,20090905105900
train,japan_2009.hdf5,20090905151400
train,japan_2009.hdf5,20090908012400
train,japan_2009.hdf5,20090908100200
train,japan_2009.hdf5,20090908223300
train,japan_2009.hdf5,20090910002100
train,japan_2009.hdf5,20090910003900
train,japan_2009.hdf5,20090910182900
train,japan_2009.hdf5,20090911140800
train,japan_2009.hdf5,20090912110100
train,japan_2009.hdf5,20090912155100
train,japan_2009.hdf5,20090913093700
train,japan_2009.hdf5,20090913173700
train,japan_2009.hdf5,20090915010700
train,japan_2009.hdf5,20090916064200
train,japan_2009.hdf5,20090916213800
train,japan_2009.hdf5,20090918153600
train,japan_2009.hdf5,20090919014600
train,japan_2009.hdf5,20090921101700
train,japan_2009.hdf5,20090922204000
train,japan_2009.hdf5,20090928120800
train,japan_2009.hdf5,20090929210300
train,japan_2009.hdf5,20090930022100
train,japan_2009.hdf5,20091001194300
train,japan_2009.hdf5,20091002104300
train,japan_2009.hdf5,20091003225700
train,japan_2009.hdf5,20091004022300
train,japan_2009.hdf5,20091004101200
train,japan_2009.hdf5,20091005093500
train,japan_2009.hdf5,20091005144500
train,japan_2009.hdf5,20091006074900
train,japan_2009.hdf5,20091010041400
train,japan_2009.hdf5,20091010174300
train,japan_2009.hdf5,20091011101200
train,japan_2009.hdf5,20091012161000
train,japan_2010.hdf5,20100104064400
train,japan_2010.hdf5,20100107053900
train,japan_2010.hdf5,20100108134600
train,japan_2010.hdf5,20100108155900
train,japan_2010.hdf5,20100109111200
train,japan_2010.hdf5,20100109230100
train,japan_2010.hdf5,20100110014400
train,japan_2010.hdf5,20100112084600
train,japan_2010.hdf5,20100113175400
train,japan_2010.hdf5,20100115034600
train,japan_2010.hdf5,20100116004500
train,japan_2010.hdf5,20100116070800
train,japan_2010.hdf5,20100117150400
train,japan_2010.hdf5,20100121025900
train,japan_2010.hdf5,20100121041800
train,japan_2010.hdf5,20100121085000
train,japan_2010.hdf5,20100122012500
train,japan_2010.hdf5,20100123023200
train,japan_2010.hdf5,20100124161900
train,japan_2010.hdf5,20100124221000
train,japan_2010.hdf5,20100125161500
train,japan_2010.hdf5,20100126223900
train,japan_2010.hdf5,20100127225800
train,japan_2010.hdf5,20100128083100
train,japan_2010.hdf5,20100129002500
train,japan_2010.hdf5,20100129002900
train,japan_2010.hdf5,20100129185300
train,japan_2010.hdf5,20100130014300
train,japan_2010.hdf5,20100130132900
train,japan_2010.hdf5,20100201074000
train,japan_2010.hdf5,20100202224800
train,japan_2010.hdf5,20100203230200
train,japan_2010.hdf5,20100205083900
train,japan_2010.hdf5,20100205224400
train,japan_2010.hdf5,20100207193300
train,japan_2010.hdf5,20100216073400
train,japan_2010.hdf5,20100217045900
train,japan_2010.hdf5,20100221095700
train,japan_2010.hdf5,20100221114900
train,japan_2010.hdf5,20100221181400
train,japan_2010.hdf5,20100222185300
train,japan_2010.hdf5,20100223220300
train,japan_2010.hdf5,20100225083500
train,japan_2010.hdf5,20100305064900
train,japan_2010.hdf5,20100306223100
train,japan_2010.hdf5,20100307142500
train,japan_2010.hdf5,20100307155800
train,japan_2010.hdf5,20100307223500
train,japan_2010.hdf5,20100311042100
train,japan_2010.hdf5,20100312160800
train,japan_2010.hdf5,20100312231200
train,japan_2010.hdf5,20100313214600
train,japan_2010.hdf5,20100314001500
train,japan_2010.hdf5,20100314170800
train,japan_2010.hdf5,20100316073000
train,japan_2010.hdf5,20100317192900
train,japan_2010.hdf5,20100319192700
train,japan_2010.hdf5,20100321010800
train,japan_2010.hdf5,20100321011900
train,japan_2010.hdf5,20100321132000
train,japan_2010.hdf5,20100324004600
train,japan_2010.hdf5,20100328034000
train,japan_2010.hdf5,20100329102900
train,japan_2010.hdf5,20100329201800
train,japan_2010.hdf5,20100331061800
train,japan_2010.hdf5,20100403203900
train,japan_2010.hdf5,20100404173500
train,japan_2010.hdf5,20100409034100
train,japan_2010.hdf5,20100409062700
train,japan_2010.hdf5,20100410164100
train,japan_2010.hdf5,20100412070200
train,japan_2010.hdf5,20100416161700
train,japan_2010.hdf5,20100416163800
train,japan_2010.hdf5,20100416213200
train,japan_2010.hdf5,20100417053500
train,japan_2010.hdf5,20100417061200
train,japan_2010.hdf5,20100418163300
train,japan_2010.hdf5,20100418231400
train,japan_2010.hdf5,20100422214500
train,japan_2010.hdf5,20100424201700
train,japan_2010.hdf5,20100426062300
train,japan_2010.hdf5,20100429072100
train,japan_2010.hdf5,20100429170100
train,japan_2010.hdf5,20100430075000
train,japan_2010.hdf5,20100430193300
train,japan_2010.hdf5,20100501182000
train,japan_2010.hdf5,20100502085900
train,japan_2010.hdf5,20100503000200
train,japan_2010.hdf5,20100505105900
train,japan_2010.hdf5,20100506201700
train,japan_2010.hdf5,20100507043800
train,japan_2010.hdf5,20100509133300
train,japan_2010.hdf5,20100510092500
train,japan_2010.hdf5,20100511171200
train,japan_2010.hdf5,20100511181800
train,japan_2010.hdf5,20100511193000
train,japan_2010.hdf5,20100511223700
train,japan_2010.hdf5,20100513200100
train,japan_2010.hdf5,20100514143400
train,japan_2010.hdf5,20100515182400
train,japan_2010.hdf5,20100601134900
train,japan_2010.hdf5,20100602024400
train,japan_2010.hdf5,20100603073900
train,japan_2010.hdf5,20100604184100
train,japan_2010.hdf5,20100605142200
train,japan_2010.hdf5,20100605193700
train,japan_2010.hdf5,20100606071900
train,japan_2010.hdf5,20100607074300
train,japan_2010.hdf5,20100607140100
train,japan_2010.hdf5,20100608194800
train,japan_2010.hdf5,20100609180000
train,japan_2010.hdf5,20100609224100
train,japan_2010.hdf5,20100611121800
train,japan_2010.hdf5,20100613123300
train,japan_2010.hdf5,20100613175800
train,japan_2010.hdf5,20100614214600
train,japan_2010.hdf5,20100616194400
train,japan_2010.hdf5,20100618062900
train,japan_2010.hdf5,20100619190100
train,japan_2010.hdf5,20100627152400
train,japan_2010.hdf5,20100628060300
train,japan_2010.hdf5,20100702165500
train,japan_2010.hdf5,20100702213000
train,japan_2010.hdf5,20100704043300
train,japan_2010.hdf5,20100704150300
train,japan_2010.hdf5,20100705065600
train,japan_2010.hdf5,20100706180300
train,japan_2010.hdf5,20100707090200
train,japan_2010.hdf5,20100708212300
train,japan_2010.hdf5,20100711110000
train,japan_2010.hdf5,20100712030900
train,japan_2010.hdf5,20100712041700
train,japan_2010.hdf5,20100713210000
train,japan_2010.hdf5,20100713212800
train,japan_2010.hdf5,20100714205500
train,japan_2010.hdf5,20100716061800
train,japan_2010.hdf5,20100716065700
train,japan_2010.hdf5,20100717190100
train,japan_2010.hdf5,20100721061900
train,japan_2010.hdf5,20100723060600
train,japan_2010.hdf5,20100723060800
train,japan_2010.hdf5,20100723142500
train,japan_2010.hdf5,20100726020400
train,japan_2010.hdf5,20100727083100
train,japan_2010.hdf5,20100727214800
train,japan_2010.hdf5,20100728080600
train,japan_2010.hdf5,20100730135100
train,japan_2010.hdf5,20100731062300
train,japan_2010.hdf5,20100731233700
train,japan_2010.hdf5,20100803030400
train,japan_2010.hdf5,20100803073100
train,japan_2010.hdf5,20100804061400
train,japan_2010.hdf5,20100804064300
train,japan_2010.hdf5,20100804175100
train,japan_2010.hdf5,20100804231100
train,japan_2010.hdf5,20100805083000
train,japan_2010.hdf5,20100805085300
train,japan_2010.hdf5,20100806134800
train,japan_2010.hdf5,20100807143100
train,japan_2010.hdf5,20100808010300
train,japan_2010.hdf5,20100808060800
train,japan_2010.hdf5,20100809190900
train,japan_2010.hdf5,20100810145000
train,japan_2010.hdf5,20100810212400
train,japan_2010.hdf5,20100813065200
train,japan_2010.hdf5,20100816000400
train,japan_2010.hdf5,20100820153400
train,japan_2010.hdf5,20100821232500
train,japan_2010.hdf5,20100826055400
train,japan_2010.hdf5,20100829101600
train,japan_2010.hdf5,20100829213100
train,japan_2010.hdf5,20100831113000
train,japan_2010.hdf5,20100901163300
train,japan_2010.hdf5,20100902174200
train,japan_2010.hdf5,20100904061500
train,japan_2010.hdf5,20100905220600
train,japan_2010.hdf5,20100906052800
train,japan_2010.hdf5,20100908194200
train,japan_2010.hdf5,20100908200600
train,japan_2010.hdf5,20100910093400
train,japan_2010.hdf5,20100911202400
train,japan_2010.hdf5,20100913144800
train,japan_2010.hdf5,20100914221100
train,japan_2010.hdf5,20100919214700
train,japan_2010.hdf5,20100920001600
train,japan_2010.hdf5,20100921042600
train,japan_2010.hdf5,20100921124200
train,japan_2010.hdf5,20100922053200
train,japan_2010.hdf5,20100924121900
train,japan_2010.hdf5,20100926011700
train,japan_2010.hdf5,20100927025500
train,japan_2010.hdf5,20100928011300
train,japan_2010.hdf5,20100928104400
train,japan_2010.hdf5,20100929033500
train,japan_2010.hdf5,20100929120200
train,japan_2010.hdf5,20100929170000
train,japan_2010.hdf5,20100929170600
train,japan_2011.hdf5,20110101080100
train,japan_2011.hdf5,20110102094200
train,japan_2011.hdf5,20110103041000
train,japan_2011.hdf5,20110103082200
train,japan_2011.hdf5,20110103131900
train,japan_2011.hdf5,20110103134500
train,japan_2011.hdf5,20110107180500
train,japan_2011.hdf5,20110109112100
train,japan_2011.hdf5,20110109214200
train,japan_2011.hdf5,20110111031200
train,japan_2011.hdf5,20110112010100
train,japan_2011.hdf5,20110112052000
train,japan_2011.hdf5,20110116203300
train,japan_2011.hdf5,20110117161400
train,japan_2011.hdf5,20110120222000
train,japan_2011.hdf5,20110122144900
train,japan_2011.hdf5,20110125142400
train,japan_2011.hdf5,20110128164100
train,japan_2011.hdf5,20110128224900
train,japan_2011.hdf5,20110131080300
train,japan_2011.hdf5,20110131172200
train,japan_2011.hdf5,20110204181100
train,japan_2011.hdf5,20110205065900
train,japan_2011.hdf5,20110205105600
train,japan_2011.hdf5,20110206072500
train,japan_2011.hdf5,20110207003600
train,japan_2011.hdf5,20110209225200
train,japan_2011.hdf5,20110210001600
train,japan_2011.hdf5,20110210121100
train,japan_2011.hdf5,20110210132000
train,japan_2011.hdf5,20110210220300
train,japan_2011.hdf5,20110211185900
train,japan_2011.hdf5,20110213062500
train,japan_2011.hdf5,20110213121400
train,japan_2011.hdf5,20110216103000
train,japan_2011.hdf5,20110216151700
train,japan_2011.hdf5,20110216181400
train,japan_2011.hdf5,20110218082600
train,japan_2011.hdf5,20110219220500
train,japan_2011.hdf5,20110220081700
train,japan_2011.hdf5,20110221154600
train,japan_2011.hdf5,20110221203400
train,japan_2011.hdf5,20110222125000
train,japan_2011.hdf5,20110226041200
train,japan_2011.hdf5,20110226163400
train,japan_2011.hdf5,20110226185700
train,japan_2011.hdf5,20110227003800
train,japan_2011.hdf5,20110227021900
train,japan_2011.hdf5,20110227022300
train,japan_2011.hdf5,20110227025900
train,japan_2011.hdf5,20110227053800
train,japan_2011.hdf5,20110227054400
train,japan_2011.hdf5,20110227094800
train,japan_2011.hdf5,20110227110500
train,japan_2011.hdf5,20110227112200
train,japan_2011.hdf5,20110227214700
train,japan_2011.hdf5,20110228040300
train,japan_2011.hdf5,20110228090400
train,japan_2011.hdf5,20110228113200
train,japan_2011.hdf5,20110301165000
train,japan_2011.hdf5,20110301231200
train,japan_2011.hdf5,20110307051000
train,japan_2011.hdf5,20110309114500
train,japan_2011.hdf5,20110309115700
train,japan_2011.hdf5,20110309130100
train,japan_2011.hdf5,20110309130500
train,japan_2011.hdf5,20110309133700
train,japan_2011.hdf5,20110309134500
train,japan_2011.hdf5,20110309170200
train,japan_2011.hdf5,20110310031600
train,japan_2011.hdf5,20110310062400
train,japan_2011.hdf5,20110311031400
train,japan_2011.hdf5,20110311144600
train,japan_2011.hdf5,20110311145100
train,japan_2011.hdf5,20110311145400
train,japan_2011.hdf5,20110311145800
train,japan_2011.hdf5,20110311150600
train,japan_2011.hdf5,20110311150800
train,japan_2011.hdf5,20110311150900
train,japan_2011.hdf5,20110311151300
train,japan_2011.hdf5,20110311151500
train,japan_2011.hdf5,20110311162900
train,japan_2011.hdf5,20110311163000
train,japan_2011.hdf5,20110311174100
train,japan_2011.hdf5,20110311203700
train,japan_2011.hdf5,20110312035900
train,japan_2011.hdf5,20110312043200
train,japan_2011.hdf5,20110312044400
train,japan_2011.hdf5,20110312044500
train,japan_2011.hdf5,20110312044700
train,japan_2011.hdf5,20110312054200
train,japan_2011.hdf5,20110312061100
train,japan_2011.hdf5,20110312063000
train,japan_2011.hdf5,20110312063430
train,japan_2011.hdf5,20110312070100
train,japan_2011.hdf5,20110312071400
train,japan_2011.hdf5,20110312071800
train,japan_2011.hdf5,20110312081100
train,japan_2011.hdf5,20110312083200
train,japan_2011.hdf5,20110312101400
train,japan_2011.hdf5,20110312104200
train,japan_2011.hdf5,20110312145500
train,japan_2011.hdf5,20110312151900
train,japan_2011.hdf5,20110312190800
train,japan_2011.hdf5,20110312195300
train,japan_2011.hdf5,20110312221500
train,japan_2011.hdf5,20110312233500
train,japan_2011.hdf5,20110312234300
train,japan_2011.hdf5,20110313030900
train,japan_2011.hdf5,20110313082500
train,japan_2011.hdf5,20110313102600
train,japan_2011.hdf5,20110313123100
train,japan_2011.hdf5,20110313232800
train,japan_2011.hdf5,20110314100200
train,japan_2011.hdf5,20110314151300
train,japan_2011.hdf5,20110314151800
train,japan_2011.hdf5,20110314153800
train,japan_2011.hdf5,20110314155200
train,japan_2011.hdf5,20110315223100
train,japan_2011.hdf5,20110315224000
train,japan_2011.hdf5,20110316033300
train,japan_2011.hdf5,20110316125200
train,japan_2011.hdf5,20110316131400
train,japan_2011.hdf5,20110316223900
train,japan_2011.hdf5,20110316234600
train,japan_2011.hdf5,20110317131400
train,japan_2011.hdf5,20110317213200
train,japan_2011.hdf5,20110317215500
train,japan_2011.hdf5,20110318170100
train,japan_2011.hdf5,20110319083300
train,japan_2011.hdf5,20110319084900
train,japan_2011.hdf5,20110319185600
train,japan_2011.hdf5,20110320103000
train,japan_2011.hdf5,20110320210300
train,japan_2011.hdf5,20110321045400
train,japan_2011.hdf5,20110322123800
train,japan_2011.hdf5,20110322161900
train,japan_2011.hdf5,20110322181900
train,japan_2011.hdf5,20110323004900
train,japan_2011.hdf5,20110323071200
train,japan_2011.hdf5,20110323073400
train,japan_2011.hdf5,20110323073600
train,japan_2011.hdf5,20110323185500
train,japan_2011.hdf5,20110324053300
train,japan_2011.hdf5,20110324085600
train,japan_2011.hdf5,20110324172100
train,japan_2011.hdf5,20110325203600
train,japan_2011.hdf5,20110326191800
train,japan_2011.hdf5,20110326223300
train,japan_2011.hdf5,20110326231100
train,japan_2011.hdf5,20110327053600
train,japan_2011.hdf5,20110328072400
train,japan_2011.hdf5,20110329195400
train,japan_2011.hdf5,20110330221900
train,japan_2011.hdf5,20110331161500
train,japan_2011.hdf5,20110401022100
train,japan_2011.hdf5,20110401071700
train,japan_2011.hdf5,20110401082200
train,japan_2011.hdf5,20110401194900
train,japan_2011.hdf5,20110401202400
train,japan_2011.hdf5,20110401205800
train,japan_2011.hdf5,20110402041900
train,japan_2011.hdf5,20110402050000
train,japan_2011.hdf5,20110402114500
train,japan_2011.hdf5,20110402124800
train,japan_2011.hdf5,20110402130800
train,japan_2011.hdf5,20110402140800
train,japan_2011.hdf5,20110402143300
train,japan_2011.hdf5,20110402165600
train,japan_2011.hdf5,20110402192200
train,japan_2011.hdf5,20110402233800
train,japan_2011.hdf5,20110403014300
train,japan_2011.hdf5,20110403105400
train,japan_2011.hdf5,20110403114900
train,japan_2011.hdf5,20110403133600
train,japan_2011.hdf5,20110403152300
train,japan_2011.hdf5,20110403163800
train,japan_2011.hdf5,20110403215700
train,japan_2011.hdf5,20110403232000
train,japan_2011.hdf5,20110403235300
train,japan_2011.hdf5,20110403235500
train,japan_2011.hdf5,20110404174200
train,japan_2011.hdf5,20110404182900
train,japan_2011.hdf5,20110404204600
train,japan_2011.hdf5,20110405041400
train,japan_2011.hdf5,20110405043000
train,japan_2011.hdf5,20110405054400
train,japan_2011.hdf5,20110405102900
train,japan_2011.hdf5,20110405132500
train,japan_2011.hdf5,20110405133200
train,japan_2011.hdf5,20110405180800
train,japan_2011.hdf5,20110405234100
train,japan_2011.hdf5,20110406062400
train,japan_2011.hdf5,20110406070200
train,japan_2011.hdf5,20110406190900
train,japan_2011.hdf5,20110406204900
train,japan_2011.hdf5,20110406215600
train,japan_2011.hdf5,20110406225500
train,japan_2011.hdf5,20110407012500
train,japan_2011.hdf5,20110407114000
train,japan_2011.hdf5,20110407195200
train,japan_2011.hdf5,20110407234900
train,japan_2011.hdf5,20110408044600
train,japan_2011.hdf5,20110408054700
train,japan_2011.hdf5,20110408083900
train,japan_2011.hdf5,20110408115700
train,japan_2011.hdf5,20110408184000
train,japan_2011.hdf5,20110409003900
train,japan_2011.hdf5,20110409034200
train,japan_2011.hdf5,20110409035300
train,japan_2011.hdf5,20110409035700
train,japan_2011.hdf5,20110409115900
train,japan_2011.hdf5,20110409123300
train,japan_2011.hdf5,20110409162800
train,japan_2011.hdf5,20110409170200
train,japan_2011.hdf5,20110409180100
train,japan_2011.hdf5,20110409184200
train,japan_2011.hdf5,20110409214700
train,japan_2011.hdf5,20110410062300
train,japan_2011.hdf5,20110410175200
train,japan_2011.hdf5,20110410202200
train,japan_2011.hdf5,20110411000700
train,japan_2011.hdf5,20110411005000
train,japan_2011.hdf5,20110411012100
train,japan_2011.hdf5,20110411024500
train,japan_2011.hdf5,20110411051900
train,japan_2011.hdf5,20110411052000
train,japan_2011.hdf5,20110411063600
train,japan_2011.hdf5,20110411090000
train,japan_2011.hdf5,20110411093400
train,japan_2011.hdf5,20110411102600
train,japan_2011.hdf5,20110411110000
train,japan_2011.hdf5,20110411130500
train,japan_2011.hdf5,20110411135100
train,japan_2011.hdf5,20110411141100
train,japan_2011.hdf5,20110411145900
train,japan_2011.hdf5,20110411150000
train,japan_2011.hdf5,20110411160600
train,japan_2011.hdf5,20110411162900
train,japan_2011.hdf5,20110411171600
train,japan_2011.hdf5,20110411171900
train,japan_2011.hdf5,20110411172600
train,japan_2011.hdf5,20110411175800
train,japan_2011.hdf5,20110411175900
train,japan_2011.hdf5,20110411180300
train,japan_2011.hdf5,20110411180500
train,japan_2011.hdf5,20110411183600
train,japan_2011.hdf5,20110411204200
train,japan_2011.hdf5,20110411220500
train,japan_2011.hdf5,20110411224600
train,japan_2011.hdf5,20110412002100
train,japan_2011.hdf5,20110412004300
train,japan_2011.hdf5,20110412005500
train,japan_2011.hdf5,20110412005700
train,japan_2011.hdf5,20110412011900
train,japan_2011.hdf5,20110412014900
train,japan_2011.hdf5,20110412021800
train,japan_2011.hdf5,20110412022100
train,japan_2011.hdf5,20110412031500
train,japan_2011.hdf5,20110412032700
train,japan_2011.hdf5,20110412044300
train,japan_2011.hdf5,20110412050300
train,japan_2011.hdf5,20110412052700
train,japan_2011.hdf5,20110412060300
train,japan_2011.hdf5,20110412070300
train,japan_2011.hdf5,20110412072600
train,japan_2011.hdf5,20110412073200
train,japan_2011.hdf5,20110412080200
train,japan_2011.hdf5,20110412080300
train,japan_2011.hdf5,20110412080800
train,japan_2011.hdf5,20110412082400
train,japan_2011.hdf5,20110412084600
train,japan_2011.hdf5,20110412084800
train,japan_2011.hdf5,20110412090900
train,japan_2011.hdf5,20110412091300
train,japan_2011.hdf5,20110412092000
train,japan_2011.hdf5,20110412092100
train,japan_2011.hdf5,20110412094630
train,japan_2011.hdf5,20110412102300
train,japan_2011.hdf5,20110412103000
train,japan_2011.hdf5,20110412103300
train,japan_2011.hdf5,20110412111300
train,japan_2011.hdf5,20110412112300
train,japan_2011.hdf5,20110412122000
train,japan_2011.hdf5,20110412122030
train,japan_2011.hdf5,20110412135900
train,japan_2011.hdf5,20110412140700
train,japan_2011.hdf5,20110412141200
train,japan_2011.hdf5,20110412141500
train,japan_2011.hdf5,20110412142600
train,japan_2011.hdf5,20110412143200
train,japan_2011.hdf5,20110412161500
train,japan_2011.hdf5,20110412164700
train,japan_2011.hdf5,20110412171400
train,japan_2011.hdf5,20110412174800
train,japan_2011.hdf5,20110412181400
train,japan_2011.hdf5,20110412191500
train,japan_2011.hdf5,20110412200000
train,japan_2011.hdf5,20110412204700
train,japan_2011.hdf5,20110412220700
train,japan_2011.hdf5,20110412234800
train,japan_2011.hdf5,20110412235500
train,japan_2011.hdf5,20110413015900
train,japan_2011.hdf5,20110413034700
train,japan_2011.hdf5,20110413040200
train,japan_2011.hdf5,20110413043400
train,japan_2011.hdf5,20110413043700
train,japan_2011.hdf5,20110413083600
train,japan_2011.hdf5,20110413085400
train,japan_2011.hdf5,20110413100800
train,japan_2011.hdf5,20110413145200
train,japan_2011.hdf5,20110413215800
train,japan_2011.hdf5,20110413215830
train,japan_2011.hdf5,20110414045700
train,japan_2011.hdf5,20110414053900
train,japan_2011.hdf5,20110414064300
train,japan_2011.hdf5,20110414073500
train,japan_2011.hdf5,20110414100600
train,japan_2011.hdf5,20110414120900
train,japan_2011.hdf5,20110414163200
train,japan_2011.hdf5,20110414200200
train,japan_2011.hdf5,20110414202400
train,japan_2011.hdf5,20110414204600
train,japan_2011.hdf5,20110414212400
train,japan_2011.hdf5,20110415031500
train,japan_2011.hdf5,20110415050000
train,japan_2011.hdf5,20110415083200
train,japan_2011.hdf5,20110415121000
train,japan_2011.hdf5,20110415215300
train,japan_2011.hdf5,20110415224400
train,japan_2011.hdf5,20110415233400
train,japan_2011.hdf5,20110416111900
train,japan_2011.hdf5,20110416132000
train,japan_2011.hdf5,20110416162900
train,japan_2011.hdf5,20110416183400
train,japan_2011.hdf5,20110417005600
train,japan_2011.hdf5,20110417051900
train,japan_2011.hdf5,20110417052100
train,japan_2011.hdf5,20110417103800
train,japan_2011.hdf5,20110417132400
train,japan_2011.hdf5,20110417133900
train,japan_2011.hdf5,20110417143800
train,japan_2011.hdf5,20110417154900
train,japan_2011.hdf5,20110417170300
train,japan_2011.hdf5,20110417215100
train,japan_2011.hdf5,20110417231000
train,japan_2011.hdf5,20110417234600
train,japan_2011.hdf5,20110418004700
train,japan_2011.hdf5,20110418030900
train,japan_2011.hdf5,20110418033300
train,japan_2011.hdf5,20110418110800
train,japan_2011.hdf5,20110418130700
train,japan_2011.hdf5,20110418170200
train,japan_2011.hdf5,20110418171600
train,japan_2011.hdf5,20110419000700
train,japan_2011.hdf5,20110419004300
train,japan_2011.hdf5,20110419022600
train,japan_2011.hdf5,20110419023700
train,japan_2011.hdf5,20110419041400
train,japan_2011.hdf5,20110419063400
train,japan_2011.hdf5,20110419075700
train,japan_2011.hdf5,20110419084700
train,japan_2011.hdf5,20110419094600
train,japan_2011.hdf5,20110419121100
train,japan_2011.hdf5,20110419155300
train,japan_2011.hdf5,20110419213400
train,japan_2011.hdf5,20110419215500
train,japan_2011.hdf5,20110419231000
train,japan_2011.hdf5,20110419234700
train,japan_2011.hdf5,20110420023500
train,japan_2011.hdf5,20110420040200
train,japan_2011.hdf5,20110420042900
train,japan_2011.hdf5,20110420063800
train,japan_2011.hdf5,20110420080700
train,japan_2011.hdf5,20110420095000
train,japan_2011.hdf5,20110420173000
train,japan_2011.hdf5,20110420182700
train,japan_2011.hdf5,20110421002900
train,japan_2011.hdf5,20110421002930
train,japan_2011.hdf5,20110421013300
train,japan_2011.hdf5,20110421034100
train,japan_2011.hdf5,20110421042500
train,japan_2011.hdf5,20110421053200
train,japan_2011.hdf5,20110421055100
train,japan_2011.hdf5,20110421171800
train,japan_2011.hdf5,20110421223700
train,japan_2011.hdf5,20110421224700
train,japan_2011.hdf5,20110421225400
train,japan_2011.hdf5,20110422000600
train,japan_2011.hdf5,20110422011100
train,japan_2011.hdf5,20110422034400
train,japan_2011.hdf5,20110422035500
train,japan_2011.hdf5,20110422153500
train,japan_2011.hdf5,20110423002500
train,japan_2011.hdf5,20110423063300
train,japan_2011.hdf5,20110423081500
train,japan_2011.hdf5,20110423153000
train,japan_2011.hdf5,20110423191300
train,japan_2011.hdf5,20110423200700
train,japan_2011.hdf5,20110423205100
train,japan_2011.hdf5,20110423233100
train,japan_2011.hdf5,20110424122500
train,japan_2011.hdf5,20110424190900
train,japan_2011.hdf5,20110425024800
train,japan_2011.hdf5,20110425060600
train,japan_2011.hdf5,20110425180000
train,japan_2011.hdf5,20110425235100
train,japan_2011.hdf5,20110426052400
train,japan_2011.hdf5,20110426061600
train,japan_2011.hdf5,20110426082600
train,japan_2011.hdf5,20110426130100
train,japan_2011.hdf5,20110426211200
train,japan_2011.hdf5,20110427021700
train,japan_2011.hdf5,20110427075600
train,japan_2011.hdf5,20110427095500
train,japan_2011.hdf5,20110427125500
train,japan_2011.hdf5,20110427130300
train,japan_2011.hdf5,20110427132300
train,japan_2011.hdf5,20110427151500
train,japan_2011.hdf5,20110427160300
train,japan_2011.hdf5,20110427192700
train,japan_2011.hdf5,20110427212700
train,japan_2011.hdf5,20110428064500
train,japan_2011.hdf5,20110428070000
train,japan_2011.hdf5,20110428104400
train,japan_2011.hdf5,20110428182800
train,japan_2011.hdf5,20110428213900
train,japan_2011.hdf5,20110429021800
train,japan_2011.hdf5,20110429070400
train,japan_2011.hdf5,20110429072200
train,japan_2011.hdf5,20110429090000
train,japan_2011.hdf5,20110429130000
train,japan_2011.hdf5,20110429133800
train,japan_2011.hdf5,20110429144500
train,japan_2011.hdf5,20110429155400
train,japan_2011.hdf5,20110429172900
train,japan_2011.hdf5,20110429193100
train,japan_2011.hdf5,20110429233300
train,japan_2011.hdf5,20110430020400
train,japan_2011.hdf5,20110430052100
train,japan_2011.hdf5,20110430061100
train,japan_2011.hdf5,20110430071900
train,japan_2011.hdf5,20110430105400
train,japan_2011.hdf5,20110430140600
train,japan_2011.hdf5,20110430142900
train,japan_2011.hdf5,20110430144700
train,japan_2011.hdf5,20110430150400
train,japan_2011.hdf5,20110430171800
train,japan_2011.hdf5,20110430215700
train,japan_2011.hdf5,20110501021200
train,japan_2011.hdf5,20110501080800
train,japan_2011.hdf5,20110501082400
train,japan_2011.hdf5,20110501090200
train,japan_2011.hdf5,20110501102700
train,japan_2011.hdf5,20110501104500
train,japan_2011.hdf5,20110501105600
train,japan_2011.hdf5,20110501114800
train,japan_2011.hdf5,20110501122600
train,japan_2011.hdf5,20110501123700
train,japan_2011.hdf5,20110501140600
train,japan_2011.hdf5,20110501160400
train,japan_2011.hdf5,20110501183200
train,japan_2011.hdf5,20110501183600
train,japan_2011.hdf5,20110501192200
train,japan_2011.hdf5,20110502045900
train,japan_2011.hdf5,20110502093800
train,japan_2011.hdf5,20110502094900
train,japan_2011.hdf5,20110502110900
train,japan_2011.hdf5,20110502121700
train,japan_2011.hdf5,20110502150900
train,japan_2011.hdf5,20110502154400
train,japan_2011.hdf5,20110502165500
train,japan_2011.hdf5,20110502185200
train,japan_2011.hdf5,20110502202900
train,japan_2011.hdf5,20110502213600
train,japan_2011.hdf5,20110503050100
train,japan_2011.hdf5,20110503051500
train,japan_2011.hdf5,20110503053100
train,japan_2011.hdf5,20110503062600
train,japan_2011.hdf5,20110503111300
train,japan_2011.hdf5,20110503142600
train,japan_2011.hdf5,20110503204400
train,japan_2011.hdf5,20110503223600
train,japan_2011.hdf5,20110503225700
train,japan_2011.hdf5,20110504041500
train,japan_2011.hdf5,20110504070100
train,japan_2011.hdf5,20110504104300
train,japan_2011.hdf5,20110504144100
train,japan_2011.hdf5,20110504161300
train,japan_2011.hdf5,20110504174700
train,japan_2011.hdf5,20110504204300
train,japan_2011.hdf5,20110504221800
train,japan_2011.hdf5,20110505000900
train,japan_2011.hdf5,20110505012900
train,japan_2011.hdf5,20110505032200
train,japan_2011.hdf5,20110505140600
train,japan_2011.hdf5,20110505192000
train,japan_2011.hdf5,20110505200200
train,japan_2011.hdf5,20110505222300
train,japan_2011.hdf5,20110505233300
train,japan_2011.hdf5,20110505235800
train,japan_2011.hdf5,20110506020400
train,japan_2011.hdf5,20110506030600
train,japan_2011.hdf5,20110506033200
train,japan_2011.hdf5,20110506065500
train,japan_2011.hdf5,20110506073700
train,japan_2011.hdf5,20110506074600
train,japan_2011.hdf5,20110506141500
train,japan_2011.hdf5,20110506165600
train,japan_2011.hdf5,20110506180000
train,japan_2011.hdf5,20110507133500
train,japan_2011.hdf5,20110507141600
train,japan_2011.hdf5,20110507202400
train,japan_2011.hdf5,20110507214700
train,japan_2011.hdf5,20110507220000
train,japan_2011.hdf5,20110507232500
train,japan_2011.hdf5,20110508050300
train,japan_2011.hdf5,20110508055200
train,japan_2011.hdf5,20110508062400
train,japan_2011.hdf5,20110508071100
train,japan_2011.hdf5,20110508115600
train,japan_2011.hdf5,20110508135300
train,japan_2011.hdf5,20110508194300
train,japan_2011.hdf5,20110509002000
train,japan_2011.hdf5,20110509042200
train,japan_2011.hdf5,20110509062800
train,japan_2011.hdf5,20110509090000
train,japan_2011.hdf5,20110509195300
train,japan_2011.hdf5,20110509210800
train,japan_2011.hdf5,20110510083800
train,japan_2011.hdf5,20110510085200
train,japan_2011.hdf5,20110510180200
train,japan_2011.hdf5,20110510230100
train,japan_2011.hdf5,20110511020200
train,japan_2011.hdf5,20110511032400
train,japan_2011.hdf5,20110511042200
train,japan_2011.hdf5,20110511045800
train,japan_2011.hdf5,20110511052400
train,japan_2011.hdf5,20110511095000
train,japan_2011.hdf5,20110511135100
train,japan_2011.hdf5,20110511205200
train,japan_2011.hdf5,20110512014000
train,japan_2011.hdf5,20110512032000
train,japan_2011.hdf5,20110512032100
train,japan_2011.hdf5,20110512214100
train,japan_2011.hdf5,20110513002600
train,japan_2011.hdf5,20110513012100
train,japan_2011.hdf5,20110513055200
train,japan_2011.hdf5,20110513073600
train,japan_2011.hdf5,20110513083500
train,japan_2011.hdf5,20110513172600
train,japan_2011.hdf5,20110513225100
train,japan_2011.hdf5,20110513225400
train,japan_2011.hdf5,20110514012800
train,japan_2011.hdf5,20110514064900
train,japan_2011.hdf5,20110514083600
train,japan_2011.hdf5,20110514084000
train,japan_2011.hdf5,20110514084300
train,japan_2011.hdf5,20110514092500
train,japan_2011.hdf5,20110514234900
train,japan_2011.hdf5,20110515000100
train,japan_2011.hdf5,20110515014500
train,japan_2011.hdf5,20110515073000
train,japan_2011.hdf5,20110515085100
train,japan_2011.hdf5,20110515131200
train,japan_2011.hdf5,20110515165600
train,japan_2011.hdf5,20110515185600
train,japan_2011.hdf5,20110515213200
train,japan_2011.hdf5,20110515220300
train,japan_2011.hdf5,20110516040700
train,japan_2011.hdf5,20110516065800
train,japan_2011.hdf5,20110516122000
train,japan_2011.hdf5,20110516180500
train,japan_2011.hdf5,20110517005300
train,japan_2011.hdf5,20110517030500
train,japan_2011.hdf5,20110517061400
train,japan_2011.hdf5,20110517071400
train,japan_2011.hdf5,20110517100300
train,japan_2011.hdf5,20110517135400
train,japan_2011.hdf5,20110517224100
train,japan_2011.hdf5,20110518043400
train,japan_2011.hdf5,20110518075300
train,japan_2011.hdf5,20110518162400
train,japan_2011.hdf5,20110518181100
train,japan_2011.hdf5,20110518204800
train,japan_2011.hdf5,20110518223200
train,japan_2011.hdf5,20110519053900
train,japan_2011.hdf5,20110519121200
train,japan_2011.hdf5,20110519124100
train,japan_2011.hdf5,20110519173200
train,japan_2011.hdf5,20110519185800
train,japan_2011.hdf5,20110519211200
train,japan_2011.hdf5,20110520091000
train,japan_2011.hdf5,20110520094600
train,japan_2011.hdf5,20110520125000
train,japan_2011.hdf5,20110520162800
train,japan_2011.hdf5,20110520175300
train,japan_2011.hdf5,20110520201600
train,japan_2011.hdf5,20110520204200
train,japan_2011.hdf5,20110521010400
train,japan_2011.hdf5,20110521052000
train,japan_2011.hdf5,20110521052200
train,japan_2011.hdf5,20110521124000
train,japan_2011.hdf5,20110521143500
train,japan_2011.hdf5,20110521152500
train,japan_2011.hdf5,20110521175100
train,japan_2011.hdf5,20110521192400
train,japan_2011.hdf5,20110521194200
train,japan_2011.hdf5,20110522000300
train,japan_2011.hdf5,20110522021700
train,japan_2011.hdf5,20110522070600
train,japan_2011.hdf5,20110522073200
train,japan_2011.hdf5,20110523011800
train,japan_2011.hdf5,20110523063900
train,japan_2011.hdf5,20110523122600
train,japan_2011.hdf5,20110523142000
train,japan_2011.hdf5,20110524085600
train,japan_2011.hdf5,20110524144300
train,japan_2011.hdf5,20110524170300
train,japan_2011.hdf5,20110524191800
train,japan_2011.hdf5,20110524204900
train,japan_2011.hdf5,20110524205000
train,japan_2011.hdf5,20110525013100
train,japan_2011.hdf5,20110525053600
train,japan_2011.hdf5,20110525073800
train,japan_2011.hdf5,20110525080300
train,japan_2011.hdf5,20110525091900
train,japan_2011.hdf5,20110525172700
train,japan_2011.hdf5,20110525232000
train,japan_2011.hdf5,20110526155700
train,japan_2011.hdf5,20110526195600
train,japan_2011.hdf5,20110526201200
train,japan_2011.hdf5,20110527000400
train,japan_2011.hdf5,20110527021900
train,japan_2011.hdf5,20110527045000
train,japan_2011.hdf5,20110527123400
train,japan_2011.hdf5,20110527170400
train,japan_2011.hdf5,20110527223300
train,japan_2011.hdf5,20110527225100
train,japan_2011.hdf5,20110527233900
train,japan_2011.hdf5,20110528033300
train,japan_2011.hdf5,20110528080200
train,japan_2011.hdf5,20110528105700
train,japan_2011.hdf5,20110528111400
train,japan_2011.hdf5,20110528160300
train,japan_2011.hdf5,20110528205500
train,japan_2011.hdf5,20110528225400
train,japan_2011.hdf5,20110529005200
train,japan_2011.hdf5,20110529025900
train,japan_2011.hdf5,20110529035200
train,japan_2011.hdf5,20110529051800
train,japan_2011.hdf5,20110529060400
train,japan_2011.hdf5,20110529085100
train,japan_2011.hdf5,20110529090300
train,japan_2011.hdf5,20110529104200
train,japan_2011.hdf5,20110529112700
train,japan_2011.hdf5,20110529115500
train,japan_2011.hdf5,20110529124300
train,japan_2011.hdf5,20110529132300
train,japan_2011.hdf5,20110529134400
train,japan_2011.hdf5,20110529184000
train,japan_2011.hdf5,20110529184900
train,japan_2011.hdf5,20110529202900
train,japan_2011.hdf5,20110530065500
train,japan_2011.hdf5,20110530142100
train,japan_2011.hdf5,20110530142800
train,japan_2011.hdf5,20110531043600
train,japan_2011.hdf5,20110531053900
train,japan_2011.hdf5,20110531161200
train,japan_2011.hdf5,20110531165000
train,japan_2011.hdf5,20110531212800
train,japan_2011.hdf5,20110601014100
train,japan_2011.hdf5,20110601021500
train,japan_2011.hdf5,20110601082000
train,japan_2011.hdf5,20110601085300
train,japan_2011.hdf5,20110601171800
train,japan_2011.hdf5,20110601183300
train,japan_2011.hdf5,20110602013900
train,japan_2011.hdf5,20110602033700
train,japan_2011.hdf5,20110602092900
train,japan_2011.hdf5,20110602102800
train,japan_2011.hdf5,20110602111500
train,japan_2011.hdf5,20110602113300
train,japan_2011.hdf5,20110602125100
train,japan_2011.hdf5,20110602144700
train,japan_2011.hdf5,20110602160100
train,japan_2011.hdf5,20110602210000
train,japan_2011.hdf5,20110602234100
train,japan_2011.hdf5,20110603011400
train,japan_2011.hdf5,20110603090500
train,japan_2011.hdf5,20110603103300
train,japan_2011.hdf5,20110603214400
train,japan_2011.hdf5,20110604010000
train,japan_2011.hdf5,20110604015700
train,japan_2011.hdf5,20110604020300
train,japan_2011.hdf5,20110604035600
train,japan_2011.hdf5,20110604090300
train,japan_2011.hdf5,20110604104100
train,japan_2011.hdf5,20110604120000
train,japan_2011.hdf5,20110604123300
train,japan_2011.hdf5,20110604123700
train,japan_2011.hdf5,20110604152900
train,japan_2011.hdf5,20110605013700
train,japan_2011.hdf5,20110605061400
train,japan_2011.hdf5,20110605091600
train,japan_2011.hdf5,20110605100600
train,japan_2011.hdf5,20110605102200
train,japan_2011.hdf5,20110605194600
train,japan_2011.hdf5,20110605201600
train,japan_2011.hdf5,20110606120000
train,japan_2011.hdf5,20110606192400
train,japan_2011.hdf5,20110607051000
train,japan_2011.hdf5,20110607130200
train,japan_2011.hdf5,20110608063600
train,japan_2011.hdf5,20110608080900
train,japan_2011.hdf5,20110609071100
train,japan_2011.hdf5,20110609133300
train,japan_2011.hdf5,20110609193800
train,japan_2011.hdf5,20110610004000
train,japan_2011.hdf5,20110610031600
train,japan_2011.hdf5,20110610171800
train,japan_2011.hdf5,20110610223900
train,japan_2011.hdf5,20110611004000
train,japan_2011.hdf5,20110611062300
train,japan_2011.hdf5,20110611073600
train,japan_2011.hdf5,20110611082000
train,japan_2011.hdf5,20110611110800
train,japan_2011.hdf5,20110611151800
train,japan_2011.hdf5,20110611153400
train,japan_2011.hdf5,20110612050900
train,japan_2011.hdf5,20110612093700
train,japan_2011.hdf5,20110612170900
train,japan_2011.hdf5,20110613033100
train,japan_2011.hdf5,20110613052200
train,japan_2011.hdf5,20110613164400
train,japan_2011.hdf5,20110614055900
train,japan_2011.hdf5,20110614214900
train,japan_2011.hdf5,20110614220700
train,japan_2011.hdf5,20110614235600
train,japan_2011.hdf5,20110615015100
train,japan_2011.hdf5,20110615025400
train,japan_2011.hdf5,20110615081500
train,japan_2011.hdf5,20110615214800
train,japan_2011.hdf5,20110616001600
train,japan_2011.hdf5,20110616003600
train,japan_2011.hdf5,20110616005600
train,japan_2011.hdf5,20110616155300
train,japan_2011.hdf5,20110616233200
train,japan_2011.hdf5,20110616233800
train,japan_2011.hdf5,20110617040000
train,japan_2011.hdf5,20110617125000
train,japan_2011.hdf5,20110617210900
train,japan_2011.hdf5,20110618044800
train,japan_2011.hdf5,20110618051300
train,japan_2011.hdf5,20110618104000
train,japan_2011.hdf5,20110618133300
train,japan_2011.hdf5,20110618133900
train,japan_2011.hdf5,20110618181200
train,japan_2011.hdf5,20110618185700
train,japan_2011.hdf5,20110618203100
train,japan_2011.hdf5,20110619040100
train,japan_2011.hdf5,20110619041000
train,japan_2011.hdf5,20110619041700
train,japan_2011.hdf5,20110619061400
train,japan_2011.hdf5,20110619061500
train,japan_2011.hdf5,20110619154100
train,japan_2011.hdf5,20110619155200
train,japan_2011.hdf5,20110619174600
train,japan_2011.hdf5,20110620004900
train,japan_2011.hdf5,20110620031300
train,japan_2011.hdf5,20110620035800
train,japan_2011.hdf5,20110620045000
train,japan_2011.hdf5,20110620061700
train,japan_2011.hdf5,20110620065500
train,japan_2011.hdf5,20110620104600
train,japan_2011.hdf5,20110621072600
train,japan_2011.hdf5,20110621134000
train,japan_2011.hdf5,20110621141700
train,japan_2011.hdf5,20110621174900
train,japan_2011.hdf5,20110621185100
train,japan_2011.hdf5,20110621233000
train,japan_2011.hdf5,20110622052600
train,japan_2011.hdf5,20110622061500
train,japan_2011.hdf5,20110622065200
train,japan_2011.hdf5,20110622103900
train,japan_2011.hdf5,20110622121700
train,japan_2011.hdf5,20110622191600
train,japan_2011.hdf5,20110622232900
train,japan_2011.hdf5,20110623031900
train,japan_2011.hdf5,20110623035600
train,japan_2011.hdf5,20110623065100
train,japan_2011.hdf5,20110623084700
train,japan_2011.hdf5,20110623170900
train,japan_2011.hdf5,20110623172200
train,japan_2011.hdf5,20110623172230
train,japan_2011.hdf5,20110623191500
train,japan_2011.hdf5,20110623193500
train,japan_2011.hdf5,20110623210000
train,japan_2011.hdf5,20110624034800
train,japan_2011.hdf5,20110624093600
train,japan_2011.hdf5,20110624094100
train,japan_2011.hdf5,20110624100000
train,japan_2011.hdf5,20110624155400
train,japan_2011.hdf5,20110624184300
train,japan_2011.hdf5,20110624233900
train,japan_2011.hdf5,20110624234700
train,japan_2011.hdf5,20110625002200
train,japan_2011.hdf5,20110625022500
train,japan_2011.hdf5,20110625023900
train,japan_2011.hdf5,20110625094400
train,japan_2011.hdf5,20110625113700
train,japan_2011.hdf5,20110625160600
train,japan_2011.hdf5,20110625170100
train,japan_2011.hdf5,20110625170200
train,japan_2011.hdf5,20110625172500
train,japan_2011.hdf5,20110625185900
train,japan_2011.hdf5,20110626051100
train,japan_2011.hdf5,20110626063800
train,japan_2011.hdf5,20110626075800
train,japan_2011.hdf5,20110626114200
train,japan_2011.hdf5,20110626120000
train,japan_2011.hdf5,20110626184000
train,japan_2011.hdf5,20110626212900
train,japan_2011.hdf5,20110627204800
train,japan_2011.hdf5,20110628000400
train,japan_2011.hdf5,20110628032200
train,japan_2011.hdf5,20110628124500
train,japan_2011.hdf5,20110628155000
train,japan_2011.hdf5,20110628171100
train,japan_2011.hdf5,20110628211800
train,japan_2011.hdf5,20110628222200
train,japan_2011.hdf5,20110629011700
train,japan_2011.hdf5,20110629024500
train,japan_2011.hdf5,20110629105100
train,japan_2011.hdf5,20110629125800
train,japan_2011.hdf5,20110629142700
train,japan_2011.hdf5,20110629161800
train,japan_2011.hdf5,20110629193200
train,japan_2011.hdf5,20110629231900
train,japan_2011.hdf5,20110629233600
train,japan_2011.hdf5,20110630005900
train,japan_2011.hdf5,20110630020900
train,japan_2011.hdf5,20110630045200
train,japan_2011.hdf5,20110630071400
train,japan_2011.hdf5,20110630081600
train,japan_2011.hdf5,20110630082100
train,japan_2011.hdf5,20110630101900
train,japan_2011.hdf5,20110630131800
train,japan_2011.hdf5,20110630135400
train,japan_2011.hdf5,20110630141100
train,japan_2011.hdf5,20110630145800
train,japan_2011.hdf5,20110630192200
train,japan_2011.hdf5,20110630214200
train,japan_2011.hdf5,20110630230700
train,japan_2011.hdf5,20110701012000
train,japan_2011.hdf5,20110701093700
train,japan_2011.hdf5,20110701130300
train,japan_2011.hdf5,20110701131900
train,japan_2011.hdf5,20110701142200
train,japan_2011.hdf5,20110701200300
train,japan_2011.hdf5,20110702072800
train,japan_2011.hdf5,20110702221800
train,japan_2011.hdf5,20110703021100
train,japan_2011.hdf5,20110703114000
train,japan_2011.hdf5,20110703121500
train,japan_2011.hdf5,20110703133800
train,japan_2011.hdf5,20110703164800
train,japan_2011.hdf5,20110703181900
train,japan_2011.hdf5,20110704022900
train,japan_2011.hdf5,20110704110700
train,japan_2011.hdf5,20110704122400
train,japan_2011.hdf5,20110704165200
train,japan_2011.hdf5,20110704185500
train,japan_2011.hdf5,20110704194500
train,japan_2011.hdf5,20110704200000
train,japan_2011.hdf5,20110705010600
train,japan_2011.hdf5,20110705110000
train,japan_2011.hdf5,20110705165100
train,japan_2011.hdf5,20110705191800
train,japan_2011.hdf5,20110705193400
train,japan_2011.hdf5,20110707001500
train,japan_2011.hdf5,20110707120000
train,japan_2011.hdf5,20110707130200
train,japan_2011.hdf5,20110707141000
train,japan_2011.hdf5,20110707154800
train,japan_2011.hdf5,20110708033500
train,japan_2011.hdf5,20110708114300
train,japan_2011.hdf5,20110708135800
train,japan_2011.hdf5,20110708220800
train,japan_2011.hdf5,20110708221000
train,japan_2011.hdf5,20110709050500
train,japan_2011.hdf5,20110709055500
train,japan_2011.hdf5,20110709064400
train,japan_2011.hdf5,20110709111100
train,japan_2011.hdf5,20110709115100
train,japan_2011.hdf5,20110709184300
train,japan_2011.hdf5,20110709202500
train,japan_2011.hdf5,20110709224100
train,japan_2011.hdf5,20110710055800
train,japan_2011.hdf5,20110710095700
train,japan_2011.hdf5,20110710131800
train,japan_2011.hdf5,20110710192800
train,japan_2011.hdf5,20110710193700
train,japan_2011.hdf5,20110711005400
train,japan_2011.hdf5,20110711030400
train,japan_2011.hdf5,20110711090900
train,japan_2011.hdf5,20110711103600
train,japan_2011.hdf5,20110711132900
train,japan_2011.hdf5,20110712021800
train,japan_2011.hdf5,20110712051300
train,japan_2011.hdf5,20110712093800
train,japan_2011.hdf5,20110712180000
train,japan_2011.hdf5,20110712183900
train,japan_2011.hdf5,20110712184000
train,japan_2011.hdf5,20110713003700
train,japan_2011.hdf5,20110713025400
train,japan_2011.hdf5,20110713050600
train,japan_2011.hdf5,20110713053600
train,japan_2011.hdf5,20110713054700
train,japan_2011.hdf5,20110713110200
train,japan_2011.hdf5,20110713131000
train,japan_2011.hdf5,20110714004400
train,japan_2011.hdf5,20110714034900
train,japan_2011.hdf5,20110714043500
train,japan_2011.hdf5,20110714103500
train,japan_2011.hdf5,20110714131000
train,japan_2011.hdf5,20110714144800
train,japan_2011.hdf5,20110714185000
train,japan_2011.hdf5,20110714204200
train,japan_2011.hdf5,20110715014700
train,japan_2011.hdf5,20110715103100
train,japan_2011.hdf5,20110715122100
train,japan_2011.hdf5,20110715122500
train,japan_2011.hdf5,20110715175300
train,japan_2011.hdf5,20110715210100
train,japan_2011.hdf5,20110716061100
train,japan_2011.hdf5,20110716141700
train,japan_2011.hdf5,20110716160400
train,japan_2011.hdf5,20110716175600
train,japan_2011.hdf5,20110716175700
train,japan_2011.hdf5,20110716222300
train,japan_2011.hdf5,20110717012700
train,japan_2011.hdf5,20110717014100
train,japan_2011.hdf5,20110717095500
train,japan_2011.hdf5,20110717113600
train,japan_2011.hdf5,20110718172100
train,japan_2011.hdf5,20110719033900
train,japan_2011.hdf5,20110719034100
train,japan_2011.hdf5,20110719052200
train,japan_2011.hdf5,20110719060000
train,japan_2011.hdf5,20110719103900
train,japan_2011.hdf5,20110719230900
train,japan_2011.hdf5,20110720103500
train,japan_2011.hdf5,20110720110000
train,japan_2011.hdf5,20110720203000
train,japan_2011.hdf5,20110720215800
train,japan_2011.hdf5,20110720220900
train,japan_2011.hdf5,20110721054500
train,japan_2011.hdf5,20110721180800
train,japan_2011.hdf5,20110722074800
train,japan_2011.hdf5,20110722103600
train,japan_2011.hdf5,20110722145800
train,japan_2011.hdf5,20110722180300
train,japan_2011.hdf5,20110722222600
train,japan_2011.hdf5,20110723133400
train,japan_2011.hdf5,20110723232200
train,japan_2011.hdf5,20110724085600
train,japan_2011.hdf5,20110724131700
train,japan_2011.hdf5,20110724200200
train,japan_2011.hdf5,20110724233200
train,japan_2011.hdf5,20110725000700
train,japan_2011.hdf5,20110725021900
train,japan_2011.hdf5,20110725035100
train,japan_2011.hdf5,20110725041600
train,japan_2011.hdf5,20110725090200
train,japan_2011.hdf5,20110725100400
train,japan_2011.hdf5,20110725190800
train,japan_2011.hdf5,20110725200400
train,japan_2011.hdf5,20110725201000
train,japan_2011.hdf5,20110725205500
train,japan_2011.hdf5,20110726053500
train,japan_2011.hdf5,20110726053900
train,japan_2011.hdf5,20110726063300
train,japan_2011.hdf5,20110726075800
train,japan_2011.hdf5,20110726204400
train,japan_2011.hdf5,20110726223500
train,japan_2011.hdf5,20110726223600
train,japan_2011.hdf5,20110726224100
train,japan_2011.hdf5,20110727014900
train,japan_2011.hdf5,20110727040700
train,japan_2011.hdf5,20110727071800
train,japan_2011.hdf5,20110727213300
train,japan_2011.hdf5,20110727234900
train,japan_2011.hdf5,20110728052300
train,japan_2011.hdf5,20110728184000
train,japan_2011.hdf5,20110729010100
train,japan_2011.hdf5,20110729054600
train,japan_2011.hdf5,20110729070700
train,japan_2011.hdf5,20110729071100
train,japan_2011.hdf5,20110729105900
train,japan_2011.hdf5,20110729195800
train,japan_2011.hdf5,20110729211300
train,japan_2011.hdf5,20110729235300
train,japan_2011.hdf5,20110730081800
train,japan_2011.hdf5,20110730084400
train,japan_2011.hdf5,20110730100700
train,japan_2011.hdf5,20110730121600
train,japan_2011.hdf5,20110730130700
train,japan_2011.hdf5,20110730144200
train,japan_2011.hdf5,20110731010700
train,japan_2011.hdf5,20110731010900
train,japan_2011.hdf5,20110731012100
train,japan_2011.hdf5,20110731035400
train,japan_2011.hdf5,20110731040500
train,japan_2011.hdf5,20110731120600
train,japan_2011.hdf5,20110731142000
train,japan_2011.hdf5,20110731180500
train,japan_2011.hdf5,20110731214000
train,japan_2011.hdf5,20110731224000
train,japan_2011.hdf5,20110801002700
train,japan_2011.hdf5,20110801023200
train,japan_2011.hdf5,20110801023600
train,japan_2011.hdf5,20110801043300
train,japan_2011.hdf5,20110801132900
train,japan_2011.hdf5,20110801155500
train,japan_2011.hdf5,20110801224400
train,japan_2011.hdf5,20110801224700
train,japan_2011.hdf5,20110801235400
train,japan_2011.hdf5,20110801235800
train,japan_2011.hdf5,20110802002300
train,japan_2011.hdf5,20110802104600
train,japan_2011.hdf5,20110802123700
train,japan_2011.hdf5,20110802133900
train,japan_2011.hdf5,20110803042600
train,japan_2011.hdf5,20110803050800
train,japan_2011.hdf5,20110803055600
train,japan_2011.hdf5,20110803062200
train,japan_2011.hdf5,20110803083300
train,japan_2011.hdf5,20110804073300
train,japan_2011.hdf5,20110804085100
train,japan_2011.hdf5,20110804140900
train,japan_2011.hdf5,20110804162300
train,japan_2011.hdf5,20110805012300
train,japan_2011.hdf5,20110805024500
train,japan_2011.hdf5,20110805065100
train,japan_2011.hdf5,20110805174200
train,japan_2011.hdf5,20110805195300
train,japan_2011.hdf5,20110805201600
train,japan_2011.hdf5,20110805212800
train,japan_2011.hdf5,20110806110000
train,japan_2011.hdf5,20110806115400
train,japan_2011.hdf5,20110806161200
train,japan_2011.hdf5,20110806161500
train,japan_2011.hdf5,20110806234500
train,japan_2011.hdf5,20110807025800
train,japan_2011.hdf5,20110807080200
train,japan_2011.hdf5,20110807123300
train,japan_2011.hdf5,20110807223300
train,japan_2011.hdf5,20110808092000
train,japan_2011.hdf5,20110808100500
train,japan_2011.hdf5,20110808162000
train,japan_2011.hdf5,20110808213500
train,japan_2011.hdf5,20110809073100
train,japan_2011.hdf5,20110809105700
train,japan_2011.hdf5,20110809194000
train,japan_2011.hdf5,20110810024500
train,japan_2011.hdf5,20110810032900
train,japan_2011.hdf5,20110810043500
train,japan_2011.hdf5,20110810081300
train,japan_2011.hdf5,20110810120000
train,japan_2011.hdf5,20110810132900
train,japan_2011.hdf5,20110810151700
train,japan_2011.hdf5,20110811102600
train,japan_2011.hdf5,20110811174400
train,japan_2011.hdf5,20110811181200
train,japan_2011.hdf5,20110811223100
train,japan_2011.hdf5,20110812032200
train,japan_2011.hdf5,20110812043700
train,japan_2011.hdf5,20110812072600
train,japan_2011.hdf5,20110812110700
train,japan_2011.hdf5,20110813023000
train,japan_2011.hdf5,20110813133100
train,japan_2011.hdf5,20110813134400
train,japan_2011.hdf5,20110813141500
train,japan_2011.hdf5,20110813173000
train,japan_2011.hdf5,20110813230000
train,japan_2011.hdf5,20110814163800
train,japan_2011.hdf5,20110814185500
train,japan_2011.hdf5,20110815054500
train,japan_2011.hdf5,20110815152600
train,japan_2011.hdf5,20110815161800
train,japan_2011.hdf5,20110815223100
train,japan_2011.hdf5,20110816144800
train,japan_2011.hdf5,20110816191600
train,japan_2011.hdf5,20110817011100
train,japan_2011.hdf5,20110817042600
train,japan_2011.hdf5,20110817043500
train,japan_2011.hdf5,20110817092300
train,japan_2011.hdf5,20110817105100
train,japan_2011.hdf5,20110817112600
train,japan_2011.hdf5,20110817120500
train,japan_2011.hdf5,20110817121400
train,japan_2011.hdf5,20110817165500
train,japan_2011.hdf5,20110817174500
train,japan_2011.hdf5,20110817204400
train,japan_2011.hdf5,20110818013200
train,japan_2011.hdf5,20110818101100
train,japan_2012.hdf5,20120101002900
train,japan_2012.hdf5,20120101163200
train,japan_2012.hdf5,20120101194700
train,japan_2012.hdf5,20120103030800
train,japan_2012.hdf5,20120103032800
train,japan_2012.hdf5,20120104214800
train,japan_2012.hdf5,20120105174800
train,japan_2012.hdf5,20120105213700
train,japan_2012.hdf5,20120105221300
train,japan_2012.hdf5,20120106014700
train,japan_2012.hdf5,20120106055500
train,japan_2012.hdf5,20120106101600
train,japan_2012.hdf5,20120106194400
train,japan_2012.hdf5,20120107101200
train,japan_2012.hdf5,20120107171700
train,japan_2012.hdf5,20120107194300
train,japan_2012.hdf5,20120107212600
train,japan_2012.hdf5,20120107213000
train,japan_2012.hdf5,20120108060000
train,japan_2012.hdf5,20120108085200
train,japan_2012.hdf5,20120108134100
train,japan_2012.hdf5,20120109003700
train,japan_2012.hdf5,20120109012300
train,japan_2012.hdf5,20120109015200
train,japan_2012.hdf5,20120109071300
train,japan_2012.hdf5,20120109134100
train,japan_2012.hdf5,20120109161000
train,japan_2012.hdf5,20120109175000
train,japan_2012.hdf5,20120110220500
train,japan_2012.hdf5,20120110221500
train,japan_2012.hdf5,20120111062200
train,japan_2012.hdf5,20120111082300
train,japan_2012.hdf5,20120111142900
train,japan_2012.hdf5,20120112004700
train,japan_2012.hdf5,20120112104000
train,japan_2012.hdf5,20120112122000
train,japan_2012.hdf5,20120112143700
train,japan_2012.hdf5,20120112164500
train,japan_2012.hdf5,20120112181700
train,japan_2012.hdf5,20120112183700
train,japan_2012.hdf5,20120112201100
train,japan_2012.hdf5,20120113024000
train,japan_2012.hdf5,20120113215000
train,japan_2012.hdf5,20120114015000
train,japan_2012.hdf5,20120114035400
train,japan_2012.hdf5,20120114185800
train,japan_2012.hdf5,20120115004500
train,japan_2012.hdf5,20120115071200
train,japan_2012.hdf5,20120115094300
train,japan_2012.hdf5,20120115193600
train,japan_2012.hdf5,20120116103800
train,japan_2012.hdf5,20120116152900
train,japan_2012.hdf5,20120117032500
train,japan_2012.hdf5,20120117123000
train,japan_2012.hdf5,20120118102400
train,japan_2012.hdf5,20120118121000
train,japan_2012.hdf5,20120118175500
train,japan_2012.hdf5,20120118222900
train,japan_2012.hdf5,20120119043200
train,japan_2012.hdf5,20120119083700
train,japan_2012.hdf5,20120119091000
train,japan_2012.hdf5,20120119101100
train,japan_2012.hdf5,20120119164200
train,japan_2012.hdf5,20120119205000
train,japan_2012.hdf5,20120119212300
train,japan_2012.hdf5,20120119220900
train,japan_2012.hdf5,20120120081400
train,japan_2012.hdf5,20120120172900
train,japan_2012.hdf5,20120120173600
train,japan_2012.hdf5,20120121035200
train,japan_2012.hdf5,20120121062000
train,japan_2012.hdf5,20120121072300
train,japan_2012.hdf5,20120122102000
train,japan_2012.hdf5,20120122120900
train,japan_2012.hdf5,20120122121100
train,japan_2012.hdf5,20120122134400
train,japan_2012.hdf5,20120123075200
train,japan_2012.hdf5,20120123204500
train,japan_2012.hdf5,20120124031900
train,japan_2012.hdf5,20120124092600
train,japan_2012.hdf5,20120124170700
train,japan_2012.hdf5,20120125023500
train,japan_2012.hdf5,20120126052100
train,japan_2012.hdf5,20120126054300
train,japan_2012.hdf5,20120126212200
train,japan_2012.hdf5,20120127131900
train,japan_2012.hdf5,20120127142700
train,japan_2012.hdf5,20120127195000
train,japan_2012.hdf5,20120128035600
train,japan_2012.hdf5,20120128073900
train,japan_2012.hdf5,20120128074300
train,japan_2012.hdf5,20120128074500
train,japan_2012.hdf5,20120128074600
train,japan_2012.hdf5,20120128080400
train,japan_2012.hdf5,20120128092200
train,japan_2012.hdf5,20120128140300
train,japan_2012.hdf5,20120128142100
train,japan_2012.hdf5,20120128214400
train,japan_2012.hdf5,20120129014200
train,japan_2012.hdf5,20120129164600
train,japan_2012.hdf5,20120129174100
train,japan_2012.hdf5,20120129183800
train,japan_2012.hdf5,20120130031800
train,japan_2012.hdf5,20120130103000
train,japan_2012.hdf5,20120130171000
train,japan_2012.hdf5,20120131133500
train,japan_2012.hdf5,20120201043500
train,japan_2012.hdf5,20120201052300
train,japan_2012.hdf5,20120201224800
train,japan_2012.hdf5,20120202020100
train,japan_2012.hdf5,20120202212500
train,japan_2012.hdf5,20120203051600
train,japan_2012.hdf5,20120203185900
train,japan_2012.hdf5,20120204065100
train,japan_2012.hdf5,20120204083200
train,japan_2012.hdf5,20120204084100
train,japan_2012.hdf5,20120204170100
train,japan_2012.hdf5,20120204192100
train,japan_2012.hdf5,20120205030200
train,japan_2012.hdf5,20120205044500
train,japan_2012.hdf5,20120205080000
train,japan_2012.hdf5,20120205085900
train,japan_2012.hdf5,20120205093700
train,japan_2012.hdf5,20120205214400
train,japan_2012.hdf5,20120206070500
train,japan_2012.hdf5,20120206122200
train,japan_2012.hdf5,20120206143100
train,japan_2012.hdf5,20120207041900
train,japan_2012.hdf5,20120207073800
train,japan_2012.hdf5,20120207081000
train,japan_2012.hdf5,20120207223700
train,japan_2012.hdf5,20120208064100
train,japan_2012.hdf5,20120208095700
train,japan_2012.hdf5,20120208203600
train,japan_2012.hdf5,20120208210100
train,japan_2012.hdf5,20120209125500
train,japan_2012.hdf5,20120209151400
train,japan_2012.hdf5,20120209160000
train,japan_2012.hdf5,20120209160900
train,japan_2012.hdf5,20120209192200
train,japan_2012.hdf5,20120210015800
train,japan_2012.hdf5,20120210135600
train,japan_2012.hdf5,20120210141000
train,japan_2012.hdf5,20120211070700
train,japan_2012.hdf5,20120211102700
train,japan_2012.hdf5,20120211202700
train,japan_2012.hdf5,20120212045600
train,japan_2012.hdf5,20120212105100
train,japan_2012.hdf5,20120212172600
train,japan_2012.hdf5,20120214122800
train,japan_2012.hdf5,20120214152200
train,japan_2012.hdf5,20120214194800
train,japan_2012.hdf5,20120214214000
train,japan_2012.hdf5,20120214214100
train,japan_2012.hdf5,20120215041500
train,japan_2012.hdf5,20120215073400
train,japan_2012.hdf5,20120215115900
train,japan_2012.hdf5,20120215133600
train,japan_2012.hdf5,20120215152800
train,japan_2012.hdf5,20120216023200
train,japan_2012.hdf5,20120216140900
train,japan_2012.hdf5,20120217024200
train,japan_2012.hdf5,20120217060000
train,japan_2012.hdf5,20120218061800
train,japan_2012.hdf5,20120218105900
train,japan_2012.hdf5,20120218135600
train,japan_2012.hdf5,20120218141300
train,japan_2012.hdf5,20120218160700
train,japan_2012.hdf5,20120218232000
train,japan_2012.hdf5,20120219064300
train,japan_2012.hdf5,20120219145400
train,japan_2012.hdf5,20120219215200
train,japan_2012.hdf5,20120219221200
train,japan_2012.hdf5,20120220132800
train,japan_2012.hdf5,20120220214000
train,japan_2012.hdf5,20120220224300
train,japan_2012.hdf5,20120221041600
train,japan_2012.hdf5,20120221073700
train,japan_2012.hdf5,20120221093400
train,japan_2012.hdf5,20120221102200
train,japan_2012.hdf5,20120221233600
train,japan_2012.hdf5,20120222022600
train,japan_2012.hdf5,20120222172800
train,japan_2012.hdf5,20120224002600
train,japan_2012.hdf5,20120224042800
train,japan_2012.hdf5,20120224131000
train,japan_2012.hdf5,20120225060200
train,japan_2012.hdf5,20120225232600
train,japan_2012.hdf5,20120226041200
train,japan_2012.hdf5,20120226160500
train,japan_2012.hdf5,20120226220100
train,japan_2012.hdf5,20120226231900
train,japan_2012.hdf5,20120227203200
train,japan_2012.hdf5,20120228013000
train,japan_2012.hdf5,20120228142000
train,japan_2012.hdf5,20120228231400
train,japan_2012.hdf5,20120228233000
train,japan_2012.hdf5,20120229012200
train,japan_2012.hdf5,20120229180000
train,japan_2012.hdf5,20120229193300
train,japan_2012.hdf5,20120229233200
train,japan_2012.hdf5,20120301073200
train,japan_2012.hdf5,20120301111200
train,japan_2012.hdf5,20120301122500
train,japan_2012.hdf5,20120301234800
train,japan_2012.hdf5,20120301235000
train,japan_2012.hdf5,20120302191100
train,japan_2012.hdf5,20120303061600
train,japan_2012.hdf5,20120303150600
train,japan_2012.hdf5,20120303220300
train,japan_2012.hdf5,20120303222600
train,japan_2012.hdf5,20120305152400
train,japan_2012.hdf5,20120305152600
train,japan_2012.hdf5,20120306160500
train,japan_2012.hdf5,20120306185000
train,japan_2012.hdf5,20120307042600
train,japan_2012.hdf5,20120307101200
train,japan_2012.hdf5,20120307143400
train,japan_2012.hdf5,20120308035100
train,japan_2012.hdf5,20120308122300
train,japan_2012.hdf5,20120309011800
train,japan_2012.hdf5,20120309014100
train,japan_2012.hdf5,20120309093700
train,japan_2012.hdf5,20120309194800
train,japan_2012.hdf5,20120310022500
train,japan_2012.hdf5,20120310031500
train,japan_2012.hdf5,20120310073700
train,japan_2012.hdf5,20120310103300
train,japan_2012.hdf5,20120310190800
train,japan_2012.hdf5,20120310211900
train,japan_2012.hdf5,20120311004000
train,japan_2012.hdf5,20120311010000
train,japan_2012.hdf5,20120311090000
train,japan_2012.hdf5,20120311173300
train,japan_2012.hdf5,20120312075800
train,japan_2012.hdf5,20120312223800
train,japan_2012.hdf5,20120313074600
train,japan_2012.hdf5,20120314180900
train,japan_2012.hdf5,20120314194900
train,japan_2012.hdf5,20120314195700
train,japan_2012.hdf5,20120314210500
train,japan_2012.hdf5,20120314222800
train,japan_2012.hdf5,20120314222900
train,japan_2012.hdf5,20120315015200
train,japan_2012.hdf5,20120315015700
train,japan_2012.hdf5,20120315232100
train,japan_2012.hdf5,20120316042000
train,japan_2012.hdf5,20120317081800
train,japan_2012.hdf5,20120317115500
train,japan_2012.hdf5,20120317141200
train,japan_2012.hdf5,20120317202400
train,japan_2012.hdf5,20120317224700
train,japan_2012.hdf5,20120318064200
train,japan_2012.hdf5,20120318085000
train,japan_2012.hdf5,20120318093600
train,japan_2012.hdf5,20120318145500
train,japan_2012.hdf5,20120318221600
train,japan_2012.hdf5,20120319115600
train,japan_2012.hdf5,20120319192300
train,japan_2012.hdf5,20120320070600
train,japan_2012.hdf5,20120320164100
train,japan_2012.hdf5,20120321054300
train,japan_2012.hdf5,20120322001200
train,japan_2012.hdf5,20120322030500
train,japan_2012.hdf5,20120322032500
train,japan_2012.hdf5,20120323134600
train,japan_2012.hdf5,20120323214400
train,japan_2012.hdf5,20120323225500
train,japan_2012.hdf5,20120323235300
train,japan_2012.hdf5,20120324005200
train,japan_2012.hdf5,20120324061400
train,japan_2012.hdf5,20120324141400
train,japan_2012.hdf5,20120325032400
train,japan_2012.hdf5,20120325032430
train,japan_2012.hdf5,20120325065400
train,japan_2012.hdf5,20120325135200
train,japan_2012.hdf5,20120325212200
train,japan_2012.hdf5,20120325222200
train,japan_2012.hdf5,20120326034600
train,japan_2012.hdf5,20120326113300
train,japan_2012.hdf5,20120327145800
train,japan_2012.hdf5,20120327192200
train,japan_2012.hdf5,20120327200000
train,japan_2012.hdf5,20120328105300
train,japan_2012.hdf5,20120329040100
train,japan_2012.hdf5,20120330022400
train,japan_2012.hdf5,20120330053800
train,japan_2012.hdf5,20120330123700
train,japan_2012.hdf5,20120330133800
train,japan_2012.hdf5,20120330184100
train,japan_2012.hdf5,20120401021300
train,japan_2012.hdf5,20120401073000
train,japan_2012.hdf5,20120401190000
train,japan_2012.hdf5,20120401230400
train,japan_2012.hdf5,20120402163900
train,japan_2012.hdf5,20120402215300
train,japan_2012.hdf5,20120403024800
train,japan_2012.hdf5,20120403083300
train,japan_2012.hdf5,20120403095600
train,japan_2012.hdf5,20120403121200
train,japan_2012.hdf5,20120403181000
train,japan_2012.hdf5,20120403205200
train,japan_2012.hdf5,20120405010600
train,japan_2012.hdf5,20120407173100
train,japan_2012.hdf5,20120408064400
train,japan_2012.hdf5,20120408071500
train,japan_2012.hdf5,20120408144400
train,japan_2012.hdf5,20120410102600
train,japan_2012.hdf5,20120410115700
train,japan_2012.hdf5,20120411034100
train,japan_2012.hdf5,20120412052900
train,japan_2012.hdf5,20120412105500
train,japan_2012.hdf5,20120412202000
train,japan_2012.hdf5,20120412220700
train,japan_2012.hdf5,20120412235100
train,japan_2012.hdf5,20120413021500
train,japan_2012.hdf5,20120413191000
train,japan_2012.hdf5,20120413191500
train,japan_2012.hdf5,20120413193300
train,japan_2012.hdf5,20120413211200
train,japan_2012.hdf5,20120413213000
train,japan_2012.hdf5,20120413235300
train,japan_2012.hdf5,20120414002600
train,japan_2012.hdf5,20120414015100
train,japan_2012.hdf5,20120414032500
train,japan_2012.hdf5,20120414040000
train,japan_2012.hdf5,20120414101100
train,japan_2012.hdf5,20120414174600
train,japan_2012.hdf5,20120414182500
train,japan_2012.hdf5,20120414182600
train,japan_2012.hdf5,20120414194800
train,japan_2012.hdf5,20120414195100
train,japan_2012.hdf5,20120414200800
train,japan_2012.hdf5,20120414214000
train,japan_2012.hdf5,20120415000400
train,japan_2012.hdf5,20120415000700
train,japan_2012.hdf5,20120415054100
train,japan_2012.hdf5,20120415134500
train,japan_2012.hdf5,20120415193600
train,japan_2012.hdf5,20120417132400
train,japan_2012.hdf5,20120417212900
train,japan_2012.hdf5,20120417232900
train,japan_2012.hdf5,20120418022000
train,japan_2012.hdf5,20120418071300
train,japan_2012.hdf5,20120418160600
train,japan_2012.hdf5,20120419123300
train,japan_2012.hdf5,20120419174100
train,japan_2012.hdf5,20120420065400
train,japan_2012.hdf5,20120420075300
train,japan_2012.hdf5,20120421022900
train,japan_2012.hdf5,20120421200600
train,japan_2012.hdf5,20120422070000
train,japan_2012.hdf5,20120422125200
train,japan_2012.hdf5,20120422184500
train,japan_2012.hdf5,20120422200000
train,japan_2012.hdf5,20120423140000
train,japan_2012.hdf5,20120424122800
train,japan_2012.hdf5,20120424211300
train,japan_2012.hdf5,20120424213400
train,japan_2012.hdf5,20120425052200
train,japan_2012.hdf5,20120425053100
train,japan_2012.hdf5,20120425074300
train,japan_2012.hdf5,20120425130800
train,japan_2012.hdf5,20120426054500
train,japan_2012.hdf5,20120426071100
train,japan_2012.hdf5,20120427034100
train,japan_2012.hdf5,20120427143700
train,japan_2012.hdf5,20120427195300
train,japan_2012.hdf5,20120427210600
train,japan_2012.hdf5,20120428234600
train,japan_2012.hdf5,20120429171200
train,japan_2012.hdf5,20120429192800
train,japan_2012.hdf5,20120429211700
train,japan_2012.hdf5,20120430000200
train,japan_2012.hdf5,20120430000500
train,japan_2012.hdf5,20120430092000
train,japan_2012.hdf5,20120430102500
train,japan_2012.hdf5,20120430113300
train,japan_2012.hdf5,20120430114000
train,japan_2012.hdf5,20120501045400
train,japan_2012.hdf5,20120501071600
train,japan_2012.hdf5,20120502070700
train,japan_2012.hdf5,20120502201900
train,japan_2012.hdf5,20120502233300
train,japan_2012.hdf5,20120503161500
train,japan_2012.hdf5,20120504115400
train,japan_2012.hdf5,20120504120100
train,japan_2012.hdf5,20120504143400
train,japan_2012.hdf5,20120504155500
train,japan_2012.hdf5,20120505030400
train,japan_2012.hdf5,20120505061500
train,japan_2012.hdf5,20120505171200
train,japan_2012.hdf5,20120505185700
train,japan_2012.hdf5,20120505221100
train,japan_2012.hdf5,20120506051200
train,japan_2012.hdf5,20120506150700
train,japan_2012.hdf5,20120508035900
train,japan_2012.hdf5,20120508144300
train,japan_2012.hdf5,20120509064700
train,japan_2012.hdf5,20120510002000
train,japan_2012.hdf5,20120510070200
train,japan_2012.hdf5,20120510092800
train,japan_2012.hdf5,20120510150100
train,japan_2012.hdf5,20120510154100
train,japan_2012.hdf5,20120510173400
train,japan_2012.hdf5,20120510184300
train,japan_2012.hdf5,20120511091400
train,japan_2012.hdf5,20120511231800
train,japan_2012.hdf5,20120512013600
train,japan_2012.hdf5,20120512025900
train,japan_2012.hdf5,20120512150300
train,japan_2012.hdf5,20120512203200
train,japan_2012.hdf5,20120513070800
train,japan_2012.hdf5,20120513120500
train,japan_2012.hdf5,20120514081700
train,japan_2012.hdf5,20120514123600
train,japan_2012.hdf5,20120515041900
train,japan_2012.hdf5,20120515090900
train,japan_2012.hdf5,20120516010000
train,japan_2012.hdf5,20120517005900
train,japan_2012.hdf5,20120518102300
train,japan_2012.hdf5,20120518171900
train,japan_2012.hdf5,20120518202100
train,japan_2012.hdf5,20120518233600
train,japan_2012.hdf5,20120520040500
train,japan_2012.hdf5,20120520162000
train,japan_2012.hdf5,20120520172000
train,japan_2012.hdf5,20120520220100
train,japan_2012.hdf5,20120523034500
train,japan_2012.hdf5,20120524000200
train,japan_2012.hdf5,20120524100900
train,japan_2012.hdf5,20120524101500
train,japan_2012.hdf5,20120524135100
train,japan_2012.hdf5,20120524154300
train,japan_2012.hdf5,20120525044300
train,japan_2012.hdf5,20120525125900
train,japan_2012.hdf5,20120525162700
train,japan_2012.hdf5,20120526130300
train,japan_2012.hdf5,20120526173600
train,japan_2012.hdf5,20120526213500
train,japan_2012.hdf5,20120528153200
train,japan_2012.hdf5,20120529013600
train,japan_2012.hdf5,20120530005300
train,japan_2012.hdf5,20120531013000
train,japan_2012.hdf5,20120531072700
train,japan_2012.hdf5,20120531144900
train,japan_2012.hdf5,20120601174800
train,japan_2012.hdf5,20120602184800
train,japan_2012.hdf5,20120602192900
train,japan_2012.hdf5,20120603034600
train,japan_2012.hdf5,20120603130700
train,japan_2012.hdf5,20120604140900
train,japan_2012.hdf5,20120604155100
train,japan_2012.hdf5,20120605043800
train,japan_2012.hdf5,20120605090200
train,japan_2012.hdf5,20120605175100
train,japan_2012.hdf5,20120605193200
train,japan_2012.hdf5,20120606043100
train,japan_2012.hdf5,20120606053700
train,japan_2012.hdf5,20120606123700
train,japan_2012.hdf5,20120607095900
train,japan_2012.hdf5,20120608061300
train,japan_2012.hdf5,20120608083300
train,japan_2012.hdf5,20120608131000
train,japan_2012.hdf5,20120608135400
train,japan_2012.hdf5,20120608141500
train,japan_2012.hdf5,20120608142200
train,japan_2012.hdf5,20120609023400
train,japan_2012.hdf5,20120609040700
train,japan_2012.hdf5,20120609040800
train,japan_2012.hdf5,20120609102300
train,japan_2012.hdf5,20120609113500
train,japan_2012.hdf5,20120609190700
train,japan_2012.hdf5,20120609192000
train,japan_2012.hdf5,20120610132100
train,japan_2012.hdf5,20120610173800
train,japan_2012.hdf5,20120611021100
train,japan_2012.hdf5,20120611033100
train,japan_2012.hdf5,20120611202000
train,japan_2012.hdf5,20120612164000
train,japan_2012.hdf5,20120613184900
train,japan_2012.hdf5,20120615021600
train,japan_2012.hdf5,20120615065500
train,japan_2012.hdf5,20120615140900
train,japan_2012.hdf5,20120615163200
train,japan_2012.hdf5,20120617161300
train,japan_2012.hdf5,20120617195100
train,japan_2012.hdf5,20120618053200
train,japan_2012.hdf5,20120618144500
train,japan_2012.hdf5,20120618150900
train,japan_2012.hdf5,20120618164700
train,japan_2012.hdf5,20120619052900
train,japan_2012.hdf5,20120619092100
train,japan_2012.hdf5,20120619130400
train,japan_2012.hdf5,20120620023200
train,japan_2012.hdf5,20120620072900
train,japan_2012.hdf5,20120620105100
train,japan_2012.hdf5,20120620202000
train,japan_2012.hdf5,20120621014700
train,japan_2012.hdf5,20120621085600
train,japan_2012.hdf5,20120622214400
train,japan_2012.hdf5,20120623180400
train,japan_2012.hdf5,20120623234100
train,japan_2012.hdf5,20120624102900
train,japan_2012.hdf5,20120624133000
train,japan_2012.hdf5,20120625103800
train,japan_2012.hdf5,20120626082300
train,japan_2012.hdf5,20120626224200
train,japan_2012.hdf5,20120628105400
train,japan_2012.hdf5,20120628135500
train,japan_2012.hdf5,20120628145200
train,japan_2012.hdf5,20120628151700
train,japan_2012.hdf5,20120629024400
train,japan_2012.hdf5,20120629070100
train,japan_2012.hdf5,20120629110500
train,japan_2012.hdf5,20120629160200
train,japan_2012.hdf5,20120630060500
train,japan_2012.hdf5,20120630081000
train,japan_2012.hdf5,20120630145000
train,japan_2012.hdf5,20120630153400
train,japan_2012.hdf5,20120630161100
train,japan_2012.hdf5,20120701031100
train,japan_2012.hdf5,20120701130900
train,japan_2012.hdf5,20120702110600
train,japan_2012.hdf5,20120702152300
train,japan_2012.hdf5,20120703094600
train,japan_2012.hdf5,20120703113100
train,japan_2012.hdf5,20120703113200
train,japan_2012.hdf5,20120703132200
train,japan_2012.hdf5,20120703135300
train,japan_2012.hdf5,20120703222000
train,japan_2012.hdf5,20120704023800
train,japan_2012.hdf5,20120704112500
train,japan_2012.hdf5,20120704113700
train,japan_2012.hdf5,20120704150300
train,japan_2012.hdf5,20120704222900
train,japan_2012.hdf5,20120706020400
train,japan_2012.hdf5,20120706025300
train,japan_2012.hdf5,20120706060500
train,japan_2012.hdf5,20120706082400
train,japan_2012.hdf5,20120707204700
train,japan_2012.hdf5,20120709130100
train,japan_2012.hdf5,20120709173000
train,japan_2012.hdf5,20120710015600
train,japan_2012.hdf5,20120710034700
train,japan_2012.hdf5,20120710124900
train,japan_2012.hdf5,20120710125000
train,japan_2012.hdf5,20120710125200
train,japan_2012.hdf5,20120710125700
train,japan_2012.hdf5,20120710130300
train,japan_2012.hdf5,20120710130600
train,japan_2012.hdf5,20120710133300
train,japan_2012.hdf5,20120710151500
train,japan_2012.hdf5,20120710152100
train,japan_2012.hdf5,20120711114300
train,japan_2012.hdf5,20120711195400
train,japan_2012.hdf5,20120712135400
train,japan_2012.hdf5,20120712201700
train,japan_2012.hdf5,20120713141400
train,japan_2012.hdf5,20120713234200
train,japan_2012.hdf5,20120714130400
train,japan_2012.hdf5,20120714234900
train,japan_2012.hdf5,20120715230800
train,japan_2012.hdf5,20120715233400
train,japan_2012.hdf5,20120716043100
train,japan_2012.hdf5,20120716064900
train,japan_2012.hdf5,20120716150200
train,japan_2012.hdf5,20120718043900
train,japan_2012.hdf5,20120718045000
train,japan_2012.hdf5,20120718201400
train,japan_2012.hdf5,20120719193900
train,japan_2012.hdf5,20120720011100
train,japan_2012.hdf5,20120720125900
train,japan_2012.hdf5,20120720161400
train,japan_2012.hdf5,20120721120100
train,japan_2012.hdf5,20120722110800
train,japan_2012.hdf5,20120722134200
train,japan_2012.hdf5,20120722172000
train,japan_2012.hdf5,20120722191200
train,japan_2012.hdf5,20120722204900
train,japan_2012.hdf5,20120723055100
train,japan_2012.hdf5,20120723065700
train,japan_2012.hdf5,20120723100500
train,japan_2012.hdf5,20120723111500
train,japan_2012.hdf5,20120724210800
train,japan_2012.hdf5,20120724215200
train,japan_2012.hdf5,20120726074500
train,japan_2012.hdf5,20120726150000
train,japan_2012.hdf5,20120726193000
train,japan_2012.hdf5,20120727234000
train,japan_2012.hdf5,20120729022600
train,japan_2012.hdf5,20120729142500
train,japan_2012.hdf5,20120730023300
train,japan_2012.hdf5,20120730070500
train,japan_2012.hdf5,20120731021700
train,japan_2012.hdf5,20120731061600
train,japan_2012.hdf5,20120801013400
train,japan_2012.hdf5,20120801130300
train,japan_2012.hdf5,20120801132800
train,japan_2012.hdf5,20120801233700
train,japan_2012.hdf5,20120802095200
train,japan_2012.hdf5,20120802103400
train,japan_2012.hdf5,20120803192100
train,japan_2012.hdf5,20120803221900
train,japan_2012.hdf5,20120804092100
train,japan_2012.hdf5,20120804132700
train,japan_2012.hdf5,20120804220800
train,japan_2012.hdf5,20120805054400
train,japan_2012.hdf5,20120805064500
train,japan_2012.hdf5,20120806005000
train,japan_2012.hdf5,20120806072800
train,japan_2012.hdf5,20120806113400
train,japan_2012.hdf5,20120806221300
train,japan_2012.hdf5,20120807022300
train,japan_2012.hdf5,20120807061100
train,japan_2012.hdf5,20120807131800
train,japan_2012.hdf5,20120808011100
train,japan_2012.hdf5,20120808085400
train,japan_2012.hdf5,20120808101900
train,japan_2012.hdf5,20120810053600
train,japan_2012.hdf5,20120810053800
train,japan_2012.hdf5,20120810071800
train,japan_2012.hdf5,20120811013200
train,japan_2012.hdf5,20120811193000
train,japan_2012.hdf5,20120811235800
train,japan_2012.hdf5,20120812185600
train,japan_2012.hdf5,20120812201100
train,japan_2012.hdf5,20120812212600
train,japan_2013.hdf5,20130102210000
train,japan_2013.hdf5,20130103045600
train,japan_2013.hdf5,20130103201400
train,japan_2013.hdf5,20130103225600
train,japan_2013.hdf5,20130104134200
train,japan_2013.hdf5,20130104225300
train,japan_2013.hdf5,20130105095000
train,japan_2013.hdf5,20130106014700
train,japan_2013.hdf5,20130106171100
train,japan_2013.hdf5,20130107225400
train,japan_2013.hdf5,20130108100100
train,japan_2013.hdf5,20130108165100
train,japan_2013.hdf5,20130108201900
train,japan_2013.hdf5,20130110075100
train,japan_2013.hdf5,20130110214800
train,japan_2013.hdf5,20130111151400
train,japan_2013.hdf5,20130111165800
train,japan_2013.hdf5,20130112075400
train,japan_2013.hdf5,20130113025400
train,japan_2013.hdf5,20130113121700
train,japan_2013.hdf5,20130113221400
train,japan_2013.hdf5,20130114155400
train,japan_2013.hdf5,20130116054900
train,japan_2013.hdf5,20130116063300
train,japan_2013.hdf5,20130117083200
train,japan_2013.hdf5,20130117124600
train,japan_2013.hdf5,20130117141300
train,japan_2013.hdf5,20130117183700
train,japan_2013.hdf5,20130118130400
train,japan_2013.hdf5,20130119221900
train,japan_2013.hdf5,20130121033300
train,japan_2013.hdf5,20130121112900
train,japan_2013.hdf5,20130122044700
train,japan_2013.hdf5,20130123022200
train,japan_2013.hdf5,20130124022300
train,japan_2013.hdf5,20130124063100
train,japan_2013.hdf5,20130124063400
train,japan_2013.hdf5,20130124113200
train,japan_2013.hdf5,20130125223300
train,japan_2013.hdf5,20130126174700
train,japan_2013.hdf5,20130128002500
train,japan_2013.hdf5,20130128034200
train,japan_2013.hdf5,20130129035500
train,japan_2013.hdf5,20130129043000
train,japan_2013.hdf5,20130129112100
train,japan_2013.hdf5,20130129221700
train,japan_2013.hdf5,20130130130700
train,japan_2013.hdf5,20130131103100
train,japan_2013.hdf5,20130131195700
train,japan_2013.hdf5,20130131235300
train,japan_2013.hdf5,20130201010400
train,japan_2013.hdf5,20130201102700
train,japan_2013.hdf5,20130201194500
train,japan_2013.hdf5,20130201195500
train,japan_2013.hdf5,20130201230600
train,japan_2013.hdf5,20130202000600
train,japan_2013.hdf5,20130202055200
train,japan_2013.hdf5,20130202124200
train,japan_2013.hdf5,20130202135300
train,japan_2013.hdf5,20130202154100
train,japan_2013.hdf5,20130204181800
train,japan_2013.hdf5,20130205134100
train,japan_2013.hdf5,20130205223100
train,japan_2013.hdf5,20130205223400
train,japan_2013.hdf5,20130205231800
train,japan_2013.hdf5,20130206134200
train,japan_2013.hdf5,20130206140400
train,japan_2013.hdf5,20130206183100
train,japan_2013.hdf5,20130209045000
train,japan_2013.hdf5,20130209134300
train,japan_2013.hdf5,20130210002800
train,japan_2013.hdf5,20130211124500
train,japan_2013.hdf5,20130213025900
train,japan_2013.hdf5,20130213103300
train,japan_2013.hdf5,20130213112100
train,japan_2013.hdf5,20130213134500
train,japan_2013.hdf5,20130214095400
train,japan_2013.hdf5,20130215181800
train,japan_2013.hdf5,20130215201200
train,japan_2013.hdf5,20130216103000
train,japan_2013.hdf5,20130216103300
train,japan_2013.hdf5,20130216135100
train,japan_2013.hdf5,20130217071700
train,japan_2013.hdf5,20130217083500
train,japan_2013.hdf5,20130218200600
train,japan_2013.hdf5,20130218201000
train,japan_2013.hdf5,20130219021000
train,japan_2013.hdf5,20130219212700
train,japan_2013.hdf5,20130222003400
train,japan_2013.hdf5,20130223094600
train,japan_2013.hdf5,20130223164100
train,japan_2013.hdf5,20130223203200
train,japan_2013.hdf5,20130224113600
train,japan_2013.hdf5,20130224133800
train,japan_2013.hdf5,20130224135500
train,japan_2013.hdf5,20130225152600
train,japan_2013.hdf5,20130225162300
train,japan_2013.hdf5,20130225163100
train,japan_2013.hdf5,20130225163400
train,japan_2013.hdf5,20130225173300
train,japan_2013.hdf5,20130225181200
train,japan_2013.hdf5,20130225183800
train,japan_2013.hdf5,20130225185500
train,japan_2013.hdf5,20130225220000
train,japan_2013.hdf5,20130225231100
train,japan_2013.hdf5,20130225233200
train,japan_2013.hdf5,20130226011900
train,japan_2013.hdf5,20130226051200
train,japan_2013.hdf5,20130226081900
train,japan_2013.hdf5,20130226214600
train,japan_2013.hdf5,20130227124500
train,japan_2013.hdf5,20130227192400
train,japan_2013.hdf5,20130301085300
train,japan_2013.hdf5,20130301142000
train,japan_2013.hdf5,20130301212200
train,japan_2013.hdf5,20130302013500
train,japan_2013.hdf5,20130302074500
train,japan_2013.hdf5,20130303012500
train,japan_2013.hdf5,20130303201400
train,japan_2013.hdf5,20130303202400
train,japan_2013.hdf5,20130305054200
train,japan_2013.hdf5,20130305154200
train,japan_2013.hdf5,20130305194400
train,japan_2013.hdf5,20130307070400
train,japan_2013.hdf5,20130307181700
train,japan_2013.hdf5,20130308071900
train,japan_2013.hdf5,20130308195300
train,japan_2013.hdf5,20130308231400
train,japan_2013.hdf5,20130310051100
train,japan_2013.hdf5,20130311171000
train,japan_2013.hdf5,20130311183400
train,japan_2013.hdf5,20130311185900
train,japan_2013.hdf5,20130312023000
train,japan_2013.hdf5,20130312233900
train,japan_2013.hdf5,20130313063200
train,japan_2013.hdf5,20130313105300
train,japan_2013.hdf5,20130313215000
train,japan_2013.hdf5,20130314050200
train,japan_2013.hdf5,20130316081100
train,japan_2013.hdf5,20130317001900
train,japan_2013.hdf5,20130317123100
train,japan_2013.hdf5,20130317133300
train,japan_2013.hdf5,20130318002100
train,japan_2013.hdf5,20130318065300
train,japan_2013.hdf5,20130318152800
train,japan_2013.hdf5,20130320034700
train,japan_2013.hdf5,20130321042400
train,japan_2013.hdf5,20130321143400
train,japan_2013.hdf5,20130321171800
train,japan_2013.hdf5,20130321194100
train,japan_2013.hdf5,20130322072000
train,japan_2013.hdf5,20130326204800
train,japan_2013.hdf5,20130326205500
train,japan_2013.hdf5,20130327062200
train,japan_2013.hdf5,20130328191600
train,japan_2013.hdf5,20130329004800
train,japan_2013.hdf5,20130330132200
train,japan_2013.hdf5,20130331035700
train,japan_2013.hdf5,20130331164600
train,japan_2013.hdf5,20130401144300
train,japan_2013.hdf5,20130402035300
train,japan_2013.hdf5,20130402040900
train,japan_2013.hdf5,20130402110900
train,japan_2013.hdf5,20130404015800
train,japan_2013.hdf5,20130404105600
train,japan_2013.hdf5,20130404134200
train,japan_2013.hdf5,20130404180900
train,japan_2013.hdf5,20130406042500
train,japan_2013.hdf5,20130406050100
train,japan_2013.hdf5,20130406234400
train,japan_2013.hdf5,20130407230900
train,japan_2013.hdf5,20130408223900
train,japan_2013.hdf5,20130410133800
train,japan_2013.hdf5,20130411120500
train,japan_2013.hdf5,20130413053300
train,japan_2013.hdf5,20130413054100
train,japan_2013.hdf5,20130413061700
train,japan_2013.hdf5,20130413063100
train,japan_2013.hdf5,20130413151700
train,japan_2013.hdf5,20130414102200
train,japan_2013.hdf5,20130414162600
train,japan_2013.hdf5,20130414222500
train,japan_2013.hdf5,20130416144700
train,japan_2013.hdf5,20130417100000
train,japan_2013.hdf5,20130417101500
train,japan_2013.hdf5,20130417111400
train,japan_2013.hdf5,20130417111600
train,japan_2013.hdf5,20130417122200
train,japan_2013.hdf5,20130417175700
train,japan_2013.hdf5,20130417210300
train,japan_2013.hdf5,20130417223200
train,japan_2013.hdf5,20130417231300
train,japan_2013.hdf5,20130419045900
train,japan_2013.hdf5,20130419092800
train,japan_2013.hdf5,20130419102400
train,japan_2013.hdf5,20130419110600
train,japan_2013.hdf5,20130419231100
train,japan_2013.hdf5,20130420004800
train,japan_2013.hdf5,20130420190600
train,japan_2013.hdf5,20130421102800
train,japan_2013.hdf5,20130421192700
train,japan_2013.hdf5,20130423025000
train,japan_2013.hdf5,20130423120000
train,japan_2013.hdf5,20130423135600
train,japan_2013.hdf5,20130424065500
train,japan_2013.hdf5,20130425084700
train,japan_2013.hdf5,20130425161600
train,japan_2013.hdf5,20130425162600
train,japan_2013.hdf5,20130427040500
train,japan_2013.hdf5,20130427080600
train,japan_2013.hdf5,20130429052400
train,japan_2013.hdf5,20130429220100
train,japan_2013.hdf5,20130430094900
train,japan_2013.hdf5,20130430100700
train,japan_2013.hdf5,20130430220900
train,japan_2013.hdf5,20130501044000
train,japan_2013.hdf5,20130502054300
train,japan_2013.hdf5,20130502073600
train,japan_2013.hdf5,20130502095500
train,japan_2013.hdf5,20130502210300
train,japan_2013.hdf5,20130502220400
train,japan_2013.hdf5,20130505071700
train,japan_2013.hdf5,20130505202200
train,japan_2013.hdf5,20130506023900
train,japan_2013.hdf5,20130506090600
train,japan_2013.hdf5,20130506133200
train,japan_2013.hdf5,20130507100400
train,japan_2013.hdf5,20130508201800
train,japan_2013.hdf5,20130509020900
train,japan_2013.hdf5,20130510015600
train,japan_2013.hdf5,20130512145400
train,japan_2013.hdf5,20130513220700
train,japan_2013.hdf5,20130513225900
train,japan_2013.hdf5,20130514065500
train,japan_2013.hdf5,20130514080100
train,japan_2013.hdf5,20130515004900
train,japan_2013.hdf5,20130515062100
train,japan_2013.hdf5,20130515114400
train,japan_2013.hdf5,20130515183500
train,japan_2013.hdf5,20130516071100
train,japan_2013.hdf5,20130516084600
train,japan_2013.hdf5,20130516161200
train,japan_2013.hdf5,20130516163900
train,japan_2013.hdf5,20130517042000
train,japan_2013.hdf5,20130518010000
train,japan_2013.hdf5,20130518144800
train,japan_2013.hdf5,20130518180900
train,japan_2013.hdf5,20130518224900
train,japan_2013.hdf5,20130519005100
train,japan_2013.hdf5,20130519103300
train,japan_2013.hdf5,20130519125700
train,japan_2013.hdf5,20130520233800
train,japan_2013.hdf5,20130521034800
train,japan_2013.hdf5,20130521202500
train,japan_2013.hdf5,20130522200000
train,japan_2013.hdf5,20130522200600
train,japan_2013.hdf5,20130523194700
train,japan_2013.hdf5,20130524092500
train,japan_2013.hdf5,20130524173300
train,japan_2013.hdf5,20130525080400
train,japan_2013.hdf5,20130525111100
train,japan_2013.hdf5,20130525155800
train,japan_2013.hdf5,20130526094800
train,japan_2013.hdf5,20130526221600
train,japan_2013.hdf5,20130528095200
train,japan_2013.hdf5,20130529015600
train,japan_2013.hdf5,20130529113500
train,japan_2013.hdf5,20130529122200
train,japan_2013.hdf5,20130529215400
train,japan_2013.hdf5,20130530010700
train,japan_2013.hdf5,20130531145300
train,japan_2013.hdf5,20130601045400
train,japan_2013.hdf5,20130601120300
train,japan_2013.hdf5,20130601165400
train,japan_2013.hdf5,20130601165700
train,japan_2013.hdf5,20130602034000
train,japan_2013.hdf5,20130602171900
train,japan_2013.hdf5,20130603145600
train,japan_2013.hdf5,20130604050100
train,japan_2013.hdf5,20130604130900
train,japan_2013.hdf5,20130604164500
train,japan_2013.hdf5,20130604173300
train,japan_2013.hdf5,20130604195200
train,japan_2013.hdf5,20130605020900
train,japan_2013.hdf5,20130605042400
train,japan_2013.hdf5,20130605093600
train,japan_2013.hdf5,20130606022900
train,japan_2013.hdf5,20130606024900
train,japan_2013.hdf5,20130606122900
train,japan_2013.hdf5,20130606132500
train,japan_2013.hdf5,20130607011500
train,japan_2013.hdf5,20130607222900
train,japan_2013.hdf5,20130608151800
train,japan_2013.hdf5,20130608161000
train,japan_2013.hdf5,20130608161700
train,japan_2013.hdf5,20130608164700
train,japan_2013.hdf5,20130608203900
train,japan_2013.hdf5,20130609001600
train,japan_2013.hdf5,20130609002000
train,japan_2013.hdf5,20130611050900
train,japan_2013.hdf5,20130611070600
train,japan_2013.hdf5,20130611091900
train,japan_2013.hdf5,20130611171000
train,japan_2013.hdf5,20130612080800
train,japan_2013.hdf5,20130612122500
train,japan_2013.hdf5,20130613034500
train,japan_2013.hdf5,20130613223500
train,japan_2013.hdf5,20130614141700
train,japan_2013.hdf5,20130614142200
train,japan_2013.hdf5,20130615224900
train,japan_2013.hdf5,20130616194500
train,japan_2013.hdf5,20130620095000
train,japan_2013.hdf5,20130620104900
train,japan_2013.hdf5,20130620221900
train,japan_2013.hdf5,20130621030200
train,japan_2013.hdf5,20130625081200
train,japan_2013.hdf5,20130625191300
train,japan_2013.hdf5,20130625211100
train,japan_2013.hdf5,20130626032300
train,japan_2013.hdf5,20130627075400
train,japan_2013.hdf5,20130627091100
train,japan_2013.hdf5,20130627161300
train,japan_2013.hdf5,20130628133600
train,japan_2013.hdf5,20130629193000
train,japan_2013.hdf5,20130630105600
train,japan_2013.hdf5,20130630140100
train,japan_2013.hdf5,20130701064900
train,japan_2013.hdf5,20130701182800
train,japan_2013.hdf5,20130702050100
train,japan_2013.hdf5,20130702234800
train,japan_2013.hdf5,20130703003800
train,japan_2013.hdf5,20130703095200
train,japan_2013.hdf5,20130703111900
train,japan_2013.hdf5,20130703182000
train,japan_2013.hdf5,20130704000600
train,japan_2013.hdf5,20130705060100
train,japan_2013.hdf5,20130705175800
train,japan_2013.hdf5,20130705221600
train,japan_2013.hdf5,20130705232800
train,japan_2013.hdf5,20130706070000
train,japan_2013.hdf5,20130706143900
train,japan_2013.hdf5,20130706224400
train,japan_2013.hdf5,20130707105100
train,japan_2013.hdf5,20130709050200
train,japan_2013.hdf5,20130709093300
train,japan_2013.hdf5,20130710002100
train,japan_2013.hdf5,20130710142200
train,japan_2013.hdf5,20130711031800
train,japan_2013.hdf5,20130711224400
train,japan_2013.hdf5,20130712001200
train,japan_2013.hdf5,20130712031800
train,japan_2013.hdf5,20130713033100
train,japan_2013.hdf5,20130714003700
train,japan_2013.hdf5,20130715010700
train,japan_2013.hdf5,20130716074600
train,japan_2013.hdf5,20130716104400
train,japan_2013.hdf5,20130716230900
train,japan_2013.hdf5,20130717120700
train,japan_2013.hdf5,20130717203200
train,japan_2013.hdf5,20130717223400
train,japan_2013.hdf5,20130719020500
train,japan_2013.hdf5,20130719084400
train,japan_2013.hdf5,20130719180500
train,japan_2013.hdf5,20130720013900
train,japan_2013.hdf5,20130720150600
train,japan_2013.hdf5,20130720192800
train,japan_2013.hdf5,20130721160300
train,japan_2013.hdf5,20130721163800
train,japan_2013.hdf5,20130722184500
train,japan_2013.hdf5,20130723110400
train,japan_2013.hdf5,20130723120200
train,japan_2013.hdf5,20130724143400
train,japan_2013.hdf5,20130726015500
train,japan_2013.hdf5,20130726040500
train,japan_2013.hdf5,20130726094200
train,japan_2013.hdf5,20130726103300
train,japan_2013.hdf5,20130728024700
train,japan_2013.hdf5,20130729181900
train,japan_2013.hdf5,20130730010500
train,japan_2013.hdf5,20130730030500
train,japan_2013.hdf5,20130730130200
train,japan_2013.hdf5,20130730213900
train,japan_2013.hdf5,20130731062000
train,japan_2013.hdf5,20130731091400
train,japan_2013.hdf5,20130731173500
train,japan_2013.hdf5,20130801014000
train,japan_2013.hdf5,20130803095600
train,japan_2013.hdf5,20130803170500
train,japan_2013.hdf5,20130804024400
train,japan_2013.hdf5,20130804122900
train,japan_2013.hdf5,20130804123200
train,japan_2013.hdf5,20130804123300
train,japan_2013.hdf5,20130804130800
train,japan_2013.hdf5,20130804145100
train,japan_2013.hdf5,20130805134900
train,japan_2013.hdf5,20130806003500
train,japan_2013.hdf5,20130806022000
train,japan_2013.hdf5,20130807035400
train,japan_2013.hdf5,20130807063000
train,japan_2013.hdf5,20130807165100
train,japan_2013.hdf5,20130810075600
train,japan_2013.hdf5,20130812093200
train,japan_2013.hdf5,20130812095100
train,japan_2013.hdf5,20130812195700
train,japan_2013.hdf5,20130812215900
train,japan_2013.hdf5,20130813021800
train,japan_2013.hdf5,20130813100100
train,japan_2013.hdf5,20130814094500
train,japan_2013.hdf5,20130814143100
train,japan_2013.hdf5,20130815075400
train,japan_2013.hdf5,20130816040300
train,japan_2013.hdf5,20130816223500
train,japan_2013.hdf5,20130816230500
train,japan_2013.hdf5,20130819040200
train,japan_2013.hdf5,20130819112200
train,japan_2013.hdf5,20130820231200
train,japan_2013.hdf5,20130821122100
train,japan_2013.hdf5,20130822002800
train,japan_2013.hdf5,20130822011400
train,japan_2013.hdf5,20130822015700
train,japan_2013.hdf5,20130822022000
train,japan_2013.hdf5,20130822155300
train,japan_2013.hdf5,20130822170200
train,japan_2013.hdf5,20130823232100
train,japan_2013.hdf5,20130825181800
train,japan_2013.hdf5,20130825232500
train,japan_2013.hdf5,20130826142400
train,japan_2013.hdf5,20130826235100
train,japan_2013.hdf5,20130827034300
train,japan_2013.hdf5,20130828020900
train,japan_2013.hdf5,20130828064000
train,japan_2013.hdf5,20130828175500
train,japan_2013.hdf5,20130829002100
train,japan_2013.hdf5,20130829122600
train,japan_2013.hdf5,20130829214500
train,japan_2013.hdf5,20130830163600
train,japan_2013.hdf5,20130830173200
train,japan_2013.hdf5,20130831015600
train,japan_2013.hdf5,20130831015630
train,japan_2013.hdf5,20130831175900
train,japan_2013.hdf5,20130902165600
train,japan_2013.hdf5,20130903022200
train,japan_2013.hdf5,20130903141600
train,japan_2013.hdf5,20130905051900
train,japan_2013.hdf5,20130905212400
train,japan_2013.hdf5,20130906162700
train,japan_2013.hdf5,20130906224500
train,japan_2013.hdf5,20130907005000
train,japan_2014.hdf5,20140101041600
train,japan_2014.hdf5,20140101233900
train,japan_2014.hdf5,20140102103400
train,japan_2014.hdf5,20140102164800
train,japan_2014.hdf5,20140102221100
train,japan_2014.hdf5,20140102223100
train,japan_2014.hdf5,20140103081000
train,japan_2014.hdf5,20140103105000
train,japan_2014.hdf5,20140103212000
train,japan_2014.hdf5,20140104142200
train,japan_2014.hdf5,20140105030100
train,japan_2014.hdf5,20140106012400
train,japan_2014.hdf5,20140106022100
train,japan_2014.hdf5,20140106070500
train,japan_2014.hdf5,20140106202800
train,japan_2014.hdf5,20140107005700
train,japan_2014.hdf5,20140107221100
train,japan_2014.hdf5,20140107231600
train,japan_2014.hdf5,20140108035100
train,japan_2014.hdf5,20140108212800
train,japan_2014.hdf5,20140109035700
train,japan_2014.hdf5,20140109133200
train,japan_2014.hdf5,20140109152800
train,japan_2014.hdf5,20140112004600
train,japan_2014.hdf5,20140113082900
train,japan_2014.hdf5,20140114141100
train,japan_2014.hdf5,20140115043300
train,japan_2014.hdf5,20140115144700
train,japan_2014.hdf5,20140116101200
train,japan_2014.hdf5,20140116212200
train,japan_2014.hdf5,20140116222800
train,japan_2014.hdf5,20140117043200
train,japan_2014.hdf5,20140117183700
train,japan_2014.hdf5,20140117185300
train,japan_2014.hdf5,20140118143100
train,japan_2014.hdf5,20140118153400
train,japan_2014.hdf5,20140121142800
train,japan_2014.hdf5,20140122113100
train,japan_2014.hdf5,20140123182000
train,japan_2014.hdf5,20140124011000
train,japan_2014.hdf5,20140124053800
train,japan_2014.hdf5,20140125212700
train,japan_2014.hdf5,20140126183600
train,japan_2014.hdf5,20140128052500
train,japan_2014.hdf5,20140128052600
train,japan_2014.hdf5,20140128231100
train,japan_2014.hdf5,20140129062800
train,japan_2014.hdf5,20140131220200
train,japan_2014.hdf5,20140201094900
train,japan_2014.hdf5,20140202171300
train,japan_2014.hdf5,20140203120800
train,japan_2014.hdf5,20140203210700
train,japan_2014.hdf5,20140204093500
train,japan_2014.hdf5,20140205233000
train,japan_2014.hdf5,20140206004600
train,japan_2014.hdf5,20140206023200
train,japan_2014.hdf5,20140206211000
train,japan_2014.hdf5,20140207094300
train,japan_2014.hdf5,20140208021800
train,japan_2014.hdf5,20140208113400
train,japan_2014.hdf5,20140209125000
train,japan_2014.hdf5,20140209195500
train,japan_2014.hdf5,20140209223400
train,japan_2014.hdf5,20140210075700
train,japan_2014.hdf5,20140210095200
train,japan_2014.hdf5,20140211041400
train,japan_2014.hdf5,20140211083900
train,japan_2014.hdf5,20140211150500
train,japan_2014.hdf5,20140212002200
train,japan_2014.hdf5,20140212063400
train,japan_2014.hdf5,20140212232200
train,japan_2014.hdf5,20140213201500
train,japan_2014.hdf5,20140214190400
train,japan_2014.hdf5,20140216055300
train,japan_2014.hdf5,20140218135600
train,japan_2014.hdf5,20140218210300
train,japan_2014.hdf5,20140219002900
train,japan_2014.hdf5,20140219014900
train,japan_2014.hdf5,20140219050200
train,japan_2014.hdf5,20140219152000
train,japan_2014.hdf5,20140219190800
train,japan_2014.hdf5,20140220004200
train,japan_2014.hdf5,20140220111200
train,japan_2014.hdf5,20140221153300
train,japan_2014.hdf5,20140222073100
train,japan_2014.hdf5,20140222084100
train,japan_2014.hdf5,20140224094100
train,japan_2014.hdf5,20140224163900
train,japan_2014.hdf5,20140225010500
train,japan_2014.hdf5,20140225195400
train,japan_2014.hdf5,20140225205900
train,japan_2014.hdf5,20140226195700
train,japan_2014.hdf5,20140227140400
train,japan_2014.hdf5,20140227230400
train,japan_2014.hdf5,20140227233300
train,japan_2014.hdf5,20140301052200
train,japan_2014.hdf5,20140301235700
train,japan_2014.hdf5,20140302151400
train,japan_2014.hdf5,20140304052800
train,japan_2014.hdf5,20140305023000
train,japan_2014.hdf5,20140306145300
train,japan_2014.hdf5,20140308033400
train,japan_2014.hdf5,20140309060700
train,japan_2014.hdf5,20140309180900
train,japan_2014.hdf5,20140310001300
train,japan_2014.hdf5,20140310155300
train,japan_2014.hdf5,20140312050400
train,japan_2014.hdf5,20140314020700
train,japan_2014.hdf5,20140314034600
train,japan_2014.hdf5,20140314044100
train,japan_2014.hdf5,20140316090500
train,japan_2014.hdf5,20140317180300
train,japan_2014.hdf5,20140318104900
train,japan_2014.hdf5,20140318113400
train,japan_2014.hdf5,20140319022400
train,japan_2014.hdf5,20140319060000
train,japan_2014.hdf5,20140319072300
train,japan_2014.hdf5,20140319113800
train,japan_2014.hdf5,20140320004800
train,japan_2014.hdf5,20140320181800
train,japan_2014.hdf5,20140322033300
train,japan_2014.hdf5,20140322140500
train,japan_2014.hdf5,20140322200500
train,japan_2014.hdf5,20140323044100
train,japan_2014.hdf5,20140324191600
train,japan_2014.hdf5,20140325095600
train,japan_2014.hdf5,20140325234300
train,japan_2014.hdf5,20140326045400
train,japan_2014.hdf5,20140327142000
train,japan_2014.hdf5,20140328031700
train,japan_2014.hdf5,20140328034600
train,japan_2014.hdf5,20140329105300
train,japan_2014.hdf5,20140330042800
train,japan_2014.hdf5,20140330122300
train,japan_2014.hdf5,20140330201200
train,japan_2014.hdf5,20140331115900
train,japan_2014.hdf5,20140401011500
train,japan_2014.hdf5,20140401063700
train,japan_2014.hdf5,20140401080200
train,japan_2014.hdf5,20140401130800
train,japan_2014.hdf5,20140402045900
train,japan_2014.hdf5,20140403003800
train,japan_2014.hdf5,20140403082200
train,japan_2014.hdf5,20140403094700
train,japan_2014.hdf5,20140404004600
train,japan_2014.hdf5,20140404125500
train,japan_2014.hdf5,20140405101600
train,japan_2014.hdf5,20140406012400
train,japan_2014.hdf5,20140407130700
train,japan_2014.hdf5,20140408050800
train,japan_2014.hdf5,20140408181900
train,japan_2014.hdf5,20140408214900
train,japan_2014.hdf5,20140408231100
train,japan_2014.hdf5,20140409182300
train,japan_2014.hdf5,20140410131700
train,japan_2014.hdf5,20140410131900
train,japan_2014.hdf5,20140411005300
train,japan_2014.hdf5,20140411074300
train,japan_2014.hdf5,20140411124500
train,japan_2014.hdf5,20140412000100
train,japan_2014.hdf5,20140413181600
train,japan_2014.hdf5,20140415103500
train,japan_2014.hdf5,20140415204300
train,japan_2014.hdf5,20140416002800
train,japan_2014.hdf5,20140416033600
train,japan_2014.hdf5,20140416211600
train,japan_2014.hdf5,20140417022000
train,japan_2014.hdf5,20140417031700
train,japan_2014.hdf5,20140417172300
train,japan_2014.hdf5,20140417234300
train,japan_2014.hdf5,20140418075300
train,japan_2014.hdf5,20140420160800
train,japan_2014.hdf5,20140421164600
train,japan_2014.hdf5,20140422053900
train,japan_2014.hdf5,20140422062200
train,japan_2014.hdf5,20140422135800
train,japan_2014.hdf5,20140424025900
train,japan_2014.hdf5,20140424172200
train,japan_2014.hdf5,20140425084300
train,japan_2014.hdf5,20140426041500
train,japan_2014.hdf5,20140428070800
train,japan_2014.hdf5,20140429102100
train,japan_2014.hdf5,20140429140000
train,japan_2014.hdf5,20140430112100
train,japan_2014.hdf5,20140501112100
train,japan_2014.hdf5,20140501122500
train,japan_2014.hdf5,20140501222000
train,japan_2014.hdf5,20140503100200
train,japan_2014.hdf5,20140503104500
train,japan_2014.hdf5,20140503111300
train,japan_2014.hdf5,20140503112000
train,japan_2014.hdf5,20140503112300
train,japan_2014.hdf5,20140503113300
train,japan_2014.hdf5,20140503144200
train,japan_2014.hdf5,20140503150700
train,japan_2014.hdf5,20140503151000
train,japan_2014.hdf5,20140503152700
train,japan_2014.hdf5,20140503162000
train,japan_2014.hdf5,20140503170100
train,japan_2014.hdf5,20140503223900
train,japan_2014.hdf5,20140504092100
train,japan_2014.hdf5,20140504161000
train,japan_2014.hdf5,20140504190100
train,japan_2014.hdf5,20140505050200
train,japan_2014.hdf5,20140505142300
train,japan_2014.hdf5,20140506080000
train,japan_2014.hdf5,20140508010400
train,japan_2014.hdf5,20140508205000
train,japan_2014.hdf5,20140512022000
train,japan_2014.hdf5,20140513083500
train,japan_2014.hdf5,20140513103300
train,japan_2014.hdf5,20140514080300
train,japan_2014.hdf5,20140516130000
train,japan_2014.hdf5,20140519023300
train,japan_2014.hdf5,20140519210200
train,japan_2014.hdf5,20140520035000
train,japan_2014.hdf5,20140521101100
train,japan_2014.hdf5,20140521164700
train,japan_2014.hdf5,20140523013100
train,japan_2014.hdf5,20140523025800
train,japan_2014.hdf5,20140523085400
train,japan_2014.hdf5,20140526184800
train,japan_2014.hdf5,20140527031200
train,japan_2014.hdf5,20140528025400
train,japan_2014.hdf5,20140529022200
train,japan_2014.hdf5,20140530202200
train,japan_2014.hdf5,20140601153400
train,japan_2014.hdf5,20140603010900
train,japan_2014.hdf5,20140604013000
train,japan_2014.hdf5,20140604022200
train,japan_2014.hdf5,20140604124500
train,japan_2014.hdf5,20140606182400
train,japan_2014.hdf5,20140607001200
train,japan_2014.hdf5,20140607085800
train,japan_2014.hdf5,20140608142400
train,japan_2014.hdf5,20140609061000
train,japan_2014.hdf5,20140609075100
train,japan_2014.hdf5,20140609152900
train,japan_2014.hdf5,20140609175800
train,japan_2014.hdf5,20140611195200
train,japan_2014.hdf5,20140611211200
train,japan_2014.hdf5,20140612043600
train,japan_2014.hdf5,20140612135000
train,japan_2014.hdf5,20140613082400
train,japan_2014.hdf5,20140613111700
train,japan_2014.hdf5,20140615023100
train,japan_2014.hdf5,20140616031900
train,japan_2014.hdf5,20140616051400
train,japan_2014.hdf5,20140616062900
train,japan_2014.hdf5,20140618214100
train,japan_2014.hdf5,20140619185000
train,japan_2014.hdf5,20140620014300
train,japan_2014.hdf5,20140620042000
train,japan_2014.hdf5,20140620174900
train,japan_2014.hdf5,20140621000800
train,japan_2014.hdf5,20140622130500
train,japan_2014.hdf5,20140622180900
train,japan_2014.hdf5,20140626004100
train,japan_2014.hdf5,20140626144700
train,japan_2014.hdf5,20140627065500
train,japan_2014.hdf5,20140628161100
train,japan_2014.hdf5,20140629163200
train,japan_2014.hdf5,20140630013400
train,japan_2014.hdf5,20140630045100
train,japan_2014.hdf5,20140630051400
train,japan_2014.hdf5,20140701044300
train,japan_2014.hdf5,20140703072900
train,japan_2014.hdf5,20140703075800
train,japan_2014.hdf5,20140703152800
train,japan_2014.hdf5,20140705001600
train,japan_2014.hdf5,20140705074200
train,japan_2014.hdf5,20140705165500
train,japan_2014.hdf5,20140705212100
train,japan_2014.hdf5,20140705235900
train,japan_2014.hdf5,20140706052300
train,japan_2014.hdf5,20140706092400
train,japan_2014.hdf5,20140707024800
train,japan_2014.hdf5,20140707042800
train,japan_2014.hdf5,20140707114000
train,japan_2014.hdf5,20140708180500
train,japan_2014.hdf5,20140708180800
train,japan_2014.hdf5,20140708193700
train,japan_2014.hdf5,20140709064100
train,japan_2014.hdf5,20140709113000
train,japan_2014.hdf5,20140710175800
train,japan_2014.hdf5,20140710181600
train,japan_2014.hdf5,20140711001400
train,japan_2014.hdf5,20140711204600
train,japan_2014.hdf5,20140712042200
train,japan_2014.hdf5,20140712165900
train,japan_2014.hdf5,20140712212600
train,japan_2014.hdf5,20140713003700
train,japan_2014.hdf5,20140713035900
train,japan_2014.hdf5,20140715010300
train,japan_2014.hdf5,20140716172400
train,japan_2014.hdf5,20140718204100
train,japan_2014.hdf5,20140719104300
train,japan_2014.hdf5,20140720100100
train,japan_2014.hdf5,20140720102500
train,japan_2014.hdf5,20140720194700
train,japan_2014.hdf5,20140721033300
train,japan_2014.hdf5,20140722005800
train,japan_2014.hdf5,20140722051300
train,japan_2014.hdf5,20140722091100
train,japan_2014.hdf5,20140722213000
train,japan_2014.hdf5,20140724175600
train,japan_2014.hdf5,20140725131800
train,japan_2014.hdf5,20140726161700
train,japan_2014.hdf5,20140726222400
train,japan_2014.hdf5,20140727182400
train,japan_2014.hdf5,20140728030900
train,japan_2014.hdf5,20140728142800
train,japan_2014.hdf5,20140728170500
train,japan_2014.hdf5,20140729181300
train,japan_2014.hdf5,20140730050500
train,japan_2014.hdf5,20140730235700
train,japan_2014.hdf5,20140731121500
train,japan_2014.hdf5,20140802200600
train,japan_2014.hdf5,20140803010900
train,japan_2014.hdf5,20140804094500
train,japan_2014.hdf5,20140804145800
train,japan_2014.hdf5,20140805224800
train,japan_2014.hdf5,20140806011700
train,japan_2014.hdf5,20140806012600
train,japan_2014.hdf5,20140807001200
train,japan_2014.hdf5,20140807050500
train,japan_2014.hdf5,20140809144900
train,japan_2014.hdf5,20140810024300
train,japan_2014.hdf5,20140810124300
train,japan_2014.hdf5,20140813094000
train,japan_2014.hdf5,20140814075100
train,japan_2014.hdf5,20140814143600
train,japan_2014.hdf5,20140814215000
train,japan_2014.hdf5,20140815121900
train,japan_2014.hdf5,20140816034500
train,japan_2014.hdf5,20140817102100
train,japan_2014.hdf5,20140819222600
train,japan_2014.hdf5,20140820115700
train,japan_2014.hdf5,20140821002100
train,japan_2014.hdf5,20140821214600
train,japan_2014.hdf5,20140824033300
train,japan_2014.hdf5,20140824105700
train,japan_2014.hdf5,20140824172700
train,japan_2014.hdf5,20140825053000
train,japan_2014.hdf5,20140825134600
train,japan_2014.hdf5,20140825200400
train,japan_2014.hdf5,20140826034200
train,japan_2014.hdf5,20140826045100
train,japan_2014.hdf5,20140826123600
train,japan_2014.hdf5,20140827044900
train,japan_2014.hdf5,20140827134800
train,japan_2014.hdf5,20140827154400
train,japan_2014.hdf5,20140828014500
train,japan_2014.hdf5,20140829013000
train,japan_2014.hdf5,20140829041400
train,japan_2014.hdf5,20140829043200
train,japan_2014.hdf5,20140829130500
train,japan_2014.hdf5,20140829163500
train,japan_2014.hdf5,20140829181900
train,japan_2014.hdf5,20140830050300
train,japan_2014.hdf5,20140830083300
train,japan_2014.hdf5,20140831054400
train,japan_2014.hdf5,20140901102600
train,japan_2014.hdf5,20140902163200
train,japan_2014.hdf5,20140903162400
train,japan_2014.hdf5,20140903191100
train,japan_2014.hdf5,20140903221600
train,japan_2014.hdf5,20140904053400
train,japan_2014.hdf5,20140904053600
train,japan_2014.hdf5,20140904074900
train,japan_2014.hdf5,20140904082100
train,japan_2014.hdf5,20140904120700
train,japan_2015.hdf5,20150101140100
train,japan_2015.hdf5,20150101155600
train,japan_2015.hdf5,20150101225700
train,japan_2015.hdf5,20150102011400
train,japan_2015.hdf5,20150102105100
train,japan_2015.hdf5,20150103045500
train,japan_2015.hdf5,20150103175500
train,japan_2015.hdf5,20150104072200
train,japan_2015.hdf5,20150105101300
train,japan_2015.hdf5,20150105114200
train,japan_2015.hdf5,20150107185900
train,japan_2015.hdf5,20150108072900
train,japan_2015.hdf5,20150108075700
train,japan_2015.hdf5,20150108120200
train,japan_2015.hdf5,20150110040800
train,japan_2015.hdf5,20150110080200
train,japan_2015.hdf5,20150110212100
train,japan_2015.hdf5,20150113112600
train,japan_2015.hdf5,20150113142700
train,japan_2015.hdf5,20150114024600
train,japan_2015.hdf5,20150114210200
train,japan_2015.hdf5,20150116202600
train,japan_2015.hdf5,20150118031700
train,japan_2015.hdf5,20150119121400
train,japan_2015.hdf5,20150122023500
train,japan_2015.hdf5,20150122080500
train,japan_2015.hdf5,20150122225400
train,japan_2015.hdf5,20150123181100
train,japan_2015.hdf5,20150124143400
train,japan_2015.hdf5,20150124192000
train,japan_2015.hdf5,20150124224300
train,japan_2015.hdf5,20150125220200
train,japan_2015.hdf5,20150126002400
train,japan_2015.hdf5,20150126072000
train,japan_2015.hdf5,20150126072100
train,japan_2015.hdf5,20150126073400
train,japan_2015.hdf5,20150126103100
train,japan_2015.hdf5,20150126232400
train,japan_2015.hdf5,20150129194500
train,japan_2015.hdf5,20150130164500
train,japan_2015.hdf5,20150130203100
train,japan_2015.hdf5,20150131155200
train,japan_2015.hdf5,20150201004200
train,japan_2015.hdf5,20150202154800
train,japan_2015.hdf5,20150202180600
train,japan_2015.hdf5,20150202230600
train,japan_2015.hdf5,20150203061900
train,japan_2015.hdf5,20150203140700
train,japan_2015.hdf5,20150204011000
train,japan_2015.hdf5,20150204150800
train,japan_2015.hdf5,20150205060500
train,japan_2015.hdf5,20150206052800
train,japan_2015.hdf5,20150206102500
train,japan_2015.hdf5,20150207123600
train,japan_2015.hdf5,20150207151900
train,japan_2015.hdf5,20150208014900
train,japan_2015.hdf5,20150209194800
train,japan_2015.hdf5,20150209200900
train,japan_2015.hdf5,20150209223600
train,japan_2015.hdf5,20150211042300
train,japan_2015.hdf5,20150213194800
train,japan_2015.hdf5,20150214161800
train,japan_2015.hdf5,20150214231700
train,japan_2015.hdf5,20150215091400
train,japan_2015.hdf5,20150217080600
train,japan_2015.hdf5,20150217104600
train,japan_2015.hdf5,20150217134600
train,japan_2015.hdf5,20150217162000
train,japan_2015.hdf5,20150218140100
train,japan_2015.hdf5,20150219161400
train,japan_2015.hdf5,20150220200900
train,japan_2015.hdf5,20150221042800
train,japan_2015.hdf5,20150221191300
train,japan_2015.hdf5,20150223170000
train,japan_2015.hdf5,20150224041400
train,japan_2015.hdf5,20150224112800
train,japan_2015.hdf5,20150224193600
train,japan_2015.hdf5,20150225062800
train,japan_2015.hdf5,20150225175800
train,japan_2015.hdf5,20150226101100
train,japan_2015.hdf5,20150227035500
train,japan_2015.hdf5,20150228094000
train,japan_2015.hdf5,20150228174000
train,japan_2015.hdf5,20150304000400
train,japan_2015.hdf5,20150305211800
train,japan_2015.hdf5,20150306080600
train,japan_2015.hdf5,20150307233100
train,japan_2015.hdf5,20150308081600
train,japan_2015.hdf5,20150309115800
train,japan_2015.hdf5,20150310034100
train,japan_2015.hdf5,20150310145300
train,japan_2015.hdf5,20150312200200
train,japan_2015.hdf5,20150314020900
train,japan_2015.hdf5,20150314203800
train,japan_2015.hdf5,20150314213900
train,japan_2015.hdf5,20150315234400
train,japan_2015.hdf5,20150316023200
train,japan_2015.hdf5,20150316205600
train,japan_2015.hdf5,20150318112800
train,japan_2015.hdf5,20150319103400
train,japan_2015.hdf5,20150320015600
train,japan_2015.hdf5,20150320195400
train,japan_2015.hdf5,20150320235300
train,japan_2015.hdf5,20150323214000
train,japan_2015.hdf5,20150323225600
train,japan_2015.hdf5,20150324010600
train,japan_2015.hdf5,20150324135300
train,japan_2015.hdf5,20150325040500
train,japan_2015.hdf5,20150325093400
train,japan_2015.hdf5,20150325162600
train,japan_2015.hdf5,20150326062800
train,japan_2015.hdf5,20150326104600
train,japan_2015.hdf5,20150327022800
train,japan_2015.hdf5,20150327213200
train,japan_2015.hdf5,20150327233900
train,japan_2015.hdf5,20150328115100
train,japan_2015.hdf5,20150328161800
train,japan_2015.hdf5,20150331125900
train,japan_2015.hdf5,20150403040400
train,japan_2015.hdf5,20150404153200
train,japan_2015.hdf5,20150405124500
train,japan_2015.hdf5,20150406135800
train,japan_2015.hdf5,20150407203300
train,japan_2015.hdf5,20150408085100
train,japan_2015.hdf5,20150412045600
train,japan_2015.hdf5,20150412133300
train,japan_2015.hdf5,20150412142500
train,japan_2015.hdf5,20150413071700
train,japan_2015.hdf5,20150413172300
train,japan_2015.hdf5,20150416015800
train,japan_2015.hdf5,20150416021000
train,japan_2015.hdf5,20150416140400
train,japan_2015.hdf5,20150416163800
train,japan_2015.hdf5,20150416171700
train,japan_2015.hdf5,20150418183400
train,japan_2015.hdf5,20150420010000
train,japan_2015.hdf5,20150421051500
train,japan_2015.hdf5,20150423022300
train,japan_2015.hdf5,20150423063200
train,japan_2015.hdf5,20150423191700
train,japan_2015.hdf5,20150423212300
train,japan_2015.hdf5,20150423221500
train,japan_2015.hdf5,20150424032700
train,japan_2015.hdf5,20150426061600
train,japan_2015.hdf5,20150429024900
train,japan_2015.hdf5,20150430011000
train,japan_2015.hdf5,20150430235400
train,japan_2015.hdf5,20150501153400
train,japan_2015.hdf5,20150502145900
train,japan_2015.hdf5,20150503130300
train,japan_2015.hdf5,20150503155400
train,japan_2015.hdf5,20150504104200
train,japan_2015.hdf5,20150506234800
train,japan_2015.hdf5,20150507024800
train,japan_2015.hdf5,20150508152900
train,japan_2015.hdf5,20150508165100
train,japan_2015.hdf5,20150510041500
train,japan_2015.hdf5,20150510223900
train,japan_2015.hdf5,20150512172400
train,japan_2015.hdf5,20150513061300
train,japan_2015.hdf5,20150513224500
train,japan_2015.hdf5,20150514105100
train,japan_2015.hdf5,20150515123000
train,japan_2015.hdf5,20150517053900
train,japan_2015.hdf5,20150517064100
train,japan_2015.hdf5,20150519060500
train,japan_2015.hdf5,20150519151300
train,japan_2015.hdf5,20150520021700
train,japan_2015.hdf5,20150520220700
train,japan_2015.hdf5,20150521005000
train,japan_2015.hdf5,20150521224000
train,japan_2015.hdf5,20150524064100
train,japan_2015.hdf5,20150524205900
train,japan_2015.hdf5,20150525142800
train,japan_2015.hdf5,20150526013500
train,japan_2015.hdf5,20150527105700
train,japan_2015.hdf5,20150527161100
train,japan_2015.hdf5,20150528024200
train,japan_2015.hdf5,20150529071300
train,japan_2015.hdf5,20150529125700
train,japan_2015.hdf5,20150530010600
train,japan_2015.hdf5,20150601191600
train,japan_2015.hdf5,20150603203900
train,japan_2015.hdf5,20150604043400
train,japan_2015.hdf5,20150604044900
train,japan_2015.hdf5,20150605085200
train,japan_2015.hdf5,20150607085100
train,japan_2015.hdf5,20150608150100
train,japan_2015.hdf5,20150609054400
train,japan_2015.hdf5,20150610192500
train,japan_2015.hdf5,20150611092900
train,japan_2015.hdf5,20150611093100
train,japan_2015.hdf5,20150611135100
train,japan_2015.hdf5,20150613055600
train,japan_2015.hdf5,20150615173800
train,japan_2015.hdf5,20150616134200
train,japan_2015.hdf5,20150618163600
train,japan_2015.hdf5,20150619093500
train,japan_2015.hdf5,20150621131600
train,japan_2015.hdf5,20150622053000
train,japan_2015.hdf5,20150622111700
train,japan_2015.hdf5,20150623003500
train,japan_2015.hdf5,20150626193800
train,japan_2015.hdf5,20150627152300
train,japan_2015.hdf5,20150627165700
train,japan_2015.hdf5,20150628075800
train,japan_2015.hdf5,20150629190700
train,japan_2015.hdf5,20150630065600
train,japan_2015.hdf5,20150630105200
train,japan_2015.hdf5,20150702123500
train,japan_2015.hdf5,20150702150500
train,japan_2015.hdf5,20150703045500
train,japan_2015.hdf5,20150704004300
train,japan_2015.hdf5,20150704081400
train,japan_2015.hdf5,20150704132400
train,japan_2015.hdf5,20150705055500
train,japan_2015.hdf5,20150705194100
train,japan_2015.hdf5,20150706092900
train,japan_2015.hdf5,20150706134500
train,japan_2015.hdf5,20150706183000
train,japan_2015.hdf5,20150707141000
train,japan_2015.hdf5,20150709083800
train,japan_2015.hdf5,20150709172700
train,japan_2015.hdf5,20150710011500
train,japan_2015.hdf5,20150710033300
train,japan_2015.hdf5,20150710093900
train,japan_2015.hdf5,20150712023700
train,japan_2015.hdf5,20150713025200
train,japan_2015.hdf5,20150713155200
train,japan_2015.hdf5,20150714205900
train,japan_2015.hdf5,20150714221600
train,japan_2015.hdf5,20150716101500
train,japan_2015.hdf5,20150716143900
train,japan_2015.hdf5,20150716221300
train,japan_2015.hdf5,20150717183200
train,japan_2015.hdf5,20150718182800
train,japan_2015.hdf5,20150719021300
train,japan_2015.hdf5,20150720101200
train,japan_2015.hdf5,20150720225600
train,japan_2015.hdf5,20150721054600
train,japan_2015.hdf5,20150721181700
train,japan_2015.hdf5,20150723034900
train,japan_2015.hdf5,20150723184300
train,japan_2015.hdf5,20150724175300
train,japan_2015.hdf5,20150725043000
train,japan_2015.hdf5,20150729213500
train,japan_2015.hdf5,20150730171600
train,japan_2015.hdf5,20150731131600
train,japan_2015.hdf5,20150801092300
train,japan_2015.hdf5,20150801232400
train,japan_2015.hdf5,20150803100900
train,japan_2015.hdf5,20150803143000
train,japan_2015.hdf5,20150804051300
train,japan_2015.hdf5,20150805015800
train,japan_2015.hdf5,20150805205600
train,japan_2015.hdf5,20150806104500
train,japan_2015.hdf5,20150806182200
train,japan_2015.hdf5,20150808064300
train,japan_2015.hdf5,20150808215800
train,japan_2015.hdf5,20150809110800
train,japan_2015.hdf5,20150809181800
train,japan_2015.hdf5,20150810113400
train,japan_2015.hdf5,20150810131500
train,japan_2015.hdf5,20150810184400
train,japan_2015.hdf5,20150810223100
train,japan_2015.hdf5,20150811200500
train,japan_2015.hdf5,20150812203800
train,japan_2015.hdf5,20150813042900
train,japan_2015.hdf5,20150813094200
train,japan_2015.hdf5,20150814051300
train,japan_2015.hdf5,20150814134300
train,japan_2015.hdf5,20150814184800
train,japan_2015.hdf5,20150816084400
train,japan_2015.hdf5,20150817204000
train,japan_2015.hdf5,20150819085300
train,japan_2015.hdf5,20150820215700
train,japan_2015.hdf5,20150820230100
train,japan_2015.hdf5,20150821043200
train,japan_2015.hdf5,20150821165400
train,japan_2015.hdf5,20150822075700
train,japan_2015.hdf5,20150822084300
train,japan_2015.hdf5,20150822211400
train,japan_2015.hdf5,20150823110800
train,japan_2015.hdf5,20150823202300
train,japan_2015.hdf5,20150824125900
train,japan_2015.hdf5,20150824144900
train,japan_2015.hdf5,20150825032400
train,japan_2015.hdf5,20150825145700
train,japan_2015.hdf5,20150826075100
train,japan_2015.hdf5,20150826162300
train,japan_2015.hdf5,20150827102300
train,japan_2015.hdf5,20150827183200
train,japan_2015.hdf5,20150827230200
train,japan_2015.hdf5,20150828061300
train,japan_2015.hdf5,20150828101200
train,japan_2015.hdf5,20150828234600
train,japan_2015.hdf5,20150829220500
train,japan_2015.hdf5,20150831203500
train,japan_2015.hdf5,20150901002900
train,japan_2015.hdf5,20150902160700
train,japan_2015.hdf5,20150902161600
train,japan_2015.hdf5,20150902225600
train,japan_2015.hdf5,20150904060400
train,japan_2015.hdf5,20150905121300
train,japan_2015.hdf5,20150905131800
train,japan_2015.hdf5,20150906032600
train,japan_2015.hdf5,20150906085300
train,japan_2015.hdf5,20150906110400
train,japan_2015.hdf5,20150907014500
train,japan_2015.hdf5,20150908111500
train,japan_2015.hdf5,20150908202200
train,japan_2015.hdf5,20150911090800
train,japan_2015.hdf5,20150911154500
train,japan_2015.hdf5,20150912054900
train,japan_2015.hdf5,20150912083800
train,japan_2015.hdf5,20150912114500
train,japan_2015.hdf5,20150912223800
train,japan_2016.hdf5,20160101004700
train,japan_2016.hdf5,20160101035300
train,japan_2016.hdf5,20160103115900
train,japan_2016.hdf5,20160105112100
train,japan_2016.hdf5,20160107091500
train,japan_2016.hdf5,20160109000000
train,japan_2016.hdf5,20160111120900
train,japan_2016.hdf5,20160111152600
train,japan_2016.hdf5,20160111172100
train,japan_2016.hdf5,20160112001500
train,japan_2016.hdf5,20160112025000
train,japan_2016.hdf5,20160114122500
train,japan_2016.hdf5,20160115042900
train,japan_2016.hdf5,20160115082200
train,japan_2016.hdf5,20160116092500
train,japan_2016.hdf5,20160116214900
train,japan_2016.hdf5,20160117085400
train,japan_2016.hdf5,20160119184900
train,japan_2016.hdf5,20160120002300
train,japan_2016.hdf5,20160120152200
train,japan_2016.hdf5,20160121065300
train,japan_2016.hdf5,20160121071400
train,japan_2016.hdf5,20160123013300
train,japan_2016.hdf5,20160123053400
train,japan_2016.hdf5,20160124005700
train,japan_2016.hdf5,20160124063300
train,japan_2016.hdf5,20160125001300
train,japan_2016.hdf5,20160125021300
train,japan_2016.hdf5,20160125080900
train,japan_2016.hdf5,20160126203700
train,japan_2016.hdf5,20160130123400
train,japan_2016.hdf5,20160131132600
train,japan_2016.hdf5,20160202143200
train,japan_2016.hdf5,20160202185300
train,japan_2016.hdf5,20160203212800
train,japan_2016.hdf5,20160204025900
train,japan_2016.hdf5,20160205074100
train,japan_2016.hdf5,20160206081600
train,japan_2016.hdf5,20160207100900
train,japan_2016.hdf5,20160207192700
train,japan_2016.hdf5,20160208010300
train,japan_2016.hdf5,20160209015400
train,japan_2016.hdf5,20160210204700
train,japan_2016.hdf5,20160212114600
train,japan_2016.hdf5,20160214152600
train,japan_2016.hdf5,20160214152900
train,japan_2016.hdf5,20160214190300
train,japan_2016.hdf5,20160216133000
train,japan_2016.hdf5,20160216143300
train,japan_2016.hdf5,20160219105000
train,japan_2016.hdf5,20160219221300
train,japan_2016.hdf5,20160221142200
train,japan_2016.hdf5,20160222030300
train,japan_2016.hdf5,20160223034100
train,japan_2016.hdf5,20160224040200
train,japan_2016.hdf5,20160224121500
train,japan_2016.hdf5,20160225011000
train,japan_2016.hdf5,20160225114300
train,japan_2016.hdf5,20160228024200
train,japan_2016.hdf5,20160301091300
train,japan_2016.hdf5,20160303161100
train,japan_2016.hdf5,20160305200200
train,japan_2016.hdf5,20160307055800
train,japan_2016.hdf5,20160307080200
train,japan_2016.hdf5,20160307163700
train,japan_2016.hdf5,20160308133200
train,japan_2016.hdf5,20160308233200
train,japan_2016.hdf5,20160310224600
train,japan_2016.hdf5,20160313110700
train,japan_2016.hdf5,20160313174400
train,japan_2016.hdf5,20160317011500
train,japan_2016.hdf5,20160317182900
train,japan_2016.hdf5,20160318035900
train,japan_2016.hdf5,20160319203300
train,japan_2016.hdf5,20160319233000
train,japan_2016.hdf5,20160320114200
train,japan_2016.hdf5,20160320160100
train,japan_2016.hdf5,20160321080300
train,japan_2016.hdf5,20160322143400
train,japan_2016.hdf5,20160322184600
train,japan_2016.hdf5,20160323165600
train,japan_2016.hdf5,20160324165700
train,japan_2016.hdf5,20160325235500
train,japan_2016.hdf5,20160326223300
train,japan_2016.hdf5,20160330141000
train,japan_2016.hdf5,20160331114800
train,japan_2016.hdf5,20160331121100
train,japan_2016.hdf5,20160331151900
train,japan_2016.hdf5,20160401113900
train,japan_2016.hdf5,20160404193200
train,japan_2016.hdf5,20160409172400
train,japan_2016.hdf5,20160410012200
train,japan_2016.hdf5,20160410015300
train,japan_2016.hdf5,20160410233200
train,japan_2016.hdf5,20160411013700
train,japan_2016.hdf5,20160412044300
train,japan_2016.hdf5,20160412231900
train,japan_2016.hdf5,20160414122600
train,japan_2016.hdf5,20160414153900
train,japan_2016.hdf5,20160414205800
train,japan_2016.hdf5,20160414212600
train,japan_2016.hdf5,20160414213300
train,japan_2016.hdf5,20160414213700
train,japan_2016.hdf5,20160414214100
train,japan_2016.hdf5,20160414214200
train,japan_2016.hdf5,20160414214300
train,japan_2016.hdf5,20160414215300
train,japan_2016.hdf5,20160414215500
train,japan_2016.hdf5,20160414220700
train,japan_2016.hdf5,20160414220800
train,japan_2016.hdf5,20160414220900
train,japan_2016.hdf5,20160414221500
train,japan_2016.hdf5,20160414221600
train,japan_2016.hdf5,20160414221800
train,japan_2016.hdf5,20160414221900
train,japan_2016.hdf5,20160414222200
train,japan_2016.hdf5,20160414222600
train,japan_2016.hdf5,20160414223100
train,japan_2016.hdf5,20160414223200
train,japan_2016.hdf5,20160414223800
train,japan_2016.hdf5,20160414224300
train,japan_2016.hdf5,20160414224700
train,japan_2016.hdf5,20160414225100
train,japan_2016.hdf5,20160414230000
train,japan_2016.hdf5,20160414230200
train,japan_2016.hdf5,20160414232800
train,japan_2016.hdf5,20160414232900
train,japan_2016.hdf5,20160414234300
train,japan_2016.hdf5,20160414234500
train,japan_2016.hdf5,20160415000300
train,japan_2016.hdf5,20160415001300
train,japan_2016.hdf5,20160415002000
train,japan_2016.hdf5,20160415003400
train,japan_2016.hdf5,20160415005000
train,japan_2016.hdf5,20160415005300
train,japan_2016.hdf5,20160415010400
train,japan_2016.hdf5,20160415012100
train,japan_2016.hdf5,20160415015300
train,japan_2016.hdf5,20160415015900
train,japan_2016.hdf5,20160415021400
train,japan_2016.hdf5,20160415033700
train,japan_2016.hdf5,20160415050100
train,japan_2016.hdf5,20160415051000
train,japan_2016.hdf5,20160415053200
train,japan_2016.hdf5,20160415072000
train,japan_2016.hdf5,20160415073000
train,japan_2016.hdf5,20160415074600
train,japan_2016.hdf5,20160415075600
train,japan_2016.hdf5,20160415090200
train,japan_2016.hdf5,20160415095300
train,japan_2016.hdf5,20160415124600
train,japan_2016.hdf5,20160415135000
train,japan_2016.hdf5,20160415152700
train,japan_2016.hdf5,20160415173900
train,japan_2016.hdf5,20160415184800
train,japan_2016.hdf5,20160415201500
train,japan_2016.hdf5,20160415231700
train,japan_2016.hdf5,20160416012500
train,japan_2016.hdf5,20160416013000
train,japan_2016.hdf5,20160416014400
train,japan_2016.hdf5,20160416014600
train,japan_2016.hdf5,20160416015600
train,japan_2016.hdf5,20160416020400
train,japan_2016.hdf5,20160416021800
train,japan_2016.hdf5,20160416024900
train,japan_2016.hdf5,20160416025700
train,japan_2016.hdf5,20160416030100
train,japan_2016.hdf5,20160416030300
train,japan_2016.hdf5,20160416030800
train,japan_2016.hdf5,20160416031600
train,japan_2016.hdf5,20160416032700
train,japan_2016.hdf5,20160416033400
train,japan_2016.hdf5,20160416034500
train,japan_2016.hdf5,20160416034800
train,japan_2016.hdf5,20160416035500
train,japan_2016.hdf5,20160416035700
train,japan_2016.hdf5,20160416040000
train,japan_2016.hdf5,20160416040500
train,japan_2016.hdf5,20160416040900
train,japan_2016.hdf5,20160416041100
train,japan_2016.hdf5,20160416041400
train,japan_2016.hdf5,20160416041500
train,japan_2016.hdf5,20160416041700
train,japan_2016.hdf5,20160416041800
train,japan_2016.hdf5,20160416042300
train,japan_2016.hdf5,20160416042400
train,japan_2016.hdf5,20160416042800
train,japan_2016.hdf5,20160416043400
train,japan_2016.hdf5,20160416043430
train,japan_2016.hdf5,20160416045100
train,japan_2016.hdf5,20160416045700
train,japan_2016.hdf5,20160416051600
train,japan_2016.hdf5,20160416052200
train,japan_2016.hdf5,20160416053300
train,japan_2016.hdf5,20160416053400
train,japan_2016.hdf5,20160416053700
train,japan_2016.hdf5,20160416055200
train,japan_2016.hdf5,20160416055300
train,japan_2016.hdf5,20160416055700
train,japan_2016.hdf5,20160416060200
train,japan_2016.hdf5,20160416060300
train,japan_2016.hdf5,20160416061100
train,japan_2016.hdf5,20160416061500
train,japan_2016.hdf5,20160416063400
train,japan_2016.hdf5,20160416064000
train,japan_2016.hdf5,20160416070100
train,japan_2016.hdf5,20160416070600
train,japan_2016.hdf5,20160416071100
train,japan_2016.hdf5,20160416072300
train,japan_2016.hdf5,20160416072900
train,japan_2016.hdf5,20160416074200
train,japan_2016.hdf5,20160416074900
train,japan_2016.hdf5,20160416075400
train,japan_2016.hdf5,20160416075700
train,japan_2016.hdf5,20160416075800
train,japan_2016.hdf5,20160416080200
train,japan_2016.hdf5,20160416080800
train,japan_2016.hdf5,20160416081900
train,japan_2016.hdf5,20160416082000
train,japan_2016.hdf5,20160416082700
train,japan_2016.hdf5,20160416091600
train,japan_2016.hdf5,20160416091800
train,japan_2016.hdf5,20160416094800
train,japan_2016.hdf5,20160416095300
train,japan_2016.hdf5,20160416095600
train,japan_2016.hdf5,20160416095800
train,japan_2016.hdf5,20160416102600
train,japan_2016.hdf5,20160416103800
train,japan_2016.hdf5,20160416103900
train,japan_2016.hdf5,20160416105500
train,japan_2016.hdf5,20160416110200
train,japan_2016.hdf5,20160416113800
train,japan_2016.hdf5,20160416124800
train,japan_2016.hdf5,20160416130000
train,japan_2016.hdf5,20160416130900
train,japan_2016.hdf5,20160416131500
train,japan_2016.hdf5,20160416131700
train,japan_2016.hdf5,20160416132900
train,japan_2016.hdf5,20160416140300
train,japan_2016.hdf5,20160416142700
train,japan_2016.hdf5,20160416143200
train,japan_2016.hdf5,20160416144700
train,japan_2016.hdf5,20160416145800
train,japan_2016.hdf5,20160416145900
train,japan_2016.hdf5,20160416154400
train,japan_2016.hdf5,20160416154800
train,japan_2016.hdf5,20160416160200
train,japan_2016.hdf5,20160416165500
train,japan_2016.hdf5,20160416165700
train,japan_2016.hdf5,20160416171700
train,japan_2016.hdf5,20160416174000
train,japan_2016.hdf5,20160416182500
train,japan_2016.hdf5,20160416204400
train,japan_2016.hdf5,20160416210500
train,japan_2016.hdf5,20160416214300
train,japan_2016.hdf5,20160416215000
train,japan_2016.hdf5,20160416220600
train,japan_2016.hdf5,20160416221000
train,japan_2016.hdf5,20160416222500
train,japan_2016.hdf5,20160416225300
train,japan_2016.hdf5,20160416232600
train,japan_2016.hdf5,20160416235400
train,japan_2016.hdf5,20160417000400
train,japan_2016.hdf5,20160417001400
train,japan_2016.hdf5,20160417005600
train,japan_2016.hdf5,20160417005900
train,japan_2016.hdf5,20160417013700
train,japan_2016.hdf5,20160417032600
train,japan_2016.hdf5,20160417033000
train,japan_2016.hdf5,20160417044600
train,japan_2016.hdf5,20160417054100
train,japan_2016.hdf5,20160417060000
train,japan_2016.hdf5,20160417061700
train,japan_2016.hdf5,20160417085800
train,japan_2016.hdf5,20160417094000
train,japan_2016.hdf5,20160417095800
train,japan_2016.hdf5,20160417105900
train,japan_2016.hdf5,20160417115100
train,japan_2016.hdf5,20160417120900
train,japan_2016.hdf5,20160417122700
train,japan_2016.hdf5,20160417123200
train,japan_2016.hdf5,20160417131400
train,japan_2016.hdf5,20160417133800
train,japan_2016.hdf5,20160417144100
train,japan_2016.hdf5,20160417153500
train,japan_2016.hdf5,20160417155700
train,japan_2016.hdf5,20160417160800
train,japan_2016.hdf5,20160417182500
train,japan_2016.hdf5,20160417192300
train,japan_2016.hdf5,20160417194000
train,japan_2016.hdf5,20160417203400
train,japan_2016.hdf5,20160417225600
train,japan_2016.hdf5,20160418001000
train,japan_2016.hdf5,20160418033600
train,japan_2016.hdf5,20160418040200
train,japan_2016.hdf5,20160418044400
train,japan_2016.hdf5,20160418071300
train,japan_2016.hdf5,20160418075300
train,japan_2016.hdf5,20160418082400
train,japan_2016.hdf5,20160418083500
train,japan_2016.hdf5,20160418090200
train,japan_2016.hdf5,20160418123700
train,japan_2016.hdf5,20160418124600
train,japan_2016.hdf5,20160418130430
train,japan_2016.hdf5,20160418150000
train,japan_2016.hdf5,20160418170200
train,japan_2016.hdf5,20160418181400
train,japan_2016.hdf5,20160418185300
train,japan_2016.hdf5,20160418195500
train,japan_2016.hdf5,20160418204200
train,japan_2016.hdf5,20160418204900
train,japan_2016.hdf5,20160418205900
train,japan_2016.hdf5,20160418211800
train,japan_2016.hdf5,20160418214700
train,japan_2016.hdf5,20160418221900
train,japan_2016.hdf5,20160418223100
train,japan_2016.hdf5,20160418232200
train,japan_2016.hdf5,20160419015300
train,japan_2016.hdf5,20160419033800
train,japan_2016.hdf5,20160419053200
train,japan_2016.hdf5,20160419062000
train,japan_2016.hdf5,20160419062100
train,japan_2016.hdf5,20160419081200
train,japan_2016.hdf5,20160419085200
train,japan_2016.hdf5,20160419092300
train,japan_2016.hdf5,20160419125200
train,japan_2016.hdf5,20160419145500
train,japan_2016.hdf5,20160419145700
train,japan_2016.hdf5,20160419150500
train,japan_2016.hdf5,20160419162200
train,japan_2016.hdf5,20160419175200
train,japan_2016.hdf5,20160419175700
train,japan_2016.hdf5,20160419180200
train,japan_2016.hdf5,20160419180400
train,japan_2016.hdf5,20160419180900
train,japan_2016.hdf5,20160419181400
train,japan_2016.hdf5,20160419190500
train,japan_2016.hdf5,20160419204700
train,japan_2016.hdf5,20160419222600
train,japan_2016.hdf5,20160419232300
train,japan_2016.hdf5,20160420002900
train,japan_2016.hdf5,20160420005600
train,japan_2016.hdf5,20160420021600
train,japan_2016.hdf5,20160420033900
train,japan_2016.hdf5,20160420055300
train,japan_2016.hdf5,20160420080000
train,japan_2016.hdf5,20160420122200
train,japan_2016.hdf5,20160420142700
train,japan_2016.hdf5,20160420152800
train,japan_2016.hdf5,20160420153100
train,japan_2016.hdf5,20160420160100
train,japan_2016.hdf5,20160420190000
train,japan_2016.hdf5,20160420211900
train,japan_2016.hdf5,20160420213500
train,japan_2016.hdf5,20160420222100
train,japan_2016.hdf5,20160421051600
train,japan_2016.hdf5,20160421064500
train,japan_2016.hdf5,20160421111700
train,japan_2016.hdf5,20160421122000
train,japan_2016.hdf5,20160421134800
train,japan_2016.hdf5,20160421184300
train,japan_2016.hdf5,20160421215200
train,japan_2016.hdf5,20160421215500
train,japan_2016.hdf5,20160421232000
train,japan_2016.hdf5,20160422074700
train,japan_2016.hdf5,20160422075900
train,japan_2016.hdf5,20160422141900
train,japan_2016.hdf5,20160422164100
train,japan_2016.hdf5,20160422173900
train,japan_2016.hdf5,20160422182800
train,japan_2016.hdf5,20160424063500
train,japan_2016.hdf5,20160424073600
train,japan_2016.hdf5,20160424081800
train,japan_2016.hdf5,20160424165200
train,japan_2016.hdf5,20160424183000
train,japan_2016.hdf5,20160424185000
train,japan_2016.hdf5,20160425004400
train,japan_2016.hdf5,20160425065100
train,japan_2016.hdf5,20160425100000
train,japan_2016.hdf5,20160426003300
train,japan_2016.hdf5,20160426034200
train,japan_2016.hdf5,20160426035800
train,japan_2016.hdf5,20160426215000
train,japan_2016.hdf5,20160427000100
train,japan_2016.hdf5,20160427070700
train,japan_2016.hdf5,20160427073900
train,japan_2016.hdf5,20160427123000
train,japan_2016.hdf5,20160427223600
train,japan_2016.hdf5,20160427233000
train,japan_2016.hdf5,20160428002100
train,japan_2016.hdf5,20160428023800
train,japan_2016.hdf5,20160428082900
train,japan_2016.hdf5,20160428125600
train,japan_2016.hdf5,20160428153000
train,japan_2016.hdf5,20160428225700
train,japan_2016.hdf5,20160429042500
train,japan_2016.hdf5,20160429043200
train,japan_2016.hdf5,20160429134100
train,japan_2016.hdf5,20160429150900
train,japan_2016.hdf5,20160429153000
train,japan_2016.hdf5,20160429180000
train,japan_2016.hdf5,20160429232700
train,japan_2016.hdf5,20160430035900
train,japan_2016.hdf5,20160430052700
train,japan_2016.hdf5,20160430111500
train,japan_2016.hdf5,20160501004100
train,japan_2016.hdf5,20160501023000
train,japan_2016.hdf5,20160501230600
train,japan_2016.hdf5,20160501232300
train,japan_2016.hdf5,20160502092100
train,japan_2016.hdf5,20160502105000
train,japan_2016.hdf5,20160502134600
train,japan_2016.hdf5,20160502153500
train,japan_2016.hdf5,20160503060500
train,japan_2016.hdf5,20160503090100
train,japan_2016.hdf5,20160503092300
train,japan_2016.hdf5,20160503120600
train,japan_2016.hdf5,20160503142500
train,japan_2016.hdf5,20160503191600
train,japan_2016.hdf5,20160504075200
train,japan_2016.hdf5,20160504141100
train,japan_2016.hdf5,20160504162200
train,japan_2016.hdf5,20160504192000
train,japan_2016.hdf5,20160504222400
train,japan_2016.hdf5,20160504233700
train,japan_2016.hdf5,20160505011000
train,japan_2016.hdf5,20160505012100
train,japan_2016.hdf5,20160505085100
train,japan_2016.hdf5,20160505103100
train,japan_2016.hdf5,20160505104000
train,japan_2016.hdf5,20160505152000
train,japan_2016.hdf5,20160505171300
train,japan_2016.hdf5,20160505194600
train,japan_2016.hdf5,20160506072700
train,japan_2016.hdf5,20160506161800
train,japan_2016.hdf5,20160506182100
train,japan_2016.hdf5,20160507063700
train,japan_2016.hdf5,20160507113100
train,japan_2016.hdf5,20160507155200
train,japan_2016.hdf5,20160508130000
train,japan_2016.hdf5,20160509050000
train,japan_2016.hdf5,20160509143600
train,japan_2016.hdf5,20160509171800
train,japan_2016.hdf5,20160509205500
train,japan_2016.hdf5,20160510044100
train,japan_2016.hdf5,20160510050600
train,japan_2016.hdf5,20160510050630
train,japan_2016.hdf5,20160510134100
train,japan_2016.hdf5,20160510144000
train,japan_2016.hdf5,20160511224300
train,japan_2016.hdf5,20160512153200
train,japan_2016.hdf5,20160512170400
train,japan_2016.hdf5,20160513010300
train,japan_2016.hdf5,20160513024300
train,japan_2016.hdf5,20160514000400
train,japan_2016.hdf5,20160514184500
train,japan_2016.hdf5,20160514224600
train,japan_2016.hdf5,20160515063600
train,japan_2016.hdf5,20160515101000
train,japan_2016.hdf5,20160515180900
train,japan_2016.hdf5,20160516121100
train,japan_2016.hdf5,20160516175000
train,japan_2016.hdf5,20160516212300
train,japan_2016.hdf5,20160517065500
train,japan_2016.hdf5,20160517065700
train,japan_2016.hdf5,20160517192000
train,japan_2016.hdf5,20160518003800
train,japan_2016.hdf5,20160518190900
train,japan_2016.hdf5,20160519172100
train,japan_2016.hdf5,20160519202200
train,japan_2016.hdf5,20160520061000
train,japan_2016.hdf5,20160521024800
train,japan_2016.hdf5,20160521035600
train,japan_2016.hdf5,20160521050900
train,japan_2016.hdf5,20160522170700
train,japan_2016.hdf5,20160523100800
train,japan_2016.hdf5,20160523190300
train,japan_2016.hdf5,20160523231700
train,japan_2016.hdf5,20160524014200
train,japan_2016.hdf5,20160524184800
train,japan_2016.hdf5,20160524191600
train,japan_2016.hdf5,20160525030000
train,japan_2016.hdf5,20160525142200
train,japan_2016.hdf5,20160527103900
train,japan_2016.hdf5,20160528054000
train,japan_2016.hdf5,20160528181000
train,japan_2016.hdf5,20160529011800
train,japan_2016.hdf5,20160530212000
train,japan_2016.hdf5,20160531194900
train,japan_2016.hdf5,20160602073400
train,japan_2016.hdf5,20160602092800
train,japan_2016.hdf5,20160602160700
train,japan_2016.hdf5,20160602164400
train,japan_2016.hdf5,20160602183600
train,japan_2016.hdf5,20160602223500
train,japan_2016.hdf5,20160603075800
train,japan_2016.hdf5,20160603082500
train,japan_2016.hdf5,20160604004800
train,japan_2016.hdf5,20160604121500
train,japan_2016.hdf5,20160605045400
train,japan_2016.hdf5,20160605135500
train,japan_2016.hdf5,20160606164700
train,japan_2016.hdf5,20160606233000
train,japan_2016.hdf5,20160607024800
train,japan_2016.hdf5,20160607031500
train,japan_2016.hdf5,20160607075500
train,japan_2016.hdf5,20160607130100
train,japan_2016.hdf5,20160607205000
train,japan_2016.hdf5,20160608165200
train,japan_2016.hdf5,20160608170100
train,japan_2016.hdf5,20160610044500
train,japan_2016.hdf5,20160610131600
train,japan_2016.hdf5,20160611115900
train,japan_2016.hdf5,20160611234100
train,japan_2016.hdf5,20160612075400
train,japan_2016.hdf5,20160612220800
train,japan_2016.hdf5,20160612225300
train,japan_2016.hdf5,20160613155400
train,japan_2016.hdf5,20160615110200
train,japan_2016.hdf5,20160616142100
train,japan_2016.hdf5,20160616142300
train,japan_2016.hdf5,20160616183500
train,japan_2016.hdf5,20160616195800
train,japan_2016.hdf5,20160617014200
train,japan_2016.hdf5,20160618085000
train,japan_2016.hdf5,20160618204600
train,japan_2016.hdf5,20160620063900
train,japan_2016.hdf5,20160620090800
train,japan_2016.hdf5,20160620124000
train,japan_2016.hdf5,20160621001000
train,japan_2016.hdf5,20160621095400
train,japan_2016.hdf5,20160621141400
train,japan_2016.hdf5,20160621154600
train,japan_2016.hdf5,20160621174500
train,japan_2016.hdf5,20160621192100
train,japan_2016.hdf5,20160622053800
train,japan_2016.hdf5,20160622114000
train,japan_2016.hdf5,20160622124100
train,japan_2016.hdf5,20160623151500
train,japan_2016.hdf5,20160625113600
train,japan_2016.hdf5,20160625135100
train,japan_2016.hdf5,20160626000600
train,japan_2016.hdf5,20160626123500
train,japan_2016.hdf5,20160627075700
train,japan_2016.hdf5,20160627133500
train,japan_2016.hdf5,20160627133600
train,japan_2016.hdf5,20160627194800
train,japan_2016.hdf5,20160628131900
train,japan_2016.hdf5,20160629043000
train,japan_2016.hdf5,20160629075000
train,japan_2016.hdf5,20160629094700
train,japan_2016.hdf5,20160629113500
train,japan_2016.hdf5,20160629140100
train,japan_2016.hdf5,20160629231400
train,japan_2016.hdf5,20160630031200
train,japan_2016.hdf5,20160630225400
train,japan_2016.hdf5,20160701062600
train,japan_2016.hdf5,20160701080400
train,japan_2016.hdf5,20160701094500
train,japan_2016.hdf5,20160701142400
train,japan_2016.hdf5,20160701144000
train,japan_2016.hdf5,20160702031800
train,japan_2016.hdf5,20160702084900
train,japan_2016.hdf5,20160702104700
train,japan_2016.hdf5,20160703165100
train,japan_2016.hdf5,20160703180600
train,japan_2016.hdf5,20160704012700
train,japan_2016.hdf5,20160704065100
train,japan_2016.hdf5,20160704095500
train,japan_2016.hdf5,20160704134200
train,japan_2016.hdf5,20160704224800
train,japan_2016.hdf5,20160705124600
train,japan_2016.hdf5,20160705150100
train,japan_2016.hdf5,20160706084700
train,japan_2016.hdf5,20160707125400
train,japan_2016.hdf5,20160707201800
train,japan_2016.hdf5,20160709062800
train,japan_2016.hdf5,20160709095400
train,japan_2016.hdf5,20160709111000
train,japan_2016.hdf5,20160709175200
train,japan_2016.hdf5,20160709180500
train,japan_2016.hdf5,20160711192300
train,japan_2016.hdf5,20160711202900
train,japan_2016.hdf5,20160713035300
train,japan_2016.hdf5,20160713074600
train,japan_2016.hdf5,20160713080200
train,japan_2016.hdf5,20160716221200
train,japan_2016.hdf5,20160716222900
train,japan_2016.hdf5,20160717115500
train,japan_2016.hdf5,20160717130800
train,japan_2016.hdf5,20160717132400
train,japan_2016.hdf5,20160719042600
train,japan_2016.hdf5,20160719125700
train,japan_2016.hdf5,20160719131100
train,japan_2016.hdf5,20160719162800
train,japan_2016.hdf5,20160719235500
train,japan_2016.hdf5,20160720030600
train,japan_2016.hdf5,20160720072500
train,japan_2016.hdf5,20160720085000
train,japan_2016.hdf5,20160720102900
train,japan_2016.hdf5,20160720113800
train,japan_2016.hdf5,20160720161700
train,japan_2016.hdf5,20160721084000
train,japan_2016.hdf5,20160721225100
train,japan_2016.hdf5,20160722131800
train,japan_2016.hdf5,20160723143300
train,japan_2016.hdf5,20160723190700
train,japan_2016.hdf5,20160724023200
train,japan_2016.hdf5,20160724024400
train,japan_2016.hdf5,20160724063700
train,japan_2016.hdf5,20160724095100
train,japan_2016.hdf5,20160724115100
train,japan_2016.hdf5,20160724135400
train,japan_2016.hdf5,20160726172700
train,japan_2016.hdf5,20160726191500
train,japan_2016.hdf5,20160727053500
train,japan_2016.hdf5,20160727234700
train,japan_2016.hdf5,20160728051900
train,japan_2016.hdf5,20160729124200
train,japan_2016.hdf5,20160730164000
train,japan_2016.hdf5,20160730195800
train,japan_2016.hdf5,20160801155200
train,japan_2016.hdf5,20160803011000
train,japan_2016.hdf5,20160804210100
train,japan_2016.hdf5,20160806015700
train,japan_2016.hdf5,20160806092100
train,japan_2017.hdf5,20170101014600
train,japan_2017.hdf5,20170101070700
train,japan_2017.hdf5,20170102015900
train,japan_2017.hdf5,20170103011100
train,japan_2017.hdf5,20170103062400
train,japan_2017.hdf5,20170103133800
train,japan_2017.hdf5,20170103211300
train,japan_2017.hdf5,20170105004400
train,japan_2017.hdf5,20170105025300
train,japan_2017.hdf5,20170105171600
train,japan_2017.hdf5,20170105173400
train,japan_2017.hdf5,20170106023900
train,japan_2017.hdf5,20170106110300
train,japan_2017.hdf5,20170106111200
train,japan_2017.hdf5,20170106150900
train,japan_2017.hdf5,20170108131500
train,japan_2017.hdf5,20170109054100
train,japan_2017.hdf5,20170110065200
train,japan_2017.hdf5,20170111090600
train,japan_2017.hdf5,20170111191100
train,japan_2017.hdf5,20170112021200
train,japan_2017.hdf5,20170112093600
train,japan_2017.hdf5,20170113084100
train,japan_2017.hdf5,20170113122500
train,japan_2017.hdf5,20170117153600
train,japan_2017.hdf5,20170118002800
train,japan_2017.hdf5,20170118145600
train,japan_2017.hdf5,20170118171900
train,japan_2017.hdf5,20170118202100
train,japan_2017.hdf5,20170119211700
train,japan_2017.hdf5,20170121205400
train,japan_2017.hdf5,20170122031100
train,japan_2017.hdf5,20170122211300
train,japan_2017.hdf5,20170123002500
train,japan_2017.hdf5,20170126170600
train,japan_2017.hdf5,20170126233400
train,japan_2017.hdf5,20170128050200
train,japan_2017.hdf5,20170129024300
train,japan_2017.hdf5,20170129030100
train,japan_2017.hdf5,20170129032700
train,japan_2017.hdf5,20170130154900
train,japan_2017.hdf5,20170203023800
train,japan_2017.hdf5,20170203205800
train,japan_2017.hdf5,20170203231500
train,japan_2017.hdf5,20170206112700
train,japan_2017.hdf5,20170206152400
train,japan_2017.hdf5,20170207200300
train,japan_2017.hdf5,20170207220300
train,japan_2017.hdf5,20170208031900
train,japan_2017.hdf5,20170208090600
train,japan_2017.hdf5,20170208211500
train,japan_2017.hdf5,20170209140700
train,japan_2017.hdf5,20170210000000
train,japan_2017.hdf5,20170211010900
train,japan_2017.hdf5,20170211060500
train,japan_2017.hdf5,20170211063900
train,japan_2017.hdf5,20170211163100
train,japan_2017.hdf5,20170212052400
train,japan_2017.hdf5,20170212223700
train,japan_2017.hdf5,20170217062000
train,japan_2017.hdf5,20170218194200
train,japan_2017.hdf5,20170219072100
train,japan_2017.hdf5,20170219150200
train,japan_2017.hdf5,20170219181900
train,japan_2017.hdf5,20170221194100
train,japan_2017.hdf5,20170222181200
train,japan_2017.hdf5,20170222185300
train,japan_2017.hdf5,20170223031300
train,japan_2017.hdf5,20170223130100
train,japan_2017.hdf5,20170224203200
train,japan_2017.hdf5,20170225101800
train,japan_2017.hdf5,20170225135200
train,japan_2017.hdf5,20170226051100
train,japan_2017.hdf5,20170226203400
train,japan_2017.hdf5,20170226235400
train,japan_2017.hdf5,20170227000300
train,japan_2017.hdf5,20170227030900
train,japan_2017.hdf5,20170227063800
train,japan_2017.hdf5,20170227082600
train,japan_2017.hdf5,20170227141900
train,japan_2017.hdf5,20170227152100
train,japan_2017.hdf5,20170227181000
train,japan_2017.hdf5,20170228004200
train,japan_2017.hdf5,20170228085000
train,japan_2017.hdf5,20170228111300
train,japan_2017.hdf5,20170228164900
train,japan_2017.hdf5,20170301154300
train,japan_2017.hdf5,20170301200000
train,japan_2017.hdf5,20170302235300
train,japan_2017.hdf5,20170303000800
train,japan_2017.hdf5,20170303152700
train,japan_2017.hdf5,20170303172700
train,japan_2017.hdf5,20170305021600
train,japan_2017.hdf5,20170305101900
train,japan_2017.hdf5,20170305131800
train,japan_2017.hdf5,20170305190400
train,japan_2017.hdf5,20170306052600
train,japan_2017.hdf5,20170307184500
train,japan_2017.hdf5,20170307212300
train,japan_2017.hdf5,20170308010800
train,japan_2017.hdf5,20170310094900
train,japan_2017.hdf5,20170310112300
train,japan_2017.hdf5,20170310161500
train,japan_2017.hdf5,20170311063900
train,japan_2017.hdf5,20170311211000
train,japan_2017.hdf5,20170312045700
train,japan_2017.hdf5,20170312184400
train,japan_2017.hdf5,20170313141300
train,japan_2017.hdf5,20170313143300
train,japan_2017.hdf5,20170314035400
train,japan_2017.hdf5,20170314125700
train,japan_2017.hdf5,20170315163000
train,japan_2017.hdf5,20170317122000
train,japan_2017.hdf5,20170317150300
train,japan_2017.hdf5,20170317155700
train,japan_2017.hdf5,20170317220000
train,japan_2017.hdf5,20170321143500
train,japan_2017.hdf5,20170322092100
train,japan_2017.hdf5,20170322225000
train,japan_2017.hdf5,20170322234700
train,japan_2017.hdf5,20170323175200
train,japan_2017.hdf5,20170324012900
train,japan_2017.hdf5,20170327143100
train,japan_2017.hdf5,20170327202200
train,japan_2017.hdf5,20170328173400
train,japan_2017.hdf5,20170328182800
train,japan_2017.hdf5,20170328192500
train,japan_2017.hdf5,20170329003000
train,japan_2017.hdf5,20170401194300
train,japan_2017.hdf5,20170401202800
train,japan_2017.hdf5,20170401215100
train,japan_2017.hdf5,20170402004000
train,japan_2017.hdf5,20170402004100
train,japan_2017.hdf5,20170404070000
train,japan_2017.hdf5,20170406050000
train,japan_2017.hdf5,20170406190500
train,japan_2017.hdf5,20170406195200
train,japan_2017.hdf5,20170408165000
train,japan_2017.hdf5,20170408204200
train,japan_2017.hdf5,20170409072000
train,japan_2017.hdf5,20170409213900
train,japan_2017.hdf5,20170410031000
train,japan_2017.hdf5,20170410060500
train,japan_2017.hdf5,20170410213700
train,japan_2017.hdf5,20170411063100
train,japan_2017.hdf5,20170412031000
train,japan_2017.hdf5,20170412032700
train,japan_2017.hdf5,20170413021500
train,japan_2017.hdf5,20170414230100
train,japan_2017.hdf5,20170415003600
train,japan_2017.hdf5,20170415004600
train,japan_2017.hdf5,20170416042400
train,japan_2017.hdf5,20170416143200
train,japan_2017.hdf5,20170418023900
train,japan_2017.hdf5,20170419120000
train,japan_2017.hdf5,20170419124600
train,japan_2017.hdf5,20170420021300
train,japan_2017.hdf5,20170420021500
train,japan_2017.hdf5,20170420044600
train,japan_2017.hdf5,20170423190900
train,japan_2017.hdf5,20170424034300
train,japan_2017.hdf5,20170424143600
train,japan_2017.hdf5,20170424225800
train,japan_2017.hdf5,20170429145500
train,japan_2017.hdf5,20170429213200
train,japan_2017.hdf5,20170430052300
train,japan_2017.hdf5,20170430234200
train,japan_2017.hdf5,20170502192900
train,japan_2017.hdf5,20170503000100
train,japan_2017.hdf5,20170504062000
train,japan_2017.hdf5,20170504130800
train,japan_2017.hdf5,20170504134400
train,japan_2017.hdf5,20170504142200
train,japan_2017.hdf5,20170505142600
train,japan_2017.hdf5,20170506171800
train,japan_2017.hdf5,20170507050000
train,japan_2017.hdf5,20170507123200
train,japan_2017.hdf5,20170510051800
train,japan_2017.hdf5,20170510101700
train,japan_2017.hdf5,20170510231100
train,japan_2017.hdf5,20170511080900
train,japan_2017.hdf5,20170511141900
train,japan_2017.hdf5,20170511202100
train,japan_2017.hdf5,20170512115000
train,japan_2017.hdf5,20170514220000
train,japan_2017.hdf5,20170522122500
train,japan_2017.hdf5,20170522200100
train,japan_2017.hdf5,20170523182300
train,japan_2017.hdf5,20170525030300
train,japan_2017.hdf5,20170526023300
train,japan_2017.hdf5,20170527205900
train,japan_2017.hdf5,20170527225000
train,japan_2017.hdf5,20170529203200
train,japan_2017.hdf5,20170530140000
train,japan_2017.hdf5,20170604095600
train,japan_2017.hdf5,20170604111000
train,japan_2017.hdf5,20170604232800
train,japan_2017.hdf5,20170605154000
train,japan_2017.hdf5,20170607030300
train,japan_2017.hdf5,20170608092500
train,japan_2017.hdf5,20170609233600
train,japan_2017.hdf5,20170610043400
train,japan_2017.hdf5,20170610163100
train,japan_2017.hdf5,20170610210500
train,japan_2017.hdf5,20170612183400
train,japan_2017.hdf5,20170612203900
train,japan_2017.hdf5,20170613040400
train,japan_2017.hdf5,20170613132200
train,japan_2017.hdf5,20170614192400
train,japan_2017.hdf5,20170616224000
train,japan_2017.hdf5,20170618223300
train,japan_2017.hdf5,20170619012300
train,japan_2017.hdf5,20170619055100
train,japan_2017.hdf5,20170620232700
train,japan_2017.hdf5,20170621171300
train,japan_2017.hdf5,20170623034600
train,japan_2017.hdf5,20170623085900
train,japan_2017.hdf5,20170624031000
train,japan_2017.hdf5,20170625070200
train,japan_2017.hdf5,20170625084300
train,japan_2017.hdf5,20170625092400
train,japan_2017.hdf5,20170625094800
train,japan_2017.hdf5,20170625151700
train,japan_2017.hdf5,20170625231300
train,japan_2017.hdf5,20170625232900
train,japan_2017.hdf5,20170626003900
train,japan_2017.hdf5,20170626051600
train,japan_2017.hdf5,20170627020900
train,japan_2017.hdf5,20170627084000
train,japan_2017.hdf5,20170627225500
train,japan_2017.hdf5,20170628033300
train,japan_2017.hdf5,20170628182300
train,japan_2017.hdf5,20170628210700
train,japan_2017.hdf5,20170629135400
train,japan_2017.hdf5,20170630074100
train,japan_2017.hdf5,20170630155200
train,japan_2017.hdf5,20170701234500
train,japan_2017.hdf5,20170702005800
train,japan_2017.hdf5,20170702035300
train,japan_2017.hdf5,20170702091700
train,japan_2017.hdf5,20170703061500
train,japan_2017.hdf5,20170703112700
train,japan_2017.hdf5,20170707014600
train,japan_2017.hdf5,20170707040600
train,japan_2017.hdf5,20170707214800
train,japan_2017.hdf5,20170708130500
train,japan_2017.hdf5,20170708204800
train,japan_2017.hdf5,20170709033600
train,japan_2017.hdf5,20170710020200
train,japan_2017.hdf5,20170711115600
train,japan_2017.hdf5,20170711170200
train,japan_2017.hdf5,20170711213300
train,japan_2017.hdf5,20170712023600
train,japan_2017.hdf5,20170712091300
train,japan_2017.hdf5,20170712105400
train,japan_2017.hdf5,20170712133500
train,japan_2017.hdf5,20170712143600
train,japan_2017.hdf5,20170712210600
train,japan_2017.hdf5,20170713043400
train,japan_2017.hdf5,20170713074500
train,japan_2017.hdf5,20170714175400
train,japan_2017.hdf5,20170715071200
train,japan_2017.hdf5,20170715120200
train,japan_2017.hdf5,20170715163700
train,japan_2017.hdf5,20170716075900
train,japan_2017.hdf5,20170719042500
train,japan_2017.hdf5,20170720091100
train,japan_2017.hdf5,20170720095600
train,japan_2017.hdf5,20170720101500
train,japan_2017.hdf5,20170721160700
train,japan_2017.hdf5,20170724111500
train,japan_2017.hdf5,20170725000500
train,japan_2017.hdf5,20170725180600
train,japan_2017.hdf5,20170725210800
train,japan_2017.hdf5,20170726005000
train,japan_2017.hdf5,20170726010700
train,japan_2017.hdf5,20170727004600
train,japan_2017.hdf5,20170727144800
train,japan_2017.hdf5,20170727174500
train,japan_2017.hdf5,20170729072500
train,japan_2017.hdf5,20170730232800
train,japan_2017.hdf5,20170730233900
train,japan_2017.hdf5,20170731220600
train,japan_2017.hdf5,20170802003700
train,japan_2017.hdf5,20170802020200
train,japan_2017.hdf5,20170802071600
train,japan_2017.hdf5,20170802091900
train,japan_2017.hdf5,20170802124600
train,japan_2017.hdf5,20170802204900
train,japan_2017.hdf5,20170802210000
train,japan_2017.hdf5,20170802212300
train,japan_2017.hdf5,20170803051800
train,japan_2017.hdf5,20170803134500
train,japan_2017.hdf5,20170804101200
train,japan_2017.hdf5,20170805075500
train,japan_2017.hdf5,20170807025500
train,japan_2017.hdf5,20170808073500
train,japan_2017.hdf5,20170808212800
train,japan_2017.hdf5,20170809055700
train,japan_2017.hdf5,20170810093600
train,japan_2017.hdf5,20170810093900
train,japan_2017.hdf5,20170810163300
train,japan_2017.hdf5,20170810220200
train,japan_2017.hdf5,20170811164600
train,japan_2017.hdf5,20170813020700
train,japan_2017.hdf5,20170813121300
train,japan_2017.hdf5,20170813194000
train,japan_2017.hdf5,20170814081100
train,japan_2017.hdf5,20170816000400
train,japan_2017.hdf5,20170816043800
train,japan_2017.hdf5,20170817234100
train,japan_2017.hdf5,20170818121000
train,japan_2017.hdf5,20170818203800
train,japan_2017.hdf5,20170819181500
train,japan_2017.hdf5,20170820064500
train,japan_2017.hdf5,20170820183800
train,japan_2017.hdf5,20170822033600
train,japan_2017.hdf5,20170822073700
train,japan_2017.hdf5,20170822151100
train,japan_2017.hdf5,20170824143400
train,japan_2017.hdf5,20170825012800
train,japan_2017.hdf5,20170825021800
train,japan_2017.hdf5,20170825120500
train,japan_2017.hdf5,20170826042000
train,japan_2017.hdf5,20170827112600
train,japan_2017.hdf5,20170827115200
train,japan_2017.hdf5,20170827152000
train,japan_2017.hdf5,20170827205900
train,japan_2017.hdf5,20170829222400
train,japan_2017.hdf5,20170831123200
train,japan_2017.hdf5,20170901163000
train,japan_2017.hdf5,20170905092600
train,japan_2017.hdf5,20170906203800
train,japan_2017.hdf5,20170907103900
train,japan_2017.hdf5,20170907154200
train,japan_2017.hdf5,20170908124200
train,japan_2018.hdf5,20180101044200
train,japan_2018.hdf5,20180101070500
train,japan_2018.hdf5,20180101231000
train,japan_2018.hdf5,20180102194800
train,japan_2018.hdf5,20180104042900
train,japan_2018.hdf5,20180104103600
train,japan_2018.hdf5,20180104152000
train,japan_2018.hdf5,20180105110200
train,japan_2018.hdf5,20180105110230
train,japan_2018.hdf5,20180106005400
train,japan_2018.hdf5,20180106043800
train,japan_2018.hdf5,20180106054800
train,japan_2018.hdf5,20180106224500
train,japan_2018.hdf5,20180107112300
train,japan_2018.hdf5,20180107181900
train,japan_2018.hdf5,20180109055200
train,japan_2018.hdf5,20180109134300
train,japan_2018.hdf5,20180110073000
train,japan_2018.hdf5,20180110233700
train,japan_2018.hdf5,20180112211700
train,japan_2018.hdf5,20180113085600
train,japan_2018.hdf5,20180113143700
train,japan_2018.hdf5,20180114180700
train,japan_2018.hdf5,20180116184900
train,japan_2018.hdf5,20180119082200
train,japan_2018.hdf5,20180119154500
train,japan_2018.hdf5,20180119210000
train,japan_2018.hdf5,20180121151500
train,japan_2018.hdf5,20180123044200
train,japan_2018.hdf5,20180123161700
train,japan_2018.hdf5,20180124023200
train,japan_2018.hdf5,20180124132500
train,japan_2018.hdf5,20180124195100
train,japan_2018.hdf5,20180124225500
train,japan_2018.hdf5,20180125182500
train,japan_2018.hdf5,20180126120700
train,japan_2018.hdf5,20180127031100
train,japan_2018.hdf5,20180128044300
train,japan_2018.hdf5,20180130084200
train,japan_2018.hdf5,20180130092500
train,japan_2018.hdf5,20180131051100
train,japan_2018.hdf5,20180131101500
train,japan_2018.hdf5,20180202194400
train,japan_2018.hdf5,20180202235200
train,japan_2018.hdf5,20180205115200
train,japan_2018.hdf5,20180206225700
train,japan_2018.hdf5,20180208233400
train,japan_2018.hdf5,20180211041400
train,japan_2018.hdf5,20180211234900
train,japan_2018.hdf5,20180213033600
train,japan_2018.hdf5,20180213143900
train,japan_2018.hdf5,20180213161700
train,japan_2018.hdf5,20180215100600
train,japan_2018.hdf5,20180215192700
train,japan_2018.hdf5,20180216075200
train,japan_2018.hdf5,20180217001300
train,japan_2018.hdf5,20180217063800
train,japan_2018.hdf5,20180219033100
train,japan_2018.hdf5,20180219033500
train,japan_2018.hdf5,20180219040300
train,japan_2018.hdf5,20180219143400
train,japan_2018.hdf5,20180219184800
train,japan_2018.hdf5,20180220094100
train,japan_2018.hdf5,20180222075600
train,japan_2018.hdf5,20180222131700
train,japan_2018.hdf5,20180226012800
train,japan_2018.hdf5,20180226023700
train,japan_2018.hdf5,20180227080800
train,japan_2018.hdf5,20180228075700
train,japan_2018.hdf5,20180305153100
train,japan_2018.hdf5,20180306012600
train,japan_2018.hdf5,20180306013000
train,japan_2018.hdf5,20180309181600
train,japan_2018.hdf5,20180310092000
train,japan_2018.hdf5,20180310172700
train,japan_2018.hdf5,20180310201500
train,japan_2018.hdf5,20180312154000
train,japan_2018.hdf5,20180313154600
train,japan_2018.hdf5,20180313155400
train,japan_2018.hdf5,20180315054100
train,japan_2018.hdf5,20180316130900
train,japan_2018.hdf5,20180318125900
train,japan_2018.hdf5,20180319114500
train,japan_2018.hdf5,20180322081500
train,japan_2018.hdf5,20180323045100
train,japan_2018.hdf5,20180323063200
train,japan_2018.hdf5,20180323071500
train,japan_2018.hdf5,20180324023200
train,japan_2018.hdf5,20180324042700
train,japan_2018.hdf5,20180325122900
train,japan_2018.hdf5,20180325140800
train,japan_2018.hdf5,20180325233700
train,japan_2018.hdf5,20180326002200
train,japan_2018.hdf5,20180326184400
train,japan_2018.hdf5,20180327045800
train,japan_2018.hdf5,20180327184000
train,japan_2018.hdf5,20180329230500
train,japan_2018.hdf5,20180330013000
train,japan_2018.hdf5,20180330081700
train,japan_2018.hdf5,20180331170500
train,japan_2018.hdf5,20180403210600
train,japan_2018.hdf5,20180404163700
train,japan_2018.hdf5,20180407051400
train,japan_2018.hdf5,20180409013200
train,japan_2018.hdf5,20180409014300
train,japan_2018.hdf5,20180409015600
train,japan_2018.hdf5,20180409020300
train,japan_2018.hdf5,20180409021000
train,japan_2018.hdf5,20180409023000
train,japan_2018.hdf5,20180409024900
train,japan_2018.hdf5,20180409034600
train,japan_2018.hdf5,20180409035700
train,japan_2018.hdf5,20180409043900
train,japan_2018.hdf5,20180409050500
train,japan_2018.hdf5,20180409063800
train,japan_2018.hdf5,20180409123300
train,japan_2018.hdf5,20180410050900
train,japan_2018.hdf5,20180410232400
train,japan_2018.hdf5,20180412040900
train,japan_2018.hdf5,20180412080200
train,japan_2018.hdf5,20180412203600
train,japan_2018.hdf5,20180412223700
train,japan_2018.hdf5,20180413105900
train,japan_2018.hdf5,20180414040000
train,japan_2018.hdf5,20180414074800
train,japan_2018.hdf5,20180414103600
train,japan_2018.hdf5,20180414135100
train,japan_2018.hdf5,20180414151300
train,japan_2018.hdf5,20180416000900
train,japan_2018.hdf5,20180416175500
train,japan_2018.hdf5,20180417010600
train,japan_2018.hdf5,20180418015300
train,japan_2018.hdf5,20180419135800
train,japan_2018.hdf5,20180419203800
train,japan_2018.hdf5,20180420085700
train,japan_2018.hdf5,20180420194500
train,japan_2018.hdf5,20180421184700
train,japan_2018.hdf5,20180423010100
train,japan_2018.hdf5,20180423132600
train,japan_2018.hdf5,20180424175300
train,japan_2018.hdf5,20180428034200
train,japan_2018.hdf5,20180428111200
train,japan_2018.hdf5,20180428140800
train,japan_2018.hdf5,20180428202700
train,japan_2018.hdf5,20180429120900
train,japan_2018.hdf5,20180429174700
train,japan_2018.hdf5,20180429213100
train,japan_2018.hdf5,20180429213600
train,japan_2018.hdf5,20180503142200
train,japan_2018.hdf5,20180504020700
train,japan_2018.hdf5,20180504021700
train,japan_2018.hdf5,20180504204000
train,japan_2018.hdf5,20180505154300
train,japan_2018.hdf5,20180505214700
train,japan_2018.hdf5,20180505234600
train,japan_2018.hdf5,20180506071500
train,japan_2018.hdf5,20180506211300
train,japan_2018.hdf5,20180507050100
train,japan_2018.hdf5,20180508020000
train,japan_2018.hdf5,20180510031300
train,japan_2018.hdf5,20180510101700
train,japan_2018.hdf5,20180510195700
train,japan_2018.hdf5,20180511202100
train,japan_2018.hdf5,20180512102900
train,japan_2018.hdf5,20180512104100
train,japan_2018.hdf5,20180512124000
train,japan_2018.hdf5,20180513014900
train,japan_2018.hdf5,20180514193100
train,japan_2018.hdf5,20180515074600
train,japan_2018.hdf5,20180515140000
train,japan_2018.hdf5,20180516144300
train,japan_2018.hdf5,20180517121200
train,japan_2018.hdf5,20180518034200
train,japan_2018.hdf5,20180522113500
train,japan_2018.hdf5,20180522215500
train,japan_2018.hdf5,20180524012500
train,japan_2018.hdf5,20180525005400
train,japan_2018.hdf5,20180525211300
train,japan_2018.hdf5,20180525212300
train,japan_2018.hdf5,20180525212400
train,japan_2018.hdf5,20180526070200
train,japan_2018.hdf5,20180526230100
train,japan_2018.hdf5,20180528061100
train,japan_2018.hdf5,20180528205200
train,japan_2018.hdf5,20180529004700
train,japan_2018.hdf5,20180529210100
train,japan_2018.hdf5,20180530061000
train,japan_2018.hdf5,20180530132100
train,japan_2018.hdf5,20180531061500
train,japan_2018.hdf5,20180602150400
train,japan_2018.hdf5,20180603022000
train,japan_2018.hdf5,20180603101300
train,japan_2018.hdf5,20180603183100
train,japan_2018.hdf5,20180604201900
train,japan_2018.hdf5,20180606012100
train,japan_2018.hdf5,20180606065100
train,japan_2018.hdf5,20180606162200
train,japan_2018.hdf5,20180607145800
train,japan_2018.hdf5,20180607211800
train,japan_2018.hdf5,20180609225000
train,japan_2018.hdf5,20180610064500
train,japan_2018.hdf5,20180612045400
train,japan_2018.hdf5,20180612045600
train,japan_2018.hdf5,20180612050900
train,japan_2018.hdf5,20180612213700
train,japan_2018.hdf5,20180614071400
train,japan_2018.hdf5,20180614190400
train,japan_2018.hdf5,20180614225100
train,japan_2018.hdf5,20180616110900
train,japan_2018.hdf5,20180616111600
train,japan_2018.hdf5,20180616112200
train,japan_2018.hdf5,20180616115000
train,japan_2018.hdf5,20180616181300
train,japan_2018.hdf5,20180617093100
train,japan_2018.hdf5,20180617151500
train,japan_2018.hdf5,20180617152700
train,japan_2018.hdf5,20180618004300
train,japan_2018.hdf5,20180618063600
train,japan_2018.hdf5,20180618075800
train,japan_2018.hdf5,20180618080200
train,japan_2018.hdf5,20180618080700
train,japan_2018.hdf5,20180618081800
train,japan_2018.hdf5,20180618084200
train,japan_2018.hdf5,20180618123600
train,japan_2018.hdf5,20180618163100
train,japan_2018.hdf5,20180619003100
train,japan_2018.hdf5,20180619045300
train,japan_2018.hdf5,20180619065000
train,japan_2018.hdf5,20180619075200
train,japan_2018.hdf5,20180619132900
train,japan_2018.hdf5,20180619141500
train,japan_2018.hdf5,20180620034700
train,japan_2018.hdf5,20180620052800
train,japan_2018.hdf5,20180620052830
train,japan_2018.hdf5,20180620104200
train,japan_2018.hdf5,20180621155300
train,japan_2018.hdf5,20180621191800
train,japan_2018.hdf5,20180622062000
train,japan_2018.hdf5,20180623230800
train,japan_2018.hdf5,20180626070700
train,japan_2018.hdf5,20180626170000
train,japan_2018.hdf5,20180626170400
train,japan_2018.hdf5,20180626194600
train,japan_2018.hdf5,20180626200300
train,japan_2018.hdf5,20180627041600
train,japan_2018.hdf5,20180627142800
train,japan_2018.hdf5,20180628025800
train,japan_2018.hdf5,20180629140500
train,japan_2018.hdf5,20180630153000
train,japan_2018.hdf5,20180701124200
train,japan_2018.hdf5,20180702022700
train,japan_2018.hdf5,20180702204700
train,japan_2018.hdf5,20180702205300
train,japan_2018.hdf5,20180703203800
train,japan_2018.hdf5,20180703223300
train,japan_2018.hdf5,20180705144000
train,japan_2018.hdf5,20180705235500
train,japan_2018.hdf5,20180707202300
train,japan_2018.hdf5,20180708154500
train,japan_2018.hdf5,20180709010000
train,japan_2018.hdf5,20180709024000
train,japan_2018.hdf5,20180709035300
train,japan_2018.hdf5,20180709225400
train,japan_2018.hdf5,20180710135600
train,japan_2018.hdf5,20180712173900
train,japan_2018.hdf5,20180714181300
train,japan_2018.hdf5,20180715015900
train,japan_2018.hdf5,20180716021300
train,japan_2018.hdf5,20180717043400
train,japan_2018.hdf5,20180717044300
train,japan_2018.hdf5,20180718164400
train,japan_2018.hdf5,20180719205200
train,japan_2018.hdf5,20180719213100
train,japan_2018.hdf5,20180720050700
train,japan_2018.hdf5,20180720222900
train,japan_2018.hdf5,20180722190900
train,japan_2018.hdf5,20180723173800
train,japan_2018.hdf5,20180724025200
train,japan_2018.hdf5,20180725073100
train,japan_2018.hdf5,20180726024600
train,japan_2018.hdf5,20180727152400
train,japan_2018.hdf5,20180728025700
train,japan_2018.hdf5,20180729095800
train,japan_2018.hdf5,20180729152100
train,japan_2018.hdf5,20180729153300
train,japan_2018.hdf5,20180729184300
train,japan_2018.hdf5,20180731145300
train,japan_2018.hdf5,20180731174200
train,japan_2018.hdf5,20180801040000
train,japan_2018.hdf5,20180801130100
train,japan_2018.hdf5,20180803233900
train,japan_2018.hdf5,20180805164100
train,japan_2018.hdf5,20180805174400
train,japan_2018.hdf5,20180806195600
train,japan_2018.hdf5,20180807051000
train,japan_2018.hdf5,20180808001300
train,japan_2018.hdf5,20180808180700
train,japan_2018.hdf5,20180810082700
train,japan_2018.hdf5,20180810211800
train,japan_2018.hdf5,20180811061100
train,japan_2018.hdf5,20180811080300
train,japan_2018.hdf5,20180813052100
train,japan_2018.hdf5,20180814123500
train,japan_2018.hdf5,20180814205100
train,japan_2018.hdf5,20180816162500
train,japan_2018.hdf5,20180816194400
train,japan_2018.hdf5,20180818153900
train,japan_2018.hdf5,20180821024700
train,japan_2018.hdf5,20180822182300
train,japan_2018.hdf5,20180823000600
train,japan_2018.hdf5,20180824231600
train,japan_2018.hdf5,20180825000000
train,japan_2018.hdf5,20180825021700
train,japan_2018.hdf5,20180825063000
train,japan_2018.hdf5,20180826194700
train,japan_2018.hdf5,20180828195300
train,japan_2018.hdf5,20180829003900
train,japan_2018.hdf5,20180829055800
train,japan_2018.hdf5,20180829073500
train,japan_2018.hdf5,20180829094600
train,japan_2018.hdf5,20180829143000
train,japan_2018.hdf5,20180831212400
train,japan_2018.hdf5,20180901100600
train,japan_2018.hdf5,20180903064600
train,japan_2018.hdf5,20180903064700
train,japan_2018.hdf5,20180903171300
train,japan_2018.hdf5,20180905051100
train,japan_2018.hdf5,20180905102600
train,japan_2018.hdf5,20180906030800
train,japan_2018.hdf5,20180906031000
train,japan_2018.hdf5,20180906031100
train,japan_2018.hdf5,20180906031300
train,japan_2018.hdf5,20180906031500
train,japan_2018.hdf5,20180906031700
train,japan_2018.hdf5,20180906032000
train,japan_2018.hdf5,20180906032300
train,japan_2018.hdf5,20180906032500
train,japan_2018.hdf5,20180906032600
train,japan_2018.hdf5,20180906033200
train,japan_2018.hdf5,20180906033500
train,japan_2018.hdf5,20180906035600
train,japan_2018.hdf5,20180906041000
train,japan_2018.hdf5,20180906041900
train,japan_2018.hdf5,20180906043900
train,japan_2018.hdf5,20180906044200
train,japan_2018.hdf5,20180906045700
train,japan_2018.hdf5,20180906051300
train,japan_2018.hdf5,20180906052000
train,japan_2018.hdf5,20180906060400
train,japan_2018.hdf5,20180906060600
train,japan_2018.hdf5,20180906061100
train,japan_2018.hdf5,20180906063200
train,japan_2018.hdf5,20180906065300
train,japan_2018.hdf5,20180906065700
train,japan_2018.hdf5,20180906070800
train,japan_2018.hdf5,20180906072000
train,japan_2018.hdf5,20180906072900
train,japan_2018.hdf5,20180906074400
train,japan_2018.hdf5,20180906074500
train,japan_2018.hdf5,20180906081500
train,japan_2018.hdf5,20180906083700
train,japan_2018.hdf5,20180906084200
train,japan_2018.hdf5,20180906090400
train,japan_2018.hdf5,20180906091600
train,japan_2018.hdf5,20180906101600
train,japan_2018.hdf5,20180906105800
train,japan_2018.hdf5,20180906110700
train,japan_2018.hdf5,20180906111900
train,japan_2018.hdf5,20180906121400
train,japan_2018.hdf5,20180906130100
train,japan_2018.hdf5,20180906140300
train,japan_2018.hdf5,20180906143900
train,japan_2018.hdf5,20180906145100
train,japan_2018.hdf5,20180906155200
train,japan_2018.hdf5,20180906161700
train,japan_2018.hdf5,20180906162800
train,japan_2018.hdf5,20180906165300
train,japan_2018.hdf5,20180906180000
train,japan_2018.hdf5,20180906205100
train,japan_2018.hdf5,20180906213600
train,japan_2018.hdf5,20180906223500
train,japan_2018.hdf5,20180906234300
train,japan_2018.hdf5,20180906234330
train,japan_2018.hdf5,20180907004600
train,japan_2018.hdf5,20180907010200
train,japan_2018.hdf5,20180907014100
train,japan_2018.hdf5,20180907034700
train,japan_2018.hdf5,20180907043100
train,japan_2018.hdf5,20180907043700
train,japan_2018.hdf5,20180907044800
train,japan_2018.hdf5,20180907071000
train,japan_2018.hdf5,20180907104000
train,japan_2018.hdf5,20180907132500
train,japan_2018.hdf5,20180907134100
train,japan_2018.hdf5,20180907135600
train,japan_2018.hdf5,20180907154200
train,japan_2018.hdf5,20180907171200
train,japan_2018.hdf5,20180907181100
train,japan_2018.hdf5,20180907195800
train,japan_2018.hdf5,20180907202400
train,japan_2018.hdf5,20180907224300
train,japan_2018.hdf5,20180908012800
train,japan_2018.hdf5,20180908043800
train,japan_2018.hdf5,20180908053700
train,japan_2018.hdf5,20180908054900
train,japan_2018.hdf5,20180908085100
train,japan_2018.hdf5,20180908162100
train,japan_2018.hdf5,20180908163600
train,japan_2018.hdf5,20180908170300
train,japan_2018.hdf5,20180908182100
train,japan_2018.hdf5,20180908210000
train,japan_2018.hdf5,20180908214400
train,japan_2018.hdf5,20180908231100
train,japan_2018.hdf5,20180909031200
train,japan_2018.hdf5,20180909061000
train,japan_2018.hdf5,20180909163000
train,japan_2018.hdf5,20180909203700
train,japan_2018.hdf5,20180909225500
train,japan_2018.hdf5,20180910021900
train,japan_2018.hdf5,20180910034800
train,japan_2019.hdf5,20190102174700
train,japan_2019.hdf5,20190102184400
train,japan_2019.hdf5,20190103181000
train,japan_2019.hdf5,20190106193200
train,japan_2019.hdf5,20190108013500
train,japan_2019.hdf5,20190108213900
train,japan_2019.hdf5,20190111110600
train,japan_2019.hdf5,20190113091800
train,japan_2019.hdf5,20190113211400
train,japan_2019.hdf5,20190114132300
train,japan_2019.hdf5,20190115005300
train,japan_2019.hdf5,20190115163800
train,japan_2019.hdf5,20190116052000
train,japan_2019.hdf5,20190117112300
train,japan_2019.hdf5,20190117231000
train,japan_2019.hdf5,20190118045500
train,japan_2019.hdf5,20190118061900
train,japan_2019.hdf5,20190118214600
train,japan_2019.hdf5,20190119050400
train,japan_2019.hdf5,20190119142200
train,japan_2019.hdf5,20190121092400
train,japan_2019.hdf5,20190121193200
train,japan_2019.hdf5,20190121231700
train,japan_2019.hdf5,20190122070400
train,japan_2019.hdf5,20190123000100
train,japan_2019.hdf5,20190123000600
train,japan_2019.hdf5,20190123134300
train,japan_2019.hdf5,20190124050400
train,japan_2019.hdf5,20190125144100
train,japan_2019.hdf5,20190125211000
train,japan_2019.hdf5,20190126062200
train,japan_2019.hdf5,20190126140800
train,japan_2019.hdf5,20190126141600
train,japan_2019.hdf5,20190126172300
train,japan_2019.hdf5,20190127142100
train,japan_2019.hdf5,20190129032200
train,japan_2019.hdf5,20190129124200
train,japan_2019.hdf5,20190203041000
train,japan_2019.hdf5,20190203100100
train,japan_2019.hdf5,20190205155700
train,japan_2019.hdf5,20190206101400
train,japan_2019.hdf5,20190206172600
train,japan_2019.hdf5,20190207165700
train,japan_2019.hdf5,20190208042800
train,japan_2019.hdf5,20190208063400
train,japan_2019.hdf5,20190208121600
train,japan_2019.hdf5,20190209080600
train,japan_2019.hdf5,20190210053700
train,japan_2019.hdf5,20190211190700
train,japan_2019.hdf5,20190212224200
train,japan_2019.hdf5,20190214011300
train,japan_2019.hdf5,20190214232200
train,japan_2019.hdf5,20190216174200
train,japan_2019.hdf5,20190217154900
train,japan_2019.hdf5,20190218200000
train,japan_2019.hdf5,20190218204100
train,japan_2019.hdf5,20190219170600
train,japan_2019.hdf5,20190219175700
train,japan_2019.hdf5,20190219210400
train,japan_2019.hdf5,20190220012400
train,japan_2019.hdf5,20190220202400
train,japan_2019.hdf5,20190221212200
train,japan_2019.hdf5,20190223020300
train,japan_2019.hdf5,20190223051200
train,japan_2019.hdf5,20190223143000
train,japan_2019.hdf5,20190223154800
train,japan_2019.hdf5,20190224093300
train,japan_2019.hdf5,20190225034900
train,japan_2019.hdf5,20190226230800
train,japan_2019.hdf5,20190227081700
train,japan_2019.hdf5,20190227095500
train,japan_2019.hdf5,20190227162500
train,japan_2019.hdf5,20190227223400
train,japan_2019.hdf5,20190301183900
train,japan_2019.hdf5,20190302060300
train,japan_2019.hdf5,20190302122300
train,japan_2019.hdf5,20190303200400
train,japan_2019.hdf5,20190305190800
train,japan_2019.hdf5,20190306061800
train,japan_2019.hdf5,20190307034300
train,japan_2019.hdf5,20190307042600
train,japan_2019.hdf5,20190309010800
train,japan_2019.hdf5,20190309130200
train,japan_2019.hdf5,20190310104600
train,japan_2019.hdf5,20190311033400
train,japan_2019.hdf5,20190311153700
train,japan_2019.hdf5,20190313134800
train,japan_2019.hdf5,20190314205900
train,japan_2019.hdf5,20190316224100
train,japan_2019.hdf5,20190317060700
train,japan_2019.hdf5,20190318032400
train,japan_2019.hdf5,20190318075300
train,japan_2019.hdf5,20190318093300
train,japan_2019.hdf5,20190320183100
train,japan_2019.hdf5,20190325191000
train,japan_2019.hdf5,20190326033000
train,japan_2019.hdf5,20190327065100
train,japan_2019.hdf5,20190327091100
train,japan_2019.hdf5,20190327153800
train,japan_2019.hdf5,20190328111600
train,japan_2019.hdf5,20190329053800
train,japan_2019.hdf5,20190329122400
train,japan_2019.hdf5,20190330030000
train,japan_2019.hdf5,20190330055500
train,japan_2019.hdf5,20190330195900
train,japan_2019.hdf5,20190401211700
train,japan_2019.hdf5,20190403052900
train,japan_2019.hdf5,20190403094400
train,japan_2019.hdf5,20190404120400
train,japan_2019.hdf5,20190405172300
train,japan_2019.hdf5,20190406193000
train,japan_2019.hdf5,20190407100200
train,japan_2019.hdf5,20190408030000
train,japan_2019.hdf5,20190408222200
train,japan_2019.hdf5,20190410041900
train,japan_2019.hdf5,20190411170700
train,japan_2019.hdf5,20190411171800
train,japan_2019.hdf5,20190412035000
train,japan_2019.hdf5,20190413122300
train,japan_2019.hdf5,20190413151200
train,japan_2019.hdf5,20190415052800
train,japan_2019.hdf5,20190416184700
train,japan_2019.hdf5,20190417143500
train,japan_2019.hdf5,20190419131400
train,japan_2019.hdf5,20190421114800
train,japan_2019.hdf5,20190423053300
train,japan_2019.hdf5,20190423074900
train,japan_2019.hdf5,20190425210000
train,japan_2019.hdf5,20190426040400
train,japan_2019.hdf5,20190427095700
train,japan_2019.hdf5,20190501004300
train,japan_2019.hdf5,20190502062200
train,japan_2019.hdf5,20190504091900
train,japan_2019.hdf5,20190504114100
train,japan_2019.hdf5,20190505014000
train,japan_2019.hdf5,20190505045100
train,japan_2019.hdf5,20190505163800
train,japan_2019.hdf5,20190506141300
train,japan_2019.hdf5,20190507123000
train,japan_2019.hdf5,20190507222200
train,japan_2019.hdf5,20190508092000
train,japan_2019.hdf5,20190510074300
train,japan_2019.hdf5,20190510074400
train,japan_2019.hdf5,20190510084800
train,japan_2019.hdf5,20190510090700
train,japan_2019.hdf5,20190510181000
train,japan_2019.hdf5,20190510204000
train,japan_2019.hdf5,20190511085900
train,japan_2019.hdf5,20190512150700
train,japan_2019.hdf5,20190513185900
train,japan_2019.hdf5,20190514052900
train,japan_2019.hdf5,20190518101800
train,japan_2019.hdf5,20190519235000
train,japan_2019.hdf5,20190520074900
train,japan_2019.hdf5,20190521071700
train,japan_2019.hdf5,20190523192000
train,japan_2019.hdf5,20190525152000
train,japan_2019.hdf5,20190525154000
train,japan_2019.hdf5,20190526091100
train,japan_2019.hdf5,20190527040400
train,japan_2019.hdf5,20190530010200
train,japan_2019.hdf5,20190530152000
train,japan_2019.hdf5,20190530203200
train,japan_2019.hdf5,20190531142700
train,japan_2019.hdf5,20190531224900
train,japan_2019.hdf5,20190601075800
train,japan_2019.hdf5,20190602121800
train,japan_2019.hdf5,20190602202900
train,japan_2019.hdf5,20190603015700
train,japan_2019.hdf5,20190603210400
train,japan_2019.hdf5,20190605060900
train,japan_2019.hdf5,20190606051500
train,japan_2019.hdf5,20190607084300
train,japan_2019.hdf5,20190607190800
train,japan_2019.hdf5,20190608124600
train,japan_2019.hdf5,20190609053300
train,japan_2019.hdf5,20190609092600
train,japan_2019.hdf5,20190610221200
train,japan_2019.hdf5,20190611002500
train,japan_2019.hdf5,20190611021800
train,japan_2019.hdf5,20190611102100
train,japan_2019.hdf5,20190611105900
train,japan_2019.hdf5,20190612193500
train,japan_2019.hdf5,20190615055400
train,japan_2019.hdf5,20190615115300
train,japan_2019.hdf5,20190615134700
train,japan_2019.hdf5,20190615172000
train,japan_2019.hdf5,20190615181000
train,japan_2019.hdf5,20190617080000
train,japan_2019.hdf5,20190617171800
train,japan_2019.hdf5,20190618072200
train,japan_2019.hdf5,20190618222200
train,japan_2019.hdf5,20190618222700
train,japan_2019.hdf5,20190618223700
train,japan_2019.hdf5,20190618224100
train,japan_2019.hdf5,20190618231400
train,japan_2019.hdf5,20190618235700
train,japan_2019.hdf5,20190619002300
train,japan_2019.hdf5,20190619005700
train,japan_2019.hdf5,20190619035400
train,japan_2019.hdf5,20190619050000
train,japan_2019.hdf5,20190619113500
train,japan_2019.hdf5,20190620015500
train,japan_2019.hdf5,20190620061800
train,japan_2019.hdf5,20190621053300
train,japan_2019.hdf5,20190622204500
train,japan_2019.hdf5,20190624091100
train,japan_2019.hdf5,20190624192200
train,japan_2019.hdf5,20190625083100
train,japan_2019.hdf5,20190626020800
train,japan_2019.hdf5,20190626224600
train,japan_2019.hdf5,20190627103200
train,japan_2019.hdf5,20190627103400
train,japan_2019.hdf5,20190627112500
train,japan_2019.hdf5,20190627132100
train,japan_2019.hdf5,20190627220800
train,japan_2019.hdf5,20190630101300
train,japan_2019.hdf5,20190701093700
train,japan_2019.hdf5,20190701101000
train,japan_2019.hdf5,20190702002000
train,japan_2019.hdf5,20190702100000
train,japan_2019.hdf5,20190704030600
train,japan_2019.hdf5,20190707035100
train,japan_2019.hdf5,20190707095600
train,japan_2019.hdf5,20190708225400
train,japan_2019.hdf5,20190709012400
train,japan_2019.hdf5,20190709072300
train,japan_2019.hdf5,20190710061300
train,japan_2019.hdf5,20190710203300
train,japan_2019.hdf5,20190711051900
train,japan_2019.hdf5,20190711160400
train,japan_2019.hdf5,20190715013000
train,japan_2019.hdf5,20190717002500
train,japan_2019.hdf5,20190717180000
train,japan_2019.hdf5,20190719141900
train,japan_2019.hdf5,20190719210500
train,japan_2019.hdf5,20190720102700
train,japan_2019.hdf5,20190721230100
train,japan_2019.hdf5,20190722103900
train,japan_2019.hdf5,20190723091000
train,japan_2019.hdf5,20190723152800
train,japan_2019.hdf5,20190725071400
train,japan_2019.hdf5,20190727021100
train,japan_2019.hdf5,20190729003500
train,japan_2019.hdf5,20190730053800
train,japan_2019.hdf5,20190730131300
train,japan_2019.hdf5,20190730155200
train,japan_2019.hdf5,20190804030400
train,japan_2019.hdf5,20190804192300
train,japan_2019.hdf5,20190807182200
train,japan_2019.hdf5,20190808193900
train,japan_2019.hdf5,20190810123300
train,japan_2019.hdf5,20190814070200
train,japan_2019.hdf5,20190815143300
train,japan_2019.hdf5,20190815150600
train,japan_2019.hdf5,20190815155400
train,japan_2019.hdf5,20190815175200
train,japan_2019.hdf5,20190815181500
train,japan_2019.hdf5,20190818190600
train,japan_2019.hdf5,20190819174300
train,japan_2019.hdf5,20190821000700
train,japan_2019.hdf5,20190821123500
train,japan_2019.hdf5,20190823204900
train,japan_2019.hdf5,20190824013900
train,japan_2019.hdf5,20190824030500
train,japan_2019.hdf5,20190824135300
train,japan_2019.hdf5,20190825035100
train,japan_2019.hdf5,20190827001300
train,japan_2019.hdf5,20190827235800
train,japan_2019.hdf5,20190829084600
train,japan_2019.hdf5,20190830042400
train,japan_2019.hdf5,20190831083200
train,japan_2019.hdf5,20190831180300
train,japan_2019.hdf5,20190902135800
train,japan_2019.hdf5,20190904195400
train,japan_2019.hdf5,20190905095700
train,japan_2019.hdf5,20190906000200
train,japan_2019.hdf5,20190906090800
train,japan_2019.hdf5,20190906210900
train,japan_2020.hdf5,20200103032400
train,japan_2020.hdf5,20200103143000
train,japan_2020.hdf5,20200104133500
train,japan_2020.hdf5,20200106020500
train,japan_2020.hdf5,20200106042000
train,japan_2020.hdf5,20200106224600
train,japan_2020.hdf5,20200108042200
train,japan_2020.hdf5,20200108115700
train,japan_2020.hdf5,20200112005500
train,japan_2020.hdf5,20200114045300
train,japan_2020.hdf5,20200114132500
train,japan_2020.hdf5,20200115081800
train,japan_2020.hdf5,20200115203100
train,japan_2020.hdf5,20200116090100
train,japan_2020.hdf5,20200117023900
train,japan_2020.hdf5,20200118025300
train,japan_2020.hdf5,20200120084600
train,japan_2020.hdf5,20200121191800
train,japan_2020.hdf5,20200122193800
train,japan_2020.hdf5,20200123070800
train,japan_2020.hdf5,20200123161300
train,japan_2020.hdf5,20200125103400
train,japan_2020.hdf5,20200128103600
train,japan_2020.hdf5,20200128122300
train,japan_2020.hdf5,20200128191300
train,japan_2020.hdf5,20200128235900
train,japan_2020.hdf5,20200129013300
train,japan_2020.hdf5,20200129174500
train,japan_2020.hdf5,20200130115400
train,japan_2020.hdf5,20200130195500
train,japan_2020.hdf5,20200131202900
train,japan_2020.hdf5,20200201011100
train,japan_2020.hdf5,20200201020700
train,japan_2020.hdf5,20200201172100
train,japan_2020.hdf5,20200202224600
train,japan_2020.hdf5,20200205100000
train,japan_2020.hdf5,20200206201900
train,japan_2020.hdf5,20200207084100
train,japan_2020.hdf5,20200209163600
train,japan_2020.hdf5,20200211061100
train,japan_2020.hdf5,20200212193600
train,japan_2020.hdf5,20200212193700
train,japan_2020.hdf5,20200217124000
train,japan_2020.hdf5,20200219041500
train,japan_2020.hdf5,20200219215300
train,japan_2020.hdf5,20200220005000
train,japan_2020.hdf5,20200220125300
train,japan_2020.hdf5,20200222002200
train,japan_2020.hdf5,20200222073800
train,japan_2020.hdf5,20200223211200
train,japan_2020.hdf5,20200224061900
train,japan_2020.hdf5,20200225121200
train,japan_2020.hdf5,20200228054100
train,japan_2020.hdf5,20200303074300
train,japan_2020.hdf5,20200303081600
train,japan_2020.hdf5,20200303115900
train,japan_2020.hdf5,20200303183100
train,japan_2020.hdf5,20200304162500
train,japan_2020.hdf5,20200307205600
train,japan_2020.hdf5,20200309042800
train,japan_2020.hdf5,20200311130400
train,japan_2020.hdf5,20200311140300
train,japan_2020.hdf5,20200311142900
train,japan_2020.hdf5,20200313021800
train,japan_2020.hdf5,20200313023600
train,japan_2020.hdf5,20200313071500
train,japan_2020.hdf5,20200313173300
train,japan_2020.hdf5,20200315095300
train,japan_2020.hdf5,20200315115900
train,japan_2020.hdf5,20200315190900
train,japan_2020.hdf5,20200316204200
train,japan_2020.hdf5,20200317213800
train,japan_2020.hdf5,20200318094400
train,japan_2020.hdf5,20200319013200
train,japan_2020.hdf5,20200321135800
train,japan_2020.hdf5,20200321180300
train,japan_2020.hdf5,20200324121500
train,japan_2020.hdf5,20200328095800
train,japan_2020.hdf5,20200329221900
train,japan_2020.hdf5,20200330171500
train,japan_2020.hdf5,20200331202400
train,japan_2020.hdf5,20200402003300
train,japan_2020.hdf5,20200403143000
train,japan_2020.hdf5,20200405065700
train,japan_2020.hdf5,20200406050000
train,japan_2020.hdf5,20200407141200
train,japan_2020.hdf5,20200408025300
train,japan_2020.hdf5,20200408194400
train,japan_2020.hdf5,20200408213200
train,japan_2020.hdf5,20200409002800
train,japan_2020.hdf5,20200409121200
train,japan_2020.hdf5,20200410004500
train,japan_2020.hdf5,20200410192200
train,japan_2020.hdf5,20200411052900
train,japan_2020.hdf5,20200412004400
train,japan_2020.hdf5,20200412221100
train,japan_2020.hdf5,20200413191600
train,japan_2020.hdf5,20200414063500
train,japan_2020.hdf5,20200416111800
train,japan_2020.hdf5,20200416131500
train,japan_2020.hdf5,20200419120900
train,japan_2020.hdf5,20200420053900
train,japan_2020.hdf5,20200420104900
train,japan_2020.hdf5,20200422022600
train,japan_2020.hdf5,20200422024700
train,japan_2020.hdf5,20200423102200
train,japan_2020.hdf5,20200423122600
train,japan_2020.hdf5,20200423134400
train,japan_2020.hdf5,20200423135200
train,japan_2020.hdf5,20200423135700
train,japan_2020.hdf5,20200423141600
train,japan_2020.hdf5,20200423191000
train,japan_2020.hdf5,20200423210300
train,japan_2020.hdf5,20200424013800
train,japan_2020.hdf5,20200424045200
train,japan_2020.hdf5,20200424063100
train,japan_2020.hdf5,20200424211200
train,japan_2020.hdf5,20200426022200
train,japan_2020.hdf5,20200426023700
train,japan_2020.hdf5,20200426085600
train,japan_2020.hdf5,20200426094900
train,japan_2020.hdf5,20200426230200
train,japan_2020.hdf5,20200427113200
train,japan_2020.hdf5,20200428193100
train,japan_2020.hdf5,20200429182500
train,japan_2020.hdf5,20200430121500
train,japan_2020.hdf5,20200430144400
train,japan_2020.hdf5,20200502112600
train,japan_2020.hdf5,20200503055500
train,japan_2020.hdf5,20200503181700
train,japan_2020.hdf5,20200503205400
train,japan_2020.hdf5,20200504220700
train,japan_2020.hdf5,20200504223400
train,japan_2020.hdf5,20200505002300
train,japan_2020.hdf5,20200506015700
train,japan_2020.hdf5,20200506101600
train,japan_2020.hdf5,20200509063500
train,japan_2020.hdf5,20200510074200
train,japan_2020.hdf5,20200511022300
train,japan_2020.hdf5,20200511085800
train,japan_2020.hdf5,20200512114400
train,japan_2020.hdf5,20200513070400
train,japan_2020.hdf5,20200513070700
train,japan_2020.hdf5,20200513073100
train,japan_2020.hdf5,20200513094000
train,japan_2020.hdf5,20200513102800
train,japan_2020.hdf5,20200513133900
train,japan_2020.hdf5,20200513151500
train,japan_2020.hdf5,20200513224600
train,japan_2020.hdf5,20200514043000
train,japan_2020.hdf5,20200515064000
train,japan_2020.hdf5,20200516062700
train,japan_2020.hdf5,20200517122900
train,japan_2020.hdf5,20200517203800
train,japan_2020.hdf5,20200518111300
train,japan_2020.hdf5,20200518120000
train,japan_2020.hdf5,20200519020100
train,japan_2020.hdf5,20200519050000
train,japan_2020.hdf5,20200519051000
train,japan_2020.hdf5,20200519121700
train,japan_2020.hdf5,20200519124600
train,japan_2020.hdf5,20200519131300
train,japan_2020.hdf5,20200519142300
train,japan_2020.hdf5,20200519142700
train,japan_2020.hdf5,20200519143300
train,japan_2020.hdf5,20200519160500
train,japan_2020.hdf5,20200519165500
train,japan_2020.hdf5,20200521020700
train,japan_2020.hdf5,20200522135200
train,japan_2020.hdf5,20200522141500
train,japan_2020.hdf5,20200524121000
train,japan_2020.hdf5,20200525021100
train,japan_2020.hdf5,20200528212900
train,japan_2020.hdf5,20200529024600
train,japan_2020.hdf5,20200529062400
train,japan_2020.hdf5,20200529094600
train,japan_2020.hdf5,20200529190500
train,japan_2020.hdf5,20200529194600
train,japan_2020.hdf5,20200531031400
train,japan_2020.hdf5,20200601044300
train,japan_2020.hdf5,20200601060200
train,japan_2020.hdf5,20200601093300
train,japan_2020.hdf5,20200601093700
train,japan_2020.hdf5,20200602154100
train,japan_2020.hdf5,20200603063200
train,japan_2020.hdf5,20200604053100
train,japan_2020.hdf5,20200606224800
train,japan_2020.hdf5,20200607214400
train,japan_2020.hdf5,20200608001700
train,japan_2020.hdf5,20200608183600
train,japan_2020.hdf5,20200609134300
train,japan_2020.hdf5,20200610002200
train,japan_2020.hdf5,20200612020900
train,japan_2020.hdf5,20200612043600
train,japan_2020.hdf5,20200612203000
train,japan_2020.hdf5,20200613024200
train,japan_2020.hdf5,20200616015500
train,japan_2020.hdf5,20200616072800
train,japan_2020.hdf5,20200616082700
train,japan_2020.hdf5,20200616153600
train,japan_2020.hdf5,20200617150300
train,japan_2020.hdf5,20200618130100
train,japan_2020.hdf5,20200619144500
train,japan_2020.hdf5,20200620023800
train,japan_2020.hdf5,20200620030300
train,japan_2020.hdf5,20200625044700
train,japan_2020.hdf5,20200628145900
train,japan_2020.hdf5,20200630000600
train,japan_2020.hdf5,20200701182500
train,japan_2020.hdf5,20200703113600
train,japan_2020.hdf5,20200703141300
train,japan_2020.hdf5,20200703214400
train,japan_2020.hdf5,20200705041000
train,japan_2020.hdf5,20200705070100
train,japan_2020.hdf5,20200705150900
train,japan_2020.hdf5,20200705225900
train,japan_2020.hdf5,20200705233000
train,japan_2020.hdf5,20200706021700
train,japan_2020.hdf5,20200706070300
train,japan_2020.hdf5,20200707222900
train,japan_2020.hdf5,20200709060500
train,japan_2020.hdf5,20200710195000
train,japan_2020.hdf5,20200711031900
train,japan_2020.hdf5,20200711221100
train,japan_2020.hdf5,20200712183200
train,japan_2020.hdf5,20200713104200
train,japan_2020.hdf5,20200714123600
train,japan_2020.hdf5,20200714222100
train,japan_2020.hdf5,20200715054800
train,japan_2020.hdf5,20200715070100
train,japan_2020.hdf5,20200717134900
train,japan_2020.hdf5,20200717145400
train,japan_2020.hdf5,20200719210100
train,japan_2020.hdf5,20200720193200
train,japan_2020.hdf5,20200721185800
train,japan_2020.hdf5,20200721205800
train,japan_2020.hdf5,20200721224600
train,japan_2020.hdf5,20200724183900
train,japan_2020.hdf5,20200724213800
train,japan_2020.hdf5,20200725193900
train,japan_2020.hdf5,20200726134500
train,japan_2020.hdf5,20200727013200
train,japan_2020.hdf5,20200727165600
train,japan_2020.hdf5,20200729051600
train,japan_2020.hdf5,20200729053300
train,japan_2020.hdf5,20200729174900
train,japan_2020.hdf5,20200730023500
train,japan_2020.hdf5,20200801121500
train,japan_2020.hdf5,20200804202100
train,japan_2020.hdf5,20200804230300
train,japan_2020.hdf5,20200806025400
train,japan_2020.hdf5,20200807223900
train,japan_2020.hdf5,20200808173600
train,japan_2020.hdf5,20200809143000
train,japan_2020.hdf5,20200809215400
train,japan_2020.hdf5,20200810092400
train,japan_2020.hdf5,20200810171700
train,japan_2020.hdf5,20200811162000
train,japan_2020.hdf5,20200813074000
train,japan_2020.hdf5,20200813113500
train,japan_2020.hdf5,20200813125200
train,japan_2020.hdf5,20200817025600
train,japan_2020.hdf5,20200820092800
train,japan_2021.hdf5,20210101015300
train,japan_2021.hdf5,20210102223600
train,japan_2021.hdf5,20210107041700
train,japan_2021.hdf5,20210109000400
train,japan_2021.hdf5,20210109143600
train,japan_2021.hdf5,20210110153800
train,japan_2021.hdf5,20210113192900
train,japan_2021.hdf5,20210114005700
train,japan_2021.hdf5,20210115125900
train,japan_2021.hdf5,20210115174000
train,japan_2021.hdf5,20210116170800
train,japan_2021.hdf5,20210119054700
train,japan_2021.hdf5,20210122144600
train,japan_2021.hdf5,20210123010400
train,japan_2021.hdf5,20210123173800
train,japan_2021.hdf5,20210123201900
train,japan_2021.hdf5,20210123221200
train,japan_2021.hdf5,20210124005700
train,japan_2021.hdf5,20210124181300
train,japan_2021.hdf5,20210125032400
train,japan_2021.hdf5,20210126082500
train,japan_2021.hdf5,20210126123300
train,japan_2021.hdf5,20210127152900
train,japan_2021.hdf5,20210127182500
train,japan_2021.hdf5,20210129032400
train,japan_2021.hdf5,20210129042400
train,japan_2021.hdf5,20210130091400
train,japan_2021.hdf5,20210131140600
train,japan_2021.hdf5,20210131151500
train,japan_2021.hdf5,20210201161700
train,japan_2021.hdf5,20210201233000
train,japan_2021.hdf5,20210202030100
train,japan_2021.hdf5,20210203154700
train,japan_2021.hdf5,20210204124000
train,japan_2021.hdf5,20210206041000
train,japan_2021.hdf5,20210206141000
train,japan_2021.hdf5,20210208022600
train,japan_2021.hdf5,20210208232400
train,japan_2021.hdf5,20210209073500
train,japan_2021.hdf5,20210213005200
train,japan_2021.hdf5,20210213195200
train,japan_2021.hdf5,20210213230800
train,japan_2021.hdf5,20210213233600
train,japan_2021.hdf5,20210213235100
train,japan_2021.hdf5,20210213235800
train,japan_2021.hdf5,20210214000500
train,japan_2021.hdf5,20210214001500
train,japan_2021.hdf5,20210214003600
train,japan_2021.hdf5,20210214011400
train,japan_2021.hdf5,20210214013200
train,japan_2021.hdf5,20210214032500
train,japan_2021.hdf5,20210214141100
train,japan_2021.hdf5,20210214145300
train,japan_2021.hdf5,20210214163100
train,japan_2021.hdf5,20210214165900
train,japan_2021.hdf5,20210214174700
train,japan_2021.hdf5,20210214182600
train,japan_2021.hdf5,20210214194500
train,japan_2021.hdf5,20210214204100
train,japan_2021.hdf5,20210215062500
train,japan_2021.hdf5,20210215130000
train,japan_2021.hdf5,20210215132800
train,japan_2021.hdf5,20210215202700
train,japan_2021.hdf5,20210215205900
train,japan_2021.hdf5,20210215212600
train,japan_2021.hdf5,20210217070700
train,japan_2021.hdf5,20210217230600
train,japan_2021.hdf5,20210218035800
train,japan_2021.hdf5,20210218115200
train,japan_2021.hdf5,20210218150200
train,japan_2021.hdf5,20210218165000
train,japan_2021.hdf5,20210218193700
train,japan_2021.hdf5,20210218214200
train,japan_2021.hdf5,20210219100700
train,japan_2021.hdf5,20210219181100
train,japan_2021.hdf5,20210220011600
train,japan_2021.hdf5,20210220040100
train,japan_2021.hdf5,20210220085300
train,japan_2021.hdf5,20210220101700
train,japan_2021.hdf5,20210220222300
train,japan_2021.hdf5,20210221000600
train,japan_2021.hdf5,20210222105600
train,japan_2021.hdf5,20210222115700
train,japan_2021.hdf5,20210223044200
train,japan_2021.hdf5,20210223062200
train,japan_2021.hdf5,20210223160900
train,japan_2021.hdf5,20210226130400
train,japan_2021.hdf5,20210226140300
train,japan_2021.hdf5,20210226191800
train,japan_2021.hdf5,20210226203100
train,japan_2021.hdf5,20210227003300
train,japan_2021.hdf5,20210227020400
train,japan_2021.hdf5,20210228094000
train,japan_2021.hdf5,20210228112000
train,japan_2021.hdf5,20210228233000
train,japan_2021.hdf5,20210303062300
train,japan_2021.hdf5,20210303202900
train,japan_2021.hdf5,20210304112200
train,japan_2021.hdf5,20210304160300
train,japan_2021.hdf5,20210305151400
train,japan_2021.hdf5,20210307124200
train,japan_2021.hdf5,20210307214400
train,japan_2021.hdf5,20210308233600
train,japan_2021.hdf5,20210309083000
train,japan_2021.hdf5,20210310090700
train,japan_2021.hdf5,20210311195700
train,japan_2021.hdf5,20210312065300
train,japan_2021.hdf5,20210314021600
train,japan_2021.hdf5,20210314085200
train,japan_2021.hdf5,20210314092200
train,japan_2021.hdf5,20210315002600
train,japan_2021.hdf5,20210315005900
train,japan_2021.hdf5,20210315113700
train,japan_2021.hdf5,20210316045600
train,japan_2021.hdf5,20210317082300
train,japan_2021.hdf5,20210317172900
train,japan_2021.hdf5,20210317201100
train,japan_2021.hdf5,20210320015000
train,japan_2021.hdf5,20210320092600
train,japan_2021.hdf5,20210320180900
train,japan_2021.hdf5,20210320181300
train,japan_2021.hdf5,20210320181800
train,japan_2021.hdf5,20210320182600
train,japan_2021.hdf5,20210321010300
train,japan_2021.hdf5,20210321014100
train,japan_2021.hdf5,20210321065600
train,japan_2021.hdf5,20210321155600
train,japan_2021.hdf5,20210324192500
train,japan_2021.hdf5,20210326124800
train,japan_2021.hdf5,20210326210700
train,japan_2021.hdf5,20210327172500
train,japan_2021.hdf5,20210328092700
train,japan_2021.hdf5,20210328171200
train,japan_2021.hdf5,20210331021400
train,japan_2021.hdf5,20210331030800
train,japan_2021.hdf5,20210401133000
train,japan_2021.hdf5,20210402083600
train,japan_2021.hdf5,20210403013600
train,japan_2021.hdf5,20210403215800
train,japan_2021.hdf5,20210405022000
train,japan_2021.hdf5,20210405024200
train,japan_2021.hdf5,20210405062200
train,japan_2021.hdf5,20210407014400
train,japan_2021.hdf5,20210409175400
train,japan_2021.hdf5,20210410015900
train,japan_2021.hdf5,20210411153900
train,japan_2021.hdf5,20210412011400
train,japan_2021.hdf5,20210412035900
train,japan_2021.hdf5,20210413165400
train,japan_2021.hdf5,20210413173700
train,japan_2021.hdf5,20210413225300
train,japan_2021.hdf5,20210414122700
train,japan_2021.hdf5,20210414190200
train,japan_2021.hdf5,20210415202300
train,japan_2021.hdf5,20210416042900
train,japan_2021.hdf5,20210416054700
train,japan_2021.hdf5,20210416083300
train,japan_2021.hdf5,20210416175500
train,japan_2021.hdf5,20210416205100
train,japan_2021.hdf5,20210418051400
train,japan_2021.hdf5,20210418092900
train,japan_2021.hdf5,20210418234600
train,japan_2021.hdf5,20210419130600
train,japan_2021.hdf5,20210419225000
train,japan_2021.hdf5,20210420031000
train,japan_2021.hdf5,20210420095800
train,japan_2021.hdf5,20210421204600
train,japan_2021.hdf5,20210421212900
train,japan_2021.hdf5,20210421220700
train,japan_2021.hdf5,20210423080000
train,japan_2021.hdf5,20210423141200
train,japan_2021.hdf5,20210423162600
train,japan_2021.hdf5,20210424063400
train,japan_2021.hdf5,20210424121200
train,japan_2021.hdf5,20210424183500
train,japan_2021.hdf5,20210430064700
train,japan_2021.hdf5,20210430154000
train,japan_2021.hdf5,20210501102700
train,japan_2021.hdf5,20210501133300
train,japan_2021.hdf5,20210503080000
train,japan_2021.hdf5,20210505031000
train,japan_2021.hdf5,20210505043300
train,japan_2021.hdf5,20210506091600
train,japan_2021.hdf5,20210506133200
train,japan_2021.hdf5,20210507001500
train,japan_2021.hdf5,20210511150800
train,japan_2021.hdf5,20210512083000
train,japan_2021.hdf5,20210514085800
train,japan_2021.hdf5,20210514183700
train,japan_2021.hdf5,20210514204600
train,japan_2021.hdf5,20210516012000
train,japan_2021.hdf5,20210516071900
train,japan_2021.hdf5,20210516100800
train,japan_2021.hdf5,20210516122400
train,japan_2021.hdf5,20210516154100
train,japan_2021.hdf5,20210517120000
train,japan_2021.hdf5,20210519064000
train,japan_2021.hdf5,20210520052700
train,japan_2021.hdf5,20210521071600
train,japan_2021.hdf5,20210523181500
train,japan_2021.hdf5,20210524040900
train,japan_2021.hdf5,20210525011900
train,japan_2021.hdf5,20210526035600
train,japan_2021.hdf5,20210526085700
train,japan_2021.hdf5,20210526175000
train,japan_2021.hdf5,20210529082100
train,japan_2021.hdf5,20210529090400
train,japan_2021.hdf5,20210529100200
train,japan_2021.hdf5,20210529191000
train,japan_2021.hdf5,20210530142400
train,japan_2021.hdf5,20210530234000
train,japan_2021.hdf5,20210601134300
train,japan_2021.hdf5,20210603103100
train,japan_2021.hdf5,20210604164100
train,japan_2021.hdf5,20210607031100
train,japan_2021.hdf5,20210607111100
train,japan_2021.hdf5,20210608101900
train,japan_2021.hdf5,20210608170000
train,japan_2021.hdf5,20210609073400
train,japan_2021.hdf5,20210609220600
train,japan_2021.hdf5,20210610185600
train,japan_2021.hdf5,20210610203500
train,japan_2021.hdf5,20210611173400
train,japan_2021.hdf5,20210613041200
train,japan_2021.hdf5,20210613205800
train,japan_2021.hdf5,20210614034900
train,japan_2021.hdf5,20210614040600
train,japan_2021.hdf5,20210617014100
train,japan_2021.hdf5,20210619073900
train,japan_2021.hdf5,20210620022000
train,japan_2021.hdf5,20210625223600
train,japan_2021.hdf5,20210626004900
train,japan_2021.hdf5,20210626012400
train,japan_2021.hdf5,20210627002100
train,japan_2021.hdf5,20210629145500
train,japan_2021.hdf5,20210630013600
train,japan_2021.hdf5,20210630125300
train,japan_2021.hdf5,20210630213700
train,japan_2021.hdf5,20210701064400
train,japan_2021.hdf5,20210702104800
train,japan_2021.hdf5,20210703014600
train,japan_2021.hdf5,20210704004700
train,japan_2021.hdf5,20210704012400
train,japan_2021.hdf5,20210704153500
train,japan_2021.hdf5,20210707105100
train,japan_2021.hdf5,20210708012400
train,japan_2021.hdf5,20210708023900
train,japan_2021.hdf5,20210710012600
train,japan_2021.hdf5,20210711091600
train,japan_2021.hdf5,20210711162400
train,japan_2021.hdf5,20210712053100
train,japan_2021.hdf5,20210713121200
train,japan_2021.hdf5,20210717180700
train,japan_2021.hdf5,20210717205000
train,japan_2021.hdf5,20210718012100
train,japan_2021.hdf5,20210718143500
train,japan_2021.hdf5,20210718155900
train,japan_2021.hdf5,20210718185000
train,japan_2021.hdf5,20210718191100
train,japan_2021.hdf5,20210718223200
train,japan_2021.hdf5,20210718230900
train,japan_2021.hdf5,20210723031400
train,japan_2021.hdf5,20210724133400
train,japan_2021.hdf5,20210726061200
train,japan_2021.hdf5,20210726111600
train,japan_2021.hdf5,20210727051900
train,japan_2021.hdf5,20210728005500
train,japan_2021.hdf5,20210730032600
train,japan_2021.hdf5,20210730130500
train,japan_2021.hdf5,20210731130900
train,japan_2021.hdf5,20210802093700
train,japan_2021.hdf5,20210802164300
train,japan_2021.hdf5,20210803192900
train,japan_2021.hdf5,20210803213700
train,japan_2021.hdf5,20210803222000
train,japan_2021.hdf5,20210804053300
train,japan_2021.hdf5,20210804054300
train,japan_2021.hdf5,20210804115600
train,japan_2021.hdf5,20210804134000
train,japan_2021.hdf5,20210804221300
train,japan_2021.hdf5,20210808084900
train,japan_2021.hdf5,20210809125200
train,japan_2021.hdf5,20210812203600
train,japan_2021.hdf5,20210813094800
train,japan_2021.hdf5,20210813143600
train,japan_2021.hdf5,20210814223800
train,japan_2021.hdf5,20210816050300
train,japan_2021.hdf5,20210816081700
train,japan_2021.hdf5,20210816192400
train,japan_2021.hdf5,20210817085600
train,japan_2021.hdf5,20210818013100
train,japan_2021.hdf5,20210818120300
train,japan_2021.hdf5,20210819071500
train,japan_2021.hdf5,20210820050000
train,japan_2021.hdf5,20210820083000
train,japan_2021.hdf5,20210821055400
train,japan_2021.hdf5,20210821164000
train,japan_2021.hdf5,20210822061400
train,japan_2021.hdf5,20210822112400
train,japan_2021.hdf5,20210823041600
train,japan_2021.hdf5,20210824052000
train,japan_2021.hdf5,20210825161400
train,japan_2021.hdf5,20210827054600
train,japan_2021.hdf5,20210827054900
train,japan_2021.hdf5,20210830111500
train,japan_2021.hdf5,20210830203900
train,japan_2021.hdf5,20210831181700
train,japan_2021.hdf5,20210901025500
train,japan_2021.hdf5,20210901053900
train,japan_2021.hdf5,20210901171600
train,japan_2021.hdf5,20210902041700
train,japan_2021.hdf5,20210903030300
train,japan_2021.hdf5,20210906235000
train,japan_2021.hdf5,20210907055900
train,japan_2021.hdf5,20210907140700
train,japan_2021.hdf5,20210908034100
train,japan_2021.hdf5,20210911115200
train,japan_2021.hdf5,20210911195600
train,japan_2021.hdf5,20210912111700
train,japan_2021.hdf5,20210912180800
train,japan_2021.hdf5,20210913001600
train,japan_2021.hdf5,20210913063100
train,japan_2021.hdf5,20210913135900
train,japan_2021.hdf5,20210913142900
train,japan_2021.hdf5,20210916184200
train,japan_2021.hdf5,20210917121600
train,japan_2021.hdf5,20210918052100
train,japan_2021.hdf5,20210919080700
train,japan_2021.hdf5,20210919171800
train,japan_2022.hdf5,20220102034900
train,japan_2022.hdf5,20220102074600
train,japan_2022.hdf5,20220102231700
train,japan_2022.hdf5,20220103190400
train,japan_2022.hdf5,20220104143500
train,japan_2022.hdf5,20220105213400
train,japan_2022.hdf5,20220107015900
train,japan_2022.hdf5,20220111041800
train,japan_2022.hdf5,20220111095200
train,japan_2022.hdf5,20220111122300
train,japan_2022.hdf5,20220113004600
train,japan_2022.hdf5,20220113152600
train,japan_2022.hdf5,20220114005600
train,japan_2022.hdf5,20220114131100
train,japan_2022.hdf5,20220115102800
train,japan_2022.hdf5,20220115234100
train,japan_2022.hdf5,20220118081600
train,japan_2022.hdf5,20220118225000
train,japan_2022.hdf5,20220119022800
train,japan_2022.hdf5,20220119163400
train,japan_2022.hdf5,20220122010800
train,japan_2022.hdf5,20220122011700
train,japan_2022.hdf5,20220122012100
train,japan_2022.hdf5,20220122022000
train,japan_2022.hdf5,20220122024300
train,japan_2022.hdf5,20220122031700
train,japan_2022.hdf5,20220122034300
train,japan_2022.hdf5,20220122053100
train,japan_2022.hdf5,20220122064800
train,japan_2022.hdf5,20220122083200
train,japan_2022.hdf5,20220122100400
train,japan_2022.hdf5,20220122130500
train,japan_2022.hdf5,20220122132100
train,japan_2022.hdf5,20220123095700
train,japan_2022.hdf5,20220123191500
train,japan_2022.hdf5,20220127060900
train,japan_2022.hdf5,20220128002500
train,japan_2022.hdf5,20220128040600
train,japan_2022.hdf5,20220128103500
train,japan_2022.hdf5,20220129060000
train,japan_2022.hdf5,20220129062200
train,japan_2022.hdf5,20220129105900
train,japan_2022.hdf5,20220130082600
train,japan_2022.hdf5,20220130153600
train,japan_2022.hdf5,20220131003800
train,japan_2022.hdf5,20220131180000
train,japan_2022.hdf5,20220201043400
train,japan_2022.hdf5,20220201080800
train,japan_2022.hdf5,20220201101500
train,japan_2022.hdf5,20220202120200
train,japan_2022.hdf5,20220203030600
train,japan_2022.hdf5,20220203033600
train,japan_2022.hdf5,20220204003300
train,japan_2022.hdf5,20220204081700
train,japan_2022.hdf5,20220204113600
train,japan_2022.hdf5,20220206073000
train,japan_2022.hdf5,20220206131500
train,japan_2022.hdf5,20220206191500
train,japan_2022.hdf5,20220207175900
train,japan_2022.hdf5,20220208032800
train,japan_2022.hdf5,20220210020700
train,japan_2022.hdf5,20220211063200
train,japan_2022.hdf5,20220211090400
train,japan_2022.hdf5,20220211204000
train,japan_2022.hdf5,20220212082200
train,japan_2022.hdf5,20220212125200
train,japan_2022.hdf5,20220213155000
train,japan_2022.hdf5,20220214040300
train,japan_2022.hdf5,20220214130900
train,japan_2022.hdf5,20220214223700
train,japan_2022.hdf5,20220216025800
train,japan_2022.hdf5,20220217181700
train,japan_2022.hdf5,20220218115500
train,japan_2022.hdf5,20220219023400
train,japan_2022.hdf5,20220219074300
train,japan_2022.hdf5,20220221101200
train,japan_2022.hdf5,20220222015600
train,japan_2022.hdf5,20220223004600
train,japan_2022.hdf5,20220223172500
train,japan_2022.hdf5,20220224050500
train,japan_2022.hdf5,20220224141800
train,japan_2022.hdf5,20220224195000
train,japan_2022.hdf5,20220225084600
train,japan_2022.hdf5,20220226083200
train,japan_2022.hdf5,20220226144900
train,japan_2022.hdf5,20220302090800
train,japan_2022.hdf5,20220303085300
train,japan_2022.hdf5,20220307012400
train,japan_2022.hdf5,20220307020100
train,japan_2022.hdf5,20220308010600
train,japan_2022.hdf5,20220308015800
train,japan_2022.hdf5,20220308040100
train,japan_2022.hdf5,20220310172400
train,japan_2022.hdf5,20220310193200
train,japan_2022.hdf5,20220310231200
train,japan_2022.hdf5,20220311031300
train,japan_2022.hdf5,20220311175900
train,japan_2022.hdf5,20220311181400
train,japan_2022.hdf5,20220312010100
train,japan_2022.hdf5,20220312092000
train,japan_2022.hdf5,20220312190000
train,japan_2022.hdf5,20220312195000
train,japan_2022.hdf5,20220313123800
train,japan_2022.hdf5,20220315195500
train,japan_2022.hdf5,20220316233400
train,japan_2022.hdf5,20220316233600
train,japan_2022.hdf5,20220316234300
train,japan_2022.hdf5,20220316234500
train,japan_2022.hdf5,20220316234800
train,japan_2022.hdf5,20220317000900
train,japan_2022.hdf5,20220317003000
train,japan_2022.hdf5,20220317005200
train,japan_2022.hdf5,20220317005400
train,japan_2022.hdf5,20220317005700
train,japan_2022.hdf5,20220317011400
train,japan_2022.hdf5,20220317020500
train,japan_2022.hdf5,20220317021700
train,japan_2022.hdf5,20220317022800
train,japan_2022.hdf5,20220317030500
train,japan_2022.hdf5,20220317060300
train,japan_2022.hdf5,20220317135300
train,japan_2022.hdf5,20220317184500
train,japan_2022.hdf5,20220317194300
train,japan_2022.hdf5,20220317213000
train,japan_2022.hdf5,20220318072600
train,japan_2022.hdf5,20220318150200
train,japan_2022.hdf5,20220318211200
train,japan_2022.hdf5,20220318220500
train,japan_2022.hdf5,20220318232500
train,japan_2022.hdf5,20220319005800
train,japan_2022.hdf5,20220319094800
train,japan_2022.hdf5,20220319101700
train,japan_2022.hdf5,20220320144600
train,japan_2022.hdf5,20220320221300
train,japan_2022.hdf5,20220320221600
train,japan_2022.hdf5,20220321084400
train,japan_2022.hdf5,20220321090600
train,japan_2022.hdf5,20220321104300
train,japan_2022.hdf5,20220323053600
train,japan_2022.hdf5,20220323092300
train,japan_2022.hdf5,20220323130900
train,japan_2022.hdf5,20220323201100
train,japan_2022.hdf5,20220324080600
train,japan_2022.hdf5,20220324085100
train,japan_2022.hdf5,20220324114800
train,japan_2022.hdf5,20220324131100
train,japan_2022.hdf5,20220324134100
train,japan_2022.hdf5,20220325120800
train,japan_2022.hdf5,20220325153300
train,japan_2022.hdf5,20220325171800
train,japan_2022.hdf5,20220326002000
train,japan_2022.hdf5,20220326123600
train,japan_2022.hdf5,20220326131500
train,japan_2022.hdf5,20220327081500
train,japan_2022.hdf5,20220327120600
train,japan_2022.hdf5,20220327201200
train,japan_2022.hdf5,20220327225400
train,japan_2022.hdf5,20220328021300
train,japan_2022.hdf5,20220328024800
train,japan_2022.hdf5,20220329013600
train,japan_2022.hdf5,20220329140500
train,japan_2022.hdf5,20220330001800
train,japan_2022.hdf5,20220330004400
train,japan_2022.hdf5,20220331205200
train,japan_2022.hdf5,20220331233400
train,japan_2022.hdf5,20220402073600
train,japan_2022.hdf5,20220402162700
train,japan_2022.hdf5,20220402201600
train,japan_2022.hdf5,20220403051600
train,japan_2022.hdf5,20220403185800
train,japan_2022.hdf5,20220404102600
train,japan_2022.hdf5,20220404102800
train,japan_2022.hdf5,20220404192900
train,japan_2022.hdf5,20220404223000
train,japan_2022.hdf5,20220404223100
train,japan_2022.hdf5,20220406000400
train,japan_2022.hdf5,20220406151800
train,japan_2022.hdf5,20220406171400
train,japan_2022.hdf5,20220407093000
train,japan_2022.hdf5,20220407144800
train,japan_2022.hdf5,20220408112700
train,japan_2022.hdf5,20220408220400
train,japan_2022.hdf5,20220408222900
train,japan_2022.hdf5,20220410173000
train,japan_2022.hdf5,20220410184300
train,japan_2022.hdf5,20220411162800
train,japan_2022.hdf5,20220413010700
train,japan_2022.hdf5,20220413111200
train,japan_2022.hdf5,20220413132900
train,japan_2022.hdf5,20220414130800
train,japan_2022.hdf5,20220415032500
train,japan_2022.hdf5,20220418045000
train,japan_2022.hdf5,20220419081600
train,japan_2022.hdf5,20220422013600
train,japan_2022.hdf5,20220422232000
train,japan_2022.hdf5,20220423074600
train,japan_2022.hdf5,20220424071900
train,japan_2022.hdf5,20220424171600
train,japan_2022.hdf5,20220424195800
train,japan_2022.hdf5,20220425131000
train,japan_2022.hdf5,20220427091200
train,japan_2022.hdf5,20220428190300
train,japan_2022.hdf5,20220429024300
train,japan_2022.hdf5,20220430180600
train,japan_2022.hdf5,20220501144100
train,japan_2022.hdf5,20220502145200
train,japan_2022.hdf5,20220502160800
train,japan_2022.hdf5,20220502222100
train,japan_2022.hdf5,20220503155000
train,japan_2022.hdf5,20220505145500
train,japan_2022.hdf5,20220505184200
train,japan_2022.hdf5,20220508092900
train,japan_2022.hdf5,20220509033600
train,japan_2022.hdf5,20220510015700
train,japan_2022.hdf5,20220510215700
train,japan_2022.hdf5,20220510223200
train,japan_2022.hdf5,20220512031600
train,japan_2022.hdf5,20220513051000
train,japan_2022.hdf5,20220514004700
train,japan_2022.hdf5,20220514080800
train,japan_2022.hdf5,20220514194800
train,japan_2022.hdf5,20220516142900
train,japan_2022.hdf5,20220517183600
train,japan_2022.hdf5,20220517225300
train,japan_2022.hdf5,20220518061700
train,japan_2022.hdf5,20220520051500
train,japan_2022.hdf5,20220520195800
train,japan_2022.hdf5,20220521160300
train,japan_2022.hdf5,20220521213500
train,japan_2022.hdf5,20220522063700
train,japan_2022.hdf5,20220522122400
train,japan_2022.hdf5,20220522212200
train,japan_2022.hdf5,20220523004200
train,japan_2022.hdf5,20220523082000
train,japan_2022.hdf5,20220523110100
train,japan_2022.hdf5,20220525030400
train,japan_2022.hdf5,20220527143700
train,japan_2022.hdf5,20220527175900
train,japan_2022.hdf5,20220529155500
train,japan_2022.hdf5,20220531043200
train,japan_2022.hdf5,20220601183800
train,japan_2022.hdf5,20220602044200
train,japan_2022.hdf5,20220602074800
train,japan_2022.hdf5,20220603050500
train,japan_2022.hdf5,20220603132900
train,japan_2022.hdf5,20220607113300
train,japan_2022.hdf5,20220609022600
train,japan_2022.hdf5,20220609055600
train,japan_2022.hdf5,20220609072500
train,japan_2022.hdf5,20220609114900
train,japan_2022.hdf5,20220610030500
train,japan_2022.hdf5,20220610111400
train,japan_2022.hdf5,20220611113600
train,japan_2022.hdf5,20220612180600
train,japan_2022.hdf5,20220612214600
train,japan_2022.hdf5,20220613015700
train,japan_2022.hdf5,20220614005800
train,japan_2022.hdf5,20220614060100
train,japan_2022.hdf5,20220614141000
train,japan_2022.hdf5,20220614210800
train,japan_2022.hdf5,20220615013300
train,japan_2022.hdf5,20220616022700
train,japan_2022.hdf5,20220617005100
train,japan_2022.hdf5,20220617233500
train,japan_2022.hdf5,20220619150800
train,japan_2022.hdf5,20220619182800
train,japan_2022.hdf5,20220619192200
train,japan_2022.hdf5,20220620033500
train,japan_2022.hdf5,20220620091800
train,japan_2022.hdf5,20220620100400
train,japan_2022.hdf5,20220620100430
train,japan_2022.hdf5,20220620103100
train,japan_2022.hdf5,20220620145000
train,japan_2022.hdf5,20220621104200
train,japan_2022.hdf5,20220621194400
train,japan_2022.hdf5,20220626214400
train,japan_2022.hdf5,20220627135700
train,japan_2022.hdf5,20220628050300
train,japan_2022.hdf5,20220629092000
train,japan_2022.hdf5,20220630193400
train,japan_2022.hdf5,20220702213400
train,japan_2022.hdf5,20220705095100
train,japan_2022.hdf5,20220705163300
train,japan_2022.hdf5,20220705175200
train,japan_2022.hdf5,20220706051000
train,japan_2022.hdf5,20220706130200
train,japan_2022.hdf5,20220707170300
train,japan_2022.hdf5,20220708035000
train,japan_2022.hdf5,20220708080000
train,japan_2022.hdf5,20220709022000
train,japan_2022.hdf5,20220709101200
train,japan_2022.hdf5,20220709122800
train,japan_2022.hdf5,20220709191000
train,japan_2022.hdf5,20220712214800
train,japan_2022.hdf5,20220715130600
train,japan_2022.hdf5,20220716072500
train,japan_2022.hdf5,20220717031000
train,japan_2022.hdf5,20220717075100
train,japan_2022.hdf5,20220717205100
train,japan_2022.hdf5,20220720120800
train,japan_2022.hdf5,20220720211000
train,japan_2022.hdf5,20220721085000
train,japan_2022.hdf5,20220721184400
train,japan_2022.hdf5,20220722120200
train,japan_2022.hdf5,20220723224600
train,japan_2022.hdf5,20220724172900
train,japan_2022.hdf5,20220725071700
train,japan_2022.hdf5,20220726043400
train,japan_2022.hdf5,20220727003400
train,japan_2022.hdf5,20220729063600
train,japan_2022.hdf5,20220729080300
train,japan_2022.hdf5,20220730175300
train,japan_2022.hdf5,20220731193200
train,japan_2022.hdf5,20220731223500
train,japan_2022.hdf5,20220803084700
train,japan_2022.hdf5,20220804014100
train,japan_2022.hdf5,20220804094800
train,japan_2022.hdf5,20220806212300
train,japan_2022.hdf5,20220807224100
train,japan_2022.hdf5,20220808002900
train,japan_2022.hdf5,20220808094600
train,japan_2022.hdf5,20220808094700
train,japan_2022.hdf5,20220810004800
train,japan_2022.hdf5,20220811003500
train,japan_2022.hdf5,20220811005300
train,japan_2022.hdf5,20220811010400
train,japan_2022.hdf5,20220811021400
train,japan_2022.hdf5,20220811042700
train,japan_2022.hdf5,20220811194500
train,japan_2022.hdf5,20220812094800
train,japan_2022.hdf5,20220812133700
train,japan_2022.hdf5,20220812211100
train,japan_2022.hdf5,20220814065700
train,japan_2022.hdf5,20220814191400
train,japan_2022.hdf5,20220814192800
train,japan_2022.hdf5,20220815195600
train,japan_2022.hdf5,20220816012900
train,japan_2022.hdf5,20220816160400
train,japan_2022.hdf5,20220816175500
train,japan_2022.hdf5,20220816185400
train,japan_2022.hdf5,20220818130600
train,japan_2022.hdf5,20220818144600
train,japan_2023.hdf5,20230102142000
train,japan_2023.hdf5,20230103003700
train,japan_2023.hdf5,20230103034700
train,japan_2023.hdf5,20230103160800
train,japan_2023.hdf5,20230106134400
train,japan_2023.hdf5,20230106235300
train,japan_2023.hdf5,20230107234200
train,japan_2023.hdf5,20230108101600
train,japan_2023.hdf5,20230108131600
train,japan_2023.hdf5,20230111121900
train,japan_2023.hdf5,20230112011900
train,japan_2023.hdf5,20230113035800
train,japan_2023.hdf5,20230113061300
train,japan_2023.hdf5,20230114102200
train,japan_2023.hdf5,20230116012500
train,japan_2023.hdf5,20230120072900
train,japan_2023.hdf5,20230120144800
train,japan_2023.hdf5,20230121030500
train,japan_2023.hdf5,20230121201400
train,japan_2023.hdf5,20230121224100
train,japan_2023.hdf5,20230125100100
train,japan_2023.hdf5,20230125141700
train,japan_2023.hdf5,20230127150300
train,japan_2023.hdf5,20230130181600
train,japan_2023.hdf5,20230131041500
train,japan_2023.hdf5,20230203025800
train,japan_2023.hdf5,20230208153900
train,japan_2023.hdf5,20230208213000
train,japan_2023.hdf5,20230209161900
train,japan_2023.hdf5,20230210110100
train,japan_2023.hdf5,20230211163800
train,japan_2023.hdf5,20230212224600
train,japan_2023.hdf5,20230213054400
train,japan_2023.hdf5,20230213100200
train,japan_2023.hdf5,20230214031800
train,japan_2023.hdf5,20230214230100
train,japan_2023.hdf5,20230215102700
train,japan_2023.hdf5,20230217125900
train,japan_2023.hdf5,20230217193800
train,japan_2023.hdf5,20230219175000
train,japan_2023.hdf5,20230220144600
train,japan_2023.hdf5,20230220153400
train,japan_2023.hdf5,20230221083900
train,japan_2023.hdf5,20230221225300
train,japan_2023.hdf5,20230225094800
train,japan_2023.hdf5,20230225222700
train,japan_2023.hdf5,20230226092900
train,japan_2023.hdf5,20230228035600
train,japan_2023.hdf5,20230228125500
train,japan_2023.hdf5,20230301004800
train,japan_2023.hdf5,20230304104500
train,japan_2023.hdf5,20230307072400
train,japan_2023.hdf5,20230307211300
train,japan_2023.hdf5,20230308224800
train,japan_2023.hdf5,20230311051200
train,japan_2023.hdf5,20230311051300
train,japan_2023.hdf5,20230314034200
train,japan_2023.hdf5,20230314042900
train,japan_2023.hdf5,20230314053500
train,japan_2023.hdf5,20230315060500
train,japan_2023.hdf5,20230315063900
train,japan_2023.hdf5,20230318200800
train,japan_2023.hdf5,20230319150600
train,japan_2023.hdf5,20230320105900
train,japan_2023.hdf5,20230321035200
train,japan_2023.hdf5,20230322163700
train,japan_2023.hdf5,20230323184700
train,japan_2023.hdf5,20230324162500
train,japan_2023.hdf5,20230324172000
train,japan_2023.hdf5,20230325071400
train,japan_2023.hdf5,20230326233300
train,japan_2023.hdf5,20230327000400
train,japan_2023.hdf5,20230327200300
train,japan_2023.hdf5,20230328181800
train,japan_2023.hdf5,20230329034800
train,japan_2023.hdf5,20230401002900
train,japan_2023.hdf5,20230401043300
train,japan_2023.hdf5,20230401060600
train,japan_2023.hdf5,20230401184100
train,japan_2023.hdf5,20230401225700
train,japan_2023.hdf5,20230402173400
train,japan_2023.hdf5,20230404161100
train,japan_2023.hdf5,20230405001500
train,japan_2023.hdf5,20230405062400
train,japan_2023.hdf5,20230407134600
train,japan_2023.hdf5,20230407214600
train,japan_2023.hdf5,20230408150100
train,japan_2023.hdf5,20230409115100
train,japan_2023.hdf5,20230412003800
train,japan_2023.hdf5,20230412051000
train,japan_2023.hdf5,20230412125400
train,japan_2023.hdf5,20230412174600
train,japan_2023.hdf5,20230413052800
train,japan_2023.hdf5,20230415092300
train,japan_2023.hdf5,20230415114000
train,japan_2023.hdf5,20230417004500
train,japan_2023.hdf5,20230417022500
train,japan_2023.hdf5,20230417071600
train,japan_2023.hdf5,20230421171600
train,japan_2023.hdf5,20230422104100
train,japan_2023.hdf5,20230422143000
train,japan_2023.hdf5,20230425223100
train,japan_2023.hdf5,20230426024900
train,japan_2023.hdf5,20230427041700
train,japan_2023.hdf5,20230427224300
train,japan_2023.hdf5,20230429021600
train,japan_2023.hdf5,20230429091600
train,japan_2023.hdf5,20230430185200
train,japan_2023.hdf5,20230501050400
train,japan_2023.hdf5,20230501071500
train,japan_2023.hdf5,20230501085000
train,japan_2023.hdf5,20230501085800
train,japan_2023.hdf5,20230502035600
train,japan_2023.hdf5,20230503053400
train,japan_2023.hdf5,20230505144200
train,japan_2023.hdf5,20230505144700
train,japan_2023.hdf5,20230505145300
train,japan_2023.hdf5,20230505150200
train,japan_2023.hdf5,20230505150500
train,japan_2023.hdf5,20230505150600
train,japan_2023.hdf5,20230505151400
train,japan_2023.hdf5,20230505161100
train,japan_2023.hdf5,20230505173800
train,japan_2023.hdf5,20230505182200
train,japan_2023.hdf5,20230505212500
train,japan_2023.hdf5,20230505215800
train,japan_2023.hdf5,20230505220200
train,japan_2023.hdf5,20230505220300
train,japan_2023.hdf5,20230505220800
train,japan_2023.hdf5,20230505222600
train,japan_2023.hdf5,20230505223300
train,japan_2023.hdf5,20230505224600
train,japan_2023.hdf5,20230505225100
train,japan_2023.hdf5,20230505231800
train,japan_2023.hdf5,20230505232600
train,japan_2023.hdf5,20230506010100
train,japan_2023.hdf5,20230506024700
train,japan_2023.hdf5,20230506235400
train,japan_2023.hdf5,20230508114500
train,japan_2023.hdf5,20230508145600
train,japan_2023.hdf5,20230509051400
train,japan_2023.hdf5,20230509051600
train,japan_2023.hdf5,20230509110500
train,japan_2023.hdf5,20230509132200
train,japan_2023.hdf5,20230509213200
train,japan_2023.hdf5,20230510024000
train,japan_2023.hdf5,20230510030200
train,japan_2023.hdf5,20230510071400
train,japan_2023.hdf5,20230510112100
train,japan_2023.hdf5,20230510215400
train,japan_2023.hdf5,20230511041600
train,japan_2023.hdf5,20230511185200
train,japan_2023.hdf5,20230511194100
train,japan_2023.hdf5,20230512214500
train,japan_2023.hdf5,20230516192100
train,japan_2023.hdf5,20230519065600
train,japan_2023.hdf5,20230520231100
train,japan_2023.hdf5,20230521043700
train,japan_2023.hdf5,20230521112100
train,japan_2023.hdf5,20230521183900
train,japan_2023.hdf5,20230522002000
train,japan_2023.hdf5,20230522081800
train,japan_2023.hdf5,20230522105300
train,japan_2023.hdf5,20230522164200
train,japan_2023.hdf5,20230522194600
train,japan_2023.hdf5,20230522225800
train,japan_2023.hdf5,20230523043100
train,japan_2023.hdf5,20230523055300
train,japan_2023.hdf5,20230523172100
train,japan_2023.hdf5,20230525091500
train,japan_2023.hdf5,20230526190300
train,japan_2023.hdf5,20230526210100
train,japan_2023.hdf5,20230526234400
train,japan_2023.hdf5,20230527224900
train,japan_2023.hdf5,20230528063900
train,japan_2023.hdf5,20230530174900
train,japan_2023.hdf5,20230530201600
train,japan_2023.hdf5,20230530225200
train,japan_2023.hdf5,20230601000330
train,japan_2023.hdf5,20230603193500
train,japan_2023.hdf5,20230604105800
train,japan_2023.hdf5,20230605113500
train,japan_2023.hdf5,20230606054600
train,japan_2023.hdf5,20230606062500
train,japan_2023.hdf5,20230606102600
train,japan_2023.hdf5,20230608045400
train,japan_2023.hdf5,20230608193400
train,japan_2023.hdf5,20230609204500
train,japan_2023.hdf5,20230610175700
train,japan_2023.hdf5,20230611012000
train,japan_2023.hdf5,20230615000600
train,japan_2023.hdf5,20230615000700
train,japan_2023.hdf5,20230616211400
train,japan_2023.hdf5,20230616212400
train,japan_2023.hdf5,20230617092600
train,japan_2023.hdf5,20230617183700
train,japan_2023.hdf5,20230617204200
train,japan_2023.hdf5,20230619015800
train,japan_2023.hdf5,20230619053700
train,japan_2023.hdf5,20230619135000
train,japan_2023.hdf5,20230620084400
train,japan_2023.hdf5,20230620201000
train,japan_2023.hdf5,20230621092100
train,japan_2023.hdf5,20230622163900
train,japan_2023.hdf5,20230622183100
train,japan_2023.hdf5,20230624095800
train,japan_2023.hdf5,20230625090700
train,japan_2023.hdf5,20230628005500
train,japan_2023.hdf5,20230628120800
train,japan_2023.hdf5,20230628142500
train,japan_2023.hdf5,20230630004800
train,japan_2023.hdf5,20230630142300
train,japan_2023.hdf5,20230701233800
train,japan_2023.hdf5,20230702215800
train,japan_2023.hdf5,20230706014900
train,japan_2023.hdf5,20230707065900
train,japan_2023.hdf5,20230708133700
train,japan_2023.hdf5,20230708213600
train,japan_2023.hdf5,20230710045200
train,japan_2023.hdf5,20230710104000
train,japan_2023.hdf5,20230710212500
train,japan_2023.hdf5,20230713134300
train,japan_2023.hdf5,20230716142200
train,japan_2023.hdf5,20230716215400
train,japan_2023.hdf5,20230719224000
train,japan_2023.hdf5,20230720044200
train,japan_2023.hdf5,20230720130800
train,japan_2023.hdf5,20230722105200
train,japan_2023.hdf5,20230722134400
train,japan_2023.hdf5,20230722211400
train,japan_2023.hdf5,20230723123600
train,japan_2023.hdf5,20230724130200
train,japan_2023.hdf5,20230724153600
train,japan_2023.hdf5,20230726145900
train,japan_2023.hdf5,20230727140200
train,japan_2023.hdf5,20230728164100
train,japan_2023.hdf5,20230729193400
train,japan_2023.hdf5,20230731205500
train,japan_2023.hdf5,20230801173800
train,japan_2023.hdf5,20230805042700
train,japan_2023.hdf5,20230807031200
train,japan_2023.hdf5,20230807033200
train,japan_2023.hdf5,20230807053100
train,japan_2023.hdf5,20230809024300
train,japan_2023.hdf5,20230809124800
train,japan_2023.hdf5,20230809204100
train,japan_2023.hdf5,20230811091400
train,japan_2023.hdf5,20230811222000
train,japan_2023.hdf5,20230812030900
train,japan_2024.hdf5,20240101160600
train,japan_2024.hdf5,20240101161000
train,japan_2024.hdf5,20240101161700
train,japan_2024.hdf5,20240101161800
train,japan_2024.hdf5,20240101162000
train,japan_2024.hdf5,20240101162300
train,japan_2024.hdf5,20240101162800
train,japan_2024.hdf5,20240101163200
train,japan_2024.hdf5,20240101163500
train,japan_2024.hdf5,20240101163700
train,japan_2024.hdf5,20240101163900
train,japan_2024.hdf5,20240101164000
train,japan_2024.hdf5,20240101164200
train,japan_2024.hdf5,20240101164500
train,japan_2024.hdf5,20240101164800
train,japan_2024.hdf5,20240101164900
train,japan_2024.hdf5,20240101165100
train,japan_2024.hdf5,20240101165200
train,japan_2024.hdf5,20240101165500
train,japan_2024.hdf5,20240101165600
train,japan_2024.hdf5,20240101165900
train,japan_2024.hdf5,20240101170200
train,japan_2024.hdf5,20240101170400
train,japan_2024.hdf5,20240101170700
train,japan_2024.hdf5,20240101171000
train,japan_2024.hdf5,20240101171100
train,japan_2024.hdf5,20240101171300
train,japan_2024.hdf5,20240101171400
train,japan_2024.hdf5,20240101171500
train,japan_2024.hdf5,20240101171700
train,japan_2024.hdf5,20240101171800
train,japan_2024.hdf5,20240101172000
train,japan_2024.hdf5,20240101172200
train,japan_2024.hdf5,20240101172300
train,japan_2024.hdf5,20240101172900
train,japan_2024.hdf5,20240101173000
train,japan_2024.hdf5,20240101173900
train,japan_2024.hdf5,20240101174400
train,japan_2024.hdf5,20240101174800
train,japan_2024.hdf5,20240101174900
train,japan_2024.hdf5,20240101175300
train,japan_2024.hdf5,20240101175800
train,japan_2024.hdf5,20240101180000
train,japan_2024.hdf5,20240101180100
train,japan_2024.hdf5,20240101180300
train,japan_2024.hdf5,20240101180600
train,japan_2024.hdf5,20240101180800
train,japan_2024.hdf5,20240101181000
train,japan_2024.hdf5,20240101181400
train,japan_2024.hdf5,20240101182100
train,japan_2024.hdf5,20240101182300
train,japan_2024.hdf5,20240101182500
train,japan_2024.hdf5,20240101183000
train,japan_2024.hdf5,20240101184000
train,japan_2024.hdf5,20240101184400
train,japan_2024.hdf5,20240101184500
train,japan_2024.hdf5,20240101185200
train,japan_2024.hdf5,20240101185300
train,japan_2024.hdf5,20240101190600
train,japan_2024.hdf5,20240101191000
train,japan_2024.hdf5,20240101192500
train,japan_2024.hdf5,20240101192800
train,japan_2024.hdf5,20240101195000
train,japan_2024.hdf5,20240101200100
train,japan_2024.hdf5,20240101200300
train,japan_2024.hdf5,20240101202100
train,japan_2024.hdf5,20240101202700
train,japan_2024.hdf5,20240101203400
train,japan_2024.hdf5,20240101203500
train,japan_2024.hdf5,20240101204200
train,japan_2024.hdf5,20240101204300
train,japan_2024.hdf5,20240101211300
train,japan_2024.hdf5,20240101211700
train,japan_2024.hdf5,20240101212000
train,japan_2024.hdf5,20240101212300
train,japan_2024.hdf5,20240101213100
train,japan_2024.hdf5,20240101213600
train,japan_2024.hdf5,20240101214800
train,japan_2024.hdf5,20240101220300
train,japan_2024.hdf5,20240101220800
train,japan_2024.hdf5,20240101221100
train,japan_2024.hdf5,20240101221400
train,japan_2024.hdf5,20240101221700
train,japan_2024.hdf5,20240101222800
train,japan_2024.hdf5,20240101223600
train,japan_2024.hdf5,20240101225600
train,japan_2024.hdf5,20240101230000
train,japan_2024.hdf5,20240101230300
train,japan_2024.hdf5,20240101230600
train,japan_2024.hdf5,20240101230800
train,japan_2024.hdf5,20240101231900
train,japan_2024.hdf5,20240101233000
train,japan_2024.hdf5,20240101235000
train,japan_2024.hdf5,20240101235800
train,japan_2024.hdf5,20240102000800
train,japan_2024.hdf5,20240102010100
train,japan_2024.hdf5,20240102011500
train,japan_2024.hdf5,20240102012900
train,japan_2024.hdf5,20240102014300
train,japan_2024.hdf5,20240102015500
train,japan_2024.hdf5,20240102020000
train,japan_2024.hdf5,20240102022900
train,japan_2024.hdf5,20240102023300
train,japan_2024.hdf5,20240102024800
train,japan_2024.hdf5,20240102025200
train,japan_2024.hdf5,20240102032900
train,japan_2024.hdf5,20240102033400
train,japan_2024.hdf5,20240102034700
train,japan_2024.hdf5,20240102040200
train,japan_2024.hdf5,20240102040500
train,japan_2024.hdf5,20240102042700
train,japan_2024.hdf5,20240102044200
train,japan_2024.hdf5,20240102044400
train,japan_2024.hdf5,20240102044900
train,japan_2024.hdf5,20240102045500
train,japan_2024.hdf5,20240102050300
train,japan_2024.hdf5,20240102051800
train,japan_2024.hdf5,20240102052100
train,japan_2024.hdf5,20240102055600
train,japan_2024.hdf5,20240102063000
train,japan_2024.hdf5,20240102063400
train,japan_2024.hdf5,20240102065300
train,japan_2024.hdf5,20240102070900
train,japan_2024.hdf5,20240102071300
train,japan_2024.hdf5,20240102072700
train,japan_2024.hdf5,20240102073700
train,japan_2024.hdf5,20240102082100
train,japan_2024.hdf5,20240102084200
train,japan_2024.hdf5,20240102090100
train,japan_2024.hdf5,20240102091400
train,japan_2024.hdf5,20240102095500
train,japan_2024.hdf5,20240102101700
train,japan_2024.hdf5,20240102110500
train,japan_2024.hdf5,20240102111600
train,japan_2024.hdf5,20240102111900
train,japan_2024.hdf5,20240102134300
train,japan_2024.hdf5,20240102140200
train,japan_2024.hdf5,20240102150100
train,japan_2024.hdf5,20240102150200
train,japan_2024.hdf5,20240102155700
train,japan_2024.hdf5,20240102171300
train,japan_2024.hdf5,20240102182900
train,japan_2024.hdf5,20240102184600
train,japan_2024.hdf5,20240102185000
train,japan_2024.hdf5,20240102185900
train,japan_2024.hdf5,20240102201600
train,japan_2024.hdf5,20240102205200
train,japan_2024.hdf5,20240102211300
train,japan_2024.hdf5,20240102220300
train,japan_2024.hdf5,20240103022100
train,japan_2024.hdf5,20240103023000
train,japan_2024.hdf5,20240103025400
train,japan_2024.hdf5,20240103034500
train,japan_2024.hdf5,20240103045000
train,japan_2024.hdf5,20240103053600
train,japan_2024.hdf5,20240103063200
train,japan_2024.hdf5,20240103075100
train,japan_2024.hdf5,20240103083400
train,japan_2024.hdf5,20240103095800
train,japan_2024.hdf5,20240103105400
train,japan_2024.hdf5,20240103114800
train,japan_2024.hdf5,20240103115700
train,japan_2024.hdf5,20240103123700
train,japan_2024.hdf5,20240103125400
train,japan_2024.hdf5,20240103134400
train,japan_2024.hdf5,20240103160800
train,japan_2024.hdf5,20240103172200
train,japan_2024.hdf5,20240103184800
train,japan_2024.hdf5,20240103190700
train,japan_2024.hdf5,20240103193400
train,japan_2024.hdf5,20240103194200
train,japan_2024.hdf5,20240103194900
train,japan_2024.hdf5,20240103204800
train,japan_2024.hdf5,20240103233300
train,japan_2024.hdf5,20240104001200
train,japan_2024.hdf5,20240104003600
train,japan_2024.hdf5,20240104043800
train,japan_2024.hdf5,20240104051600
train,japan_2024.hdf5,20240104074700
train,japan_2024.hdf5,20240104101000
train,japan_2024.hdf5,20240104105100
train,japan_2024.hdf5,20240104154600
train,japan_2024.hdf5,20240104155600
train,japan_2024.hdf5,20240104171600
train,japan_2024.hdf5,20240104202500
train,japan_2024.hdf5,20240104213000
train,japan_2024.hdf5,20240105000400
train,japan_2024.hdf5,20240105000500
train,japan_2024.hdf5,20240105001700
train,japan_2024.hdf5,20240105013700
train,japan_2024.hdf5,20240105092700
train,japan_2024.hdf5,20240105093900
train,japan_2024.hdf5,20240105114200
train,japan_2024.hdf5,20240105124600
train,japan_2024.hdf5,20240105141500
train,japan_2024.hdf5,20240105153100
train,japan_2024.hdf5,20240105191000
train,japan_2024.hdf5,20240105220900
train,japan_2024.hdf5,20240106010500
train,japan_2024.hdf5,20240106015900
train,japan_2024.hdf5,20240106052600
train,japan_2024.hdf5,20240106053200
train,japan_2024.hdf5,20240106053500
train,japan_2024.hdf5,20240106065700
train,japan_2024.hdf5,20240106101500
train,japan_2024.hdf5,20240106104300
train,japan_2024.hdf5,20240106131300
train,japan_2024.hdf5,20240106150900
train,japan_2024.hdf5,20240106154400
train,japan_2024.hdf5,20240106182300
train,japan_2024.hdf5,20240106215200
train,japan_2024.hdf5,20240106232000
train,japan_2024.hdf5,20240106234300
train,japan_2024.hdf5,20240107052600
train,japan_2024.hdf5,20240107073800
train,japan_2024.hdf5,20240107143800
train,japan_2024.hdf5,20240107152600
train,japan_2024.hdf5,20240107213800
train,japan_2024.hdf5,20240107234400
train,japan_2024.hdf5,20240108021400
train,japan_2024.hdf5,20240108025900
train,japan_2024.hdf5,20240108031500
train,japan_2024.hdf5,20240108131100
train,japan_2024.hdf5,20240109012000
train,japan_2024.hdf5,20240109175900
train,japan_2024.hdf5,20240109185500
train,japan_2024.hdf5,20240109201000
train,japan_2024.hdf5,20240110060000
train,japan_2024.hdf5,20240110144300
train,japan_2024.hdf5,20240110175700
train,japan_2024.hdf5,20240110200000
train,japan_2024.hdf5,20240111004200
train,japan_2024.hdf5,20240111175900
train,japan_2024.hdf5,20240111194800
train,japan_2024.hdf5,20240111212400
train,japan_2024.hdf5,20240112160100
train,japan_2024.hdf5,20240112172900
train,japan_2024.hdf5,20240112211000
train,japan_2024.hdf5,20240113040400
train,japan_2024.hdf5,20240114000100
train,japan_2024.hdf5,20240114013600
train,japan_2024.hdf5,20240114024200
train,japan_2024.hdf5,20240114122400
train,japan_2024.hdf5,20240115095900
train,japan_2024.hdf5,20240115151600
train,japan_2024.hdf5,20240115181500
train,japan_2024.hdf5,20240116041100
train,japan_2024.hdf5,20240116184200
train,japan_2024.hdf5,20240116184300
train,japan_2024.hdf5,20240116220200
train,japan_2024.hdf5,20240117040100
train,japan_2024.hdf5,20240118173100
train,japan_2024.hdf5,20240119030400
train,japan_2024.hdf5,20240119070600
train,japan_2024.hdf5,20240119120200
train,japan_2024.hdf5,20240119154300
train,japan_2024.hdf5,20240119154800
train,japan_2024.hdf5,20240119202200
train,japan_2024.hdf5,20240119220600
train,japan_2024.hdf5,20240121190200
train,japan_2024.hdf5,20240122160000
train,japan_2024.hdf5,20240123021300
train,japan_2024.hdf5,20240123084500
train,japan_2024.hdf5,20240124063300
train,japan_2024.hdf5,20240124132900
train,japan_2024.hdf5,20240124193300
train,japan_2024.hdf5,20240124234600
train,japan_2024.hdf5,20240125092400
train,japan_2024.hdf5,20240125132900
train,japan_2024.hdf5,20240126093200
train,japan_2024.hdf5,20240126093500
train,japan_2024.hdf5,20240126144000
train,japan_2024.hdf5,20240127044400
train,japan_2024.hdf5,20240128085900
train,japan_2024.hdf5,20240128142200
train,japan_2024.hdf5,20240128234800
train,japan_2024.hdf5,20240130000100
train,japan_2024.hdf5,20240130051100
train,japan_2024.hdf5,20240130120900
train,japan_2024.hdf5,20240131074700
train,japan_2024.hdf5,20240201080700
train,japan_2024.hdf5,20240201134300
train,japan_2024.hdf5,20240202014500
train,japan_2024.hdf5,20240203051300
train,japan_2024.hdf5,20240203150900
train,japan_2024.hdf5,20240203220900
train,japan_2024.hdf5,20240204011600
train,japan_2024.hdf5,20240204064300
train,japan_2024.hdf5,20240205005700
train,japan_2024.hdf5,20240205113800
train,japan_2024.hdf5,20240205173000
train,japan_2024.hdf5,20240206003900
train,japan_2024.hdf5,20240206022300
train,japan_2024.hdf5,20240206025900
train,japan_2024.hdf5,20240206063700
train,japan_2024.hdf5,20240206115600
train,japan_2024.hdf5,20240206235700
train,japan_2024.hdf5,20240207060800
train,japan_2024.hdf5,20240207111500
train,japan_2024.hdf5,20240207162500
train,japan_2024.hdf5,20240207205900
train,japan_2024.hdf5,20240208132600
train,japan_2024.hdf5,20240208214900
train,japan_2024.hdf5,20240209234000
train,japan_2024.hdf5,20240210051800
train,japan_2024.hdf5,20240210164700
train,japan_2024.hdf5,20240211003400
train,japan_2024.hdf5,20240211112500
train,japan_2024.hdf5,20240211123600
train,japan_2024.hdf5,20240211183500
train,japan_2024.hdf5,20240211232600
train,japan_2024.hdf5,20240211234800
train,japan_2024.hdf5,20240212053100
train,japan_2024.hdf5,20240214103200
train,japan_2024.hdf5,20240214152900
train,japan_2024.hdf5,20240214153400
train,japan_2024.hdf5,20240214171100
train,japan_2024.hdf5,20240215022500
train,japan_2024.hdf5,20240215100800
train,japan_2024.hdf5,20240215124800
train,japan_2024.hdf5,20240215152900
train,japan_2024.hdf5,20240215200000
train,japan_2024.hdf5,20240216021800
train,japan_2024.hdf5,20240216094300
train,japan_2024.hdf5,20240216185200
train,japan_2024.hdf5,20240217204700
train,japan_2024.hdf5,20240219112100
train,japan_2024.hdf5,20240221182700
train,japan_2024.hdf5,20240224125700
train,japan_2024.hdf5,20240226152400
train,japan_2024.hdf5,20240227064000
train,japan_2024.hdf5,20240227214300
train,japan_2024.hdf5,20240228161400
train,japan_2024.hdf5,20240228224300
train,japan_2024.hdf5,20240229084200
train,japan_2024.hdf5,20240229084500
train,japan_2024.hdf5,20240229111300
train,japan_2024.hdf5,20240229123000
train,japan_2024.hdf5,20240229162700
train,japan_2024.hdf5,20240229183500
train,japan_2024.hdf5,20240301010100
train,japan_2024.hdf5,20240301053500
train,japan_2024.hdf5,20240301054300
train,japan_2024.hdf5,20240301131400
train,japan_2024.hdf5,20240301214400
train,japan_2024.hdf5,20240301224100
train,japan_2024.hdf5,20240302014900
train,japan_2024.hdf5,20240302030800
train,japan_2024.hdf5,20240302033800
train,japan_2024.hdf5,20240302034000
train,japan_2024.hdf5,20240302034900
train,japan_2024.hdf5,20240302094400
train,japan_2024.hdf5,20240302182000
train,japan_2024.hdf5,20240302202300
train,japan_2024.hdf5,20240302230000
train,japan_2024.hdf5,20240303173200
train,japan_2024.hdf5,20240304173100
train,japan_2024.hdf5,20240304174600
train,japan_2024.hdf5,20240304214200
train,japan_2024.hdf5,20240306170900
train,japan_2024.hdf5,20240306221600
train,japan_2024.hdf5,20240307054000
train,japan_2024.hdf5,20240307112800
train,japan_2024.hdf5,20240307141900
train,japan_2024.hdf5,20240307142500
train,japan_2024.hdf5,20240307154100
train,japan_2024.hdf5,20240307171400
train,japan_2024.hdf5,20240307205800
train,japan_2024.hdf5,20240309025500
train,japan_2024.hdf5,20240309042600
train,japan_2024.hdf5,20240309124700
train,japan_2024.hdf5,20240309141800
train,japan_2024.hdf5,20240309202100
train,japan_2024.hdf5,20240309212600
train,japan_2024.hdf5,20240310151400
train,japan_2024.hdf5,20240312122700
train,japan_2024.hdf5,20240313033100
train,japan_2024.hdf5,20240313202400
train,japan_2024.hdf5,20240314163400
train,japan_2024.hdf5,20240314183700
train,japan_2024.hdf5,20240315001400
train,japan_2024.hdf5,20240316063400
train,japan_2024.hdf5,20240317061700
train,japan_2024.hdf5,20240318022500
train,japan_2024.hdf5,20240318035000
train,japan_2024.hdf5,20240318105800
train,japan_2024.hdf5,20240318184900
train,japan_2024.hdf5,20240319101500
train,japan_2024.hdf5,20240321090800
train,japan_2024.hdf5,20240322144400
train,japan_2024.hdf5,20240323025600
train,japan_2024.hdf5,20240323083100
train,japan_2024.hdf5,20240324014900
train,japan_2024.hdf5,20240325105800
train,japan_2024.hdf5,20240327060600
train,japan_2024.hdf5,20240328231500
train,japan_2024.hdf5,20240329031400
train,japan_2024.hdf5,20240331204400
train,japan_2024.hdf5,20240401024800
train,japan_2024.hdf5,20240401075400
train,japan_2024.hdf5,20240402042400
train,japan_2024.hdf5,20240402172400
train,japan_2024.hdf5,20240403105600
train,japan_2024.hdf5,20240403123400
train,japan_2024.hdf5,20240404121600
train,japan_2024.hdf5,20240405053200
train,japan_2024.hdf5,20240406004000
train,japan_2024.hdf5,20240406151300
train,japan_2024.hdf5,20240408102500
train,japan_2024.hdf5,20240408135700
train,japan_2024.hdf5,20240408222900
train,japan_2024.hdf5,20240409061300
train,japan_2024.hdf5,20240411131600
train,japan_2024.hdf5,20240413044800
train,japan_2024.hdf5,20240413164300
train,japan_2024.hdf5,20240414083200
train,japan_2024.hdf5,20240417032100
train,japan_2024.hdf5,20240417191800
train,japan_2024.hdf5,20240417231400
train,japan_2024.hdf5,20240417231900
train,japan_2024.hdf5,20240417232700
train,japan_2024.hdf5,20240417233100
train,japan_2024.hdf5,20240418003000
train,japan_2024.hdf5,20240418003700
train,japan_2024.hdf5,20240418004400
train,japan_2024.hdf5,20240418010100
train,japan_2024.hdf5,20240418010500
train,japan_2024.hdf5,20240418063100
train,japan_2024.hdf5,20240418121500
train,japan_2024.hdf5,20240418234500
train,japan_2024.hdf5,20240419025900
train,japan_2024.hdf5,20240419093300
train,japan_2024.hdf5,20240419232700
train,japan_2024.hdf5,20240420025100
train,japan_2024.hdf5,20240420070700
train,japan_2024.hdf5,20240421223600
train,japan_2024.hdf5,20240423095100
train,japan_2024.hdf5,20240423142900
train,japan_2024.hdf5,20240424105800
train,japan_2024.hdf5,20240424114200
train,japan_2024.hdf5,20240424204000
train,japan_2024.hdf5,20240424211600
train,japan_2024.hdf5,20240424224200
train,japan_2024.hdf5,20240425002600
train,japan_2024.hdf5,20240425134600
train,japan_2024.hdf5,20240426102900
train,japan_2024.hdf5,20240426103300
train,japan_2024.hdf5,20240427171100
train,japan_2024.hdf5,20240428092500
train,japan_2024.hdf5,20240428222800
train,japan_2024.hdf5,20240429011600
train,japan_2024.hdf5,20240429054700
train,japan_2024.hdf5,20240429060900
train,japan_2024.hdf5,20240430011400
train,japan_2024.hdf5,20240430204000
train,japan_2024.hdf5,20240501181600
train,japan_2024.hdf5,20240501215400
train,japan_2024.hdf5,20240502082000
train,japan_2024.hdf5,20240503091000
train,japan_2024.hdf5,20240503135200
train,japan_2024.hdf5,20240504094000
train,japan_2024.hdf5,20240506005000
train,japan_2024.hdf5,20240506035300
train,japan_2024.hdf5,20240507150800
train,japan_2024.hdf5,20240509043400
train,japan_2024.hdf5,20240510173000
train,japan_2024.hdf5,20240510185000
train,japan_2024.hdf5,20240511054300
train,japan_2024.hdf5,20240512070000
train,japan_2024.hdf5,20240516221800
train,japan_2024.hdf5,20240517001500
train,japan_2024.hdf5,20240517011500
train,japan_2024.hdf5,20240518095500
train,japan_2024.hdf5,20240519004600
train,japan_2024.hdf5,20240519063200
train,japan_2024.hdf5,20240521210600
train,japan_2024.hdf5,20240523200000
train,japan_2024.hdf5,20240524233000
train,japan_2024.hdf5,20240525133500
train,japan_2024.hdf5,20240526005500
train,japan_2024.hdf5,20240526142300
train,japan_2024.hdf5,20240526165900
train,japan_2024.hdf5,20240526231300
train,japan_2024.hdf5,20240528185500
train,japan_2024.hdf5,20240530115400
val,japan_2000.hdf5,20000922074300
val,japan_2000.hdf5,20000925111500
val,japan_2000.hdf5,20000925112300
val,japan_2000.hdf5,20000927061400
val,japan_2000.hdf5,20000929085600
val,japan_2000.hdf5,20000929095600
val,japan_2000.hdf5,20000929191400
val,japan_2000.hdf5,20000930232400
val,japan_2000.hdf5,20001003053000
val,japan_2000.hdf5,20001003131300
val,japan_2000.hdf5,20001003131800
val,japan_2000.hdf5,20001004200000
val,japan_2000.hdf5,20001006133000
val,japan_2000.hdf5,20001006144300
val,japan_2000.hdf5,20001006145200
val,japan_2000.hdf5,20001006162100
val,japan_2000.hdf5,20001006162500
val,japan_2000.hdf5,20001006163800
val,japan_2000.hdf5,20001006170500
val,japan_2000.hdf5,20001006185400
val,japan_2000.hdf5,20001006195700
val,japan_2000.hdf5,20001006231300
val,japan_2000.hdf5,20001007045600
val,japan_2000.hdf5,20001007062200
val,japan_2000.hdf5,20001007063800
val,japan_2000.hdf5,20001007074900
val,japan_2000.hdf5,20001007081700
val,japan_2000.hdf5,20001007083000
val,japan_2000.hdf5,20001007102700
val,japan_2000.hdf5,20001007120300
val,japan_2000.hdf5,20001007161000
val,japan_2000.hdf5,20001007183200
val,japan_2000.hdf5,20001008060800
val,japan_2000.hdf5,20001008131700
val,japan_2000.hdf5,20001008141700
val,japan_2000.hdf5,20001008205100
val,japan_2000.hdf5,20001008205900
val,japan_2000.hdf5,20001009022000
val,japan_2000.hdf5,20001009192400
val,japan_2000.hdf5,20001010110700
val,japan_2000.hdf5,20001010171900
val,japan_2001.hdf5,20010826142300
val,japan_2001.hdf5,20010830055200
val,japan_2001.hdf5,20010903000300
val,japan_2001.hdf5,20010904235400
val,japan_2001.hdf5,20010906012900
val,japan_2001.hdf5,20010906104000
val,japan_2001.hdf5,20010912173200
val,japan_2001.hdf5,20010913054300
val,japan_2001.hdf5,20010917112100
val,japan_2001.hdf5,20010917175700
val,japan_2001.hdf5,20010917203900
val,japan_2001.hdf5,20010918042400
val,japan_2001.hdf5,20010918061000
val,japan_2001.hdf5,20010922181100
val,japan_2001.hdf5,20010922191600
val,japan_2001.hdf5,20010925043500
val,japan_2001.hdf5,20010925045700
val,japan_2001.hdf5,20010927181400
val,japan_2001.hdf5,20010928111600
val,japan_2001.hdf5,20010929020700
val,japan_2001.hdf5,20010929195800
val,japan_2001.hdf5,20011001024500
val,japan_2001.hdf5,20011002172000
val,japan_2001.hdf5,20011002211400
val,japan_2001.hdf5,20011002230200
val,japan_2002.hdf5,20020922085300
val,japan_2002.hdf5,20020922093600
val,japan_2002.hdf5,20020923084400
val,japan_2002.hdf5,20020924092000
val,japan_2002.hdf5,20020925144500
val,japan_2002.hdf5,20020926191200
val,japan_2002.hdf5,20020928023100
val,japan_2002.hdf5,20020930105300
val,japan_2002.hdf5,20021001090500
val,japan_2002.hdf5,20021005073300
val,japan_2002.hdf5,20021008140200
val,japan_2002.hdf5,20021011022200
val,japan_2002.hdf5,20021012195900
val,japan_2002.hdf5,20021013042800
val,japan_2002.hdf5,20021013190600
val,japan_2002.hdf5,20021013201700
val,japan_2002.hdf5,20021014020700
val,japan_2002.hdf5,20021014231300
val,japan_2002.hdf5,20021016130400
val,japan_2002.hdf5,20021019052600
val,japan_2002.hdf5,20021021010600
val,japan_2002.hdf5,20021023062200
val,japan_2003.hdf5,20030916174300
val,japan_2003.hdf5,20030920125500
val,japan_2003.hdf5,20030920160900
val,japan_2003.hdf5,20030924092900
val,japan_2003.hdf5,20030926045000
val,japan_2003.hdf5,20030926045900
val,japan_2003.hdf5,20030926050200
val,japan_2003.hdf5,20030926050500
val,japan_2003.hdf5,20030926051000
val,japan_2003.hdf5,20030926052500
val,japan_2003.hdf5,20030926055700
val,japan_2003.hdf5,20030926060800
val,japan_2003.hdf5,20030926065400
val,japan_2003.hdf5,20030926072000
val,japan_2003.hdf5,20030926072400
val,japan_2003.hdf5,20030926081100
val,japan_2003.hdf5,20030926122900
val,japan_2003.hdf5,20030926152700
val,japan_2003.hdf5,20030926191100
val,japan_2003.hdf5,20030927170600
val,japan_2003.hdf5,20030928010700
val,japan_2003.hdf5,20030928072300
val,japan_2003.hdf5,20030928092300
val,japan_2003.hdf5,20030928131800
val,japan_2003.hdf5,20030928215600
val,japan_2003.hdf5,20030929113700
val,japan_2003.hdf5,20030929165000
val,japan_2003.hdf5,20030929193500
val,japan_2003.hdf5,20030929232200
val,japan_2003.hdf5,20030929232700
val,japan_2003.hdf5,20030930011800
val,japan_2003.hdf5,20030930122300
val,japan_2003.hdf5,20030930131000
val,japan_2003.hdf5,20031002163200
val,japan_2003.hdf5,20031003202500
val,japan_2003.hdf5,20031003202800
val,japan_2003.hdf5,20031004053800
val,japan_2003.hdf5,20031004081100
val,japan_2003.hdf5,20031004234100
val,japan_2004.hdf5,20041028032700
val,japan_2004.hdf5,20041028045200
val,japan_2004.hdf5,20041028062900
val,japan_2004.hdf5,20041028065200
val,japan_2004.hdf5,20041028214900
val,japan_2004.hdf5,20041029125700
val,japan_2004.hdf5,20041029183600
val,japan_2004.hdf5,20041030011500
val,japan_2004.hdf5,20041030060700
val,japan_2004.hdf5,20041031022200
val,japan_2004.hdf5,20041031231600
val,japan_2004.hdf5,20041101010900
val,japan_2004.hdf5,20041101043500
val,japan_2004.hdf5,20041101054000
val,japan_2004.hdf5,20041101185800
val,japan_2004.hdf5,20041102004000
val,japan_2004.hdf5,20041102020400
val,japan_2004.hdf5,20041102220400
val,japan_2004.hdf5,20041103035700
val,japan_2004.hdf5,20041103052800
val,japan_2004.hdf5,20041103072100
val,japan_2004.hdf5,20041103114300
val,japan_2004.hdf5,20041104031300
val,japan_2004.hdf5,20041104052800
val,japan_2004.hdf5,20041104085700
val,japan_2004.hdf5,20041104093900
val,japan_2004.hdf5,20041104230300
val,japan_2004.hdf5,20041105134500
val,japan_2004.hdf5,20041105145600
val,japan_2004.hdf5,20041106025300
val,japan_2004.hdf5,20041106042300
val,japan_2004.hdf5,20041106055900
val,japan_2004.hdf5,20041106102500
val,japan_2004.hdf5,20041106150100
val,japan_2004.hdf5,20041106151600
val,japan_2004.hdf5,20041106182600
val,japan_2004.hdf5,20041106220500
val,japan_2004.hdf5,20041107035400
val,japan_2004.hdf5,20041108015600
val,japan_2004.hdf5,20041108032800
val,japan_2004.hdf5,20041108111600
val,japan_2004.hdf5,20041108112700
val,japan_2004.hdf5,20041108113200
val,japan_2005.hdf5,20050802144000
val,japan_2005.hdf5,20050803124500
val,japan_2005.hdf5,20050803163800
val,japan_2005.hdf5,20050804153700
val,japan_2005.hdf5,20050804175700
val,japan_2005.hdf5,20050807010500
val,japan_2005.hdf5,20050807232800
val,japan_2005.hdf5,20050808000600
val,japan_2005.hdf5,20050808084400
val,japan_2005.hdf5,20050809041300
val,japan_2005.hdf5,20050810151200
val,japan_2005.hdf5,20050816082900
val,japan_2005.hdf5,20050816114600
val,japan_2005.hdf5,20050816115200
val,japan_2005.hdf5,20050816123100
val,japan_2005.hdf5,20050816135500
val,japan_2005.hdf5,20050817093000
val,japan_2005.hdf5,20050817175600
val,japan_2005.hdf5,20050821112900
val,japan_2005.hdf5,20050821164300
val,japan_2005.hdf5,20050822002400
val,japan_2005.hdf5,20050827095100
val,japan_2005.hdf5,20050827154600
val,japan_2005.hdf5,20050829164100
val,japan_2005.hdf5,20050830011500
val,japan_2005.hdf5,20050831031100
val,japan_2005.hdf5,20050903012400
val,japan_2005.hdf5,20050904053800
val,japan_2005.hdf5,20050904130500
val,japan_2005.hdf5,20050904190600
val,japan_2005.hdf5,20050906181300
val,japan_2005.hdf5,20050907132300
val,japan_2005.hdf5,20050909154200
val,japan_2005.hdf5,20050909161500
val,japan_2005.hdf5,20050911050600
val,japan_2005.hdf5,20050911184700
val,japan_2005.hdf5,20050912042800
val,japan_2005.hdf5,20050912183500
val,japan_2006.hdf5,20060905070900
val,japan_2006.hdf5,20060907030600
val,japan_2006.hdf5,20060907105700
val,japan_2006.hdf5,20060908175100
val,japan_2006.hdf5,20060909024000
val,japan_2006.hdf5,20060909193600
val,japan_2006.hdf5,20060913043100
val,japan_2006.hdf5,20060914235600
val,japan_2006.hdf5,20060915145000
val,japan_2006.hdf5,20060920075700
val,japan_2006.hdf5,20060920104300
val,japan_2006.hdf5,20060924042900
val,japan_2006.hdf5,20060924071800
val,japan_2006.hdf5,20060924092600
val,japan_2006.hdf5,20060926070300
val,japan_2006.hdf5,20060926223900
val,japan_2006.hdf5,20060927075100
val,japan_2006.hdf5,20060930003700
val,japan_2006.hdf5,20061001190700
val,japan_2006.hdf5,20061002020700
val,japan_2006.hdf5,20061003184300
val,japan_2006.hdf5,20061003224200
val,japan_2006.hdf5,20061012122300
val,japan_2006.hdf5,20061013081100
val,japan_2006.hdf5,20061014063800
val,japan_2006.hdf5,20061014203700
val,japan_2006.hdf5,20061015195800
val,japan_2006.hdf5,20061016115100
val,japan_2007.hdf5,20070725072700
val,japan_2007.hdf5,20070725094000
val,japan_2007.hdf5,20070730114100
val,japan_2007.hdf5,20070731102200
val,japan_2007.hdf5,20070801200000
val,japan_2007.hdf5,20070803110100
val,japan_2007.hdf5,20070803172900
val,japan_2007.hdf5,20070804021300
val,japan_2007.hdf5,20070804022300
val,japan_2007.hdf5,20070804170300
val,japan_2007.hdf5,20070806145300
val,japan_2007.hdf5,20070808212700
val,japan_2007.hdf5,20070808230200
val,japan_2007.hdf5,20070810020400
val,japan_2007.hdf5,20070811070400
val,japan_2007.hdf5,20070815110700
val,japan_2007.hdf5,20070815184400
val,japan_2007.hdf5,20070815193400
val,japan_2007.hdf5,20070816041500
val,japan_2007.hdf5,20070816050400
val,japan_2007.hdf5,20070816074100
val,japan_2007.hdf5,20070816074700
val,japan_2007.hdf5,20070816082000
val,japan_2007.hdf5,20070816083200
val,japan_2007.hdf5,20070816092200
val,japan_2007.hdf5,20070817002200
val,japan_2007.hdf5,20070817002500
val,japan_2007.hdf5,20070817021000
val,japan_2007.hdf5,20070817094300
val,japan_2007.hdf5,20070818041400
val,japan_2007.hdf5,20070818045200
val,japan_2007.hdf5,20070818133600
val,japan_2007.hdf5,20070818165500
val,japan_2007.hdf5,20070818170700
val,japan_2007.hdf5,20070818231600
val,japan_2007.hdf5,20070819021700
val,japan_2007.hdf5,20070820125400
val,japan_2007.hdf5,20070821200500
val,japan_2007.hdf5,20070823184600
val,japan_2007.hdf5,20070824070900
val,japan_2007.hdf5,20070824132000
val,japan_2007.hdf5,20070824210100
val,japan_2007.hdf5,20070825215700
val,japan_2007.hdf5,20070826014200
val,japan_2007.hdf5,20070826143100
val,japan_2007.hdf5,20070831105100
val,japan_2007.hdf5,20070831233600
val,japan_2007.hdf5,20070903052400
val,japan_2007.hdf5,20070905001900
val,japan_2007.hdf5,20070905170300
val,japan_2007.hdf5,20070909144500
val,japan_2008.hdf5,20080806221600
val,japan_2008.hdf5,20080807061200
val,japan_2008.hdf5,20080808043500
val,japan_2008.hdf5,20080808125700
val,japan_2008.hdf5,20080809005300
val,japan_2008.hdf5,20080809095400
val,japan_2008.hdf5,20080811155600
val,japan_2008.hdf5,20080812145500
val,japan_2008.hdf5,20080813104500
val,japan_2008.hdf5,20080813211800
val,japan_2008.hdf5,20080813215200
val,japan_2008.hdf5,20080814201100
val,japan_2008.hdf5,20080816172000
val,japan_2008.hdf5,20080820151300
val,japan_2008.hdf5,20080821174700
val,japan_2008.hdf5,20080822092500
val,japan_2008.hdf5,20080822150200
val,japan_2008.hdf5,20080822195900
val,japan_2008.hdf5,20080824042200
val,japan_2008.hdf5,20080824054500
val,japan_2008.hdf5,20080824092500
val,japan_2008.hdf5,20080825070700
val,japan_2008.hdf5,20080825161500
val,japan_2008.hdf5,20080825205700
val,japan_2008.hdf5,20080827091400
val,japan_2008.hdf5,20080829144800
val,japan_2008.hdf5,20080829234100
val,japan_2008.hdf5,20080830045500
val,japan_2008.hdf5,20080830182800
val,japan_2008.hdf5,20080831131200
val,japan_2008.hdf5,20080831143300
val,japan_2008.hdf5,20080902171700
val,japan_2008.hdf5,20080902183500
val,japan_2008.hdf5,20080903233200
val,japan_2008.hdf5,20080906152000
val,japan_2008.hdf5,20080906162900
val,japan_2008.hdf5,20080910085700
val,japan_2008.hdf5,20080910190300
val,japan_2008.hdf5,20080911044500
val,japan_2008.hdf5,20080911092100
val,japan_2008.hdf5,20080911121400
val,japan_2008.hdf5,20080911180100
val,japan_2008.hdf5,20080912073400
val,japan_2008.hdf5,20080912082300
val,japan_2008.hdf5,20080913180600
val,japan_2008.hdf5,20080915010500
val,japan_2009.hdf5,20091012184200
val,japan_2009.hdf5,20091016065600
val,japan_2009.hdf5,20091016185000
val,japan_2009.hdf5,20091017182500
val,japan_2009.hdf5,20091018231300
val,japan_2009.hdf5,20091021115800
val,japan_2009.hdf5,20091022162500
val,japan_2009.hdf5,20091023102800
val,japan_2009.hdf5,20091023183100
val,japan_2009.hdf5,20091024200400
val,japan_2009.hdf5,20091024213800
val,japan_2009.hdf5,20091024215300
val,japan_2009.hdf5,20091025055000
val,japan_2009.hdf5,20091027081000
val,japan_2009.hdf5,20091028142500
val,japan_2009.hdf5,20091029023700
val,japan_2009.hdf5,20091031024200
val,japan_2009.hdf5,20091031115100
val,japan_2009.hdf5,20091101043900
val,japan_2009.hdf5,20091103044400
val,japan_2009.hdf5,20091103135000
val,japan_2009.hdf5,20091103172700
val,japan_2009.hdf5,20091103192300
val,japan_2009.hdf5,20091103234000
val,japan_2009.hdf5,20091104231900
val,japan_2009.hdf5,20091105024500
val,japan_2009.hdf5,20091107042200
val,japan_2009.hdf5,20091109081600
val,japan_2009.hdf5,20091110030100
val,japan_2009.hdf5,20091113210900
val,japan_2009.hdf5,20091114042300
val,japan_2009.hdf5,20091116050900
val,japan_2009.hdf5,20091116175900
val,japan_2009.hdf5,20091117144800
val,japan_2009.hdf5,20091118131300
val,japan_2009.hdf5,20091119002400
val,japan_2010.hdf5,20100930012300
val,japan_2010.hdf5,20100930140800
val,japan_2010.hdf5,20100930200500
val,japan_2010.hdf5,20100930214700
val,japan_2010.hdf5,20101001082400
val,japan_2010.hdf5,20101001185200
val,japan_2010.hdf5,20101001202800
val,japan_2010.hdf5,20101002123500
val,japan_2010.hdf5,20101003063700
val,japan_2010.hdf5,20101003063900
val,japan_2010.hdf5,20101003065200
val,japan_2010.hdf5,20101003065700
val,japan_2010.hdf5,20101003092600
val,japan_2010.hdf5,20101004114700
val,japan_2010.hdf5,20101004203200
val,japan_2010.hdf5,20101004231700
val,japan_2010.hdf5,20101006073500
val,japan_2010.hdf5,20101006135100
val,japan_2010.hdf5,20101008155300
val,japan_2010.hdf5,20101008211600
val,japan_2010.hdf5,20101009151200
val,japan_2010.hdf5,20101010003700
val,japan_2010.hdf5,20101010100000
val,japan_2010.hdf5,20101010100400
val,japan_2010.hdf5,20101010143300
val,japan_2010.hdf5,20101011231000
val,japan_2010.hdf5,20101012044200
val,japan_2010.hdf5,20101012224000
val,japan_2010.hdf5,20101014131000
val,japan_2010.hdf5,20101014143000
val,japan_2011.hdf5,20110818143400
val,japan_2011.hdf5,20110818151900
val,japan_2011.hdf5,20110818225000
val,japan_2011.hdf5,20110819003900
val,japan_2011.hdf5,20110819112900
val,japan_2011.hdf5,20110819134300
val,japan_2011.hdf5,20110819135100
val,japan_2011.hdf5,20110819143600
val,japan_2011.hdf5,20110819175000
val,japan_2011.hdf5,20110819185800
val,japan_2011.hdf5,20110820004300
val,japan_2011.hdf5,20110820084700
val,japan_2011.hdf5,20110820155200
val,japan_2011.hdf5,20110820200200
val,japan_2011.hdf5,20110821012600
val,japan_2011.hdf5,20110821021100
val,japan_2011.hdf5,20110821043700
val,japan_2011.hdf5,20110821075800
val,japan_2011.hdf5,20110821115700
val,japan_2011.hdf5,20110821134700
val,japan_2011.hdf5,20110821171300
val,japan_2011.hdf5,20110822003700
val,japan_2011.hdf5,20110822044200
val,japan_2011.hdf5,20110822063900
val,japan_2011.hdf5,20110822070500
val,japan_2011.hdf5,20110822090700
val,japan_2011.hdf5,20110822112100
val,japan_2011.hdf5,20110822173600
val,japan_2011.hdf5,20110822202300
val,japan_2011.hdf5,20110822212100
val,japan_2011.hdf5,20110823002600
val,japan_2011.hdf5,20110823070400
val,japan_2011.hdf5,20110823111300
val,japan_2011.hdf5,20110823150400
val,japan_2011.hdf5,20110823172700
val,japan_2011.hdf5,20110824050400
val,japan_2011.hdf5,20110825005600
val,japan_2011.hdf5,20110825130700
val,japan_2011.hdf5,20110825182300
val,japan_2011.hdf5,20110825202000
val,japan_2011.hdf5,20110825210300
val,japan_2011.hdf5,20110826042500
val,japan_2011.hdf5,20110826080900
val,japan_2011.hdf5,20110826083400
val,japan_2011.hdf5,20110826212600
val,japan_2011.hdf5,20110827015100
val,japan_2011.hdf5,20110827091600
val,japan_2011.hdf5,20110827113500
val,japan_2011.hdf5,20110827113700
val,japan_2011.hdf5,20110827140500
val,japan_2011.hdf5,20110827140900
val,japan_2011.hdf5,20110827232900
val,japan_2011.hdf5,20110827233300
val,japan_2011.hdf5,20110828182300
val,japan_2011.hdf5,20110829110200
val,japan_2011.hdf5,20110829133400
val,japan_2011.hdf5,20110829170600
val,japan_2011.hdf5,20110830032200
val,japan_2011.hdf5,20110830063200
val,japan_2011.hdf5,20110830112900
val,japan_2011.hdf5,20110830123300
val,japan_2011.hdf5,20110830163300
val,japan_2011.hdf5,20110830214600
val,japan_2011.hdf5,20110831022000
val,japan_2011.hdf5,20110831040400
val,japan_2011.hdf5,20110831181200
val,japan_2011.hdf5,20110831183300
val,japan_2011.hdf5,20110831195900
val,japan_2011.hdf5,20110831214200
val,japan_2011.hdf5,20110901115000
val,japan_2011.hdf5,20110902025600
val,japan_2011.hdf5,20110902073900
val,japan_2011.hdf5,20110902110600
val,japan_2011.hdf5,20110902130800
val,japan_2011.hdf5,20110902134800
val,japan_2011.hdf5,20110902231500
val,japan_2011.hdf5,20110903065600
val,japan_2011.hdf5,20110903164200
val,japan_2011.hdf5,20110903214100
val,japan_2011.hdf5,20110904051700
val,japan_2011.hdf5,20110904055300
val,japan_2011.hdf5,20110904230500
val,japan_2011.hdf5,20110905114300
val,japan_2011.hdf5,20110905170400
val,japan_2011.hdf5,20110905210300
val,japan_2011.hdf5,20110905211400
val,japan_2011.hdf5,20110906125900
val,japan_2011.hdf5,20110907025400
val,japan_2011.hdf5,20110907072700
val,japan_2011.hdf5,20110907074300
val,japan_2011.hdf5,20110907144200
val,japan_2011.hdf5,20110907152400
val,japan_2011.hdf5,20110907222900
val,japan_2011.hdf5,20110908035000
val,japan_2011.hdf5,20110908054800
val,japan_2011.hdf5,20110908172200
val,japan_2011.hdf5,20110908195800
val,japan_2011.hdf5,20110908223800
val,japan_2011.hdf5,20110909021800
val,japan_2011.hdf5,20110909070600
val,japan_2011.hdf5,20110909232900
val,japan_2011.hdf5,20110909234000
val,japan_2011.hdf5,20110910005100
val,japan_2011.hdf5,20110910150000
val,japan_2011.hdf5,20110910175400
val,japan_2011.hdf5,20110910184700
val,japan_2011.hdf5,20110910190100
val,japan_2011.hdf5,20110911033500
val,japan_2011.hdf5,20110911190900
val,japan_2011.hdf5,20110913011400
val,japan_2011.hdf5,20110913024200
val,japan_2011.hdf5,20110913102200
val,japan_2011.hdf5,20110913103400
val,japan_2011.hdf5,20110913231400
val,japan_2011.hdf5,20110914030700
val,japan_2011.hdf5,20110914042100
val,japan_2011.hdf5,20110914215200
val,japan_2011.hdf5,20110914235600
val,japan_2011.hdf5,20110915042400
val,japan_2011.hdf5,20110915090000
val,japan_2011.hdf5,20110915170000
val,japan_2011.hdf5,20110915232500
val,japan_2011.hdf5,20110916071500
val,japan_2011.hdf5,20110916073900
val,japan_2011.hdf5,20110916110300
val,japan_2011.hdf5,20110916142700
val,japan_2011.hdf5,20110916143100
val,japan_2011.hdf5,20110917042600
val,japan_2011.hdf5,20110917060800
val,japan_2011.hdf5,20110917064200
val,japan_2011.hdf5,20110917163400
val,japan_2011.hdf5,20110917180400
val,japan_2011.hdf5,20110918001300
val,japan_2011.hdf5,20110918122800
val,japan_2011.hdf5,20110918160400
val,japan_2011.hdf5,20110918193900
val,japan_2011.hdf5,20110918220300
val,japan_2011.hdf5,20110919003100
val,japan_2011.hdf5,20110919033200
val,japan_2011.hdf5,20110919183600
val,japan_2011.hdf5,20110919183800
val,japan_2011.hdf5,20110920182000
val,japan_2011.hdf5,20110920235900
val,japan_2011.hdf5,20110921004600
val,japan_2011.hdf5,20110921043700
val,japan_2011.hdf5,20110921055900
val,japan_2011.hdf5,20110921131400
val,japan_2011.hdf5,20110921223000
val,japan_2011.hdf5,20110922081600
val,japan_2011.hdf5,20110922144600
val,japan_2011.hdf5,20110922194300
val,japan_2011.hdf5,20110923045900
val,japan_2011.hdf5,20110923144100
val,japan_2011.hdf5,20110923171500
val,japan_2011.hdf5,20110923184700
val,japan_2011.hdf5,20110923220800
val,japan_2011.hdf5,20110923221200
val,japan_2011.hdf5,20110924024800
val,japan_2011.hdf5,20110924201700
val,japan_2011.hdf5,20110925031200
val,japan_2011.hdf5,20110925122900
val,japan_2011.hdf5,20110925150900
val,japan_2011.hdf5,20110926073000
val,japan_2011.hdf5,20110926073100
val,japan_2012.hdf5,20120812220600
val,japan_2012.hdf5,20120813134800
val,japan_2012.hdf5,20120813141100
val,japan_2012.hdf5,20120814075400
val,japan_2012.hdf5,20120815010900
val,japan_2012.hdf5,20120815011500
val,japan_2012.hdf5,20120815013200
val,japan_2012.hdf5,20120815085600
val,japan_2012.hdf5,20120817015300
val,japan_2012.hdf5,20120817084600
val,japan_2012.hdf5,20120817151500
val,japan_2012.hdf5,20120817162400
val,japan_2012.hdf5,20120817203700
val,japan_2012.hdf5,20120818123800
val,japan_2012.hdf5,20120819204000
val,japan_2012.hdf5,20120820121800
val,japan_2012.hdf5,20120820204200
val,japan_2012.hdf5,20120820210200
val,japan_2012.hdf5,20120820230900
val,japan_2012.hdf5,20120821014300
val,japan_2012.hdf5,20120821022200
val,japan_2012.hdf5,20120822103300
val,japan_2012.hdf5,20120822174900
val,japan_2012.hdf5,20120823001600
val,japan_2012.hdf5,20120824021000
val,japan_2012.hdf5,20120824102200
val,japan_2012.hdf5,20120825074300
val,japan_2012.hdf5,20120825201400
val,japan_2012.hdf5,20120825231600
val,japan_2012.hdf5,20120826033700
val,japan_2012.hdf5,20120826221300
val,japan_2012.hdf5,20120828204400
val,japan_2012.hdf5,20120828225500
val,japan_2012.hdf5,20120829025000
val,japan_2012.hdf5,20120829081700
val,japan_2012.hdf5,20120829191900
val,japan_2012.hdf5,20120830024300
val,japan_2012.hdf5,20120830040500
val,japan_2012.hdf5,20120830041700
val,japan_2012.hdf5,20120831232600
val,japan_2012.hdf5,20120901003100
val,japan_2012.hdf5,20120902024500
val,japan_2012.hdf5,20120902133300
val,japan_2012.hdf5,20120903071700
val,japan_2012.hdf5,20120904053600
val,japan_2012.hdf5,20120904090600
val,japan_2012.hdf5,20120904124100
val,japan_2012.hdf5,20120904235600
val,japan_2012.hdf5,20120906032000
val,japan_2012.hdf5,20120906053300
val,japan_2012.hdf5,20120907151700
val,japan_2012.hdf5,20120908104100
val,japan_2012.hdf5,20120909033800
val,japan_2012.hdf5,20120909155400
val,japan_2012.hdf5,20120909165800
val,japan_2012.hdf5,20120910205400
val,japan_2012.hdf5,20120910212100
val,japan_2012.hdf5,20120911081700
val,japan_2012.hdf5,20120911103900
val,japan_2012.hdf5,20120911201200
val,japan_2012.hdf5,20120913003800
val,japan_2012.hdf5,20120913063500
val,japan_2012.hdf5,20120914020100
val,japan_2012.hdf5,20120914022200
val,japan_2012.hdf5,20120914024500
val,japan_2012.hdf5,20120914081800
val,japan_2012.hdf5,20120914112000
val,japan_2012.hdf5,20120916010900
val,japan_2012.hdf5,20120916011700
val,japan_2012.hdf5,20120917172200
val,japan_2012.hdf5,20120918040900
val,japan_2012.hdf5,20120919233000
val,japan_2012.hdf5,20120920122400
val,japan_2012.hdf5,20120922152200
val,japan_2012.hdf5,20120923032400
val,japan_2012.hdf5,20120924073900
val,japan_2012.hdf5,20120925011200
val,japan_2012.hdf5,20120925115500
val,japan_2012.hdf5,20120926090800
val,japan_2012.hdf5,20120928023800
val,japan_2012.hdf5,20120928144600
val,japan_2012.hdf5,20120929065600
val,japan_2012.hdf5,20120929190900
val,japan_2012.hdf5,20120929194900
val,japan_2012.hdf5,20120930103900
val,japan_2012.hdf5,20120930144100
val,japan_2012.hdf5,20120930223900
val,japan_2012.hdf5,20120930223930
val,japan_2012.hdf5,20121001053100
val,japan_2012.hdf5,20121001064000
val,japan_2012.hdf5,20121001073900
val,japan_2012.hdf5,20121001141700
val,japan_2013.hdf5,20130907233800
val,japan_2013.hdf5,20130908093000
val,japan_2013.hdf5,20130909090400
val,japan_2013.hdf5,20130909150700
val,japan_2013.hdf5,20130910121500
val,japan_2013.hdf5,20130912150500
val,japan_2013.hdf5,20130912202800
val,japan_2013.hdf5,20130913044900
val,japan_2013.hdf5,20130913082600
val,japan_2013.hdf5,20130913093800
val,japan_2013.hdf5,20130914000900
val,japan_2013.hdf5,20130914041000
val,japan_2013.hdf5,20130914113600
val,japan_2013.hdf5,20130914174400
val,japan_2013.hdf5,20130914214100
val,japan_2013.hdf5,20130915074300
val,japan_2013.hdf5,20130915081900
val,japan_2013.hdf5,20130916125300
val,japan_2013.hdf5,20130916192400
val,japan_2013.hdf5,20130917054200
val,japan_2013.hdf5,20130918092700
val,japan_2013.hdf5,20130919074400
val,japan_2013.hdf5,20130919102100
val,japan_2013.hdf5,20130919182700
val,japan_2013.hdf5,20130920022500
val,japan_2013.hdf5,20130920112200
val,japan_2013.hdf5,20130921233800
val,japan_2013.hdf5,20130922123600
val,japan_2013.hdf5,20130923030900
val,japan_2013.hdf5,20130924074700
val,japan_2013.hdf5,20130926024600
val,japan_2013.hdf5,20130926144400
val,japan_2013.hdf5,20130927073700
val,japan_2013.hdf5,20130928043700
val,japan_2013.hdf5,20130929013100
val,japan_2013.hdf5,20130930223700
val,japan_2013.hdf5,20131002010400
val,japan_2013.hdf5,20131002010800
val,japan_2013.hdf5,20131002193500
val,japan_2013.hdf5,20131002221300
val,japan_2013.hdf5,20131003141200
val,japan_2013.hdf5,20131004053500
val,japan_2013.hdf5,20131004081500
val,japan_2013.hdf5,20131004102200
val,japan_2013.hdf5,20131005032300
val,japan_2013.hdf5,20131005164100
val,japan_2013.hdf5,20131005171700
val,japan_2013.hdf5,20131006120200
val,japan_2013.hdf5,20131007232400
val,japan_2013.hdf5,20131008192800
val,japan_2013.hdf5,20131008200100
val,japan_2013.hdf5,20131008204500
val,japan_2013.hdf5,20131008225000
val,japan_2013.hdf5,20131009164400
val,japan_2013.hdf5,20131010074600
val,japan_2013.hdf5,20131010211800
val,japan_2013.hdf5,20131011132000
val,japan_2013.hdf5,20131011172200
val,japan_2013.hdf5,20131012024300
val,japan_2013.hdf5,20131012073600
val,japan_2013.hdf5,20131014084600
val,japan_2013.hdf5,20131014122100
val,japan_2013.hdf5,20131015060300
val,japan_2013.hdf5,20131016013400
val,japan_2013.hdf5,20131016181600
val,japan_2013.hdf5,20131017011400
val,japan_2013.hdf5,20131017133200
val,japan_2013.hdf5,20131017162500
val,japan_2014.hdf5,20140904155900
val,japan_2014.hdf5,20140906173200
val,japan_2014.hdf5,20140906233400
val,japan_2014.hdf5,20140908021000
val,japan_2014.hdf5,20140909070300
val,japan_2014.hdf5,20140909114300
val,japan_2014.hdf5,20140910015400
val,japan_2014.hdf5,20140910100900
val,japan_2014.hdf5,20140911115300
val,japan_2014.hdf5,20140911224200
val,japan_2014.hdf5,20140914155700
val,japan_2014.hdf5,20140914171800
val,japan_2014.hdf5,20140915162300
val,japan_2014.hdf5,20140916122800
val,japan_2014.hdf5,20140918145600
val,japan_2014.hdf5,20140919013400
val,japan_2014.hdf5,20140923123200
val,japan_2014.hdf5,20140924214500
val,japan_2014.hdf5,20140924223100
val,japan_2014.hdf5,20140924230000
val,japan_2014.hdf5,20140925132500
val,japan_2014.hdf5,20140925201200
val,japan_2014.hdf5,20140926174900
val,japan_2014.hdf5,20140927003500
val,japan_2014.hdf5,20140928150900
val,japan_2014.hdf5,20140930192300
val,japan_2014.hdf5,20141001154100
val,japan_2014.hdf5,20141002143200
val,japan_2014.hdf5,20141003095700
val,japan_2014.hdf5,20141003221200
val,japan_2014.hdf5,20141004014400
val,japan_2014.hdf5,20141005031000
val,japan_2014.hdf5,20141006000900
val,japan_2014.hdf5,20141006132000
val,japan_2014.hdf5,20141006153800
val,japan_2014.hdf5,20141010172200
val,japan_2014.hdf5,20141011113600
val,japan_2014.hdf5,20141011142000
val,japan_2014.hdf5,20141012052800
val,japan_2014.hdf5,20141013024400
val,japan_2014.hdf5,20141014004100
val,japan_2014.hdf5,20141014052500
val,japan_2014.hdf5,20141014062500
val,japan_2014.hdf5,20141015125100
val,japan_2014.hdf5,20141016043900
val,japan_2014.hdf5,20141017123400
val,japan_2014.hdf5,20141017185800
val,japan_2014.hdf5,20141021052500
val,japan_2014.hdf5,20141022075500
val,japan_2014.hdf5,20141022092000
val,japan_2014.hdf5,20141023122200
val,japan_2014.hdf5,20141023171300
val,japan_2014.hdf5,20141023222100
val,japan_2015.hdf5,20150913001800
val,japan_2015.hdf5,20150915204900
val,japan_2015.hdf5,20150916055300
val,japan_2015.hdf5,20150917200700
val,japan_2015.hdf5,20150918064200
val,japan_2015.hdf5,20150919050500
val,japan_2015.hdf5,20150919230100
val,japan_2015.hdf5,20150922055500
val,japan_2015.hdf5,20150922155900
val,japan_2015.hdf5,20150922175600
val,japan_2015.hdf5,20150923234400
val,japan_2015.hdf5,20150924151900
val,japan_2015.hdf5,20150924191000
val,japan_2015.hdf5,20150924195800
val,japan_2015.hdf5,20150925050600
val,japan_2015.hdf5,20150926031300
val,japan_2015.hdf5,20150926184900
val,japan_2015.hdf5,20150926202200
val,japan_2015.hdf5,20150928120400
val,japan_2015.hdf5,20150929013300
val,japan_2015.hdf5,20150929102100
val,japan_2015.hdf5,20150930115300
val,japan_2015.hdf5,20151001201000
val,japan_2015.hdf5,20151002181900
val,japan_2015.hdf5,20151003041000
val,japan_2015.hdf5,20151003082900
val,japan_2015.hdf5,20151004043500
val,japan_2015.hdf5,20151005212800
val,japan_2015.hdf5,20151005214500
val,japan_2015.hdf5,20151006021800
val,japan_2015.hdf5,20151006180900
val,japan_2015.hdf5,20151006183200
val,japan_2015.hdf5,20151006191700
val,japan_2015.hdf5,20151007164600
val,japan_2015.hdf5,20151011071600
val,japan_2015.hdf5,20151013235800
val,japan_2015.hdf5,20151015043600
val,japan_2015.hdf5,20151015053500
val,japan_2015.hdf5,20151016163400
val,japan_2015.hdf5,20151017141700
val,japan_2015.hdf5,20151017175300
val,japan_2015.hdf5,20151018011600
val,japan_2015.hdf5,20151018083000
val,japan_2015.hdf5,20151018083600
val,japan_2015.hdf5,20151018094700
val,japan_2015.hdf5,20151019111400
val,japan_2015.hdf5,20151020064400
val,japan_2015.hdf5,20151021044700
val,japan_2016.hdf5,20160806183600
val,japan_2016.hdf5,20160807044600
val,japan_2016.hdf5,20160807224800
val,japan_2016.hdf5,20160809224900
val,japan_2016.hdf5,20160810111300
val,japan_2016.hdf5,20160810145000
val,japan_2016.hdf5,20160813125600
val,japan_2016.hdf5,20160813174900
val,japan_2016.hdf5,20160814050400
val,japan_2016.hdf5,20160814051500
val,japan_2016.hdf5,20160815034900
val,japan_2016.hdf5,20160815133600
val,japan_2016.hdf5,20160815160400
val,japan_2016.hdf5,20160816002800
val,japan_2016.hdf5,20160817002400
val,japan_2016.hdf5,20160817041300
val,japan_2016.hdf5,20160817115600
val,japan_2016.hdf5,20160819110500
val,japan_2016.hdf5,20160819210700
val,japan_2016.hdf5,20160820081400
val,japan_2016.hdf5,20160820085800
val,japan_2016.hdf5,20160820180100
val,japan_2016.hdf5,20160820222300
val,japan_2016.hdf5,20160822125800
val,japan_2016.hdf5,20160822151100
val,japan_2016.hdf5,20160823122700
val,japan_2016.hdf5,20160826022800
val,japan_2016.hdf5,20160827043600
val,japan_2016.hdf5,20160827190000
val,japan_2016.hdf5,20160827224600
val,japan_2016.hdf5,20160827231100
val,japan_2016.hdf5,20160828095800
val,japan_2016.hdf5,20160828135700
val,japan_2016.hdf5,20160830044400
val,japan_2016.hdf5,20160830085300
val,japan_2016.hdf5,20160830170700
val,japan_2016.hdf5,20160831050400
val,japan_2016.hdf5,20160831085900
val,japan_2016.hdf5,20160831194600
val,japan_2016.hdf5,20160831195100
val,japan_2016.hdf5,20160831213600
val,japan_2016.hdf5,20160901063300
val,japan_2016.hdf5,20160901114600
val,japan_2016.hdf5,20160902082700
val,japan_2016.hdf5,20160903082900
val,japan_2016.hdf5,20160903140900
val,japan_2016.hdf5,20160903150300
val,japan_2016.hdf5,20160903211100
val,japan_2016.hdf5,20160903224400
val,japan_2016.hdf5,20160904061700
val,japan_2016.hdf5,20160905205500
val,japan_2016.hdf5,20160906035700
val,japan_2016.hdf5,20160906175100
val,japan_2016.hdf5,20160907015600
val,japan_2016.hdf5,20160907132800
val,japan_2016.hdf5,20160908150800
val,japan_2016.hdf5,20160908151500
val,japan_2016.hdf5,20160909134700
val,japan_2016.hdf5,20160909205300
val,japan_2016.hdf5,20160909231800
val,japan_2016.hdf5,20160911122200
val,japan_2016.hdf5,20160911131700
val,japan_2016.hdf5,20160912133300
val,japan_2016.hdf5,20160912170100
val,japan_2016.hdf5,20160912204900
val,japan_2016.hdf5,20160913052000
val,japan_2016.hdf5,20160913083000
val,japan_2016.hdf5,20160913143200
val,japan_2016.hdf5,20160913172900
val,japan_2016.hdf5,20160913191200
val,japan_2016.hdf5,20160913232000
val,japan_2016.hdf5,20160915141300
val,japan_2016.hdf5,20160917163500
val,japan_2016.hdf5,20160917172400
val,japan_2016.hdf5,20160917223900
val,japan_2016.hdf5,20160919152300
val,japan_2016.hdf5,20160920084600
val,japan_2016.hdf5,20160921112900
val,japan_2016.hdf5,20160921200200
val,japan_2016.hdf5,20160924151000
val,japan_2016.hdf5,20160925130300
val,japan_2016.hdf5,20160926040100
val,japan_2016.hdf5,20160926112400
val,japan_2016.hdf5,20160926141300
val,japan_2016.hdf5,20160926211400
val,japan_2016.hdf5,20160926213500
val,japan_2017.hdf5,20170908142000
val,japan_2017.hdf5,20170908205600
val,japan_2017.hdf5,20170908222300
val,japan_2017.hdf5,20170909072100
val,japan_2017.hdf5,20170909194100
val,japan_2017.hdf5,20170910125000
val,japan_2017.hdf5,20170910174400
val,japan_2017.hdf5,20170911005100
val,japan_2017.hdf5,20170911184000
val,japan_2017.hdf5,20170912041900
val,japan_2017.hdf5,20170913040000
val,japan_2017.hdf5,20170913161300
val,japan_2017.hdf5,20170914092700
val,japan_2017.hdf5,20170914111500
val,japan_2017.hdf5,20170914235400
val,japan_2017.hdf5,20170916162300
val,japan_2017.hdf5,20170917041200
val,japan_2017.hdf5,20170917065800
val,japan_2017.hdf5,20170917082800
val,japan_2017.hdf5,20170917182400
val,japan_2017.hdf5,20170919020500
val,japan_2017.hdf5,20170919183300
val,japan_2017.hdf5,20170920051800
val,japan_2017.hdf5,20170921010200
val,japan_2017.hdf5,20170921013700
val,japan_2017.hdf5,20170922074500
val,japan_2017.hdf5,20170923002000
val,japan_2017.hdf5,20170924060800
val,japan_2017.hdf5,20170924214600
val,japan_2017.hdf5,20170924224800
val,japan_2017.hdf5,20170925170300
val,japan_2017.hdf5,20170926120000
val,japan_2017.hdf5,20170926194300
val,japan_2017.hdf5,20170927052200
val,japan_2017.hdf5,20170928161100
val,japan_2017.hdf5,20171001102500
val,japan_2017.hdf5,20171001103100
val,japan_2017.hdf5,20171001161900
val,japan_2017.hdf5,20171002122400
val,japan_2017.hdf5,20171003040100
val,japan_2017.hdf5,20171004182900
val,japan_2017.hdf5,20171005114200
val,japan_2017.hdf5,20171006105500
val,japan_2017.hdf5,20171006165900
val,japan_2017.hdf5,20171006200900
val,japan_2017.hdf5,20171006235600
val,japan_2017.hdf5,20171007000000
val,japan_2018.hdf5,20180910055100
val,japan_2018.hdf5,20180910122500
val,japan_2018.hdf5,20180910153700
val,japan_2018.hdf5,20180910162100
val,japan_2018.hdf5,20180910175000
val,japan_2018.hdf5,20180910232300
val,japan_2018.hdf5,20180910235800
val,japan_2018.hdf5,20180911042700
val,japan_2018.hdf5,20180911045800
val,japan_2018.hdf5,20180911122600
val,japan_2018.hdf5,20180911125400
val,japan_2018.hdf5,20180911125800
val,japan_2018.hdf5,20180911142500
val,japan_2018.hdf5,20180911190700
val,japan_2018.hdf5,20180911205100
val,japan_2018.hdf5,20180911222500
val,japan_2018.hdf5,20180911225700
val,japan_2018.hdf5,20180912000800
val,japan_2018.hdf5,20180912043900
val,japan_2018.hdf5,20180912182400
val,japan_2018.hdf5,20180912202800
val,japan_2018.hdf5,20180913013400
val,japan_2018.hdf5,20180913051200
val,japan_2018.hdf5,20180913150600
val,japan_2018.hdf5,20180914065400
val,japan_2018.hdf5,20180914094800
val,japan_2018.hdf5,20180914101000
val,japan_2018.hdf5,20180914105400
val,japan_2018.hdf5,20180914105500
val,japan_2018.hdf5,20180914143500
val,japan_2018.hdf5,20180914144500
val,japan_2018.hdf5,20180914172600
val,japan_2018.hdf5,20180914173100
val,japan_2018.hdf5,20180915184300
val,japan_2018.hdf5,20180915193700
val,japan_2018.hdf5,20180916115000
val,japan_2018.hdf5,20180917025100
val,japan_2018.hdf5,20180918054000
val,japan_2018.hdf5,20180918064200
val,japan_2018.hdf5,20180918171100
val,japan_2018.hdf5,20180919012100
val,japan_2018.hdf5,20180919090100
val,japan_2018.hdf5,20180919152100
val,japan_2018.hdf5,20180921075600
val,japan_2018.hdf5,20180921092900
val,japan_2018.hdf5,20180922070200
val,japan_2018.hdf5,20180924000500
val,japan_2018.hdf5,20180924064800
val,japan_2018.hdf5,20180924181700
val,japan_2018.hdf5,20180925123100
val,japan_2018.hdf5,20180927034300
val,japan_2018.hdf5,20180927061300
val,japan_2018.hdf5,20180928043200
val,japan_2018.hdf5,20180929182600
val,japan_2018.hdf5,20180929205600
val,japan_2018.hdf5,20180930175400
val,japan_2018.hdf5,20181001112200
val,japan_2018.hdf5,20181001211000
val,japan_2018.hdf5,20181002122800
val,japan_2018.hdf5,20181004001500
val,japan_2019.hdf5,20190907075500
val,japan_2019.hdf5,20190907170100
val,japan_2019.hdf5,20190907183600
val,japan_2019.hdf5,20190908022400
val,japan_2019.hdf5,20190911202200
val,japan_2019.hdf5,20190912014400
val,japan_2019.hdf5,20190913013500
val,japan_2019.hdf5,20190914042300
val,japan_2019.hdf5,20190914115400
val,japan_2019.hdf5,20190914125700
val,japan_2019.hdf5,20190915120200
val,japan_2019.hdf5,20190915171500
val,japan_2019.hdf5,20190916012700
val,japan_2019.hdf5,20190919084900
val,japan_2019.hdf5,20190925172800
val,japan_2019.hdf5,20190927201100
val,japan_2019.hdf5,20190927222500
val,japan_2019.hdf5,20190928023300
val,japan_2019.hdf5,20190928084700
val,japan_2019.hdf5,20190929164700
val,japan_2019.hdf5,20190929192900
val,japan_2019.hdf5,20190930010200
val,japan_2019.hdf5,20191001180700
val,japan_2019.hdf5,20191002021500
val,japan_2019.hdf5,20191003104300
val,japan_2019.hdf5,20191006182800
val,japan_2019.hdf5,20191007080200
val,japan_2019.hdf5,20191007162500
val,japan_2019.hdf5,20191009045800
val,japan_2019.hdf5,20191009163100
val,japan_2019.hdf5,20191009164800
val,japan_2019.hdf5,20191010005200
val,japan_2019.hdf5,20191012182200
val,japan_2019.hdf5,20191014130100
val,japan_2019.hdf5,20191014195500
val,japan_2019.hdf5,20191015155700
val,japan_2019.hdf5,20191015202900
val,japan_2019.hdf5,20191016030200
val,japan_2019.hdf5,20191019180800
val,japan_2019.hdf5,20191019211000
val,japan_2019.hdf5,20191019213600
val,japan_2020.hdf5,20200821045100
val,japan_2020.hdf5,20200822023200
val,japan_2020.hdf5,20200824030600
val,japan_2020.hdf5,20200826202400
val,japan_2020.hdf5,20200827085500
val,japan_2020.hdf5,20200827094800
val,japan_2020.hdf5,20200827124100
val,japan_2020.hdf5,20200827234500
val,japan_2020.hdf5,20200828001900
val,japan_2020.hdf5,20200828032000
val,japan_2020.hdf5,20200830070800
val,japan_2020.hdf5,20200830074800
val,japan_2020.hdf5,20200830143700
val,japan_2020.hdf5,20200901133700
val,japan_2020.hdf5,20200902025000
val,japan_2020.hdf5,20200902193500
val,japan_2020.hdf5,20200903120400
val,japan_2020.hdf5,20200904003300
val,japan_2020.hdf5,20200904091000
val,japan_2020.hdf5,20200904093000
val,japan_2020.hdf5,20200905103400
val,japan_2020.hdf5,20200907063400
val,japan_2020.hdf5,20200907093400
val,japan_2020.hdf5,20200907101900
val,japan_2020.hdf5,20200907223300
val,japan_2020.hdf5,20200908185100
val,japan_2020.hdf5,20200909114500
val,japan_2020.hdf5,20200910122600
val,japan_2020.hdf5,20200911052200
val,japan_2020.hdf5,20200911191900
val,japan_2020.hdf5,20200912113800
val,japan_2020.hdf5,20200912114400
val,japan_2020.hdf5,20200912114700
val,japan_2020.hdf5,20200912115000
val,japan_2020.hdf5,20200912124900
val,japan_2020.hdf5,20200912190400
val,japan_2020.hdf5,20200913052900
val,japan_2020.hdf5,20200913194400
val,japan_2021.hdf5,20210919171900
val,japan_2021.hdf5,20210919185900
val,japan_2021.hdf5,20210919190400
val,japan_2021.hdf5,20210919190800
val,japan_2021.hdf5,20210919231400
val,japan_2021.hdf5,20210920120000
val,japan_2021.hdf5,20210920130900
val,japan_2021.hdf5,20210920171700
val,japan_2021.hdf5,20210922043300
val,japan_2021.hdf5,20210924184800
val,japan_2021.hdf5,20210927195400
val,japan_2021.hdf5,20210927195800
val,japan_2021.hdf5,20210927202600
val,japan_2021.hdf5,20210929122600
val,japan_2021.hdf5,20210929233900
val,japan_2021.hdf5,20210930012600
val,japan_2021.hdf5,20210930125200
val,japan_2021.hdf5,20210930174500
val,japan_2021.hdf5,20211002130100
val,japan_2021.hdf5,20211003111100
val,japan_2021.hdf5,20211003144300
val,japan_2021.hdf5,20211005060600
val,japan_2021.hdf5,20211005210900
val,japan_2021.hdf5,20211006024600
val,japan_2021.hdf5,20211006073300
val,japan_2021.hdf5,20211006171300
val,japan_2021.hdf5,20211007170000
val,japan_2021.hdf5,20211007224100
val,japan_2021.hdf5,20211008051100
val,japan_2021.hdf5,20211009111600
val,japan_2021.hdf5,20211009114700
val,japan_2021.hdf5,20211009143200
val,japan_2021.hdf5,20211010140800
val,japan_2021.hdf5,20211010231600
val,japan_2021.hdf5,20211014020000
val,japan_2021.hdf5,20211015064200
val,japan_2021.hdf5,20211015075700
val,japan_2021.hdf5,20211015165300
val,japan_2021.hdf5,20211016214800
val,japan_2021.hdf5,20211018004900
val,japan_2021.hdf5,20211018110100
val,japan_2021.hdf5,20211019150300
val,japan_2021.hdf5,20211019213600
val,japan_2022.hdf5,20220819051800
val,japan_2022.hdf5,20220820013600
val,japan_2022.hdf5,20220820103200
val,japan_2022.hdf5,20220822124200
val,japan_2022.hdf5,20220822133700
val,japan_2022.hdf5,20220823000300
val,japan_2022.hdf5,20220824022000
val,japan_2022.hdf5,20220826084800
val,japan_2022.hdf5,20220828120400
val,japan_2022.hdf5,20220830022000
val,japan_2022.hdf5,20220901142400
val,japan_2022.hdf5,20220901202100
val,japan_2022.hdf5,20220902084200
val,japan_2022.hdf5,20220903052400
val,japan_2022.hdf5,20220903115400
val,japan_2022.hdf5,20220903163400
val,japan_2022.hdf5,20220903173900
val,japan_2022.hdf5,20220904154600
val,japan_2022.hdf5,20220908173600
val,japan_2022.hdf5,20220909081900
val,japan_2022.hdf5,20220909185500
val,japan_2022.hdf5,20220913095200
val,japan_2022.hdf5,20220913205800
val,japan_2022.hdf5,20220915085100
val,japan_2022.hdf5,20220917175900
val,japan_2022.hdf5,20220918041600
val,japan_2022.hdf5,20220918110900
val,japan_2022.hdf5,20220919031200
val,japan_2022.hdf5,20220919084900
val,japan_2022.hdf5,20220920055600
val,japan_2022.hdf5,20220920090600
val,japan_2022.hdf5,20220922072400
val,japan_2022.hdf5,20220923095400
val,japan_2022.hdf5,20220924033400
val,japan_2022.hdf5,20220924100000
val,japan_2022.hdf5,20220925062300
val,japan_2022.hdf5,20220925073100
val,japan_2022.hdf5,20220925223500
val,japan_2022.hdf5,20220926032500
val,japan_2022.hdf5,20220926192500
val,japan_2022.hdf5,20220927010500
val,japan_2022.hdf5,20220927050200
val,japan_2022.hdf5,20220928002400
val,japan_2022.hdf5,20220928062100
val,japan_2022.hdf5,20220930000300
val,japan_2022.hdf5,20220930145800
val,japan_2023.hdf5,20230815090800
val,japan_2023.hdf5,20230816222900
val,japan_2023.hdf5,20230816225900
val,japan_2023.hdf5,20230817205100
val,japan_2023.hdf5,20230819032200
val,japan_2023.hdf5,20230819033300
val,japan_2023.hdf5,20230819140700
val,japan_2023.hdf5,20230819232100
val,japan_2023.hdf5,20230822024100
val,japan_2023.hdf5,20230822083000
val,japan_2023.hdf5,20230823000300
val,japan_2023.hdf5,20230824005000
val,japan_2023.hdf5,20230825074800
val,japan_2023.hdf5,20230826070200
val,japan_2023.hdf5,20230826222900
val,japan_2023.hdf5,20230827095600
val,japan_2023.hdf5,20230827225600
val,japan_2023.hdf5,20230828042900
val,japan_2023.hdf5,20230831061700
val,japan_2023.hdf5,20230831150500
val,japan_2023.hdf5,20230903000300
val,japan_2023.hdf5,20230904125400
val,japan_2023.hdf5,20230905092100
val,japan_2023.hdf5,20230905132700
val,japan_2023.hdf5,20230905133300
val,japan_2023.hdf5,20230905165200
val,japan_2023.hdf5,20230908182800
val,japan_2023.hdf5,20230909114100
val,japan_2023.hdf5,20230911025800
val,japan_2023.hdf5,20230915152600
val,japan_2023.hdf5,20230915183800
val,japan_2023.hdf5,20230916043600
val,japan_2023.hdf5,20230917172300
val,japan_2023.hdf5,20230919043300
val,japan_2023.hdf5,20230922022500
val,japan_2023.hdf5,20230923090800
val,japan_2023.hdf5,20230924000100
val,japan_2023.hdf5,20230925133500
val,japan_2024.hdf5,20240531015800
val,japan_2024.hdf5,20240531044600
val,japan_2024.hdf5,20240601040200
val,japan_2024.hdf5,20240601105700
val,japan_2024.hdf5,20240602201700
val,japan_2024.hdf5,20240603063100
val,japan_2024.hdf5,20240603064000
val,japan_2024.hdf5,20240603065400
val,japan_2024.hdf5,20240605215400
val,japan_2024.hdf5,20240606090300
val,japan_2024.hdf5,20240606160400
val,japan_2024.hdf5,20240607213500
val,japan_2024.hdf5,20240611095800
val,japan_2024.hdf5,20240611193300
val,japan_2024.hdf5,20240612072400
val,japan_2024.hdf5,20240612143500
val,japan_2024.hdf5,20240614024400
val,japan_2024.hdf5,20240616191600
val,japan_2024.hdf5,20240616193500
val,japan_2024.hdf5,20240617155700
val,japan_2024.hdf5,20240617182600
val,japan_2024.hdf5,20240618033300
val,japan_2024.hdf5,20240619112400
val,japan_2024.hdf5,20240620042400
val,japan_2024.hdf5,20240620143700
val,japan_2024.hdf5,20240620164000
val,japan_2024.hdf5,20240620222300
val,japan_2024.hdf5,20240620235300
val,japan_2024.hdf5,20240621140400
val,japan_2024.hdf5,20240621142300
val,japan_2024.hdf5,20240621165600
val,japan_2024.hdf5,20240623121200
val,japan_2024.hdf5,20240623131100
val,japan_2024.hdf5,20240623225400
val,japan_2024.hdf5,20240624232400
val,japan_2024.hdf5,20240625152600
val,japan_2024.hdf5,20240625173100
val,japan_2024.hdf5,20240627032300
val,japan_2024.hdf5,20240627184500
val,japan_2024.hdf5,20240627194300
val,japan_2024.hdf5,20240628104600
val,japan_2024.hdf5,20240630193800
val,japan_2024.hdf5,20240701235500
val,japan_2024.hdf5,20240704102500
val,japan_2024.hdf5,20240704121200
val,japan_2024.hdf5,20240705062000
val,japan_2024.hdf5,20240705140800
val,japan_2024.hdf5,20240707232800
val,japan_2024.hdf5,20240710001900
val,japan_2024.hdf5,20240710040200
val,japan_2024.hdf5,20240710082000
val,japan_2024.hdf5,20240711000000
val,japan_2024.hdf5,20240711120100
val,japan_2024.hdf5,20240711120200
val,japan_2024.hdf5,20240713122700
val,japan_2024.hdf5,20240716221900
val,japan_2024.hdf5,20240718055100
val,japan_2024.hdf5,20240718200700
val,japan_2024.hdf5,20240719001700
val,japan_2024.hdf5,20240719142700
val,japan_2024.hdf5,20240719161400
val,japan_2024.hdf5,20240720201500
val,japan_2024.hdf5,20240721001200
val,japan_2024.hdf5,20240721054600
val,japan_2024.hdf5,20240721132700
val,japan_2024.hdf5,20240722100700
val,japan_2024.hdf5,20240722190500
val,japan_2024.hdf5,20240723082700
val,japan_2024.hdf5,20240724010200
val,japan_2024.hdf5,20240725130100
val,japan_2024.hdf5,20240725162600
val,japan_2024.hdf5,20240726201700
val,japan_2024.hdf5,20240728005800
val,japan_2024.hdf5,20240728191300
val,japan_2024.hdf5,20240729231200
val,japan_2024.hdf5,20240730012500
val,japan_2024.hdf5,20240731230300
val,japan_2024.hdf5,20240804221900
val,japan_2024.hdf5,20240808164300
val,japan_2024.hdf5,20240808173500
val,japan_2024.hdf5,20240808180000
val,japan_2024.hdf5,20240809034800
val,japan_2024.hdf5,20240809042300
val,japan_2024.hdf5,20240809044700
val,japan_2024.hdf5,20240809135600
val,japan_2024.hdf5,20240809195700
val,japan_2024.hdf5,20240810040400
