relative_path,bytes,sha256,hash_status,category
.cache/matplotlib/fontlist-v390.json,82364,,not hashed: derived cache,cache
.cache/seisbench/config.json,62,,not hashed: derived cache,cache
audits/formal__eqt_pretrained_frozen__seed42/capability_manifest.json,4112,7fba6f49366710fe17985cef4b501923bde092d38d79eda8aded51c015b1f616,SHA256_READ,metadata_or_audit
audits/formal__eqt_pretrained_frozen__seed42/causal_boundary_audit.json,508,6a2caa055f7a6ba22000ee84e6a376970e193b0318e84944fafebed229faad46,SHA256_READ,metadata_or_audit
audits/formal__eqt_pretrained_frozen__seed42/cohort_exclusions.csv,28223,17212497ca0d851e96c802fd0d074b6841bf8b771041dafd5b07ae109bb155cb,SHA256_READ,metadata_or_audit
audits/formal__eqt_pretrained_frozen__seed42/cohort_normalization_audit.json,717649,0dfcca4c0cf27dcd50ff79c88e7339726d87f640eeabfd7205d124b410adebe1,SHA256_READ,metadata_or_audit
audits/formal__eqt_pretrained_frozen__seed42/data_split_audit.json,6751,9eb4f7f3217774a34aed388297aeefbfb79302ca40dee57967c9e58f88bffe5c,SHA256_READ,metadata_or_audit
audits/formal__eqt_pretrained_frozen__seed42/model_interface_audit.json,7093,7902df271f24a684b37125e16755f39da517dc3a3dd29276e0549b1223461bb5,SHA256_READ,metadata_or_audit
audits/formal__eqt_pretrained_frozen__seed42/model_time_support.csv,41219047,19bc4ae10d813c6ba559cfb8a4906099e6bd11975f7b8774bda0466b42ff26f3,SHA256_READ,metadata_or_audit
audits/formal__eqt_pretrained_frozen__seed42/pretrained_manifest.json,4390,6252debf5185283f183dca9fed4b22c2a1a809746cfd0cc82dc5699a9c28609e,SHA256_READ,metadata_or_audit
audits/formal__eqt_pretrained_frozen__seed42/protocol.lock.json,809296,6bd214104c1a98b9deb8aae41aa10c111d363ec5247db6ccaaaaf925e4ea4602,SHA256_READ,metadata_or_audit
audits/formal__eqt_pretrained_frozen__seed42/query_independence_audit.json,236,6abf9a95f5b2bba7b423708d7b8b4f6319b35e04e136687cf088913a6e61d971,SHA256_READ,metadata_or_audit
audits/formal__eqt_pretrained_frozen__seed42/random_validation_times_manifest.csv,151072,c410b966b0a0eab72f7dc924aa313da4a43c62d46bd364bc8b6e8ddacba86d68,SHA256_READ,metadata_or_audit
audits/formal__eqt_pretrained_frozen__seed42/runtime.json,1091,94782f7268e02fcfe5433bfa5e0736bda4ddf82640f2a0fbb86e26e6ac1422da,SHA256_READ,metadata_or_audit
audits/formal__eqt_pretrained_frozen__seed42/sampler_distribution_audit.json,801,07dc6b52530366c5b68b1c2970f9966cb3d6bcd4c49fa6ab7e964effaa115704,SHA256_READ,metadata_or_audit
audits/formal__eqt_pretrained_frozen__seed42/validation_population.csv.gz,848762,c01b2c5bdbbf72dfce5508ab38c4f8e31a612b605bd11fe6c170e35f09c73a67,SHA256_READ,metadata_or_audit
audits/formal__eqt_pretrained_frozen__seed43/capability_manifest.json,4112,7fba6f49366710fe17985cef4b501923bde092d38d79eda8aded51c015b1f616,SHA256_READ,metadata_or_audit
audits/formal__eqt_pretrained_frozen__seed43/causal_boundary_audit.json,509,c1bef4d56f426a7714d694d7577c2c268612312d7f9afff6c5303d7a6b3a411d,SHA256_READ,metadata_or_audit
audits/formal__eqt_pretrained_frozen__seed43/cohort_exclusions.csv,28223,17212497ca0d851e96c802fd0d074b6841bf8b771041dafd5b07ae109bb155cb,SHA256_READ,metadata_or_audit
audits/formal__eqt_pretrained_frozen__seed43/cohort_normalization_audit.json,717649,0dfcca4c0cf27dcd50ff79c88e7339726d87f640eeabfd7205d124b410adebe1,SHA256_READ,metadata_or_audit
audits/formal__eqt_pretrained_frozen__seed43/data_split_audit.json,6751,9eb4f7f3217774a34aed388297aeefbfb79302ca40dee57967c9e58f88bffe5c,SHA256_READ,metadata_or_audit
audits/formal__eqt_pretrained_frozen__seed43/model_interface_audit.json,7093,d00308c7335e0c80d64069c3b6fc6bb65f7848867c8540179e732798e2079fd8,SHA256_READ,metadata_or_audit
audits/formal__eqt_pretrained_frozen__seed43/model_time_support.csv,41219047,19bc4ae10d813c6ba559cfb8a4906099e6bd11975f7b8774bda0466b42ff26f3,SHA256_READ,metadata_or_audit
audits/formal__eqt_pretrained_frozen__seed43/pretrained_manifest.json,4390,6252debf5185283f183dca9fed4b22c2a1a809746cfd0cc82dc5699a9c28609e,SHA256_READ,metadata_or_audit
audits/formal__eqt_pretrained_frozen__seed43/protocol.lock.json,809296,f4c2808aae8dad8cf223b4db5500fd999e18e0b389f2c0c9abe943e86abfddd7,SHA256_READ,metadata_or_audit
audits/formal__eqt_pretrained_frozen__seed43/query_independence_audit.json,236,5b77f17cd05f98d592bc372bc054de8936e381e79a065fe4549a84c46c45df55,SHA256_READ,metadata_or_audit
audits/formal__eqt_pretrained_frozen__seed43/random_validation_times_manifest.csv,151072,c410b966b0a0eab72f7dc924aa313da4a43c62d46bd364bc8b6e8ddacba86d68,SHA256_READ,metadata_or_audit
audits/formal__eqt_pretrained_frozen__seed43/runtime.json,1091,fc12368dd6c16432419cd0842ac7a1124df506b08b3cefca4062cfbc65054843,SHA256_READ,metadata_or_audit
audits/formal__eqt_pretrained_frozen__seed43/sampler_distribution_audit.json,801,07dc6b52530366c5b68b1c2970f9966cb3d6bcd4c49fa6ab7e964effaa115704,SHA256_READ,metadata_or_audit
audits/formal__eqt_pretrained_frozen__seed43/validation_population.csv.gz,848762,6437323372f7357d96fac9ff0229a0bd8fc1cad652bbb339867cb39986b2e9cd,SHA256_READ,metadata_or_audit
audits/formal__eqt_pretrained_frozen__seed44/capability_manifest.json,4112,7fba6f49366710fe17985cef4b501923bde092d38d79eda8aded51c015b1f616,SHA256_READ,metadata_or_audit
audits/formal__eqt_pretrained_frozen__seed44/causal_boundary_audit.json,508,dfb970c4f914f9835997bc73411330ed38f7eb461fe0838889b4206d3f8aca8e,SHA256_READ,metadata_or_audit
audits/formal__eqt_pretrained_frozen__seed44/cohort_exclusions.csv,28223,17212497ca0d851e96c802fd0d074b6841bf8b771041dafd5b07ae109bb155cb,SHA256_READ,metadata_or_audit
audits/formal__eqt_pretrained_frozen__seed44/cohort_normalization_audit.json,717649,0dfcca4c0cf27dcd50ff79c88e7339726d87f640eeabfd7205d124b410adebe1,SHA256_READ,metadata_or_audit
audits/formal__eqt_pretrained_frozen__seed44/data_split_audit.json,6751,9eb4f7f3217774a34aed388297aeefbfb79302ca40dee57967c9e58f88bffe5c,SHA256_READ,metadata_or_audit
audits/formal__eqt_pretrained_frozen__seed44/model_interface_audit.json,7093,d59925d9dd15013e1d292044383f6617d1470bcd17f9e0387c34e3027991c7cb,SHA256_READ,metadata_or_audit
audits/formal__eqt_pretrained_frozen__seed44/model_time_support.csv,41219047,19bc4ae10d813c6ba559cfb8a4906099e6bd11975f7b8774bda0466b42ff26f3,SHA256_READ,metadata_or_audit
audits/formal__eqt_pretrained_frozen__seed44/pretrained_manifest.json,4390,6252debf5185283f183dca9fed4b22c2a1a809746cfd0cc82dc5699a9c28609e,SHA256_READ,metadata_or_audit
audits/formal__eqt_pretrained_frozen__seed44/protocol.lock.json,809296,5912ea93833254d58d2ecd6c0c0bf90727942dc7db9efead3a14d6fd6d414b21,SHA256_READ,metadata_or_audit
audits/formal__eqt_pretrained_frozen__seed44/query_independence_audit.json,236,5b77f17cd05f98d592bc372bc054de8936e381e79a065fe4549a84c46c45df55,SHA256_READ,metadata_or_audit
audits/formal__eqt_pretrained_frozen__seed44/random_validation_times_manifest.csv,151072,c410b966b0a0eab72f7dc924aa313da4a43c62d46bd364bc8b6e8ddacba86d68,SHA256_READ,metadata_or_audit
audits/formal__eqt_pretrained_frozen__seed44/runtime.json,1091,680046a6cf2fbfe5a5385a718da23ff62ae1cd9866b87822431f637cec5dbf31,SHA256_READ,metadata_or_audit
audits/formal__eqt_pretrained_frozen__seed44/sampler_distribution_audit.json,801,07dc6b52530366c5b68b1c2970f9966cb3d6bcd4c49fa6ab7e964effaa115704,SHA256_READ,metadata_or_audit
audits/formal__eqt_pretrained_frozen__seed44/validation_population.csv.gz,848762,6437323372f7357d96fac9ff0229a0bd8fc1cad652bbb339867cb39986b2e9cd,SHA256_READ,metadata_or_audit
audits/formal__phasenet_pretrained_frozen__seed42/capability_manifest.json,4112,65c53e7dfadd8e7907b3b047da87ce658f572c5a5eb17e6f69dc0a7007bbdf4b,SHA256_READ,metadata_or_audit
audits/formal__phasenet_pretrained_frozen__seed42/causal_boundary_audit.json,511,a0e470f0f7070f5a9e30ae08552708c9104074d589d2185cc7fc0e5626cba85d,SHA256_READ,metadata_or_audit
audits/formal__phasenet_pretrained_frozen__seed42/cohort_exclusions.csv,28223,17212497ca0d851e96c802fd0d074b6841bf8b771041dafd5b07ae109bb155cb,SHA256_READ,metadata_or_audit
audits/formal__phasenet_pretrained_frozen__seed42/cohort_normalization_audit.json,717649,0dfcca4c0cf27dcd50ff79c88e7339726d87f640eeabfd7205d124b410adebe1,SHA256_READ,metadata_or_audit
audits/formal__phasenet_pretrained_frozen__seed42/data_split_audit.json,6751,9eb4f7f3217774a34aed388297aeefbfb79302ca40dee57967c9e58f88bffe5c,SHA256_READ,metadata_or_audit
audits/formal__phasenet_pretrained_frozen__seed42/model_interface_audit.json,7093,975936e28811a36f1dbcf9e9168b7015c56714647461f4f9439e9b5555701f10,SHA256_READ,metadata_or_audit
audits/formal__phasenet_pretrained_frozen__seed42/model_time_support.csv,41219047,19bc4ae10d813c6ba559cfb8a4906099e6bd11975f7b8774bda0466b42ff26f3,SHA256_READ,metadata_or_audit
audits/formal__phasenet_pretrained_frozen__seed42/pretrained_manifest.json,4390,6252debf5185283f183dca9fed4b22c2a1a809746cfd0cc82dc5699a9c28609e,SHA256_READ,metadata_or_audit
audits/formal__phasenet_pretrained_frozen__seed42/protocol.lock.json,809268,c092c99425401ff1df85687d7eb273bf6c9a903bce9466cd331962bc826ff445,SHA256_READ,metadata_or_audit
audits/formal__phasenet_pretrained_frozen__seed42/query_independence_audit.json,235,f5beaa4919e8f516c1d1e2799c062bf8a7aad2caa1c27426f116ee5b42be10ee,SHA256_READ,metadata_or_audit
audits/formal__phasenet_pretrained_frozen__seed42/random_validation_times_manifest.csv,151072,c410b966b0a0eab72f7dc924aa313da4a43c62d46bd364bc8b6e8ddacba86d68,SHA256_READ,metadata_or_audit
audits/formal__phasenet_pretrained_frozen__seed42/runtime.json,1101,f7abf3132cf84f591447f66bb7478ab2afb9d0adeaf9485c26107de415a06deb,SHA256_READ,metadata_or_audit
audits/formal__phasenet_pretrained_frozen__seed42/sampler_distribution_audit.json,768,7cf0ebbab0035f0f0a0d60567c1afa06958086b5e7a1e3d3496e4b847247b7dc,SHA256_READ,metadata_or_audit
audits/formal__phasenet_pretrained_frozen__seed42/validation_population.csv.gz,848762,1b40946b90750797e72668f9c7bf603fe6b8c844de68924e114c90bc87b888d5,SHA256_READ,metadata_or_audit
audits/formal__phasenet_pretrained_frozen__seed43/capability_manifest.json,4112,65c53e7dfadd8e7907b3b047da87ce658f572c5a5eb17e6f69dc0a7007bbdf4b,SHA256_READ,metadata_or_audit
audits/formal__phasenet_pretrained_frozen__seed43/causal_boundary_audit.json,510,c21ef4c3c312cdb5de1a3a3076f7cc250dd2e13f1e9071c68c49dbaf501bdf6a,SHA256_READ,metadata_or_audit
audits/formal__phasenet_pretrained_frozen__seed43/cohort_exclusions.csv,28223,17212497ca0d851e96c802fd0d074b6841bf8b771041dafd5b07ae109bb155cb,SHA256_READ,metadata_or_audit
audits/formal__phasenet_pretrained_frozen__seed43/cohort_normalization_audit.json,717649,0dfcca4c0cf27dcd50ff79c88e7339726d87f640eeabfd7205d124b410adebe1,SHA256_READ,metadata_or_audit
audits/formal__phasenet_pretrained_frozen__seed43/data_split_audit.json,6751,9eb4f7f3217774a34aed388297aeefbfb79302ca40dee57967c9e58f88bffe5c,SHA256_READ,metadata_or_audit
audits/formal__phasenet_pretrained_frozen__seed43/model_interface_audit.json,7093,e3fd60d402b0a1b62d981355e661c8120bb185343d2fc18ae3cfdbce5e7e97f2,SHA256_READ,metadata_or_audit
audits/formal__phasenet_pretrained_frozen__seed43/model_time_support.csv,41219047,19bc4ae10d813c6ba559cfb8a4906099e6bd11975f7b8774bda0466b42ff26f3,SHA256_READ,metadata_or_audit
audits/formal__phasenet_pretrained_frozen__seed43/pretrained_manifest.json,4390,6252debf5185283f183dca9fed4b22c2a1a809746cfd0cc82dc5699a9c28609e,SHA256_READ,metadata_or_audit
audits/formal__phasenet_pretrained_frozen__seed43/protocol.lock.json,809268,f816c5157879e1c8184339b93b984c4d5e988b0976673daa98f0c46ff57ef131,SHA256_READ,metadata_or_audit
audits/formal__phasenet_pretrained_frozen__seed43/query_independence_audit.json,236,5b77f17cd05f98d592bc372bc054de8936e381e79a065fe4549a84c46c45df55,SHA256_READ,metadata_or_audit
audits/formal__phasenet_pretrained_frozen__seed43/random_validation_times_manifest.csv,151072,c410b966b0a0eab72f7dc924aa313da4a43c62d46bd364bc8b6e8ddacba86d68,SHA256_READ,metadata_or_audit
audits/formal__phasenet_pretrained_frozen__seed43/runtime.json,1101,53ac0fcb0c0095cf45201650e2257399ffd5fe64ec8e4d5dce1233d4b15cc7d6,SHA256_READ,metadata_or_audit
audits/formal__phasenet_pretrained_frozen__seed43/sampler_distribution_audit.json,768,7cf0ebbab0035f0f0a0d60567c1afa06958086b5e7a1e3d3496e4b847247b7dc,SHA256_READ,metadata_or_audit
audits/formal__phasenet_pretrained_frozen__seed43/validation_population.csv.gz,848762,c01b2c5bdbbf72dfce5508ab38c4f8e31a612b605bd11fe6c170e35f09c73a67,SHA256_READ,metadata_or_audit
audits/formal__phasenet_pretrained_frozen__seed44/capability_manifest.json,4112,65c53e7dfadd8e7907b3b047da87ce658f572c5a5eb17e6f69dc0a7007bbdf4b,SHA256_READ,metadata_or_audit
audits/formal__phasenet_pretrained_frozen__seed44/causal_boundary_audit.json,511,f3491562ce9061fee019c0615d5614ee772afaacccc7e1e5d627f0f0fa07bfa8,SHA256_READ,metadata_or_audit
audits/formal__phasenet_pretrained_frozen__seed44/cohort_exclusions.csv,28223,17212497ca0d851e96c802fd0d074b6841bf8b771041dafd5b07ae109bb155cb,SHA256_READ,metadata_or_audit
audits/formal__phasenet_pretrained_frozen__seed44/cohort_normalization_audit.json,717649,0dfcca4c0cf27dcd50ff79c88e7339726d87f640eeabfd7205d124b410adebe1,SHA256_READ,metadata_or_audit
audits/formal__phasenet_pretrained_frozen__seed44/data_split_audit.json,6751,9eb4f7f3217774a34aed388297aeefbfb79302ca40dee57967c9e58f88bffe5c,SHA256_READ,metadata_or_audit
audits/formal__phasenet_pretrained_frozen__seed44/model_interface_audit.json,7093,1d54412b52de422cd99d665d878169be2820518715062ced61d4920aef002f1b,SHA256_READ,metadata_or_audit
audits/formal__phasenet_pretrained_frozen__seed44/model_time_support.csv,41219047,19bc4ae10d813c6ba559cfb8a4906099e6bd11975f7b8774bda0466b42ff26f3,SHA256_READ,metadata_or_audit
audits/formal__phasenet_pretrained_frozen__seed44/pretrained_manifest.json,4390,6252debf5185283f183dca9fed4b22c2a1a809746cfd0cc82dc5699a9c28609e,SHA256_READ,metadata_or_audit
audits/formal__phasenet_pretrained_frozen__seed44/protocol.lock.json,809268,e0da4fda4d2cad01acd35c2ade9304a1a39d3aa45d8793cb030c27d742aed980,SHA256_READ,metadata_or_audit
audits/formal__phasenet_pretrained_frozen__seed44/query_independence_audit.json,236,5b77f17cd05f98d592bc372bc054de8936e381e79a065fe4549a84c46c45df55,SHA256_READ,metadata_or_audit
audits/formal__phasenet_pretrained_frozen__seed44/random_validation_times_manifest.csv,151072,c410b966b0a0eab72f7dc924aa313da4a43c62d46bd364bc8b6e8ddacba86d68,SHA256_READ,metadata_or_audit
audits/formal__phasenet_pretrained_frozen__seed44/runtime.json,1101,e925334834f14495f6c372ab899d2a4ff02cddcdc4d95562a8b1589af9e4af5d,SHA256_READ,metadata_or_audit
audits/formal__phasenet_pretrained_frozen__seed44/sampler_distribution_audit.json,768,7cf0ebbab0035f0f0a0d60567c1afa06958086b5e7a1e3d3496e4b847247b7dc,SHA256_READ,metadata_or_audit
audits/formal__phasenet_pretrained_frozen__seed44/validation_population.csv.gz,848762,ceb16d1e0fbcb0bea14f111f049490e00d53f61b8e714a1442b81eb170254295,SHA256_READ,metadata_or_audit
audits/formal__team_original_scratch__seed42/capability_manifest.json,4113,20ef2690d98ca079fb894b98afbd18286d4f8ef46aaed6ebacbbe8030e68e5a7,SHA256_READ,metadata_or_audit
audits/formal__team_original_scratch__seed42/causal_boundary_audit.json,510,edc62f4177f6294dcd81d3347918f6de23ffb4a3d49a18bd9adac54fe05af3dc,SHA256_READ,metadata_or_audit
audits/formal__team_original_scratch__seed42/cohort_exclusions.csv,28223,17212497ca0d851e96c802fd0d074b6841bf8b771041dafd5b07ae109bb155cb,SHA256_READ,metadata_or_audit
audits/formal__team_original_scratch__seed42/cohort_normalization_audit.json,717649,0dfcca4c0cf27dcd50ff79c88e7339726d87f640eeabfd7205d124b410adebe1,SHA256_READ,metadata_or_audit
audits/formal__team_original_scratch__seed42/data_split_audit.json,6751,9eb4f7f3217774a34aed388297aeefbfb79302ca40dee57967c9e58f88bffe5c,SHA256_READ,metadata_or_audit
audits/formal__team_original_scratch__seed42/model_interface_audit.json,7908,1d7b55c3773a986a117d9ae41a429ea7783c02facd5f849d4a947e663613b66e,SHA256_READ,metadata_or_audit
audits/formal__team_original_scratch__seed42/model_time_support.csv,41219047,19bc4ae10d813c6ba559cfb8a4906099e6bd11975f7b8774bda0466b42ff26f3,SHA256_READ,metadata_or_audit
audits/formal__team_original_scratch__seed42/protocol.lock.json,809235,15143a7c0cfc4dc0aacfd35ad489805f09476c75fdc6bbaa4168e97f9f394e54,SHA256_READ,metadata_or_audit
audits/formal__team_original_scratch__seed42/query_independence_audit.json,236,5b77f17cd05f98d592bc372bc054de8936e381e79a065fe4549a84c46c45df55,SHA256_READ,metadata_or_audit
audits/formal__team_original_scratch__seed42/random_validation_times_manifest.csv,151072,c410b966b0a0eab72f7dc924aa313da4a43c62d46bd364bc8b6e8ddacba86d68,SHA256_READ,metadata_or_audit
audits/formal__team_original_scratch__seed42/runtime.json,1091,eb548ba9f16eb743de3132ffa983a64cd6e70ee6449f7fc88e533b353678f9d4,SHA256_READ,metadata_or_audit
audits/formal__team_original_scratch__seed42/sampler_distribution_audit.json,802,d70f009d39616d98d58631c3415c7d96df806e352a0e3786a8f4592328fb2f90,SHA256_READ,metadata_or_audit
audits/formal__team_original_scratch__seed42/validation_population.csv.gz,848762,ceb16d1e0fbcb0bea14f111f049490e00d53f61b8e714a1442b81eb170254295,SHA256_READ,metadata_or_audit
audits/formal__team_original_scratch__seed43/capability_manifest.json,4113,20ef2690d98ca079fb894b98afbd18286d4f8ef46aaed6ebacbbe8030e68e5a7,SHA256_READ,metadata_or_audit
audits/formal__team_original_scratch__seed43/causal_boundary_audit.json,510,ecef84c6858b04da10c530f44318ac8ab09d5689833f107682c303b403ace3bf,SHA256_READ,metadata_or_audit
audits/formal__team_original_scratch__seed43/cohort_exclusions.csv,28223,17212497ca0d851e96c802fd0d074b6841bf8b771041dafd5b07ae109bb155cb,SHA256_READ,metadata_or_audit
audits/formal__team_original_scratch__seed43/cohort_normalization_audit.json,717649,0dfcca4c0cf27dcd50ff79c88e7339726d87f640eeabfd7205d124b410adebe1,SHA256_READ,metadata_or_audit
audits/formal__team_original_scratch__seed43/data_split_audit.json,6751,9eb4f7f3217774a34aed388297aeefbfb79302ca40dee57967c9e58f88bffe5c,SHA256_READ,metadata_or_audit
audits/formal__team_original_scratch__seed43/model_interface_audit.json,7908,d57fb13b370d9fca16b5acdaa20a6ba613fa2db736d35324d32c584352660689,SHA256_READ,metadata_or_audit
audits/formal__team_original_scratch__seed43/model_time_support.csv,41219047,19bc4ae10d813c6ba559cfb8a4906099e6bd11975f7b8774bda0466b42ff26f3,SHA256_READ,metadata_or_audit
audits/formal__team_original_scratch__seed43/protocol.lock.json,809235,6dbdcfb652aa3e6779b82c29e86443ebd3853963b39da5d52e0f0b079834cfcd,SHA256_READ,metadata_or_audit
audits/formal__team_original_scratch__seed43/query_independence_audit.json,235,f5beaa4919e8f516c1d1e2799c062bf8a7aad2caa1c27426f116ee5b42be10ee,SHA256_READ,metadata_or_audit
audits/formal__team_original_scratch__seed43/random_validation_times_manifest.csv,151072,c410b966b0a0eab72f7dc924aa313da4a43c62d46bd364bc8b6e8ddacba86d68,SHA256_READ,metadata_or_audit
audits/formal__team_original_scratch__seed43/runtime.json,1091,202ac93033efa5fd3198bfbf6f89fa8fa0ebd81fb66043b358e617ad8dbc33ec,SHA256_READ,metadata_or_audit
audits/formal__team_original_scratch__seed43/sampler_distribution_audit.json,802,d70f009d39616d98d58631c3415c7d96df806e352a0e3786a8f4592328fb2f90,SHA256_READ,metadata_or_audit
audits/formal__team_original_scratch__seed43/validation_population.csv.gz,848762,1b40946b90750797e72668f9c7bf603fe6b8c844de68924e114c90bc87b888d5,SHA256_READ,metadata_or_audit
audits/formal__team_original_scratch__seed44/capability_manifest.json,4113,20ef2690d98ca079fb894b98afbd18286d4f8ef46aaed6ebacbbe8030e68e5a7,SHA256_READ,metadata_or_audit
audits/formal__team_original_scratch__seed44/causal_boundary_audit.json,510,0823cf353a53675839ddad3944decfbde13cb03162c1a2df1435eac99214b16d,SHA256_READ,metadata_or_audit
audits/formal__team_original_scratch__seed44/cohort_exclusions.csv,28223,17212497ca0d851e96c802fd0d074b6841bf8b771041dafd5b07ae109bb155cb,SHA256_READ,metadata_or_audit
audits/formal__team_original_scratch__seed44/cohort_normalization_audit.json,717649,0dfcca4c0cf27dcd50ff79c88e7339726d87f640eeabfd7205d124b410adebe1,SHA256_READ,metadata_or_audit
audits/formal__team_original_scratch__seed44/data_split_audit.json,6751,9eb4f7f3217774a34aed388297aeefbfb79302ca40dee57967c9e58f88bffe5c,SHA256_READ,metadata_or_audit
audits/formal__team_original_scratch__seed44/model_interface_audit.json,7908,a117332c59529df1388a57f3bec9d36ed33d880cd15bd0bc2d546b992f39c9a9,SHA256_READ,metadata_or_audit
audits/formal__team_original_scratch__seed44/model_time_support.csv,41219047,19bc4ae10d813c6ba559cfb8a4906099e6bd11975f7b8774bda0466b42ff26f3,SHA256_READ,metadata_or_audit
audits/formal__team_original_scratch__seed44/protocol.lock.json,809235,a0f6458677076243ec1fbb319ccd20ee4bd69fbdf5471d9dbcb10e71f8cece88,SHA256_READ,metadata_or_audit
audits/formal__team_original_scratch__seed44/query_independence_audit.json,235,f5beaa4919e8f516c1d1e2799c062bf8a7aad2caa1c27426f116ee5b42be10ee,SHA256_READ,metadata_or_audit
audits/formal__team_original_scratch__seed44/random_validation_times_manifest.csv,151072,c410b966b0a0eab72f7dc924aa313da4a43c62d46bd364bc8b6e8ddacba86d68,SHA256_READ,metadata_or_audit
audits/formal__team_original_scratch__seed44/runtime.json,1091,1d03c35cb321d6169793e91bf8412c365bd1c69e165c2e52a223a9bb52fde966,SHA256_READ,metadata_or_audit
audits/formal__team_original_scratch__seed44/sampler_distribution_audit.json,802,d70f009d39616d98d58631c3415c7d96df806e352a0e3786a8f4592328fb2f90,SHA256_READ,metadata_or_audit
audits/formal__team_original_scratch__seed44/validation_population.csv.gz,848762,1703c5fde8e119b583f89bb236cf2bfbddde255a2e29c3c9395f3ef966f4a035,SHA256_READ,metadata_or_audit
audits/pilot__eqt_pretrained_frozen__seed42/capability_manifest.json,4112,7fba6f49366710fe17985cef4b501923bde092d38d79eda8aded51c015b1f616,SHA256_READ,metadata_or_audit
audits/pilot__eqt_pretrained_frozen__seed42/causal_boundary_audit.json,508,6a2caa055f7a6ba22000ee84e6a376970e193b0318e84944fafebed229faad46,SHA256_READ,metadata_or_audit
audits/pilot__eqt_pretrained_frozen__seed42/cohort_exclusions.csv,121,024101e74403d55f017e04ac82c5dc8961c9018d3b5fdbfc87939e9ecf7bb249,SHA256_READ,metadata_or_audit
audits/pilot__eqt_pretrained_frozen__seed42/cohort_normalization_audit.json,1978,5382f81fbbd918d4868ff5ce0a760e65089badd9c0620220d50ad7b5a0161e85,SHA256_READ,metadata_or_audit
audits/pilot__eqt_pretrained_frozen__seed42/data_split_audit.json,6751,9eb4f7f3217774a34aed388297aeefbfb79302ca40dee57967c9e58f88bffe5c,SHA256_READ,metadata_or_audit
audits/pilot__eqt_pretrained_frozen__seed42/model_interface_audit.json,7093,7902df271f24a684b37125e16755f39da517dc3a3dd29276e0549b1223461bb5,SHA256_READ,metadata_or_audit
audits/pilot__eqt_pretrained_frozen__seed42/model_time_support.csv,87023,832027288dfa28914f4116e64aade5625710561dc4c0b5ed228d6b60eb35a9bd,SHA256_READ,metadata_or_audit
audits/pilot__eqt_pretrained_frozen__seed42/pretrained_manifest.json,4390,6252debf5185283f183dca9fed4b22c2a1a809746cfd0cc82dc5699a9c28609e,SHA256_READ,metadata_or_audit
audits/pilot__eqt_pretrained_frozen__seed42/protocol.lock.json,10651,5a3fabb65841d643f6fe4f0d3d4ab13c604bf13d1cb06a96b28edbb7bc84f9c6,SHA256_READ,metadata_or_audit
audits/pilot__eqt_pretrained_frozen__seed42/query_independence_audit.json,236,6abf9a95f5b2bba7b423708d7b8b4f6319b35e04e136687cf088913a6e61d971,SHA256_READ,metadata_or_audit
audits/pilot__eqt_pretrained_frozen__seed42/random_validation_times_manifest.csv,729,e61e2ee47e5d105169afbfcd6dc6baada4bd9b4243e623ffab0126a691091f9f,SHA256_READ,metadata_or_audit
audits/pilot__eqt_pretrained_frozen__seed42/runtime.json,1088,1d35e215d09149284a17cc43181ed143ace20b1e7c8b4f58acc4e00bdac8246c,SHA256_READ,metadata_or_audit
audits/pilot__eqt_pretrained_frozen__seed42/sampler_distribution_audit.json,801,07dc6b52530366c5b68b1c2970f9966cb3d6bcd4c49fa6ab7e964effaa115704,SHA256_READ,metadata_or_audit
audits/pilot__eqt_pretrained_frozen__seed42/validation_population.csv.gz,4050,831b1a644a437686a0379e4dc2bd4db0a0b629f1a0c51250e0bf2fcd831c81e0,SHA256_READ,metadata_or_audit
audits/pilot__phasenet_pretrained_frozen__seed42/capability_manifest.json,4112,65c53e7dfadd8e7907b3b047da87ce658f572c5a5eb17e6f69dc0a7007bbdf4b,SHA256_READ,metadata_or_audit
audits/pilot__phasenet_pretrained_frozen__seed42/causal_boundary_audit.json,510,c21ef4c3c312cdb5de1a3a3076f7cc250dd2e13f1e9071c68c49dbaf501bdf6a,SHA256_READ,metadata_or_audit
audits/pilot__phasenet_pretrained_frozen__seed42/cohort_exclusions.csv,121,024101e74403d55f017e04ac82c5dc8961c9018d3b5fdbfc87939e9ecf7bb249,SHA256_READ,metadata_or_audit
audits/pilot__phasenet_pretrained_frozen__seed42/cohort_normalization_audit.json,1978,5382f81fbbd918d4868ff5ce0a760e65089badd9c0620220d50ad7b5a0161e85,SHA256_READ,metadata_or_audit
audits/pilot__phasenet_pretrained_frozen__seed42/data_split_audit.json,6751,9eb4f7f3217774a34aed388297aeefbfb79302ca40dee57967c9e58f88bffe5c,SHA256_READ,metadata_or_audit
audits/pilot__phasenet_pretrained_frozen__seed42/model_interface_audit.json,7093,975936e28811a36f1dbcf9e9168b7015c56714647461f4f9439e9b5555701f10,SHA256_READ,metadata_or_audit
audits/pilot__phasenet_pretrained_frozen__seed42/model_time_support.csv,87023,832027288dfa28914f4116e64aade5625710561dc4c0b5ed228d6b60eb35a9bd,SHA256_READ,metadata_or_audit
audits/pilot__phasenet_pretrained_frozen__seed42/pretrained_manifest.json,4390,6252debf5185283f183dca9fed4b22c2a1a809746cfd0cc82dc5699a9c28609e,SHA256_READ,metadata_or_audit
audits/pilot__phasenet_pretrained_frozen__seed42/protocol.lock.json,10623,2b81db886d870e1063d119fbdbe1e8fb0321b6ec78267bf63704433c9ea30eb9,SHA256_READ,metadata_or_audit
audits/pilot__phasenet_pretrained_frozen__seed42/query_independence_audit.json,235,dcb63f48ac63d224c55dd8554bce49dd01489d1f9a3a09669a4dd50b1c17fb3c,SHA256_READ,metadata_or_audit
audits/pilot__phasenet_pretrained_frozen__seed42/random_validation_times_manifest.csv,729,e61e2ee47e5d105169afbfcd6dc6baada4bd9b4243e623ffab0126a691091f9f,SHA256_READ,metadata_or_audit
audits/pilot__phasenet_pretrained_frozen__seed42/runtime.json,1098,04b8bea7cdfc3c31140b3a51ee1ad725e09dcf2bb611aaf14974cd468f9c0cb7,SHA256_READ,metadata_or_audit
audits/pilot__phasenet_pretrained_frozen__seed42/sampler_distribution_audit.json,768,7cf0ebbab0035f0f0a0d60567c1afa06958086b5e7a1e3d3496e4b847247b7dc,SHA256_READ,metadata_or_audit
audits/pilot__phasenet_pretrained_frozen__seed42/validation_population.csv.gz,4050,831b1a644a437686a0379e4dc2bd4db0a0b629f1a0c51250e0bf2fcd831c81e0,SHA256_READ,metadata_or_audit
audits/pilot__team_original_scratch__seed42/capability_manifest.json,4113,20ef2690d98ca079fb894b98afbd18286d4f8ef46aaed6ebacbbe8030e68e5a7,SHA256_READ,metadata_or_audit
audits/pilot__team_original_scratch__seed42/causal_boundary_audit.json,510,0823cf353a53675839ddad3944decfbde13cb03162c1a2df1435eac99214b16d,SHA256_READ,metadata_or_audit
audits/pilot__team_original_scratch__seed42/cohort_exclusions.csv,121,024101e74403d55f017e04ac82c5dc8961c9018d3b5fdbfc87939e9ecf7bb249,SHA256_READ,metadata_or_audit
audits/pilot__team_original_scratch__seed42/cohort_normalization_audit.json,1978,5382f81fbbd918d4868ff5ce0a760e65089badd9c0620220d50ad7b5a0161e85,SHA256_READ,metadata_or_audit
audits/pilot__team_original_scratch__seed42/data_split_audit.json,6751,9eb4f7f3217774a34aed388297aeefbfb79302ca40dee57967c9e58f88bffe5c,SHA256_READ,metadata_or_audit
audits/pilot__team_original_scratch__seed42/model_interface_audit.json,7908,1d7b55c3773a986a117d9ae41a429ea7783c02facd5f849d4a947e663613b66e,SHA256_READ,metadata_or_audit
audits/pilot__team_original_scratch__seed42/model_time_support.csv,87023,832027288dfa28914f4116e64aade5625710561dc4c0b5ed228d6b60eb35a9bd,SHA256_READ,metadata_or_audit
audits/pilot__team_original_scratch__seed42/protocol.lock.json,10590,334810aa4843340c18127bb8ce129c44dcda7686c2807159b3caa0a737619b87,SHA256_READ,metadata_or_audit
audits/pilot__team_original_scratch__seed42/query_independence_audit.json,236,5b77f17cd05f98d592bc372bc054de8936e381e79a065fe4549a84c46c45df55,SHA256_READ,metadata_or_audit
audits/pilot__team_original_scratch__seed42/random_validation_times_manifest.csv,729,e61e2ee47e5d105169afbfcd6dc6baada4bd9b4243e623ffab0126a691091f9f,SHA256_READ,metadata_or_audit
audits/pilot__team_original_scratch__seed42/runtime.json,916,4c3f315ea45eacf5d08a2a32c6f4eb96e570636650c1723e1ceba038a2a1bcdd,SHA256_READ,metadata_or_audit
audits/pilot__team_original_scratch__seed42/sampler_distribution_audit.json,802,d70f009d39616d98d58631c3415c7d96df806e352a0e3786a8f4592328fb2f90,SHA256_READ,metadata_or_audit
audits/pilot__team_original_scratch__seed42/validation_population.csv.gz,4050,ceb1a95e9b5190323599b01da259b16597b3e0497a8e3e72ac3848364021df40,SHA256_READ,metadata_or_audit
formal__eqt_pretrained_frozen__seed42/epoch0001_20261002T065001332426_rank0.json,313,fc11b98b7e399d3b8b1d58dbdc77fb766b7352be9b3d48b970e912856ff6ea96,SHA256_READ,metadata_or_audit
formal__eqt_pretrained_frozen__seed42/epoch0002_20261002T065001332426_rank0.json,314,d3a48422c483044451d0c47366fe0f63b22dab094767f1715ed6b46c4489fb47,SHA256_READ,metadata_or_audit
formal__eqt_pretrained_frozen__seed42/epoch0003_20261002T065001332426_rank0.json,315,fb55962519f322f9dd8d3eac4b0396e92d6beab2e2dd2226f4e9dec914ef9065,SHA256_READ,metadata_or_audit
formal__eqt_pretrained_frozen__seed42/epoch0004_20261002T065001332426_rank0.json,311,01433f847d79452f599e516913b4d49cf89fd8f9001d75a37081ded467fc3460,SHA256_READ,metadata_or_audit
formal__eqt_pretrained_frozen__seed42/epoch0005_20261002T065001332426_rank0.json,315,fdff914ccc67cd08f2823b675d094d0bbc44214848e0a4eefd4b7c65024d5a09,SHA256_READ,metadata_or_audit
formal__eqt_pretrained_frozen__seed42/epoch0006_20261002T065001332426_rank0.json,317,b8f74b5b739b95e50ba4c27d83641d7ca5d138eec21b165d4edecd32cd4f90a3,SHA256_READ,metadata_or_audit
formal__eqt_pretrained_frozen__seed42/epoch0007_20261002T065001332426_rank0.json,316,ea291dc281e44e442c0656cbefe6c582f4bbaf4f8833697511974daf2c972622,SHA256_READ,metadata_or_audit
formal__eqt_pretrained_frozen__seed42/epoch0008_20261002T065001332426_rank0.json,316,ad3a549361d51f2d9efd2744e2c219533779588dad2bf133e886c62b3e0bce8d,SHA256_READ,metadata_or_audit
formal__eqt_pretrained_frozen__seed42/epoch0009_20261002T065001332426_rank0.json,316,acf5d1a231feccef00adcc0df109333a3396069982029aa77cfccaa352f72be6,SHA256_READ,metadata_or_audit
formal__eqt_pretrained_frozen__seed42/epoch0010_20261002T065001332426_rank0.json,317,aa0874193532c5a6821de2861c413bc9e89d0474e9d30a731b7204a68e1391d5,SHA256_READ,metadata_or_audit
formal__eqt_pretrained_frozen__seed42/epoch0011_20261002T065001332426_rank0.json,317,996c67505d37709d8947e1f4e3c307e40a59e61af3d83100ec6932adeb43aa60,SHA256_READ,metadata_or_audit
formal__eqt_pretrained_frozen__seed42/epoch0012_20261002T065001332426_rank0.json,299,053808502e3bc0038fc5541dc7fe24c4d83e50398ec7a45801aaad8e4889ccad,SHA256_READ,metadata_or_audit
formal__eqt_pretrained_frozen__seed42/model_interface_audit.json,7093,7902df271f24a684b37125e16755f39da517dc3a3dd29276e0549b1223461bb5,SHA256_READ,metadata_or_audit
formal__eqt_pretrained_frozen__seed42/protocol.lock.json,809296,6bd214104c1a98b9deb8aae41aa10c111d363ec5247db6ccaaaaf925e4ea4602,SHA256_READ,metadata_or_audit
formal__eqt_pretrained_frozen__seed42/resolved_config.json,724106,70df1271936f39a8a070298ebcad6c2ed8e0c643a9d16f0642e648adb8f0c34c,SHA256_READ,metadata_or_audit
formal__eqt_pretrained_frozen__seed42/runtime.json,894,b3c7bff22e3f692a55c4b8a35e33a73f6d417189b42efcaf54645b093415e3ed,SHA256_READ,metadata_or_audit
formal__eqt_pretrained_frozen__seed42/runtime_20261002T065001332426_rank0.json,894,96beac8324bbfe6e09c852adb026193587a7c2add9da7c8a2d0dde188f80af41,SHA256_READ,metadata_or_audit
formal__eqt_pretrained_frozen__seed42/sample_journals/epoch0001_20261002T065000480930_rank1.jsonl,4621679,636b3714abb247db2bd651d685a111372d4935b2d9085f7c2b89a3b233eeaa53,SHA256_READ,sample_journal
formal__eqt_pretrained_frozen__seed42/sample_journals/epoch0001_20261002T065000482320_rank2.jsonl,4511744,e220624eb9228407b9aa23eb254c0e7e1a90792a91b316ae7490fb87745faacb,SHA256_READ,sample_journal
formal__eqt_pretrained_frozen__seed42/sample_journals/epoch0001_20261002T065000482724_rank7.jsonl,4651191,c735da3a03423e1fbb49a81362eb6bd334bcc9274bee02cb2bb5f14057930ed0,SHA256_READ,sample_journal
formal__eqt_pretrained_frozen__seed42/sample_journals/epoch0001_20261002T065000482787_rank5.jsonl,4709363,16eb26b4f64f721dd36df1ab010de6490c743b1a047b405a7e884dcb956597db,SHA256_READ,sample_journal
formal__eqt_pretrained_frozen__seed42/sample_journals/epoch0001_20261002T065000484066_rank4.jsonl,4533815,3261d2e32f911d0fe39639e59e6fd7a737412e71e88dd8aa8b4175011f5b9d7c,SHA256_READ,sample_journal
formal__eqt_pretrained_frozen__seed42/sample_journals/epoch0001_20261002T065000484498_rank6.jsonl,4600157,abef2a06eb9c7ccd50c9e4a083603c3bf5d91ad8ed8e8417784f3ac2c70d6f15,SHA256_READ,sample_journal
formal__eqt_pretrained_frozen__seed42/sample_journals/epoch0001_20261002T065000488842_rank3.jsonl,4587971,5d9d60db559b6af71a74da21c4d356752a93c0acab3091b95b5788e22ddafd8d,SHA256_READ,sample_journal
formal__eqt_pretrained_frozen__seed42/sample_journals/epoch0001_20261002T065000489286_rank10.jsonl,4604202,c495e92e8db297179ed259fc52457dd3c97e3c3fb8d8f5619d1bf493f5c0b2f8,SHA256_READ,sample_journal
formal__eqt_pretrained_frozen__seed42/sample_journals/epoch0001_20261002T065000489341_rank11.jsonl,4624449,19aa43434d4b11aea28353c446d0bdb1a12aa4944e4a6249eb2acb99dadc552b,SHA256_READ,sample_journal
formal__eqt_pretrained_frozen__seed42/sample_journals/epoch0001_20261002T065000493468_rank8.jsonl,4628157,763ebdc05fe6d8f0989969a72fd51a5691e92ea28328f609dd02d252d0b568e7,SHA256_READ,sample_journal
formal__eqt_pretrained_frozen__seed42/sample_journals/epoch0001_20261002T065000501679_rank9.jsonl,4645992,0b22bd3174739b11d393480ea46483d3b5bd8d27e249f3508a47f3ad1f48ecbb,SHA256_READ,sample_journal
formal__eqt_pretrained_frozen__seed42/sample_journals/epoch0001_20261002T065000509409_rank15.jsonl,4562628,b0a4db4951fcb64a6f36a562fb5a0220f5695c9885399a7b0b5f13075b594062,SHA256_READ,sample_journal
formal__eqt_pretrained_frozen__seed42/sample_journals/epoch0001_20261002T065000509463_rank14.jsonl,4554030,9f857cae724cbcd3c1969781afe8d8576bbebb95def83a1061a1e89fcf7161f0,SHA256_READ,sample_journal
formal__eqt_pretrained_frozen__seed42/sample_journals/epoch0001_20261002T065000509480_rank13.jsonl,4612321,c94c7e7c365cee81589fcd1ec22ff14d18444cf2c8d2fa81b557731ecbf0548f,SHA256_READ,sample_journal
formal__eqt_pretrained_frozen__seed42/sample_journals/epoch0001_20261002T065000509505_rank12.jsonl,4619374,4e7532f7cb55f7bc96799cd73299fc249436aa1388e40389033cfac83815b1f2,SHA256_READ,sample_journal
formal__eqt_pretrained_frozen__seed42/sample_journals/epoch0001_20261002T065001332426_rank0.jsonl,4632453,0be008cd7cddeaf7293fa55a37b474f4257ac6710ece4e262764741303cce1bb,SHA256_READ,sample_journal
formal__eqt_pretrained_frozen__seed42/sample_journals/epoch0002_20261002T065000480930_rank1.jsonl,4673322,8b0f75e9eaa307768fb5891eebecd014538323768467b940bb09e2d7f25cdde6,SHA256_READ,sample_journal
formal__eqt_pretrained_frozen__seed42/sample_journals/epoch0002_20261002T065000482320_rank2.jsonl,4563770,68a24108ec911f3cc18ee0900dad6edc9646d5a8775c0d62ddf2898c0f21db58,SHA256_READ,sample_journal
formal__eqt_pretrained_frozen__seed42/sample_journals/epoch0002_20261002T065000482724_rank7.jsonl,4699160,99e1b28429f91ceefb7f415c0f7e77208da23f4e18466679e59b983fe0328ac4,SHA256_READ,sample_journal
formal__eqt_pretrained_frozen__seed42/sample_journals/epoch0002_20261002T065000482787_rank5.jsonl,4564871,2bf66615d66ecd8e5ffd6bad21834d9423c86b89a6aafcaa9e68224f2c103b98,SHA256_READ,sample_journal
formal__eqt_pretrained_frozen__seed42/sample_journals/epoch0002_20261002T065000484066_rank4.jsonl,4589273,fac6f6e7c7408ce08819594f13234d3d19d8babf3a152d7b0a88189fab0d6710,SHA256_READ,sample_journal
formal__eqt_pretrained_frozen__seed42/sample_journals/epoch0002_20261002T065000484498_rank6.jsonl,4589721,04aa784687053e638ab43bc5a0e4a488cc1118d1a1964da77ed660d676439e24,SHA256_READ,sample_journal
formal__eqt_pretrained_frozen__seed42/sample_journals/epoch0002_20261002T065000488842_rank3.jsonl,4557324,faf077b63c181e9162914c600144573aed0992f9df4217c831fa616ee079f886,SHA256_READ,sample_journal
formal__eqt_pretrained_frozen__seed42/sample_journals/epoch0002_20261002T065000489286_rank10.jsonl,4637925,a6bed681ec3de886e8c615787b667c93fed0ea502083de3fc043ce76db138fbf,SHA256_READ,sample_journal
formal__eqt_pretrained_frozen__seed42/sample_journals/epoch0002_20261002T065000489341_rank11.jsonl,4677235,8eaba33aca9ebe2d10127355ca2dbc0cfb06d4a5011a68705c9a0fd699e83451,SHA256_READ,sample_journal
formal__eqt_pretrained_frozen__seed42/sample_journals/epoch0002_20261002T065000493468_rank8.jsonl,4616326,4d5380f358edeeb66f57e20299550646a810fe0d87dc6c1f6c1b7eea13c5eb66,SHA256_READ,sample_journal
formal__eqt_pretrained_frozen__seed42/sample_journals/epoch0002_20261002T065000501679_rank9.jsonl,4600424,e4d0057f8e934f52309d56d93e78ab10b2ab18caefc3f32c07f26fe95dc3f148,SHA256_READ,sample_journal
formal__eqt_pretrained_frozen__seed42/sample_journals/epoch0002_20261002T065000509409_rank15.jsonl,4634775,f27c1773ea178ba7fbfe3e9eac17cee9ebf77bf5a852101cdaf4da2e97c0a407,SHA256_READ,sample_journal
formal__eqt_pretrained_frozen__seed42/sample_journals/epoch0002_20261002T065000509463_rank14.jsonl,4634594,d21ac28cb419af1f420cd00063463a4e75213f5996082f97fcc08d77a46aed03,SHA256_READ,sample_journal
formal__eqt_pretrained_frozen__seed42/sample_journals/epoch0002_20261002T065000509480_rank13.jsonl,4604527,057eca2c06ae7735e97014636d307eda5e3d13d0aa3f9e1c5c51140a1d631857,SHA256_READ,sample_journal
formal__eqt_pretrained_frozen__seed42/sample_journals/epoch0002_20261002T065000509505_rank12.jsonl,4554035,5db99eed1d344d344b51f3f0afbf4b4a7399522276f5a903549a956a55a3aa52,SHA256_READ,sample_journal
formal__eqt_pretrained_frozen__seed42/sample_journals/epoch0002_20261002T065001332426_rank0.jsonl,4557249,8ec561fd8c6d06dba98a805ad20c7f13d14f48d05cff321ab87345239d8e5603,SHA256_READ,sample_journal
formal__eqt_pretrained_frozen__seed42/sample_journals/epoch0003_20261002T065000480930_rank1.jsonl,4626189,31fe1be2061496291f3da22f402a6d9190365007fbd68063f8299cf796d8bff8,SHA256_READ,sample_journal
formal__eqt_pretrained_frozen__seed42/sample_journals/epoch0003_20261002T065000482320_rank2.jsonl,4559044,2a66f36e3a73024b7be99e7b4c42330bd2975226f6de35b4fa85ef3d09711c4b,SHA256_READ,sample_journal
formal__eqt_pretrained_frozen__seed42/sample_journals/epoch0003_20261002T065000482724_rank7.jsonl,4682378,c0f5bc4c4cc4a628b07120114e43b2da357e4fa719ffde53957c2cadf80f99e8,SHA256_READ,sample_journal
formal__eqt_pretrained_frozen__seed42/sample_journals/epoch0003_20261002T065000482787_rank5.jsonl,4596770,45e7cbb35c0b709e6ab9633b04ab9e675d645ae4e9b94a6109adce541f491043,SHA256_READ,sample_journal
formal__eqt_pretrained_frozen__seed42/sample_journals/epoch0003_20261002T065000484066_rank4.jsonl,4631285,2225279f5a9e2a4c04432a45c9c073f226ac0c3373ef0d44cea78b9ac04e5921,SHA256_READ,sample_journal
formal__eqt_pretrained_frozen__seed42/sample_journals/epoch0003_20261002T065000484498_rank6.jsonl,4614884,883714336234a029532a23411e9247f8afd388c3e17eb5f43d187784672792b5,SHA256_READ,sample_journal
formal__eqt_pretrained_frozen__seed42/sample_journals/epoch0003_20261002T065000488842_rank3.jsonl,4591304,1400219fc9143ad4c7c166feb7dc53f7f8fa9750218b1e313699c8c9afa43dd1,SHA256_READ,sample_journal
formal__eqt_pretrained_frozen__seed42/sample_journals/epoch0003_20261002T065000489286_rank10.jsonl,4628899,cca90cb6c9502d553045847345140f8ff03e3b87cd7210167a646a4dba49059f,SHA256_READ,sample_journal
formal__eqt_pretrained_frozen__seed42/sample_journals/epoch0003_20261002T065000489341_rank11.jsonl,4565952,00fa4fe44ec2d8a94042b49656909f94c22457d5a3dd9dc55c2659d93ac43db5,SHA256_READ,sample_journal
formal__eqt_pretrained_frozen__seed42/sample_journals/epoch0003_20261002T065000493468_rank8.jsonl,4621416,c897539945198ebb3d4729959fbb4222aaa0a216e88ff404421243c1b9497ef5,SHA256_READ,sample_journal
formal__eqt_pretrained_frozen__seed42/sample_journals/epoch0003_20261002T065000501679_rank9.jsonl,4607863,2dc62d0ece4205bceacb7ad855800c575293fae9f215db976983e0327cb8faf8,SHA256_READ,sample_journal
formal__eqt_pretrained_frozen__seed42/sample_journals/epoch0003_20261002T065000509409_rank15.jsonl,4587510,cb50d366736f921ea7b92b91ef65d6f2b599ea35b1c04501a28859e7261a5a0b,SHA256_READ,sample_journal
formal__eqt_pretrained_frozen__seed42/sample_journals/epoch0003_20261002T065000509463_rank14.jsonl,4601418,ea85e2ad28eabb2d9a1a3196642bc8a539da747283f0a6306470b2c7bfbcf22d,SHA256_READ,sample_journal
formal__eqt_pretrained_frozen__seed42/sample_journals/epoch0003_20261002T065000509480_rank13.jsonl,4664083,4178706b0a7908bdc27fca58a0a9a2844c0963cc13d8fe142da4da4801391916,SHA256_READ,sample_journal
formal__eqt_pretrained_frozen__seed42/sample_journals/epoch0003_20261002T065000509505_rank12.jsonl,4541651,85b6511a391de19ada0336242ddbf4ecc85d824902a7368bf168e01a7adc1856,SHA256_READ,sample_journal
formal__eqt_pretrained_frozen__seed42/sample_journals/epoch0003_20261002T065001332426_rank0.jsonl,4663698,1774b36219850463ebcb9c64ad527f131f6677c0238e8bc1741a73dbcbd076ef,SHA256_READ,sample_journal
formal__eqt_pretrained_frozen__seed42/sample_journals/epoch0004_20261002T065000480930_rank1.jsonl,4689129,ee393c751c8fbccc0af5549011739bacaf93a27cf02d4b7122262635b5ba9190,SHA256_READ,sample_journal
formal__eqt_pretrained_frozen__seed42/sample_journals/epoch0004_20261002T065000482320_rank2.jsonl,4560395,2689035985e3b47f31d4c665167408874b460543c7537b3dca9ea80ef84f320d,SHA256_READ,sample_journal
formal__eqt_pretrained_frozen__seed42/sample_journals/epoch0004_20261002T065000482724_rank7.jsonl,4579590,d85173cac50e2a9863fa885315ed162028c9efb5a0e72939e29c955575a8a675,SHA256_READ,sample_journal
formal__eqt_pretrained_frozen__seed42/sample_journals/epoch0004_20261002T065000482787_rank5.jsonl,4670838,6ab855581fd2a489cece3e6c2bb84985afdcf05aada70181176726be01ab0a91,SHA256_READ,sample_journal
formal__eqt_pretrained_frozen__seed42/sample_journals/epoch0004_20261002T065000484066_rank4.jsonl,4641466,6e34ded383755da5361e2c32e7638fb60738b86fa3504383d1d73fb11c5b4f65,SHA256_READ,sample_journal
formal__eqt_pretrained_frozen__seed42/sample_journals/epoch0004_20261002T065000484498_rank6.jsonl,4616491,611840deeedfb9b970da72b5a866b18fdf1b4f21a16f6d88b1528c063c0b7ea2,SHA256_READ,sample_journal
formal__eqt_pretrained_frozen__seed42/sample_journals/epoch0004_20261002T065000488842_rank3.jsonl,4526113,73d649a5ee52ede666e06fb95c734aaebaddf45f42aa1a1d97e0ad35ded39513,SHA256_READ,sample_journal
formal__eqt_pretrained_frozen__seed42/sample_journals/epoch0004_20261002T065000489286_rank10.jsonl,4678783,cfd26e5a18d24bf75d26282128704c838ef2b0b3d163c95d68c3e26b2c5474f4,SHA256_READ,sample_journal
formal__eqt_pretrained_frozen__seed42/sample_journals/epoch0004_20261002T065000489341_rank11.jsonl,4564117,3212f31362482bba0bdd48af94a5da976cc98e30d7731ca0ce3780ff780fb522,SHA256_READ,sample_journal
formal__eqt_pretrained_frozen__seed42/sample_journals/epoch0004_20261002T065000493468_rank8.jsonl,4645924,2075720f54dea96df7af3f9b7967b0a782fc703b1ba61f591051d334b45f0aef,SHA256_READ,sample_journal
formal__eqt_pretrained_frozen__seed42/sample_journals/epoch0004_20261002T065000501679_rank9.jsonl,4547994,e0a924ecbe8bbc266efe504627fc49bc32535920cfd26148ef4837f8d96b4f07,SHA256_READ,sample_journal
formal__eqt_pretrained_frozen__seed42/sample_journals/epoch0004_20261002T065000509409_rank15.jsonl,4566911,1f1b5c2954b834c50467e2b7d6df636e8a68d1f9a2af9025a76b64f0b89ec564,SHA256_READ,sample_journal
formal__eqt_pretrained_frozen__seed42/sample_journals/epoch0004_20261002T065000509463_rank14.jsonl,4647756,b53fe322e2d0ccf99694441498faa663dc22a1a49145da99bc4af6b97f010366,SHA256_READ,sample_journal
formal__eqt_pretrained_frozen__seed42/sample_journals/epoch0004_20261002T065000509480_rank13.jsonl,4604915,c592e579bcb399017a7c237cb821e885c1da06cd0d5b9f46a12acc6ab0dc3e8a,SHA256_READ,sample_journal
formal__eqt_pretrained_frozen__seed42/sample_journals/epoch0004_20261002T065000509505_rank12.jsonl,4622376,62d07a6bfc2df7e3cda9574da4bce33977425c512aa8ed1507275db5f234ff3c,SHA256_READ,sample_journal
formal__eqt_pretrained_frozen__seed42/sample_journals/epoch0004_20261002T065001332426_rank0.jsonl,4592684,a3942863a5f48ec9c78c49125e8d452032e538f0095f97259aac5a7934a97f94,SHA256_READ,sample_journal
formal__eqt_pretrained_frozen__seed42/sample_journals/epoch0005_20261002T065000480930_rank1.jsonl,4570602,276c5db62f974161e1add134544b042929ab0d5027829a22671086862f764c5c,SHA256_READ,sample_journal
formal__eqt_pretrained_frozen__seed42/sample_journals/epoch0005_20261002T065000482320_rank2.jsonl,4661940,206ca9095cd98def4c3e0e205ec3eefe507b2eb9a9813e88d928f709b76b9e7f,SHA256_READ,sample_journal
formal__eqt_pretrained_frozen__seed42/sample_journals/epoch0005_20261002T065000482724_rank7.jsonl,4571682,45f549a5b3198eea813f91c653fcfdfff42274338908242e503a665e4e2d1f2b,SHA256_READ,sample_journal
formal__eqt_pretrained_frozen__seed42/sample_journals/epoch0005_20261002T065000482787_rank5.jsonl,4571896,5ae35f2474fe48118c79104d1ff06d9136cebfd8b047393af775c3bcae4c9d18,SHA256_READ,sample_journal
formal__eqt_pretrained_frozen__seed42/sample_journals/epoch0005_20261002T065000484066_rank4.jsonl,4699651,a00a6696a8aaf52abe5c96e86d9b873cd408f499c029c0a7b0e31b9805df6097,SHA256_READ,sample_journal
formal__eqt_pretrained_frozen__seed42/sample_journals/epoch0005_20261002T065000484498_rank6.jsonl,4655487,64fabf9ac7dca474d0bd32f603437b4368a3329d94cb346f74f5085c43c29a6b,SHA256_READ,sample_journal
formal__eqt_pretrained_frozen__seed42/sample_journals/epoch0005_20261002T065000488842_rank3.jsonl,4637748,0127ac3f068c87460939d55174a59057f9e8b5d4df7c0784c160abb8482452df,SHA256_READ,sample_journal
formal__eqt_pretrained_frozen__seed42/sample_journals/epoch0005_20261002T065000489286_rank10.jsonl,4591043,90e04eec283989f4f3bc51a21171fe3b30e820b5c9506216e4f0c734c29eda91,SHA256_READ,sample_journal
formal__eqt_pretrained_frozen__seed42/sample_journals/epoch0005_20261002T065000489341_rank11.jsonl,4634823,833fc411c44faf32a8ee06e606d7aa7822021a740b1da6c6f46a2ddac47375c9,SHA256_READ,sample_journal
formal__eqt_pretrained_frozen__seed42/sample_journals/epoch0005_20261002T065000493468_rank8.jsonl,4613831,b475a3117fdf2469c2ae8fbec76fd9cfb8c4e7f827717be5e9c379101c349e87,SHA256_READ,sample_journal
formal__eqt_pretrained_frozen__seed42/sample_journals/epoch0005_20261002T065000501679_rank9.jsonl,4543768,262ada9d066336f2c8321c2cadfb86173da402b2783fe82703506860bf65ec50,SHA256_READ,sample_journal
formal__eqt_pretrained_frozen__seed42/sample_journals/epoch0005_20261002T065000509409_rank15.jsonl,4631232,3fd3a73fde2471834846e668edcc960cfd1e7b75c8819b892909609658fdef91,SHA256_READ,sample_journal
formal__eqt_pretrained_frozen__seed42/sample_journals/epoch0005_20261002T065000509463_rank14.jsonl,4642949,4149629de5a1509d3e31175d45270fc4239cdc2d24f6503162bf7536ba429d87,SHA256_READ,sample_journal
formal__eqt_pretrained_frozen__seed42/sample_journals/epoch0005_20261002T065000509480_rank13.jsonl,4581688,1752f341b02525b77227b6b116257aefad6952d985a47668596f3870043abb83,SHA256_READ,sample_journal
formal__eqt_pretrained_frozen__seed42/sample_journals/epoch0005_20261002T065000509505_rank12.jsonl,4566317,aa6d50194871cd6952e3f2ab807ab658495f2dca1b07d90042611862f492b355,SHA256_READ,sample_journal
formal__eqt_pretrained_frozen__seed42/sample_journals/epoch0005_20261002T065001332426_rank0.jsonl,4522825,3d21d88af2a3c45d22fa833ada818b1a975e7ad96a07a621fee14f5e1c8b4432,SHA256_READ,sample_journal
formal__eqt_pretrained_frozen__seed42/sample_journals/epoch0006_20261002T065000480930_rank1.jsonl,4618935,45277cdb16b7485a85a070b623804aadc790949f898e3d87ce3ed835a14287ec,SHA256_READ,sample_journal
formal__eqt_pretrained_frozen__seed42/sample_journals/epoch0006_20261002T065000482320_rank2.jsonl,4663251,71a81338b44829a70aa0d59478a25dd60b4de831613e7414df2401537434d8d6,SHA256_READ,sample_journal
formal__eqt_pretrained_frozen__seed42/sample_journals/epoch0006_20261002T065000482724_rank7.jsonl,4663204,2be76ae03c2e16630842e4373972a1fe5ac8f895febe339a1379b15fda7053f8,SHA256_READ,sample_journal
formal__eqt_pretrained_frozen__seed42/sample_journals/epoch0006_20261002T065000482787_rank5.jsonl,4586271,ed6bae0f4ef90071d678872ffb0dab07200415ce059a5e3585c8fa9274ba8c16,SHA256_READ,sample_journal
formal__eqt_pretrained_frozen__seed42/sample_journals/epoch0006_20261002T065000484066_rank4.jsonl,4590291,108917b897e693e78f83f88bc6e1252dadd5a572994a976091f95f8483ddcdde,SHA256_READ,sample_journal
formal__eqt_pretrained_frozen__seed42/sample_journals/epoch0006_20261002T065000484498_rank6.jsonl,4588896,ed47f774d9d1e0ad0142d0610add2852c93d0e29a1f760e61f13ee15ab7cd97d,SHA256_READ,sample_journal
formal__eqt_pretrained_frozen__seed42/sample_journals/epoch0006_20261002T065000488842_rank3.jsonl,4630840,a2bb1894ab41a55e71b5755d04cb4fade3d64042f631640986ee858da11d6fc0,SHA256_READ,sample_journal
formal__eqt_pretrained_frozen__seed42/sample_journals/epoch0006_20261002T065000489286_rank10.jsonl,4541983,0249c08539bb9308678682afcb54025b8cb5b9e6529cf79138bc4082bfd11f3d,SHA256_READ,sample_journal
formal__eqt_pretrained_frozen__seed42/sample_journals/epoch0006_20261002T065000489341_rank11.jsonl,4641436,2f4087811df9a0ac0e2a5d07d846684b3eac9e0d1338c6e4416233f65a7eecf6,SHA256_READ,sample_journal
formal__eqt_pretrained_frozen__seed42/sample_journals/epoch0006_20261002T065000493468_rank8.jsonl,4589072,21b8a59f7b535091da84d01bf951ca4db7dbe9059a7e2691f2b7aa194f283bf2,SHA256_READ,sample_journal
formal__eqt_pretrained_frozen__seed42/sample_journals/epoch0006_20261002T065000501679_rank9.jsonl,4602413,eca3eb0fe2b795e18c02e668d9049458f35f471952bc9825775f246f110681e7,SHA256_READ,sample_journal
formal__eqt_pretrained_frozen__seed42/sample_journals/epoch0006_20261002T065000509409_rank15.jsonl,4620113,f30ab2968331f691dee132ef5ae82d6befca38f4a1b9713d787e9089defea565,SHA256_READ,sample_journal
formal__eqt_pretrained_frozen__seed42/sample_journals/epoch0006_20261002T065000509463_rank14.jsonl,4579763,556f210914a2a0764c0a1c91269f6b24daf54e5eff1c254298ebb5fee9889f1e,SHA256_READ,sample_journal
formal__eqt_pretrained_frozen__seed42/sample_journals/epoch0006_20261002T065000509480_rank13.jsonl,4616190,0a8f183814b46779ce2cc0f46bb931a3d5d015ab9c9bdd734671ee34504e7f62,SHA256_READ,sample_journal
formal__eqt_pretrained_frozen__seed42/sample_journals/epoch0006_20261002T065000509505_rank12.jsonl,4610352,f100b8950c9d05eca828c8f0ad3aaf7bbc8a2d7d9b1cf823ab1663cb84c8da89,SHA256_READ,sample_journal
formal__eqt_pretrained_frozen__seed42/sample_journals/epoch0006_20261002T065001332426_rank0.jsonl,4606594,46ec1ea98dff9d606b6c059c55f15fff81c9a25a587744ad08448e59762216df,SHA256_READ,sample_journal
formal__eqt_pretrained_frozen__seed42/sample_journals/epoch0007_20261002T065000480930_rank1.jsonl,4632756,cd5641a40b4d8402a6dab3010fb378dcc811e39251e57b6b0eeeda5ba6755b0e,SHA256_READ,sample_journal
formal__eqt_pretrained_frozen__seed42/sample_journals/epoch0007_20261002T065000482320_rank2.jsonl,4608582,8992b3461370b1a197b171a6c33eacdcbddf77b64bf27b45fa80061c616f295f,SHA256_READ,sample_journal
formal__eqt_pretrained_frozen__seed42/sample_journals/epoch0007_20261002T065000482724_rank7.jsonl,4603181,47a6cabceedcdebb2a8943a450e6277a3951073a0fa630e32a9a3f6c4dc988fb,SHA256_READ,sample_journal
formal__eqt_pretrained_frozen__seed42/sample_journals/epoch0007_20261002T065000482787_rank5.jsonl,4615778,f7cedcd4a2645097f8430da80e9daa38934c7befb73225a189555d192eb6e1a0,SHA256_READ,sample_journal
formal__eqt_pretrained_frozen__seed42/sample_journals/epoch0007_20261002T065000484066_rank4.jsonl,4665802,3802f38947f5fc93c5879eb1bdfa4a218809a6ad54d9c4afdecb747f22f2360f,SHA256_READ,sample_journal
formal__eqt_pretrained_frozen__seed42/sample_journals/epoch0007_20261002T065000484498_rank6.jsonl,4616067,7e7b97696cf2c72f132f904b30898e444f4cfef0bb99c80e2e0de8ba28ebe470,SHA256_READ,sample_journal
formal__eqt_pretrained_frozen__seed42/sample_journals/epoch0007_20261002T065000488842_rank3.jsonl,4541845,a3c18cc5a525ddc6f4566d470f4b75d0938ac703f49bb76e589952410d53b826,SHA256_READ,sample_journal
formal__eqt_pretrained_frozen__seed42/sample_journals/epoch0007_20261002T065000489286_rank10.jsonl,4660784,66d1ddf55c9ed92dc4c53d713d16740ae9c4b666471a22256aea25acc554912d,SHA256_READ,sample_journal
formal__eqt_pretrained_frozen__seed42/sample_journals/epoch0007_20261002T065000489341_rank11.jsonl,4576502,bc71afc4f9f0fa26bf3453e8019c12b2b41987d4e67542ea47eeda8387b35486,SHA256_READ,sample_journal
formal__eqt_pretrained_frozen__seed42/sample_journals/epoch0007_20261002T065000493468_rank8.jsonl,4583761,1ec46e5ca3f100880d7ad23d5c2abf978bd760dabc61b1886613692eed063a7f,SHA256_READ,sample_journal
formal__eqt_pretrained_frozen__seed42/sample_journals/epoch0007_20261002T065000501679_rank9.jsonl,4593941,419906c447f1fc851cb904ec262b998283df0889296ba40210d3924e84116039,SHA256_READ,sample_journal
formal__eqt_pretrained_frozen__seed42/sample_journals/epoch0007_20261002T065000509409_rank15.jsonl,4654766,8e1a85593afca4ef6fdccb820870b222a0c8a4434202a45f30cc7cb6b7574596,SHA256_READ,sample_journal
formal__eqt_pretrained_frozen__seed42/sample_journals/epoch0007_20261002T065000509463_rank14.jsonl,4662477,c0c440c6520546523f5a46ec3c6652b5832cb7a7aaad97b4739f8ed7d0702bed,SHA256_READ,sample_journal
formal__eqt_pretrained_frozen__seed42/sample_journals/epoch0007_20261002T065000509480_rank13.jsonl,4583795,fedea1729d963e462d026da8f8ac6bd0ef5750134ea0b448b2816638e7e8f29b,SHA256_READ,sample_journal
formal__eqt_pretrained_frozen__seed42/sample_journals/epoch0007_20261002T065000509505_rank12.jsonl,4722144,03f90dd0df01b249b5830c59da0174aa3ce69a3c95ab2a1e74539bd2c0ea16bf,SHA256_READ,sample_journal
formal__eqt_pretrained_frozen__seed42/sample_journals/epoch0007_20261002T065001332426_rank0.jsonl,4581382,ac577d07ea2464e661cb93be9a1caae89e81f7b1b09607bddeeb6de83f88fcd7,SHA256_READ,sample_journal
formal__eqt_pretrained_frozen__seed42/sample_journals/epoch0008_20261002T065000480930_rank1.jsonl,4566439,2a74657099a0ca0b69c084393432675635f3e77e5fa06b5d7aa96805c791ec2a,SHA256_READ,sample_journal
formal__eqt_pretrained_frozen__seed42/sample_journals/epoch0008_20261002T065000482320_rank2.jsonl,4535959,dd448a50218635c7c27b566e9458734c63e761f1a9925df7769e461c0afbd368,SHA256_READ,sample_journal
formal__eqt_pretrained_frozen__seed42/sample_journals/epoch0008_20261002T065000482724_rank7.jsonl,4512163,5ff3524b101ea161e8d5a803f6ec9fc0f0d7d1e0533acc4f2a886649c6455d92,SHA256_READ,sample_journal
formal__eqt_pretrained_frozen__seed42/sample_journals/epoch0008_20261002T065000482787_rank5.jsonl,4670894,07ca5ba27f786df3778a9c5cfa4faaf41df5353acc120b3600d71dbfdce13abf,SHA256_READ,sample_journal
formal__eqt_pretrained_frozen__seed42/sample_journals/epoch0008_20261002T065000484066_rank4.jsonl,4668162,7f7111733ee05623b81f940af1cc6dc980ad3d92e4d05b35e47f97fdbea8ceae,SHA256_READ,sample_journal
formal__eqt_pretrained_frozen__seed42/sample_journals/epoch0008_20261002T065000484498_rank6.jsonl,4611072,d698ea105089a4525ecb3cdd8582aa1964f5a4dee82b6806309f24fbe2c0241e,SHA256_READ,sample_journal
formal__eqt_pretrained_frozen__seed42/sample_journals/epoch0008_20261002T065000488842_rank3.jsonl,4634701,6829d84fbb7d127cdfd261fd04341f8d520bbe7777faedbce99493bc4cda2e20,SHA256_READ,sample_journal
formal__eqt_pretrained_frozen__seed42/sample_journals/epoch0008_20261002T065000489286_rank10.jsonl,4681021,b192e717e044ea8a93019bbd94824c82cfe423fa043f4822709ed8cc6ce650e3,SHA256_READ,sample_journal
formal__eqt_pretrained_frozen__seed42/sample_journals/epoch0008_20261002T065000489341_rank11.jsonl,4569150,80fb62cade911841dd45a566796bb7f0adb96a31aa16d31a3a9397d0ae2061e6,SHA256_READ,sample_journal
formal__eqt_pretrained_frozen__seed42/sample_journals/epoch0008_20261002T065000493468_rank8.jsonl,4686470,9fadccfdfa0983fef463c4f529a53a1f186b79912d8904623d7eba958192e945,SHA256_READ,sample_journal
formal__eqt_pretrained_frozen__seed42/sample_journals/epoch0008_20261002T065000501679_rank9.jsonl,4597293,b24cc5af274e89624bd96259db384ffafe45f6d75dc3a6ffc2cd362e0d310c9f,SHA256_READ,sample_journal
formal__eqt_pretrained_frozen__seed42/sample_journals/epoch0008_20261002T065000509409_rank15.jsonl,4592792,630f6e1b4ad39c552eed65a71dc86af8ed4a86653fe950cad8e183dcd6317e88,SHA256_READ,sample_journal
formal__eqt_pretrained_frozen__seed42/sample_journals/epoch0008_20261002T065000509463_rank14.jsonl,4611646,4025fe2dbe8748454f4069bac7337fc405af278038ddd2abfa4f0233ed507e0d,SHA256_READ,sample_journal
formal__eqt_pretrained_frozen__seed42/sample_journals/epoch0008_20261002T065000509480_rank13.jsonl,4622615,d76d35f3a08ae02b53282280f1b224c699198d40bab653cf0c8a509abdf12b1a,SHA256_READ,sample_journal
formal__eqt_pretrained_frozen__seed42/sample_journals/epoch0008_20261002T065000509505_rank12.jsonl,4503707,7e815b5481fff2a4af55ffa00f713a5305f3d029bb1012f63ae4dd20d222c90a,SHA256_READ,sample_journal
formal__eqt_pretrained_frozen__seed42/sample_journals/epoch0008_20261002T065001332426_rank0.jsonl,4660340,2f8f0e5bd37d322f46667f5ba51ae46af0158ee8eb16544575d51656c3b76f3c,SHA256_READ,sample_journal
formal__eqt_pretrained_frozen__seed42/sample_journals/epoch0009_20261002T065000480930_rank1.jsonl,4639387,65934e789814bde440399189269c69d0e5ea78826fe88b38f2bff4c002e4502f,SHA256_READ,sample_journal
formal__eqt_pretrained_frozen__seed42/sample_journals/epoch0009_20261002T065000482320_rank2.jsonl,4649829,15c5b0ab94f2b7d544cb8b84a3c4012425588e481fffabbd42e680912cf419ea,SHA256_READ,sample_journal
formal__eqt_pretrained_frozen__seed42/sample_journals/epoch0009_20261002T065000482724_rank7.jsonl,4605476,551c0850893f932e6563ab5f5ce39873ff223f0056fc6f1734559c5a110e426c,SHA256_READ,sample_journal
formal__eqt_pretrained_frozen__seed42/sample_journals/epoch0009_20261002T065000482787_rank5.jsonl,4524563,2ab752003b80cc8385001aa177c5624066812748f0a570a74ed21cb2d2a3fc01,SHA256_READ,sample_journal
formal__eqt_pretrained_frozen__seed42/sample_journals/epoch0009_20261002T065000484066_rank4.jsonl,4568354,cced6b96a489e7995732d8c3491a4628a725186aa9be18743690ca90a29c2cac,SHA256_READ,sample_journal
formal__eqt_pretrained_frozen__seed42/sample_journals/epoch0009_20261002T065000484498_rank6.jsonl,4622230,371088f226951b5c6f2be535a6d3ebe319694571e980a93e39c3c144123b6cd1,SHA256_READ,sample_journal
formal__eqt_pretrained_frozen__seed42/sample_journals/epoch0009_20261002T065000488842_rank3.jsonl,4634778,a39e40e337a608b46f6387951ec2ba102fe59b5b027a24dcb530733a90487ca2,SHA256_READ,sample_journal
formal__eqt_pretrained_frozen__seed42/sample_journals/epoch0009_20261002T065000489286_rank10.jsonl,4668304,cb0d48d8f57b12321efcd9fe24b059dd3797b0f08f8a8164cbc73c6e01131160,SHA256_READ,sample_journal
formal__eqt_pretrained_frozen__seed42/sample_journals/epoch0009_20261002T065000489341_rank11.jsonl,4602684,c4b0a28be1e7ead02d776db7d541ac4956e554be7e8a935e761512464f3167a4,SHA256_READ,sample_journal
formal__eqt_pretrained_frozen__seed42/sample_journals/epoch0009_20261002T065000493468_rank8.jsonl,4554538,cb959b72585b8a9668476e9e1960c8de0cac48eb840d802caf266b391b5986fd,SHA256_READ,sample_journal
formal__eqt_pretrained_frozen__seed42/sample_journals/epoch0009_20261002T065000501679_rank9.jsonl,4561927,eb8b0b46e3bb06084d102cb0efdd9c2c0cf4aa4960cfbea7f64e93c8dc221487,SHA256_READ,sample_journal
formal__eqt_pretrained_frozen__seed42/sample_journals/epoch0009_20261002T065000509409_rank15.jsonl,4600662,a7cbf00222346a7020ad474a400b1a9ffdb8711b829de7e7aa5eafe3229ab82a,SHA256_READ,sample_journal
formal__eqt_pretrained_frozen__seed42/sample_journals/epoch0009_20261002T065000509463_rank14.jsonl,4688136,0a1552de4b55605dd274a47b271edbee78478107d1d068ced6c2fc09f258e90e,SHA256_READ,sample_journal
formal__eqt_pretrained_frozen__seed42/sample_journals/epoch0009_20261002T065000509480_rank13.jsonl,4623280,71874849c0ec613158efe7313d7bd3d7d6b1c675fda0fb2601c27d1ac052e08e,SHA256_READ,sample_journal
formal__eqt_pretrained_frozen__seed42/sample_journals/epoch0009_20261002T065000509505_rank12.jsonl,4593021,5cac7e19d841568c6484268036a9ac43c630c9a9efc8120ccff28ae75dafc593,SHA256_READ,sample_journal
formal__eqt_pretrained_frozen__seed42/sample_journals/epoch0009_20261002T065001332426_rank0.jsonl,4586909,5a469b8d8f256b132259173d927d29f0a9c55104d7c5fe7e33afda2c992a175c,SHA256_READ,sample_journal
formal__eqt_pretrained_frozen__seed42/sample_journals/epoch0010_20261002T065000480930_rank1.jsonl,4611687,1b6c9e3bef0ba2329b73ac1613c6821cb0513c5276dcd2e04773a29d17418d1e,SHA256_READ,sample_journal
formal__eqt_pretrained_frozen__seed42/sample_journals/epoch0010_20261002T065000482320_rank2.jsonl,4593498,0a19a4099bf045391406994d7f11b3ebc489e8d4627c085df185d361590d0692,SHA256_READ,sample_journal
formal__eqt_pretrained_frozen__seed42/sample_journals/epoch0010_20261002T065000482724_rank7.jsonl,4612001,103138bd85e281d301050cdd9266e40e10294991dd69056149b0ef1d02192387,SHA256_READ,sample_journal
formal__eqt_pretrained_frozen__seed42/sample_journals/epoch0010_20261002T065000482787_rank5.jsonl,4597727,8e1ff79d924e5a29e1c66caaca757a94f3929199f6ba5976c606994adc7607cd,SHA256_READ,sample_journal
formal__eqt_pretrained_frozen__seed42/sample_journals/epoch0010_20261002T065000484066_rank4.jsonl,4647884,6ecc247c46fb89b5bcbe3a6e95b87a2182d3e3c1d959d28a8a792056c3efea72,SHA256_READ,sample_journal
formal__eqt_pretrained_frozen__seed42/sample_journals/epoch0010_20261002T065000484498_rank6.jsonl,4558770,a4a118e1c367d0cb810c16f51bccf0d43cda6d49935534587ec1ffbdffabc5b9,SHA256_READ,sample_journal
formal__eqt_pretrained_frozen__seed42/sample_journals/epoch0010_20261002T065000488842_rank3.jsonl,4597191,2fe1684a1518170f8b6a27a25b39b3eab3f9271d7b12dc2327f1bacf9e763257,SHA256_READ,sample_journal
formal__eqt_pretrained_frozen__seed42/sample_journals/epoch0010_20261002T065000489286_rank10.jsonl,4600886,05b39b9fa8f58684760daa208c7f9dedab95e488c7b55820e527876d1a5aa11c,SHA256_READ,sample_journal
formal__eqt_pretrained_frozen__seed42/sample_journals/epoch0010_20261002T065000489341_rank11.jsonl,4607345,24b247472b9c91db81221f9d231dedbe95595e20c82d8475d6e443121f995e52,SHA256_READ,sample_journal
formal__eqt_pretrained_frozen__seed42/sample_journals/epoch0010_20261002T065000493468_rank8.jsonl,4641507,6fd892c80b85ecddf3fc4518b16bb7061759f3c702468d2c823ed046946638da,SHA256_READ,sample_journal
formal__eqt_pretrained_frozen__seed42/sample_journals/epoch0010_20261002T065000501679_rank9.jsonl,4675152,a83fe5d94e60423f53a3e24e5c4194b86ebff2c129ac38aa63cfc7b71e035239,SHA256_READ,sample_journal
formal__eqt_pretrained_frozen__seed42/sample_journals/epoch0010_20261002T065000509409_rank15.jsonl,4567340,051848eb364fe4d9cddb75d8fe17ab63806a75919afa3d931f18ee26fdf7a599,SHA256_READ,sample_journal
formal__eqt_pretrained_frozen__seed42/sample_journals/epoch0010_20261002T065000509463_rank14.jsonl,4664027,110ff562a6c6c6d90e099d67d374aabe9f229422c29b517a3dc27646ab327d29,SHA256_READ,sample_journal
formal__eqt_pretrained_frozen__seed42/sample_journals/epoch0010_20261002T065000509480_rank13.jsonl,4631608,d09fe533aaa2b8be2712894074a5d885af1c65b768800a28092e346b2e4ad1f4,SHA256_READ,sample_journal
formal__eqt_pretrained_frozen__seed42/sample_journals/epoch0010_20261002T065000509505_rank12.jsonl,4680756,10bd364d90635135978dfd80b71ce82b48865a0f1d1a7459eb1b15a90331e04c,SHA256_READ,sample_journal
formal__eqt_pretrained_frozen__seed42/sample_journals/epoch0010_20261002T065001332426_rank0.jsonl,4585904,0035eee8703d91953733fd9049d6f80278aff668d694e5334f622b5f5b4c3cb6,SHA256_READ,sample_journal
formal__eqt_pretrained_frozen__seed42/sample_journals/epoch0011_20261002T065000480930_rank1.jsonl,4616524,6bb8b49cad9aa5f761e3a870e0455e04ec5d1d2759b4902217d99b5ff108f7e0,SHA256_READ,sample_journal
formal__eqt_pretrained_frozen__seed42/sample_journals/epoch0011_20261002T065000482320_rank2.jsonl,4554503,36513cadb6ef0e0e997a3d55d157afa3dd4dfff0d85ad502d9113f972063b39a,SHA256_READ,sample_journal
formal__eqt_pretrained_frozen__seed42/sample_journals/epoch0011_20261002T065000482724_rank7.jsonl,4589645,27bc9ad30a41f50ae596c682b45a15e8e614d67d291a61f05c9d794df2e34a9e,SHA256_READ,sample_journal
formal__eqt_pretrained_frozen__seed42/sample_journals/epoch0011_20261002T065000482787_rank5.jsonl,4584859,5bc140407bf608b6c5fd8e8d4f62eb18ed342b2af98ddee2734d574c2d2e5a87,SHA256_READ,sample_journal
formal__eqt_pretrained_frozen__seed42/sample_journals/epoch0011_20261002T065000484066_rank4.jsonl,4658955,8dacef7bebd5d3ee7193a4414d5b6e5ee2bc02eed5083fa1532f086db1ef23c6,SHA256_READ,sample_journal
formal__eqt_pretrained_frozen__seed42/sample_journals/epoch0011_20261002T065000484498_rank6.jsonl,4616715,c0fd7310f143e9bde8242261d2f3fcf26576000c374a7809e525cdc49077a1aa,SHA256_READ,sample_journal
formal__eqt_pretrained_frozen__seed42/sample_journals/epoch0011_20261002T065000488842_rank3.jsonl,4609000,728e5d80e829b66afcdb72cf00596fad34d78a07b309d3bbd5b2d0fd1d129c14,SHA256_READ,sample_journal
formal__eqt_pretrained_frozen__seed42/sample_journals/epoch0011_20261002T065000489286_rank10.jsonl,4600912,bb09529eaaeb982a9b77ea998cc9172e2ec545486ffef0ee037b83c15f8d217b,SHA256_READ,sample_journal
formal__eqt_pretrained_frozen__seed42/sample_journals/epoch0011_20261002T065000489341_rank11.jsonl,4636563,d952407888614e371e8432ddeef1dffba60c7d4bf1fdbb9b2b68ce0086c5aa15,SHA256_READ,sample_journal
formal__eqt_pretrained_frozen__seed42/sample_journals/epoch0011_20261002T065000493468_rank8.jsonl,4632461,0b1a21d2b111c1111465fc2aea4f1782eac6f9dacf6b07c81c9d7d7a9fad0010,SHA256_READ,sample_journal
formal__eqt_pretrained_frozen__seed42/sample_journals/epoch0011_20261002T065000501679_rank9.jsonl,4637902,b5bb1cfb94ece29d18dde8360f2fe71f69c01329864f990e3d041c35814fe85a,SHA256_READ,sample_journal
formal__eqt_pretrained_frozen__seed42/sample_journals/epoch0011_20261002T065000509409_rank15.jsonl,4615740,c817202a7e4d074eea4d595a1a76d3e6cb8c412e6ec365099b383218d769736e,SHA256_READ,sample_journal
formal__eqt_pretrained_frozen__seed42/sample_journals/epoch0011_20261002T065000509463_rank14.jsonl,4624410,7f384e3f9d5e44b530679a25c83941b815c6c76af9dc9c65e025469673e27f05,SHA256_READ,sample_journal
formal__eqt_pretrained_frozen__seed42/sample_journals/epoch0011_20261002T065000509480_rank13.jsonl,4648532,45896a52694243a69a303ec1d7858cb75a53d016f70546d564744d4f5e49fc04,SHA256_READ,sample_journal
formal__eqt_pretrained_frozen__seed42/sample_journals/epoch0011_20261002T065000509505_rank12.jsonl,4640009,99cd9d25bfb596d70b6dd55323b2393c66116930bf6aca15b1ffd218ef387377,SHA256_READ,sample_journal
formal__eqt_pretrained_frozen__seed42/sample_journals/epoch0011_20261002T065001332426_rank0.jsonl,4584223,11e4dcd6d074691468efff053ff8c0c7a3942de8e5869d6ebeb4b178ddefca13,SHA256_READ,sample_journal
formal__eqt_pretrained_frozen__seed42/sample_journals/epoch0012_20261002T065000480930_rank1.jsonl,4631656,8f9885fce03bd97f104d1ea981a72bfa059fbd83e6cb6fa1dcd0f32b5e7a7c96,SHA256_READ,sample_journal
formal__eqt_pretrained_frozen__seed42/sample_journals/epoch0012_20261002T065000482320_rank2.jsonl,4575004,d77ccb6d2ab8de3b3bfdd2c2e3ea8f991158d537fb63efb0abc05ec6b6ace541,SHA256_READ,sample_journal
formal__eqt_pretrained_frozen__seed42/sample_journals/epoch0012_20261002T065000482724_rank7.jsonl,4653297,114111c90592ddddcdbcdc7c9664fef407c14138fb04803b3b57616146f2e09c,SHA256_READ,sample_journal
formal__eqt_pretrained_frozen__seed42/sample_journals/epoch0012_20261002T065000482787_rank5.jsonl,4523735,55ca18f8210bac841567a2750e6ffadc76e39118c5e88f451bc5028ce9cfdd01,SHA256_READ,sample_journal
formal__eqt_pretrained_frozen__seed42/sample_journals/epoch0012_20261002T065000484066_rank4.jsonl,4552683,d87dc39272c65c151316f86af3505cf2f772c533fd64b685c1ec482170cb2981,SHA256_READ,sample_journal
formal__eqt_pretrained_frozen__seed42/sample_journals/epoch0012_20261002T065000484498_rank6.jsonl,4709782,26f887b9b9857f60258c65164e096ada895a3066dcf64fa22bc175da016a1b95,SHA256_READ,sample_journal
formal__eqt_pretrained_frozen__seed42/sample_journals/epoch0012_20261002T065000488842_rank3.jsonl,4638723,597aabf02dc1cb4a121109396f288d97bc58821a15a50c65a41f640ab9bb9cdf,SHA256_READ,sample_journal
formal__eqt_pretrained_frozen__seed42/sample_journals/epoch0012_20261002T065000489286_rank10.jsonl,4545148,1b7f8abfb3ba4860cdf11ce7fea50ec2f7343df32e05c0b6c062ed23c3b27e74,SHA256_READ,sample_journal
formal__eqt_pretrained_frozen__seed42/sample_journals/epoch0012_20261002T065000489341_rank11.jsonl,4535171,0321688f1e8a7f1faff540382c414db7107bcbaad3b8d0f515b4537beec09819,SHA256_READ,sample_journal
formal__eqt_pretrained_frozen__seed42/sample_journals/epoch0012_20261002T065000493468_rank8.jsonl,4672049,a2db2d4a4d291b3e84fd27c70dd50bc563473b192f47210d5612d83ffa1e7132,SHA256_READ,sample_journal
formal__eqt_pretrained_frozen__seed42/sample_journals/epoch0012_20261002T065000501679_rank9.jsonl,4575717,d889bf1eafbaa3db6e270756c0f93e63d252c6645e2ff4bafc3f62e092be10ad,SHA256_READ,sample_journal
formal__eqt_pretrained_frozen__seed42/sample_journals/epoch0012_20261002T065000509409_rank15.jsonl,4599671,67256b134fbad1c485f88a75d8d3fde111866176a3c1848e230beaa016bd6485,SHA256_READ,sample_journal
formal__eqt_pretrained_frozen__seed42/sample_journals/epoch0012_20261002T065000509463_rank14.jsonl,4639601,753c94fec08d2df6789fe7984da028a69906e2b0a0bb57c3515f61fc332641b3,SHA256_READ,sample_journal
formal__eqt_pretrained_frozen__seed42/sample_journals/epoch0012_20261002T065000509480_rank13.jsonl,4700922,25511349548e4a26f8b9cd6e3330421c556afb2eb912f4dd32fbcbccec083c08,SHA256_READ,sample_journal
formal__eqt_pretrained_frozen__seed42/sample_journals/epoch0012_20261002T065000509505_rank12.jsonl,4561264,9f47948cd0e0c44b870f5e392354c2d70f1cf76fd642df485bffd1edbd4d5ac2,SHA256_READ,sample_journal
formal__eqt_pretrained_frozen__seed42/sample_journals/epoch0012_20261002T065001332426_rank0.jsonl,4592990,d634b8b8cc04abd43afe9b7d12465f1215a1604709f4ecaaeab3e5f86ed95982,SHA256_READ,sample_journal
formal__eqt_pretrained_frozen__seed42/training_curves.csv,1393,404939ff3881eb8c0b2c9adf7bfed119a6afee040b144f5942ef89dd31e26ae2,SHA256_READ,metadata_or_audit
formal__eqt_pretrained_frozen__seed42/validation_epoch1.csv.gz,53490093,03a6cc1aa2659a6b70d19edbc27f20d2aa9562e93e8bc622482917dfe81c0a0d,SHA256_READ,validation_prediction
formal__eqt_pretrained_frozen__seed42/validation_epoch10.csv.gz,53991226,f06ce3542c3e8070db35b20b5440e6650e0d21449c8f7de680a2f0ac8e54b5f4,SHA256_READ,validation_prediction
formal__eqt_pretrained_frozen__seed42/validation_epoch11.csv.gz,54003611,86936c16b0537cc2dc1bab39a7861154a1327f087baeda07e1741b9cde2ac681,SHA256_READ,validation_prediction
formal__eqt_pretrained_frozen__seed42/validation_epoch12.csv.gz,54019264,33e50be80dfcf9cf575736c68f85f7f241cb306dd7ba79fa3bdb19edbfad1d15,SHA256_READ,validation_prediction
formal__eqt_pretrained_frozen__seed42/validation_epoch2.csv.gz,53621665,171b7da0e0efe2ae70dd48146ab39a9b54513155461f7fe88fcdcef73dda96d9,SHA256_READ,validation_prediction
formal__eqt_pretrained_frozen__seed42/validation_epoch3.csv.gz,53718040,b545aabec52779d4888b5954ab93e9607c7784aceb809a1575cc7bf9338cea95,SHA256_READ,validation_prediction
formal__eqt_pretrained_frozen__seed42/validation_epoch4.csv.gz,53806760,65937a3c1a6d94340a3a664b0407355906b530e3163f8f9d053bd6f03f275df9,SHA256_READ,validation_prediction
formal__eqt_pretrained_frozen__seed42/validation_epoch5.csv.gz,53841048,3b03e73cac36e307d2652ff4b23370d47b5095d6218ad39e8989d72cd9e0e109,SHA256_READ,validation_prediction
formal__eqt_pretrained_frozen__seed42/validation_epoch6.csv.gz,53866607,bcb6a4403e6bf88c99d5fc9bc7379f92ed19e50eb0e014f4ceabe101f988bb34,SHA256_READ,validation_prediction
formal__eqt_pretrained_frozen__seed42/validation_epoch7.csv.gz,53927087,f4d1edbdf43f3b6210f7590f61c37cf6cd581af2a9fe8e737342801e94ace82e,SHA256_READ,validation_prediction
formal__eqt_pretrained_frozen__seed42/validation_epoch8.csv.gz,53960540,3ae1878da91ddc7c4dcd3e0902fa87dea34fd029576972ff6f1917664c89da56,SHA256_READ,validation_prediction
formal__eqt_pretrained_frozen__seed42/validation_epoch9.csv.gz,53993892,5565e69e4e2d05810ff9035ea946824fb6a44ecd4401ef40973b92d856fb1570,SHA256_READ,validation_prediction
formal__eqt_pretrained_frozen__seed43/epoch0001_20261003T075551802042_rank0.json,313,b04b3e461fac5b33e2b0c190dd11f45474430a8b93387b712780c6d1c2148d06,SHA256_READ,metadata_or_audit
formal__eqt_pretrained_frozen__seed43/epoch0002_20261003T075551802042_rank0.json,315,af2987c5e26a9206647910537ec52741c5920224c0b0f4a084218ac87eb93969,SHA256_READ,metadata_or_audit
formal__eqt_pretrained_frozen__seed43/epoch0003_20261003T075551802042_rank0.json,315,72b53454e091559422cf07a7b066336d6c889c154d5b2c99c373c68cc100e86c,SHA256_READ,metadata_or_audit
formal__eqt_pretrained_frozen__seed43/epoch0004_20261003T075551802042_rank0.json,313,2098a013096d90bd7bd37402f7704a86c04042dc6f940fe3e8b8b64977de4b56,SHA256_READ,metadata_or_audit
formal__eqt_pretrained_frozen__seed43/epoch0005_20261003T075551802042_rank0.json,316,c77e6f5c38022da1e89374b6ec434ac83d19683bdaad5abbb64f213572d1cf42,SHA256_READ,metadata_or_audit
formal__eqt_pretrained_frozen__seed43/epoch0006_20261003T075551802042_rank0.json,316,b8665d3350e5cfc5ee876910a0ac3f178e7fea2ca2ac23cadf7834e5842323ee,SHA256_READ,metadata_or_audit
formal__eqt_pretrained_frozen__seed43/epoch0007_20261003T075551802042_rank0.json,316,49934164631980e71b869982e998d280a38c58bd4a8282e8b0bb5f2fd00c87ef,SHA256_READ,metadata_or_audit
formal__eqt_pretrained_frozen__seed43/epoch0008_20261003T075551802042_rank0.json,317,e4cd9631bb71bb7db1d8319bb1cfdbedd510173f49e4fe158ee0022b1a8dbfe1,SHA256_READ,metadata_or_audit
formal__eqt_pretrained_frozen__seed43/epoch0009_20261003T075551802042_rank0.json,317,5638c4d795994853cb90a0eb66b2f0ac3309d37fd7c4fb4d7fde4350340e20f1,SHA256_READ,metadata_or_audit
formal__eqt_pretrained_frozen__seed43/epoch0010_20261003T075551802042_rank0.json,318,b058df4cae9e0ec805fafbd4acc5aed31d3a218fa868a23985fad77b0dbb713c,SHA256_READ,metadata_or_audit
formal__eqt_pretrained_frozen__seed43/epoch0011_20261003T075551802042_rank0.json,318,ce94d2556cd22b811caa4c8bc5f84bb2f5462a774aaa9052b6a30527cefc4320,SHA256_READ,metadata_or_audit
formal__eqt_pretrained_frozen__seed43/epoch0012_20261003T075551802042_rank0.json,298,e516d5a2ff483ecd5d1850eb34a42f710ca6c1c5a725c47da2761d5e38457613,SHA256_READ,metadata_or_audit
formal__eqt_pretrained_frozen__seed43/model_interface_audit.json,7093,d00308c7335e0c80d64069c3b6fc6bb65f7848867c8540179e732798e2079fd8,SHA256_READ,metadata_or_audit
formal__eqt_pretrained_frozen__seed43/protocol.lock.json,809296,f4c2808aae8dad8cf223b4db5500fd999e18e0b389f2c0c9abe943e86abfddd7,SHA256_READ,metadata_or_audit
formal__eqt_pretrained_frozen__seed43/resolved_config.json,724106,ce5817163bdfa472e7dbe72ab8fc91ff9b4858834d9696cc14cb6590f7e4d60e,SHA256_READ,metadata_or_audit
formal__eqt_pretrained_frozen__seed43/runtime.json,894,f030952cd3364e2766dfd8e00888c4134c8fc0f54bfa9e7b5529850496356b1c,SHA256_READ,metadata_or_audit
formal__eqt_pretrained_frozen__seed43/runtime_20261003T075551802042_rank0.json,894,32d70597c554eb877293393facdb460dab03d63acc6a6bc65e08075a7313adf2,SHA256_READ,metadata_or_audit
formal__eqt_pretrained_frozen__seed43/sample_journals/epoch0001_20261003T075550918071_rank2.jsonl,4511744,e220624eb9228407b9aa23eb254c0e7e1a90792a91b316ae7490fb87745faacb,SHA256_READ,sample_journal
formal__eqt_pretrained_frozen__seed43/sample_journals/epoch0001_20261003T075550923292_rank1.jsonl,4621679,636b3714abb247db2bd651d685a111372d4935b2d9085f7c2b89a3b233eeaa53,SHA256_READ,sample_journal
formal__eqt_pretrained_frozen__seed43/sample_journals/epoch0001_20261003T075550923733_rank8.jsonl,4628157,763ebdc05fe6d8f0989969a72fd51a5691e92ea28328f609dd02d252d0b568e7,SHA256_READ,sample_journal
formal__eqt_pretrained_frozen__seed43/sample_journals/epoch0001_20261003T075550925484_rank11.jsonl,4624449,19aa43434d4b11aea28353c446d0bdb1a12aa4944e4a6249eb2acb99dadc552b,SHA256_READ,sample_journal
formal__eqt_pretrained_frozen__seed43/sample_journals/epoch0001_20261003T075550925518_rank10.jsonl,4604202,c495e92e8db297179ed259fc52457dd3c97e3c3fb8d8f5619d1bf493f5c0b2f8,SHA256_READ,sample_journal
formal__eqt_pretrained_frozen__seed43/sample_journals/epoch0001_20261003T075550926486_rank3.jsonl,4587971,5d9d60db559b6af71a74da21c4d356752a93c0acab3091b95b5788e22ddafd8d,SHA256_READ,sample_journal
formal__eqt_pretrained_frozen__seed43/sample_journals/epoch0001_20261003T075550927218_rank5.jsonl,4709363,16eb26b4f64f721dd36df1ab010de6490c743b1a047b405a7e884dcb956597db,SHA256_READ,sample_journal
formal__eqt_pretrained_frozen__seed43/sample_journals/epoch0001_20261003T075550927531_rank7.jsonl,4651191,c735da3a03423e1fbb49a81362eb6bd334bcc9274bee02cb2bb5f14057930ed0,SHA256_READ,sample_journal
formal__eqt_pretrained_frozen__seed43/sample_journals/epoch0001_20261003T075550927730_rank9.jsonl,4645992,0b22bd3174739b11d393480ea46483d3b5bd8d27e249f3508a47f3ad1f48ecbb,SHA256_READ,sample_journal
formal__eqt_pretrained_frozen__seed43/sample_journals/epoch0001_20261003T075550929639_rank6.jsonl,4600157,abef2a06eb9c7ccd50c9e4a083603c3bf5d91ad8ed8e8417784f3ac2c70d6f15,SHA256_READ,sample_journal
formal__eqt_pretrained_frozen__seed43/sample_journals/epoch0001_20261003T075550929846_rank4.jsonl,4533815,3261d2e32f911d0fe39639e59e6fd7a737412e71e88dd8aa8b4175011f5b9d7c,SHA256_READ,sample_journal
formal__eqt_pretrained_frozen__seed43/sample_journals/epoch0001_20261003T075550930471_rank15.jsonl,4562628,b0a4db4951fcb64a6f36a562fb5a0220f5695c9885399a7b0b5f13075b594062,SHA256_READ,sample_journal
formal__eqt_pretrained_frozen__seed43/sample_journals/epoch0001_20261003T075550930472_rank12.jsonl,4619374,4e7532f7cb55f7bc96799cd73299fc249436aa1388e40389033cfac83815b1f2,SHA256_READ,sample_journal
formal__eqt_pretrained_frozen__seed43/sample_journals/epoch0001_20261003T075550930478_rank14.jsonl,4554030,9f857cae724cbcd3c1969781afe8d8576bbebb95def83a1061a1e89fcf7161f0,SHA256_READ,sample_journal
formal__eqt_pretrained_frozen__seed43/sample_journals/epoch0001_20261003T075550931607_rank13.jsonl,4612321,c94c7e7c365cee81589fcd1ec22ff14d18444cf2c8d2fa81b557731ecbf0548f,SHA256_READ,sample_journal
formal__eqt_pretrained_frozen__seed43/sample_journals/epoch0001_20261003T075551802042_rank0.jsonl,4632453,0be008cd7cddeaf7293fa55a37b474f4257ac6710ece4e262764741303cce1bb,SHA256_READ,sample_journal
formal__eqt_pretrained_frozen__seed43/sample_journals/epoch0002_20261003T075550918071_rank2.jsonl,4563770,68a24108ec911f3cc18ee0900dad6edc9646d5a8775c0d62ddf2898c0f21db58,SHA256_READ,sample_journal
formal__eqt_pretrained_frozen__seed43/sample_journals/epoch0002_20261003T075550923292_rank1.jsonl,4673322,8b0f75e9eaa307768fb5891eebecd014538323768467b940bb09e2d7f25cdde6,SHA256_READ,sample_journal
formal__eqt_pretrained_frozen__seed43/sample_journals/epoch0002_20261003T075550923733_rank8.jsonl,4616326,4d5380f358edeeb66f57e20299550646a810fe0d87dc6c1f6c1b7eea13c5eb66,SHA256_READ,sample_journal
formal__eqt_pretrained_frozen__seed43/sample_journals/epoch0002_20261003T075550925484_rank11.jsonl,4677235,8eaba33aca9ebe2d10127355ca2dbc0cfb06d4a5011a68705c9a0fd699e83451,SHA256_READ,sample_journal
formal__eqt_pretrained_frozen__seed43/sample_journals/epoch0002_20261003T075550925518_rank10.jsonl,4637925,a6bed681ec3de886e8c615787b667c93fed0ea502083de3fc043ce76db138fbf,SHA256_READ,sample_journal
formal__eqt_pretrained_frozen__seed43/sample_journals/epoch0002_20261003T075550926486_rank3.jsonl,4557324,faf077b63c181e9162914c600144573aed0992f9df4217c831fa616ee079f886,SHA256_READ,sample_journal
formal__eqt_pretrained_frozen__seed43/sample_journals/epoch0002_20261003T075550927218_rank5.jsonl,4564871,2bf66615d66ecd8e5ffd6bad21834d9423c86b89a6aafcaa9e68224f2c103b98,SHA256_READ,sample_journal
formal__eqt_pretrained_frozen__seed43/sample_journals/epoch0002_20261003T075550927531_rank7.jsonl,4699160,99e1b28429f91ceefb7f415c0f7e77208da23f4e18466679e59b983fe0328ac4,SHA256_READ,sample_journal
formal__eqt_pretrained_frozen__seed43/sample_journals/epoch0002_20261003T075550927730_rank9.jsonl,4600424,e4d0057f8e934f52309d56d93e78ab10b2ab18caefc3f32c07f26fe95dc3f148,SHA256_READ,sample_journal
formal__eqt_pretrained_frozen__seed43/sample_journals/epoch0002_20261003T075550929639_rank6.jsonl,4589721,04aa784687053e638ab43bc5a0e4a488cc1118d1a1964da77ed660d676439e24,SHA256_READ,sample_journal
formal__eqt_pretrained_frozen__seed43/sample_journals/epoch0002_20261003T075550929846_rank4.jsonl,4589273,fac6f6e7c7408ce08819594f13234d3d19d8babf3a152d7b0a88189fab0d6710,SHA256_READ,sample_journal
formal__eqt_pretrained_frozen__seed43/sample_journals/epoch0002_20261003T075550930471_rank15.jsonl,4634775,f27c1773ea178ba7fbfe3e9eac17cee9ebf77bf5a852101cdaf4da2e97c0a407,SHA256_READ,sample_journal
formal__eqt_pretrained_frozen__seed43/sample_journals/epoch0002_20261003T075550930472_rank12.jsonl,4554035,5db99eed1d344d344b51f3f0afbf4b4a7399522276f5a903549a956a55a3aa52,SHA256_READ,sample_journal
formal__eqt_pretrained_frozen__seed43/sample_journals/epoch0002_20261003T075550930478_rank14.jsonl,4634594,d21ac28cb419af1f420cd00063463a4e75213f5996082f97fcc08d77a46aed03,SHA256_READ,sample_journal
formal__eqt_pretrained_frozen__seed43/sample_journals/epoch0002_20261003T075550931607_rank13.jsonl,4604527,057eca2c06ae7735e97014636d307eda5e3d13d0aa3f9e1c5c51140a1d631857,SHA256_READ,sample_journal
formal__eqt_pretrained_frozen__seed43/sample_journals/epoch0002_20261003T075551802042_rank0.jsonl,4557249,8ec561fd8c6d06dba98a805ad20c7f13d14f48d05cff321ab87345239d8e5603,SHA256_READ,sample_journal
formal__eqt_pretrained_frozen__seed43/sample_journals/epoch0003_20261003T075550918071_rank2.jsonl,4559044,2a66f36e3a73024b7be99e7b4c42330bd2975226f6de35b4fa85ef3d09711c4b,SHA256_READ,sample_journal
formal__eqt_pretrained_frozen__seed43/sample_journals/epoch0003_20261003T075550923292_rank1.jsonl,4626189,31fe1be2061496291f3da22f402a6d9190365007fbd68063f8299cf796d8bff8,SHA256_READ,sample_journal
formal__eqt_pretrained_frozen__seed43/sample_journals/epoch0003_20261003T075550923733_rank8.jsonl,4621416,c897539945198ebb3d4729959fbb4222aaa0a216e88ff404421243c1b9497ef5,SHA256_READ,sample_journal
formal__eqt_pretrained_frozen__seed43/sample_journals/epoch0003_20261003T075550925484_rank11.jsonl,4565952,00fa4fe44ec2d8a94042b49656909f94c22457d5a3dd9dc55c2659d93ac43db5,SHA256_READ,sample_journal
formal__eqt_pretrained_frozen__seed43/sample_journals/epoch0003_20261003T075550925518_rank10.jsonl,4628899,cca90cb6c9502d553045847345140f8ff03e3b87cd7210167a646a4dba49059f,SHA256_READ,sample_journal
formal__eqt_pretrained_frozen__seed43/sample_journals/epoch0003_20261003T075550926486_rank3.jsonl,4591304,1400219fc9143ad4c7c166feb7dc53f7f8fa9750218b1e313699c8c9afa43dd1,SHA256_READ,sample_journal
formal__eqt_pretrained_frozen__seed43/sample_journals/epoch0003_20261003T075550927218_rank5.jsonl,4596770,45e7cbb35c0b709e6ab9633b04ab9e675d645ae4e9b94a6109adce541f491043,SHA256_READ,sample_journal
formal__eqt_pretrained_frozen__seed43/sample_journals/epoch0003_20261003T075550927531_rank7.jsonl,4682378,c0f5bc4c4cc4a628b07120114e43b2da357e4fa719ffde53957c2cadf80f99e8,SHA256_READ,sample_journal
formal__eqt_pretrained_frozen__seed43/sample_journals/epoch0003_20261003T075550927730_rank9.jsonl,4607863,2dc62d0ece4205bceacb7ad855800c575293fae9f215db976983e0327cb8faf8,SHA256_READ,sample_journal
formal__eqt_pretrained_frozen__seed43/sample_journals/epoch0003_20261003T075550929639_rank6.jsonl,4614884,883714336234a029532a23411e9247f8afd388c3e17eb5f43d187784672792b5,SHA256_READ,sample_journal
formal__eqt_pretrained_frozen__seed43/sample_journals/epoch0003_20261003T075550929846_rank4.jsonl,4631285,2225279f5a9e2a4c04432a45c9c073f226ac0c3373ef0d44cea78b9ac04e5921,SHA256_READ,sample_journal
formal__eqt_pretrained_frozen__seed43/sample_journals/epoch0003_20261003T075550930471_rank15.jsonl,4587510,cb50d366736f921ea7b92b91ef65d6f2b599ea35b1c04501a28859e7261a5a0b,SHA256_READ,sample_journal
formal__eqt_pretrained_frozen__seed43/sample_journals/epoch0003_20261003T075550930472_rank12.jsonl,4541651,85b6511a391de19ada0336242ddbf4ecc85d824902a7368bf168e01a7adc1856,SHA256_READ,sample_journal
formal__eqt_pretrained_frozen__seed43/sample_journals/epoch0003_20261003T075550930478_rank14.jsonl,4601418,ea85e2ad28eabb2d9a1a3196642bc8a539da747283f0a6306470b2c7bfbcf22d,SHA256_READ,sample_journal
formal__eqt_pretrained_frozen__seed43/sample_journals/epoch0003_20261003T075550931607_rank13.jsonl,4664083,4178706b0a7908bdc27fca58a0a9a2844c0963cc13d8fe142da4da4801391916,SHA256_READ,sample_journal
formal__eqt_pretrained_frozen__seed43/sample_journals/epoch0003_20261003T075551802042_rank0.jsonl,4663698,1774b36219850463ebcb9c64ad527f131f6677c0238e8bc1741a73dbcbd076ef,SHA256_READ,sample_journal
formal__eqt_pretrained_frozen__seed43/sample_journals/epoch0004_20261003T075550918071_rank2.jsonl,4560395,2689035985e3b47f31d4c665167408874b460543c7537b3dca9ea80ef84f320d,SHA256_READ,sample_journal
formal__eqt_pretrained_frozen__seed43/sample_journals/epoch0004_20261003T075550923292_rank1.jsonl,4689129,ee393c751c8fbccc0af5549011739bacaf93a27cf02d4b7122262635b5ba9190,SHA256_READ,sample_journal
formal__eqt_pretrained_frozen__seed43/sample_journals/epoch0004_20261003T075550923733_rank8.jsonl,4645924,2075720f54dea96df7af3f9b7967b0a782fc703b1ba61f591051d334b45f0aef,SHA256_READ,sample_journal
formal__eqt_pretrained_frozen__seed43/sample_journals/epoch0004_20261003T075550925484_rank11.jsonl,4564117,3212f31362482bba0bdd48af94a5da976cc98e30d7731ca0ce3780ff780fb522,SHA256_READ,sample_journal
formal__eqt_pretrained_frozen__seed43/sample_journals/epoch0004_20261003T075550925518_rank10.jsonl,4678783,cfd26e5a18d24bf75d26282128704c838ef2b0b3d163c95d68c3e26b2c5474f4,SHA256_READ,sample_journal
formal__eqt_pretrained_frozen__seed43/sample_journals/epoch0004_20261003T075550926486_rank3.jsonl,4526113,73d649a5ee52ede666e06fb95c734aaebaddf45f42aa1a1d97e0ad35ded39513,SHA256_READ,sample_journal
formal__eqt_pretrained_frozen__seed43/sample_journals/epoch0004_20261003T075550927218_rank5.jsonl,4670838,6ab855581fd2a489cece3e6c2bb84985afdcf05aada70181176726be01ab0a91,SHA256_READ,sample_journal
formal__eqt_pretrained_frozen__seed43/sample_journals/epoch0004_20261003T075550927531_rank7.jsonl,4579590,d85173cac50e2a9863fa885315ed162028c9efb5a0e72939e29c955575a8a675,SHA256_READ,sample_journal
formal__eqt_pretrained_frozen__seed43/sample_journals/epoch0004_20261003T075550927730_rank9.jsonl,4547994,e0a924ecbe8bbc266efe504627fc49bc32535920cfd26148ef4837f8d96b4f07,SHA256_READ,sample_journal
formal__eqt_pretrained_frozen__seed43/sample_journals/epoch0004_20261003T075550929639_rank6.jsonl,4616491,611840deeedfb9b970da72b5a866b18fdf1b4f21a16f6d88b1528c063c0b7ea2,SHA256_READ,sample_journal
formal__eqt_pretrained_frozen__seed43/sample_journals/epoch0004_20261003T075550929846_rank4.jsonl,4641466,6e34ded383755da5361e2c32e7638fb60738b86fa3504383d1d73fb11c5b4f65,SHA256_READ,sample_journal
formal__eqt_pretrained_frozen__seed43/sample_journals/epoch0004_20261003T075550930471_rank15.jsonl,4566911,1f1b5c2954b834c50467e2b7d6df636e8a68d1f9a2af9025a76b64f0b89ec564,SHA256_READ,sample_journal
formal__eqt_pretrained_frozen__seed43/sample_journals/epoch0004_20261003T075550930472_rank12.jsonl,4622376,62d07a6bfc2df7e3cda9574da4bce33977425c512aa8ed1507275db5f234ff3c,SHA256_READ,sample_journal
formal__eqt_pretrained_frozen__seed43/sample_journals/epoch0004_20261003T075550930478_rank14.jsonl,4647756,b53fe322e2d0ccf99694441498faa663dc22a1a49145da99bc4af6b97f010366,SHA256_READ,sample_journal
formal__eqt_pretrained_frozen__seed43/sample_journals/epoch0004_20261003T075550931607_rank13.jsonl,4604915,c592e579bcb399017a7c237cb821e885c1da06cd0d5b9f46a12acc6ab0dc3e8a,SHA256_READ,sample_journal
formal__eqt_pretrained_frozen__seed43/sample_journals/epoch0004_20261003T075551802042_rank0.jsonl,4592684,a3942863a5f48ec9c78c49125e8d452032e538f0095f97259aac5a7934a97f94,SHA256_READ,sample_journal
formal__eqt_pretrained_frozen__seed43/sample_journals/epoch0005_20261003T075550918071_rank2.jsonl,4661940,206ca9095cd98def4c3e0e205ec3eefe507b2eb9a9813e88d928f709b76b9e7f,SHA256_READ,sample_journal
formal__eqt_pretrained_frozen__seed43/sample_journals/epoch0005_20261003T075550923292_rank1.jsonl,4570602,276c5db62f974161e1add134544b042929ab0d5027829a22671086862f764c5c,SHA256_READ,sample_journal
formal__eqt_pretrained_frozen__seed43/sample_journals/epoch0005_20261003T075550923733_rank8.jsonl,4613831,b475a3117fdf2469c2ae8fbec76fd9cfb8c4e7f827717be5e9c379101c349e87,SHA256_READ,sample_journal
formal__eqt_pretrained_frozen__seed43/sample_journals/epoch0005_20261003T075550925484_rank11.jsonl,4634823,833fc411c44faf32a8ee06e606d7aa7822021a740b1da6c6f46a2ddac47375c9,SHA256_READ,sample_journal
formal__eqt_pretrained_frozen__seed43/sample_journals/epoch0005_20261003T075550925518_rank10.jsonl,4591043,90e04eec283989f4f3bc51a21171fe3b30e820b5c9506216e4f0c734c29eda91,SHA256_READ,sample_journal
formal__eqt_pretrained_frozen__seed43/sample_journals/epoch0005_20261003T075550926486_rank3.jsonl,4637748,0127ac3f068c87460939d55174a59057f9e8b5d4df7c0784c160abb8482452df,SHA256_READ,sample_journal
formal__eqt_pretrained_frozen__seed43/sample_journals/epoch0005_20261003T075550927218_rank5.jsonl,4571896,5ae35f2474fe48118c79104d1ff06d9136cebfd8b047393af775c3bcae4c9d18,SHA256_READ,sample_journal
formal__eqt_pretrained_frozen__seed43/sample_journals/epoch0005_20261003T075550927531_rank7.jsonl,4571682,45f549a5b3198eea813f91c653fcfdfff42274338908242e503a665e4e2d1f2b,SHA256_READ,sample_journal
formal__eqt_pretrained_frozen__seed43/sample_journals/epoch0005_20261003T075550927730_rank9.jsonl,4543768,262ada9d066336f2c8321c2cadfb86173da402b2783fe82703506860bf65ec50,SHA256_READ,sample_journal
formal__eqt_pretrained_frozen__seed43/sample_journals/epoch0005_20261003T075550929639_rank6.jsonl,4655487,64fabf9ac7dca474d0bd32f603437b4368a3329d94cb346f74f5085c43c29a6b,SHA256_READ,sample_journal
formal__eqt_pretrained_frozen__seed43/sample_journals/epoch0005_20261003T075550929846_rank4.jsonl,4699651,a00a6696a8aaf52abe5c96e86d9b873cd408f499c029c0a7b0e31b9805df6097,SHA256_READ,sample_journal
formal__eqt_pretrained_frozen__seed43/sample_journals/epoch0005_20261003T075550930471_rank15.jsonl,4631232,3fd3a73fde2471834846e668edcc960cfd1e7b75c8819b892909609658fdef91,SHA256_READ,sample_journal
formal__eqt_pretrained_frozen__seed43/sample_journals/epoch0005_20261003T075550930472_rank12.jsonl,4566317,aa6d50194871cd6952e3f2ab807ab658495f2dca1b07d90042611862f492b355,SHA256_READ,sample_journal
formal__eqt_pretrained_frozen__seed43/sample_journals/epoch0005_20261003T075550930478_rank14.jsonl,4642949,4149629de5a1509d3e31175d45270fc4239cdc2d24f6503162bf7536ba429d87,SHA256_READ,sample_journal
formal__eqt_pretrained_frozen__seed43/sample_journals/epoch0005_20261003T075550931607_rank13.jsonl,4581688,1752f341b02525b77227b6b116257aefad6952d985a47668596f3870043abb83,SHA256_READ,sample_journal
formal__eqt_pretrained_frozen__seed43/sample_journals/epoch0005_20261003T075551802042_rank0.jsonl,4522825,3d21d88af2a3c45d22fa833ada818b1a975e7ad96a07a621fee14f5e1c8b4432,SHA256_READ,sample_journal
formal__eqt_pretrained_frozen__seed43/sample_journals/epoch0006_20261003T075550918071_rank2.jsonl,4663251,71a81338b44829a70aa0d59478a25dd60b4de831613e7414df2401537434d8d6,SHA256_READ,sample_journal
formal__eqt_pretrained_frozen__seed43/sample_journals/epoch0006_20261003T075550923292_rank1.jsonl,4618935,45277cdb16b7485a85a070b623804aadc790949f898e3d87ce3ed835a14287ec,SHA256_READ,sample_journal
formal__eqt_pretrained_frozen__seed43/sample_journals/epoch0006_20261003T075550923733_rank8.jsonl,4589072,21b8a59f7b535091da84d01bf951ca4db7dbe9059a7e2691f2b7aa194f283bf2,SHA256_READ,sample_journal
formal__eqt_pretrained_frozen__seed43/sample_journals/epoch0006_20261003T075550925484_rank11.jsonl,4641436,2f4087811df9a0ac0e2a5d07d846684b3eac9e0d1338c6e4416233f65a7eecf6,SHA256_READ,sample_journal
formal__eqt_pretrained_frozen__seed43/sample_journals/epoch0006_20261003T075550925518_rank10.jsonl,4541983,0249c08539bb9308678682afcb54025b8cb5b9e6529cf79138bc4082bfd11f3d,SHA256_READ,sample_journal
formal__eqt_pretrained_frozen__seed43/sample_journals/epoch0006_20261003T075550926486_rank3.jsonl,4630840,a2bb1894ab41a55e71b5755d04cb4fade3d64042f631640986ee858da11d6fc0,SHA256_READ,sample_journal
formal__eqt_pretrained_frozen__seed43/sample_journals/epoch0006_20261003T075550927218_rank5.jsonl,4586271,ed6bae0f4ef90071d678872ffb0dab07200415ce059a5e3585c8fa9274ba8c16,SHA256_READ,sample_journal
formal__eqt_pretrained_frozen__seed43/sample_journals/epoch0006_20261003T075550927531_rank7.jsonl,4663204,2be76ae03c2e16630842e4373972a1fe5ac8f895febe339a1379b15fda7053f8,SHA256_READ,sample_journal
formal__eqt_pretrained_frozen__seed43/sample_journals/epoch0006_20261003T075550927730_rank9.jsonl,4602413,eca3eb0fe2b795e18c02e668d9049458f35f471952bc9825775f246f110681e7,SHA256_READ,sample_journal
formal__eqt_pretrained_frozen__seed43/sample_journals/epoch0006_20261003T075550929639_rank6.jsonl,4588896,ed47f774d9d1e0ad0142d0610add2852c93d0e29a1f760e61f13ee15ab7cd97d,SHA256_READ,sample_journal
formal__eqt_pretrained_frozen__seed43/sample_journals/epoch0006_20261003T075550929846_rank4.jsonl,4590291,108917b897e693e78f83f88bc6e1252dadd5a572994a976091f95f8483ddcdde,SHA256_READ,sample_journal
formal__eqt_pretrained_frozen__seed43/sample_journals/epoch0006_20261003T075550930471_rank15.jsonl,4620113,f30ab2968331f691dee132ef5ae82d6befca38f4a1b9713d787e9089defea565,SHA256_READ,sample_journal
formal__eqt_pretrained_frozen__seed43/sample_journals/epoch0006_20261003T075550930472_rank12.jsonl,4610352,f100b8950c9d05eca828c8f0ad3aaf7bbc8a2d7d9b1cf823ab1663cb84c8da89,SHA256_READ,sample_journal
formal__eqt_pretrained_frozen__seed43/sample_journals/epoch0006_20261003T075550930478_rank14.jsonl,4579763,556f210914a2a0764c0a1c91269f6b24daf54e5eff1c254298ebb5fee9889f1e,SHA256_READ,sample_journal
formal__eqt_pretrained_frozen__seed43/sample_journals/epoch0006_20261003T075550931607_rank13.jsonl,4616190,0a8f183814b46779ce2cc0f46bb931a3d5d015ab9c9bdd734671ee34504e7f62,SHA256_READ,sample_journal
formal__eqt_pretrained_frozen__seed43/sample_journals/epoch0006_20261003T075551802042_rank0.jsonl,4606594,46ec1ea98dff9d606b6c059c55f15fff81c9a25a587744ad08448e59762216df,SHA256_READ,sample_journal
formal__eqt_pretrained_frozen__seed43/sample_journals/epoch0007_20261003T075550918071_rank2.jsonl,4608582,8992b3461370b1a197b171a6c33eacdcbddf77b64bf27b45fa80061c616f295f,SHA256_READ,sample_journal
formal__eqt_pretrained_frozen__seed43/sample_journals/epoch0007_20261003T075550923292_rank1.jsonl,4632756,cd5641a40b4d8402a6dab3010fb378dcc811e39251e57b6b0eeeda5ba6755b0e,SHA256_READ,sample_journal
formal__eqt_pretrained_frozen__seed43/sample_journals/epoch0007_20261003T075550923733_rank8.jsonl,4583761,1ec46e5ca3f100880d7ad23d5c2abf978bd760dabc61b1886613692eed063a7f,SHA256_READ,sample_journal
formal__eqt_pretrained_frozen__seed43/sample_journals/epoch0007_20261003T075550925484_rank11.jsonl,4576502,bc71afc4f9f0fa26bf3453e8019c12b2b41987d4e67542ea47eeda8387b35486,SHA256_READ,sample_journal
formal__eqt_pretrained_frozen__seed43/sample_journals/epoch0007_20261003T075550925518_rank10.jsonl,4660784,66d1ddf55c9ed92dc4c53d713d16740ae9c4b666471a22256aea25acc554912d,SHA256_READ,sample_journal
formal__eqt_pretrained_frozen__seed43/sample_journals/epoch0007_20261003T075550926486_rank3.jsonl,4541845,a3c18cc5a525ddc6f4566d470f4b75d0938ac703f49bb76e589952410d53b826,SHA256_READ,sample_journal
formal__eqt_pretrained_frozen__seed43/sample_journals/epoch0007_20261003T075550927218_rank5.jsonl,4615778,f7cedcd4a2645097f8430da80e9daa38934c7befb73225a189555d192eb6e1a0,SHA256_READ,sample_journal
formal__eqt_pretrained_frozen__seed43/sample_journals/epoch0007_20261003T075550927531_rank7.jsonl,4603181,47a6cabceedcdebb2a8943a450e6277a3951073a0fa630e32a9a3f6c4dc988fb,SHA256_READ,sample_journal
formal__eqt_pretrained_frozen__seed43/sample_journals/epoch0007_20261003T075550927730_rank9.jsonl,4593941,419906c447f1fc851cb904ec262b998283df0889296ba40210d3924e84116039,SHA256_READ,sample_journal
formal__eqt_pretrained_frozen__seed43/sample_journals/epoch0007_20261003T075550929639_rank6.jsonl,4616067,7e7b97696cf2c72f132f904b30898e444f4cfef0bb99c80e2e0de8ba28ebe470,SHA256_READ,sample_journal
formal__eqt_pretrained_frozen__seed43/sample_journals/epoch0007_20261003T075550929846_rank4.jsonl,4665802,3802f38947f5fc93c5879eb1bdfa4a218809a6ad54d9c4afdecb747f22f2360f,SHA256_READ,sample_journal
formal__eqt_pretrained_frozen__seed43/sample_journals/epoch0007_20261003T075550930471_rank15.jsonl,4654766,8e1a85593afca4ef6fdccb820870b222a0c8a4434202a45f30cc7cb6b7574596,SHA256_READ,sample_journal
formal__eqt_pretrained_frozen__seed43/sample_journals/epoch0007_20261003T075550930472_rank12.jsonl,4722144,03f90dd0df01b249b5830c59da0174aa3ce69a3c95ab2a1e74539bd2c0ea16bf,SHA256_READ,sample_journal
formal__eqt_pretrained_frozen__seed43/sample_journals/epoch0007_20261003T075550930478_rank14.jsonl,4662477,c0c440c6520546523f5a46ec3c6652b5832cb7a7aaad97b4739f8ed7d0702bed,SHA256_READ,sample_journal
formal__eqt_pretrained_frozen__seed43/sample_journals/epoch0007_20261003T075550931607_rank13.jsonl,4583795,fedea1729d963e462d026da8f8ac6bd0ef5750134ea0b448b2816638e7e8f29b,SHA256_READ,sample_journal
formal__eqt_pretrained_frozen__seed43/sample_journals/epoch0007_20261003T075551802042_rank0.jsonl,4581382,ac577d07ea2464e661cb93be9a1caae89e81f7b1b09607bddeeb6de83f88fcd7,SHA256_READ,sample_journal
formal__eqt_pretrained_frozen__seed43/sample_journals/epoch0008_20261003T075550918071_rank2.jsonl,4535959,dd448a50218635c7c27b566e9458734c63e761f1a9925df7769e461c0afbd368,SHA256_READ,sample_journal
formal__eqt_pretrained_frozen__seed43/sample_journals/epoch0008_20261003T075550923292_rank1.jsonl,4566439,2a74657099a0ca0b69c084393432675635f3e77e5fa06b5d7aa96805c791ec2a,SHA256_READ,sample_journal
formal__eqt_pretrained_frozen__seed43/sample_journals/epoch0008_20261003T075550923733_rank8.jsonl,4686470,9fadccfdfa0983fef463c4f529a53a1f186b79912d8904623d7eba958192e945,SHA256_READ,sample_journal
formal__eqt_pretrained_frozen__seed43/sample_journals/epoch0008_20261003T075550925484_rank11.jsonl,4569150,80fb62cade911841dd45a566796bb7f0adb96a31aa16d31a3a9397d0ae2061e6,SHA256_READ,sample_journal
formal__eqt_pretrained_frozen__seed43/sample_journals/epoch0008_20261003T075550925518_rank10.jsonl,4681021,b192e717e044ea8a93019bbd94824c82cfe423fa043f4822709ed8cc6ce650e3,SHA256_READ,sample_journal
formal__eqt_pretrained_frozen__seed43/sample_journals/epoch0008_20261003T075550926486_rank3.jsonl,4634701,6829d84fbb7d127cdfd261fd04341f8d520bbe7777faedbce99493bc4cda2e20,SHA256_READ,sample_journal
formal__eqt_pretrained_frozen__seed43/sample_journals/epoch0008_20261003T075550927218_rank5.jsonl,4670894,07ca5ba27f786df3778a9c5cfa4faaf41df5353acc120b3600d71dbfdce13abf,SHA256_READ,sample_journal
formal__eqt_pretrained_frozen__seed43/sample_journals/epoch0008_20261003T075550927531_rank7.jsonl,4512163,5ff3524b101ea161e8d5a803f6ec9fc0f0d7d1e0533acc4f2a886649c6455d92,SHA256_READ,sample_journal
formal__eqt_pretrained_frozen__seed43/sample_journals/epoch0008_20261003T075550927730_rank9.jsonl,4597293,b24cc5af274e89624bd96259db384ffafe45f6d75dc3a6ffc2cd362e0d310c9f,SHA256_READ,sample_journal
formal__eqt_pretrained_frozen__seed43/sample_journals/epoch0008_20261003T075550929639_rank6.jsonl,4611072,d698ea105089a4525ecb3cdd8582aa1964f5a4dee82b6806309f24fbe2c0241e,SHA256_READ,sample_journal
formal__eqt_pretrained_frozen__seed43/sample_journals/epoch0008_20261003T075550929846_rank4.jsonl,4668162,7f7111733ee05623b81f940af1cc6dc980ad3d92e4d05b35e47f97fdbea8ceae,SHA256_READ,sample_journal
formal__eqt_pretrained_frozen__seed43/sample_journals/epoch0008_20261003T075550930471_rank15.jsonl,4592792,630f6e1b4ad39c552eed65a71dc86af8ed4a86653fe950cad8e183dcd6317e88,SHA256_READ,sample_journal
formal__eqt_pretrained_frozen__seed43/sample_journals/epoch0008_20261003T075550930472_rank12.jsonl,4503707,7e815b5481fff2a4af55ffa00f713a5305f3d029bb1012f63ae4dd20d222c90a,SHA256_READ,sample_journal
formal__eqt_pretrained_frozen__seed43/sample_journals/epoch0008_20261003T075550930478_rank14.jsonl,4611646,4025fe2dbe8748454f4069bac7337fc405af278038ddd2abfa4f0233ed507e0d,SHA256_READ,sample_journal
formal__eqt_pretrained_frozen__seed43/sample_journals/epoch0008_20261003T075550931607_rank13.jsonl,4622615,d76d35f3a08ae02b53282280f1b224c699198d40bab653cf0c8a509abdf12b1a,SHA256_READ,sample_journal
formal__eqt_pretrained_frozen__seed43/sample_journals/epoch0008_20261003T075551802042_rank0.jsonl,4660340,2f8f0e5bd37d322f46667f5ba51ae46af0158ee8eb16544575d51656c3b76f3c,SHA256_READ,sample_journal
formal__eqt_pretrained_frozen__seed43/sample_journals/epoch0009_20261003T075550918071_rank2.jsonl,4649829,15c5b0ab94f2b7d544cb8b84a3c4012425588e481fffabbd42e680912cf419ea,SHA256_READ,sample_journal
formal__eqt_pretrained_frozen__seed43/sample_journals/epoch0009_20261003T075550923292_rank1.jsonl,4639387,65934e789814bde440399189269c69d0e5ea78826fe88b38f2bff4c002e4502f,SHA256_READ,sample_journal
formal__eqt_pretrained_frozen__seed43/sample_journals/epoch0009_20261003T075550923733_rank8.jsonl,4554538,cb959b72585b8a9668476e9e1960c8de0cac48eb840d802caf266b391b5986fd,SHA256_READ,sample_journal
formal__eqt_pretrained_frozen__seed43/sample_journals/epoch0009_20261003T075550925484_rank11.jsonl,4602684,c4b0a28be1e7ead02d776db7d541ac4956e554be7e8a935e761512464f3167a4,SHA256_READ,sample_journal
formal__eqt_pretrained_frozen__seed43/sample_journals/epoch0009_20261003T075550925518_rank10.jsonl,4668304,cb0d48d8f57b12321efcd9fe24b059dd3797b0f08f8a8164cbc73c6e01131160,SHA256_READ,sample_journal
formal__eqt_pretrained_frozen__seed43/sample_journals/epoch0009_20261003T075550926486_rank3.jsonl,4634778,a39e40e337a608b46f6387951ec2ba102fe59b5b027a24dcb530733a90487ca2,SHA256_READ,sample_journal
formal__eqt_pretrained_frozen__seed43/sample_journals/epoch0009_20261003T075550927218_rank5.jsonl,4524563,2ab752003b80cc8385001aa177c5624066812748f0a570a74ed21cb2d2a3fc01,SHA256_READ,sample_journal
formal__eqt_pretrained_frozen__seed43/sample_journals/epoch0009_20261003T075550927531_rank7.jsonl,4605476,551c0850893f932e6563ab5f5ce39873ff223f0056fc6f1734559c5a110e426c,SHA256_READ,sample_journal
formal__eqt_pretrained_frozen__seed43/sample_journals/epoch0009_20261003T075550927730_rank9.jsonl,4561927,eb8b0b46e3bb06084d102cb0efdd9c2c0cf4aa4960cfbea7f64e93c8dc221487,SHA256_READ,sample_journal
formal__eqt_pretrained_frozen__seed43/sample_journals/epoch0009_20261003T075550929639_rank6.jsonl,4622230,371088f226951b5c6f2be535a6d3ebe319694571e980a93e39c3c144123b6cd1,SHA256_READ,sample_journal
formal__eqt_pretrained_frozen__seed43/sample_journals/epoch0009_20261003T075550929846_rank4.jsonl,4568354,cced6b96a489e7995732d8c3491a4628a725186aa9be18743690ca90a29c2cac,SHA256_READ,sample_journal
formal__eqt_pretrained_frozen__seed43/sample_journals/epoch0009_20261003T075550930471_rank15.jsonl,4600662,a7cbf00222346a7020ad474a400b1a9ffdb8711b829de7e7aa5eafe3229ab82a,SHA256_READ,sample_journal
formal__eqt_pretrained_frozen__seed43/sample_journals/epoch0009_20261003T075550930472_rank12.jsonl,4593021,5cac7e19d841568c6484268036a9ac43c630c9a9efc8120ccff28ae75dafc593,SHA256_READ,sample_journal
formal__eqt_pretrained_frozen__seed43/sample_journals/epoch0009_20261003T075550930478_rank14.jsonl,4688136,0a1552de4b55605dd274a47b271edbee78478107d1d068ced6c2fc09f258e90e,SHA256_READ,sample_journal
formal__eqt_pretrained_frozen__seed43/sample_journals/epoch0009_20261003T075550931607_rank13.jsonl,4623280,71874849c0ec613158efe7313d7bd3d7d6b1c675fda0fb2601c27d1ac052e08e,SHA256_READ,sample_journal
formal__eqt_pretrained_frozen__seed43/sample_journals/epoch0009_20261003T075551802042_rank0.jsonl,4586909,5a469b8d8f256b132259173d927d29f0a9c55104d7c5fe7e33afda2c992a175c,SHA256_READ,sample_journal
formal__eqt_pretrained_frozen__seed43/sample_journals/epoch0010_20261003T075550918071_rank2.jsonl,4593498,0a19a4099bf045391406994d7f11b3ebc489e8d4627c085df185d361590d0692,SHA256_READ,sample_journal
formal__eqt_pretrained_frozen__seed43/sample_journals/epoch0010_20261003T075550923292_rank1.jsonl,4611687,1b6c9e3bef0ba2329b73ac1613c6821cb0513c5276dcd2e04773a29d17418d1e,SHA256_READ,sample_journal
formal__eqt_pretrained_frozen__seed43/sample_journals/epoch0010_20261003T075550923733_rank8.jsonl,4641507,6fd892c80b85ecddf3fc4518b16bb7061759f3c702468d2c823ed046946638da,SHA256_READ,sample_journal
formal__eqt_pretrained_frozen__seed43/sample_journals/epoch0010_20261003T075550925484_rank11.jsonl,4607345,24b247472b9c91db81221f9d231dedbe95595e20c82d8475d6e443121f995e52,SHA256_READ,sample_journal
formal__eqt_pretrained_frozen__seed43/sample_journals/epoch0010_20261003T075550925518_rank10.jsonl,4600886,05b39b9fa8f58684760daa208c7f9dedab95e488c7b55820e527876d1a5aa11c,SHA256_READ,sample_journal
formal__eqt_pretrained_frozen__seed43/sample_journals/epoch0010_20261003T075550926486_rank3.jsonl,4597191,2fe1684a1518170f8b6a27a25b39b3eab3f9271d7b12dc2327f1bacf9e763257,SHA256_READ,sample_journal
formal__eqt_pretrained_frozen__seed43/sample_journals/epoch0010_20261003T075550927218_rank5.jsonl,4597727,8e1ff79d924e5a29e1c66caaca757a94f3929199f6ba5976c606994adc7607cd,SHA256_READ,sample_journal
formal__eqt_pretrained_frozen__seed43/sample_journals/epoch0010_20261003T075550927531_rank7.jsonl,4612001,103138bd85e281d301050cdd9266e40e10294991dd69056149b0ef1d02192387,SHA256_READ,sample_journal
formal__eqt_pretrained_frozen__seed43/sample_journals/epoch0010_20261003T075550927730_rank9.jsonl,4675152,a83fe5d94e60423f53a3e24e5c4194b86ebff2c129ac38aa63cfc7b71e035239,SHA256_READ,sample_journal
formal__eqt_pretrained_frozen__seed43/sample_journals/epoch0010_20261003T075550929639_rank6.jsonl,4558770,a4a118e1c367d0cb810c16f51bccf0d43cda6d49935534587ec1ffbdffabc5b9,SHA256_READ,sample_journal
formal__eqt_pretrained_frozen__seed43/sample_journals/epoch0010_20261003T075550929846_rank4.jsonl,4647884,6ecc247c46fb89b5bcbe3a6e95b87a2182d3e3c1d959d28a8a792056c3efea72,SHA256_READ,sample_journal
formal__eqt_pretrained_frozen__seed43/sample_journals/epoch0010_20261003T075550930471_rank15.jsonl,4567340,051848eb364fe4d9cddb75d8fe17ab63806a75919afa3d931f18ee26fdf7a599,SHA256_READ,sample_journal
formal__eqt_pretrained_frozen__seed43/sample_journals/epoch0010_20261003T075550930472_rank12.jsonl,4680756,10bd364d90635135978dfd80b71ce82b48865a0f1d1a7459eb1b15a90331e04c,SHA256_READ,sample_journal
formal__eqt_pretrained_frozen__seed43/sample_journals/epoch0010_20261003T075550930478_rank14.jsonl,4664027,110ff562a6c6c6d90e099d67d374aabe9f229422c29b517a3dc27646ab327d29,SHA256_READ,sample_journal
formal__eqt_pretrained_frozen__seed43/sample_journals/epoch0010_20261003T075550931607_rank13.jsonl,4631608,d09fe533aaa2b8be2712894074a5d885af1c65b768800a28092e346b2e4ad1f4,SHA256_READ,sample_journal
formal__eqt_pretrained_frozen__seed43/sample_journals/epoch0010_20261003T075551802042_rank0.jsonl,4585904,0035eee8703d91953733fd9049d6f80278aff668d694e5334f622b5f5b4c3cb6,SHA256_READ,sample_journal
formal__eqt_pretrained_frozen__seed43/sample_journals/epoch0011_20261003T075550918071_rank2.jsonl,4554503,36513cadb6ef0e0e997a3d55d157afa3dd4dfff0d85ad502d9113f972063b39a,SHA256_READ,sample_journal
formal__eqt_pretrained_frozen__seed43/sample_journals/epoch0011_20261003T075550923292_rank1.jsonl,4616524,6bb8b49cad9aa5f761e3a870e0455e04ec5d1d2759b4902217d99b5ff108f7e0,SHA256_READ,sample_journal
formal__eqt_pretrained_frozen__seed43/sample_journals/epoch0011_20261003T075550923733_rank8.jsonl,4632461,0b1a21d2b111c1111465fc2aea4f1782eac6f9dacf6b07c81c9d7d7a9fad0010,SHA256_READ,sample_journal
formal__eqt_pretrained_frozen__seed43/sample_journals/epoch0011_20261003T075550925484_rank11.jsonl,4636563,d952407888614e371e8432ddeef1dffba60c7d4bf1fdbb9b2b68ce0086c5aa15,SHA256_READ,sample_journal
formal__eqt_pretrained_frozen__seed43/sample_journals/epoch0011_20261003T075550925518_rank10.jsonl,4600912,bb09529eaaeb982a9b77ea998cc9172e2ec545486ffef0ee037b83c15f8d217b,SHA256_READ,sample_journal
formal__eqt_pretrained_frozen__seed43/sample_journals/epoch0011_20261003T075550926486_rank3.jsonl,4609000,728e5d80e829b66afcdb72cf00596fad34d78a07b309d3bbd5b2d0fd1d129c14,SHA256_READ,sample_journal
formal__eqt_pretrained_frozen__seed43/sample_journals/epoch0011_20261003T075550927218_rank5.jsonl,4584859,5bc140407bf608b6c5fd8e8d4f62eb18ed342b2af98ddee2734d574c2d2e5a87,SHA256_READ,sample_journal
formal__eqt_pretrained_frozen__seed43/sample_journals/epoch0011_20261003T075550927531_rank7.jsonl,4589645,27bc9ad30a41f50ae596c682b45a15e8e614d67d291a61f05c9d794df2e34a9e,SHA256_READ,sample_journal
formal__eqt_pretrained_frozen__seed43/sample_journals/epoch0011_20261003T075550927730_rank9.jsonl,4637902,b5bb1cfb94ece29d18dde8360f2fe71f69c01329864f990e3d041c35814fe85a,SHA256_READ,sample_journal
formal__eqt_pretrained_frozen__seed43/sample_journals/epoch0011_20261003T075550929639_rank6.jsonl,4616715,c0fd7310f143e9bde8242261d2f3fcf26576000c374a7809e525cdc49077a1aa,SHA256_READ,sample_journal
formal__eqt_pretrained_frozen__seed43/sample_journals/epoch0011_20261003T075550929846_rank4.jsonl,4658955,8dacef7bebd5d3ee7193a4414d5b6e5ee2bc02eed5083fa1532f086db1ef23c6,SHA256_READ,sample_journal
formal__eqt_pretrained_frozen__seed43/sample_journals/epoch0011_20261003T075550930471_rank15.jsonl,4615740,c817202a7e4d074eea4d595a1a76d3e6cb8c412e6ec365099b383218d769736e,SHA256_READ,sample_journal
formal__eqt_pretrained_frozen__seed43/sample_journals/epoch0011_20261003T075550930472_rank12.jsonl,4640009,99cd9d25bfb596d70b6dd55323b2393c66116930bf6aca15b1ffd218ef387377,SHA256_READ,sample_journal
formal__eqt_pretrained_frozen__seed43/sample_journals/epoch0011_20261003T075550930478_rank14.jsonl,4624410,7f384e3f9d5e44b530679a25c83941b815c6c76af9dc9c65e025469673e27f05,SHA256_READ,sample_journal
formal__eqt_pretrained_frozen__seed43/sample_journals/epoch0011_20261003T075550931607_rank13.jsonl,4648532,45896a52694243a69a303ec1d7858cb75a53d016f70546d564744d4f5e49fc04,SHA256_READ,sample_journal
formal__eqt_pretrained_frozen__seed43/sample_journals/epoch0011_20261003T075551802042_rank0.jsonl,4584223,11e4dcd6d074691468efff053ff8c0c7a3942de8e5869d6ebeb4b178ddefca13,SHA256_READ,sample_journal
formal__eqt_pretrained_frozen__seed43/sample_journals/epoch0012_20261003T075550918071_rank2.jsonl,4575004,d77ccb6d2ab8de3b3bfdd2c2e3ea8f991158d537fb63efb0abc05ec6b6ace541,SHA256_READ,sample_journal
formal__eqt_pretrained_frozen__seed43/sample_journals/epoch0012_20261003T075550923292_rank1.jsonl,4631656,8f9885fce03bd97f104d1ea981a72bfa059fbd83e6cb6fa1dcd0f32b5e7a7c96,SHA256_READ,sample_journal
formal__eqt_pretrained_frozen__seed43/sample_journals/epoch0012_20261003T075550923733_rank8.jsonl,4672049,a2db2d4a4d291b3e84fd27c70dd50bc563473b192f47210d5612d83ffa1e7132,SHA256_READ,sample_journal
formal__eqt_pretrained_frozen__seed43/sample_journals/epoch0012_20261003T075550925484_rank11.jsonl,4535171,0321688f1e8a7f1faff540382c414db7107bcbaad3b8d0f515b4537beec09819,SHA256_READ,sample_journal
formal__eqt_pretrained_frozen__seed43/sample_journals/epoch0012_20261003T075550925518_rank10.jsonl,4545148,1b7f8abfb3ba4860cdf11ce7fea50ec2f7343df32e05c0b6c062ed23c3b27e74,SHA256_READ,sample_journal
formal__eqt_pretrained_frozen__seed43/sample_journals/epoch0012_20261003T075550926486_rank3.jsonl,4638723,597aabf02dc1cb4a121109396f288d97bc58821a15a50c65a41f640ab9bb9cdf,SHA256_READ,sample_journal
formal__eqt_pretrained_frozen__seed43/sample_journals/epoch0012_20261003T075550927218_rank5.jsonl,4523735,55ca18f8210bac841567a2750e6ffadc76e39118c5e88f451bc5028ce9cfdd01,SHA256_READ,sample_journal
formal__eqt_pretrained_frozen__seed43/sample_journals/epoch0012_20261003T075550927531_rank7.jsonl,4653297,114111c90592ddddcdbcdc7c9664fef407c14138fb04803b3b57616146f2e09c,SHA256_READ,sample_journal
formal__eqt_pretrained_frozen__seed43/sample_journals/epoch0012_20261003T075550927730_rank9.jsonl,4575717,d889bf1eafbaa3db6e270756c0f93e63d252c6645e2ff4bafc3f62e092be10ad,SHA256_READ,sample_journal
formal__eqt_pretrained_frozen__seed43/sample_journals/epoch0012_20261003T075550929639_rank6.jsonl,4709782,26f887b9b9857f60258c65164e096ada895a3066dcf64fa22bc175da016a1b95,SHA256_READ,sample_journal
formal__eqt_pretrained_frozen__seed43/sample_journals/epoch0012_20261003T075550929846_rank4.jsonl,4552683,d87dc39272c65c151316f86af3505cf2f772c533fd64b685c1ec482170cb2981,SHA256_READ,sample_journal
formal__eqt_pretrained_frozen__seed43/sample_journals/epoch0012_20261003T075550930471_rank15.jsonl,4599671,67256b134fbad1c485f88a75d8d3fde111866176a3c1848e230beaa016bd6485,SHA256_READ,sample_journal
formal__eqt_pretrained_frozen__seed43/sample_journals/epoch0012_20261003T075550930472_rank12.jsonl,4561264,9f47948cd0e0c44b870f5e392354c2d70f1cf76fd642df485bffd1edbd4d5ac2,SHA256_READ,sample_journal
formal__eqt_pretrained_frozen__seed43/sample_journals/epoch0012_20261003T075550930478_rank14.jsonl,4639601,753c94fec08d2df6789fe7984da028a69906e2b0a0bb57c3515f61fc332641b3,SHA256_READ,sample_journal
formal__eqt_pretrained_frozen__seed43/sample_journals/epoch0012_20261003T075550931607_rank13.jsonl,4700922,25511349548e4a26f8b9cd6e3330421c556afb2eb912f4dd32fbcbccec083c08,SHA256_READ,sample_journal
formal__eqt_pretrained_frozen__seed43/sample_journals/epoch0012_20261003T075551802042_rank0.jsonl,4592990,d634b8b8cc04abd43afe9b7d12465f1215a1604709f4ecaaeab3e5f86ed95982,SHA256_READ,sample_journal
formal__eqt_pretrained_frozen__seed43/training_curves.csv,1399,a009031a21257ca6ec796842d3665b7dc2740f0344cacc03755f4fdb7e7dd0f6,SHA256_READ,metadata_or_audit
formal__eqt_pretrained_frozen__seed43/validation_epoch1.csv.gz,53513598,cce914a97909cbabb8620bdf7b4d46b4c037f73b91769373242445af0933eace,SHA256_READ,validation_prediction
formal__eqt_pretrained_frozen__seed43/validation_epoch10.csv.gz,54024803,8ff938c2f8b6c579cb5395031cb3b547b86587d9bfd9782a8053ceeff071cf37,SHA256_READ,validation_prediction
formal__eqt_pretrained_frozen__seed43/validation_epoch11.csv.gz,54058806,c103c9eaba873efdd7a01e5ca7348606c006f5e7766afd1f882d50398c4d0703,SHA256_READ,validation_prediction
formal__eqt_pretrained_frozen__seed43/validation_epoch12.csv.gz,54057363,0d0625bd25dae5b69169f9c016978b12ed2dba8a43682433a3a8aff1e173b30d,SHA256_READ,validation_prediction
formal__eqt_pretrained_frozen__seed43/validation_epoch2.csv.gz,53660279,baaead7c4f6524fcd94c3371823c258ce0963fcbe8b192c74d3e288dca2505b1,SHA256_READ,validation_prediction
formal__eqt_pretrained_frozen__seed43/validation_epoch3.csv.gz,53771697,d94cac9ef0fe3531b28128ac3b1e03baf89d439a1618b01a6237c5a100545000,SHA256_READ,validation_prediction
formal__eqt_pretrained_frozen__seed43/validation_epoch4.csv.gz,53862205,978fb265f8bbb825cc00bfe09f7aeaba5b64327b77e37fc82ea961bacd7817a0,SHA256_READ,validation_prediction
formal__eqt_pretrained_frozen__seed43/validation_epoch5.csv.gz,53876398,a9829410abf3ad3328e91034742bba5d391c2d5d051bcc21714db6a116cf41c7,SHA256_READ,validation_prediction
formal__eqt_pretrained_frozen__seed43/validation_epoch6.csv.gz,53919828,75818a918e45bfa379dc188a75441375ce6fa4cea6f1aaebbabd12d56a9c16e3,SHA256_READ,validation_prediction
formal__eqt_pretrained_frozen__seed43/validation_epoch7.csv.gz,53929156,d3902bbfa91bfeaeb775487093d6e1501ced6cb39002237bda880a2dd9ad804f,SHA256_READ,validation_prediction
formal__eqt_pretrained_frozen__seed43/validation_epoch8.csv.gz,53955290,dd48ec7dbeb7a5986d7031666fdc9cef23a0bec69e9adda0a36c19c42db3178b,SHA256_READ,validation_prediction
formal__eqt_pretrained_frozen__seed43/validation_epoch9.csv.gz,54033701,be3dbc913611589a4d969853d24fca9ad3862143e61011a4a9b09fb0cf853826,SHA256_READ,validation_prediction
formal__eqt_pretrained_frozen__seed44/epoch0001_20261003T075551777184_rank0.json,313,61f926e0a9ae7893745bc5e4da593bbd6b07521060d794532682b842a5a0fa13,SHA256_READ,metadata_or_audit
formal__eqt_pretrained_frozen__seed44/epoch0002_20261003T075551777184_rank0.json,314,a2ca91ad0a7275338e2638b344ed9dec5c911e74d48624eb4da957d4a07e164c,SHA256_READ,metadata_or_audit
formal__eqt_pretrained_frozen__seed44/epoch0003_20261003T075551777184_rank0.json,315,0d05fb949d1f4614324e44f7392124d2daa7a86471d7c0bc7e405f69e6f55fb1,SHA256_READ,metadata_or_audit
formal__eqt_pretrained_frozen__seed44/epoch0004_20261003T075551777184_rank0.json,313,32e04406043bb6b0b8c840033513cc544b43418a6c1c61cceafe0110c0de4d71,SHA256_READ,metadata_or_audit
formal__eqt_pretrained_frozen__seed44/epoch0005_20261003T075551777184_rank0.json,316,1ba5c0f25d8a70cc2a97d2d5bb4b6c89137a19e3e6dac788b3c31cf92e350a4f,SHA256_READ,metadata_or_audit
formal__eqt_pretrained_frozen__seed44/epoch0006_20261003T075551777184_rank0.json,316,b378fb1fef943b446ec000a16e0c6811a1d4cb2f031921c0095924c94514a3c0,SHA256_READ,metadata_or_audit
formal__eqt_pretrained_frozen__seed44/epoch0007_20261003T075551777184_rank0.json,317,0c26afca8bef00eb0cb1198f176be31b9e1624486108e2a218f99fea39202796,SHA256_READ,metadata_or_audit
formal__eqt_pretrained_frozen__seed44/epoch0008_20261003T075551777184_rank0.json,316,33b5dfe11c2725434f25a9dfba1d7c7de829c965596989f8aefec665a232fca4,SHA256_READ,metadata_or_audit
formal__eqt_pretrained_frozen__seed44/epoch0009_20261003T075551777184_rank0.json,316,d78679e757ffba93c9e83453cf94e6b2da1271149c2e4711c92787c62f16368c,SHA256_READ,metadata_or_audit
formal__eqt_pretrained_frozen__seed44/epoch0010_20261003T075551777184_rank0.json,318,af6a64b9959116a91c99ddf0de2439e05d1c2ccf34547c3d090c954a78504a2f,SHA256_READ,metadata_or_audit
formal__eqt_pretrained_frozen__seed44/epoch0011_20261003T075551777184_rank0.json,319,16624429fc802212fa872559d7c82e73ee057e54aac002cfa11a07ed949ef625,SHA256_READ,metadata_or_audit
formal__eqt_pretrained_frozen__seed44/epoch0012_20261003T075551777184_rank0.json,298,57739d25a8a02f5aefd9be398c813712eb6c9791b8bd824f92f3e21f6b56c193,SHA256_READ,metadata_or_audit
formal__eqt_pretrained_frozen__seed44/model_interface_audit.json,7093,d59925d9dd15013e1d292044383f6617d1470bcd17f9e0387c34e3027991c7cb,SHA256_READ,metadata_or_audit
formal__eqt_pretrained_frozen__seed44/protocol.lock.json,809296,5912ea93833254d58d2ecd6c0c0bf90727942dc7db9efead3a14d6fd6d414b21,SHA256_READ,metadata_or_audit
formal__eqt_pretrained_frozen__seed44/resolved_config.json,724106,3b18c17c980b898d05b6d99e5ea31d4bd7cd3348d780f58417eb7b308d935776,SHA256_READ,metadata_or_audit
formal__eqt_pretrained_frozen__seed44/runtime.json,894,d2333284561b17194f2edc924767acd01df3b9c72e8dce5ae97e87229457ee85,SHA256_READ,metadata_or_audit
formal__eqt_pretrained_frozen__seed44/runtime_20261003T075551777184_rank0.json,894,a7b1a798e0da20aad9450fe91318f2aea24305d1aafbb03c35ebad50a053ac70,SHA256_READ,metadata_or_audit
formal__eqt_pretrained_frozen__seed44/sample_journals/epoch0001_20261003T075550860162_rank1.jsonl,4621679,636b3714abb247db2bd651d685a111372d4935b2d9085f7c2b89a3b233eeaa53,SHA256_READ,sample_journal
formal__eqt_pretrained_frozen__seed44/sample_journals/epoch0001_20261003T075550862821_rank3.jsonl,4587971,5d9d60db559b6af71a74da21c4d356752a93c0acab3091b95b5788e22ddafd8d,SHA256_READ,sample_journal
formal__eqt_pretrained_frozen__seed44/sample_journals/epoch0001_20261003T075550862842_rank4.jsonl,4533815,3261d2e32f911d0fe39639e59e6fd7a737412e71e88dd8aa8b4175011f5b9d7c,SHA256_READ,sample_journal
formal__eqt_pretrained_frozen__seed44/sample_journals/epoch0001_20261003T075550862848_rank5.jsonl,4709363,16eb26b4f64f721dd36df1ab010de6490c743b1a047b405a7e884dcb956597db,SHA256_READ,sample_journal
formal__eqt_pretrained_frozen__seed44/sample_journals/epoch0001_20261003T075550862938_rank2.jsonl,4511744,e220624eb9228407b9aa23eb254c0e7e1a90792a91b316ae7490fb87745faacb,SHA256_READ,sample_journal
formal__eqt_pretrained_frozen__seed44/sample_journals/epoch0001_20261003T075550865937_rank6.jsonl,4600157,abef2a06eb9c7ccd50c9e4a083603c3bf5d91ad8ed8e8417784f3ac2c70d6f15,SHA256_READ,sample_journal
formal__eqt_pretrained_frozen__seed44/sample_journals/epoch0001_20261003T075550866444_rank14.jsonl,4554030,9f857cae724cbcd3c1969781afe8d8576bbebb95def83a1061a1e89fcf7161f0,SHA256_READ,sample_journal
formal__eqt_pretrained_frozen__seed44/sample_journals/epoch0001_20261003T075550866455_rank15.jsonl,4562628,b0a4db4951fcb64a6f36a562fb5a0220f5695c9885399a7b0b5f13075b594062,SHA256_READ,sample_journal
formal__eqt_pretrained_frozen__seed44/sample_journals/epoch0001_20261003T075550866552_rank12.jsonl,4619374,4e7532f7cb55f7bc96799cd73299fc249436aa1388e40389033cfac83815b1f2,SHA256_READ,sample_journal
formal__eqt_pretrained_frozen__seed44/sample_journals/epoch0001_20261003T075550867111_rank13.jsonl,4612321,c94c7e7c365cee81589fcd1ec22ff14d18444cf2c8d2fa81b557731ecbf0548f,SHA256_READ,sample_journal
formal__eqt_pretrained_frozen__seed44/sample_journals/epoch0001_20261003T075550869042_rank7.jsonl,4651191,c735da3a03423e1fbb49a81362eb6bd334bcc9274bee02cb2bb5f14057930ed0,SHA256_READ,sample_journal
formal__eqt_pretrained_frozen__seed44/sample_journals/epoch0001_20261003T075550871411_rank9.jsonl,4645992,0b22bd3174739b11d393480ea46483d3b5bd8d27e249f3508a47f3ad1f48ecbb,SHA256_READ,sample_journal
formal__eqt_pretrained_frozen__seed44/sample_journals/epoch0001_20261003T075550871517_rank11.jsonl,4624449,19aa43434d4b11aea28353c446d0bdb1a12aa4944e4a6249eb2acb99dadc552b,SHA256_READ,sample_journal
formal__eqt_pretrained_frozen__seed44/sample_journals/epoch0001_20261003T075550873684_rank10.jsonl,4604202,c495e92e8db297179ed259fc52457dd3c97e3c3fb8d8f5619d1bf493f5c0b2f8,SHA256_READ,sample_journal
formal__eqt_pretrained_frozen__seed44/sample_journals/epoch0001_20261003T075550873963_rank8.jsonl,4628157,763ebdc05fe6d8f0989969a72fd51a5691e92ea28328f609dd02d252d0b568e7,SHA256_READ,sample_journal
formal__eqt_pretrained_frozen__seed44/sample_journals/epoch0001_20261003T075551777184_rank0.jsonl,4632453,0be008cd7cddeaf7293fa55a37b474f4257ac6710ece4e262764741303cce1bb,SHA256_READ,sample_journal
formal__eqt_pretrained_frozen__seed44/sample_journals/epoch0002_20261003T075550860162_rank1.jsonl,4673322,8b0f75e9eaa307768fb5891eebecd014538323768467b940bb09e2d7f25cdde6,SHA256_READ,sample_journal
formal__eqt_pretrained_frozen__seed44/sample_journals/epoch0002_20261003T075550862821_rank3.jsonl,4557324,faf077b63c181e9162914c600144573aed0992f9df4217c831fa616ee079f886,SHA256_READ,sample_journal
formal__eqt_pretrained_frozen__seed44/sample_journals/epoch0002_20261003T075550862842_rank4.jsonl,4589273,fac6f6e7c7408ce08819594f13234d3d19d8babf3a152d7b0a88189fab0d6710,SHA256_READ,sample_journal
formal__eqt_pretrained_frozen__seed44/sample_journals/epoch0002_20261003T075550862848_rank5.jsonl,4564871,2bf66615d66ecd8e5ffd6bad21834d9423c86b89a6aafcaa9e68224f2c103b98,SHA256_READ,sample_journal
formal__eqt_pretrained_frozen__seed44/sample_journals/epoch0002_20261003T075550862938_rank2.jsonl,4563770,68a24108ec911f3cc18ee0900dad6edc9646d5a8775c0d62ddf2898c0f21db58,SHA256_READ,sample_journal
formal__eqt_pretrained_frozen__seed44/sample_journals/epoch0002_20261003T075550865937_rank6.jsonl,4589721,04aa784687053e638ab43bc5a0e4a488cc1118d1a1964da77ed660d676439e24,SHA256_READ,sample_journal
formal__eqt_pretrained_frozen__seed44/sample_journals/epoch0002_20261003T075550866444_rank14.jsonl,4634594,d21ac28cb419af1f420cd00063463a4e75213f5996082f97fcc08d77a46aed03,SHA256_READ,sample_journal
formal__eqt_pretrained_frozen__seed44/sample_journals/epoch0002_20261003T075550866455_rank15.jsonl,4634775,f27c1773ea178ba7fbfe3e9eac17cee9ebf77bf5a852101cdaf4da2e97c0a407,SHA256_READ,sample_journal
formal__eqt_pretrained_frozen__seed44/sample_journals/epoch0002_20261003T075550866552_rank12.jsonl,4554035,5db99eed1d344d344b51f3f0afbf4b4a7399522276f5a903549a956a55a3aa52,SHA256_READ,sample_journal
formal__eqt_pretrained_frozen__seed44/sample_journals/epoch0002_20261003T075550867111_rank13.jsonl,4604527,057eca2c06ae7735e97014636d307eda5e3d13d0aa3f9e1c5c51140a1d631857,SHA256_READ,sample_journal
formal__eqt_pretrained_frozen__seed44/sample_journals/epoch0002_20261003T075550869042_rank7.jsonl,4699160,99e1b28429f91ceefb7f415c0f7e77208da23f4e18466679e59b983fe0328ac4,SHA256_READ,sample_journal
formal__eqt_pretrained_frozen__seed44/sample_journals/epoch0002_20261003T075550871411_rank9.jsonl,4600424,e4d0057f8e934f52309d56d93e78ab10b2ab18caefc3f32c07f26fe95dc3f148,SHA256_READ,sample_journal
formal__eqt_pretrained_frozen__seed44/sample_journals/epoch0002_20261003T075550871517_rank11.jsonl,4677235,8eaba33aca9ebe2d10127355ca2dbc0cfb06d4a5011a68705c9a0fd699e83451,SHA256_READ,sample_journal
formal__eqt_pretrained_frozen__seed44/sample_journals/epoch0002_20261003T075550873684_rank10.jsonl,4637925,a6bed681ec3de886e8c615787b667c93fed0ea502083de3fc043ce76db138fbf,SHA256_READ,sample_journal
formal__eqt_pretrained_frozen__seed44/sample_journals/epoch0002_20261003T075550873963_rank8.jsonl,4616326,4d5380f358edeeb66f57e20299550646a810fe0d87dc6c1f6c1b7eea13c5eb66,SHA256_READ,sample_journal
formal__eqt_pretrained_frozen__seed44/sample_journals/epoch0002_20261003T075551777184_rank0.jsonl,4557249,8ec561fd8c6d06dba98a805ad20c7f13d14f48d05cff321ab87345239d8e5603,SHA256_READ,sample_journal
formal__eqt_pretrained_frozen__seed44/sample_journals/epoch0003_20261003T075550860162_rank1.jsonl,4626189,31fe1be2061496291f3da22f402a6d9190365007fbd68063f8299cf796d8bff8,SHA256_READ,sample_journal
formal__eqt_pretrained_frozen__seed44/sample_journals/epoch0003_20261003T075550862821_rank3.jsonl,4591304,1400219fc9143ad4c7c166feb7dc53f7f8fa9750218b1e313699c8c9afa43dd1,SHA256_READ,sample_journal
formal__eqt_pretrained_frozen__seed44/sample_journals/epoch0003_20261003T075550862842_rank4.jsonl,4631285,2225279f5a9e2a4c04432a45c9c073f226ac0c3373ef0d44cea78b9ac04e5921,SHA256_READ,sample_journal
formal__eqt_pretrained_frozen__seed44/sample_journals/epoch0003_20261003T075550862848_rank5.jsonl,4596770,45e7cbb35c0b709e6ab9633b04ab9e675d645ae4e9b94a6109adce541f491043,SHA256_READ,sample_journal
formal__eqt_pretrained_frozen__seed44/sample_journals/epoch0003_20261003T075550862938_rank2.jsonl,4559044,2a66f36e3a73024b7be99e7b4c42330bd2975226f6de35b4fa85ef3d09711c4b,SHA256_READ,sample_journal
formal__eqt_pretrained_frozen__seed44/sample_journals/epoch0003_20261003T075550865937_rank6.jsonl,4614884,883714336234a029532a23411e9247f8afd388c3e17eb5f43d187784672792b5,SHA256_READ,sample_journal
formal__eqt_pretrained_frozen__seed44/sample_journals/epoch0003_20261003T075550866444_rank14.jsonl,4601418,ea85e2ad28eabb2d9a1a3196642bc8a539da747283f0a6306470b2c7bfbcf22d,SHA256_READ,sample_journal
formal__eqt_pretrained_frozen__seed44/sample_journals/epoch0003_20261003T075550866455_rank15.jsonl,4587510,cb50d366736f921ea7b92b91ef65d6f2b599ea35b1c04501a28859e7261a5a0b,SHA256_READ,sample_journal
formal__eqt_pretrained_frozen__seed44/sample_journals/epoch0003_20261003T075550866552_rank12.jsonl,4541651,85b6511a391de19ada0336242ddbf4ecc85d824902a7368bf168e01a7adc1856,SHA256_READ,sample_journal
formal__eqt_pretrained_frozen__seed44/sample_journals/epoch0003_20261003T075550867111_rank13.jsonl,4664083,4178706b0a7908bdc27fca58a0a9a2844c0963cc13d8fe142da4da4801391916,SHA256_READ,sample_journal
formal__eqt_pretrained_frozen__seed44/sample_journals/epoch0003_20261003T075550869042_rank7.jsonl,4682378,c0f5bc4c4cc4a628b07120114e43b2da357e4fa719ffde53957c2cadf80f99e8,SHA256_READ,sample_journal
formal__eqt_pretrained_frozen__seed44/sample_journals/epoch0003_20261003T075550871411_rank9.jsonl,4607863,2dc62d0ece4205bceacb7ad855800c575293fae9f215db976983e0327cb8faf8,SHA256_READ,sample_journal
formal__eqt_pretrained_frozen__seed44/sample_journals/epoch0003_20261003T075550871517_rank11.jsonl,4565952,00fa4fe44ec2d8a94042b49656909f94c22457d5a3dd9dc55c2659d93ac43db5,SHA256_READ,sample_journal
formal__eqt_pretrained_frozen__seed44/sample_journals/epoch0003_20261003T075550873684_rank10.jsonl,4628899,cca90cb6c9502d553045847345140f8ff03e3b87cd7210167a646a4dba49059f,SHA256_READ,sample_journal
formal__eqt_pretrained_frozen__seed44/sample_journals/epoch0003_20261003T075550873963_rank8.jsonl,4621416,c897539945198ebb3d4729959fbb4222aaa0a216e88ff404421243c1b9497ef5,SHA256_READ,sample_journal
formal__eqt_pretrained_frozen__seed44/sample_journals/epoch0003_20261003T075551777184_rank0.jsonl,4663698,1774b36219850463ebcb9c64ad527f131f6677c0238e8bc1741a73dbcbd076ef,SHA256_READ,sample_journal
formal__eqt_pretrained_frozen__seed44/sample_journals/epoch0004_20261003T075550860162_rank1.jsonl,4689129,ee393c751c8fbccc0af5549011739bacaf93a27cf02d4b7122262635b5ba9190,SHA256_READ,sample_journal
formal__eqt_pretrained_frozen__seed44/sample_journals/epoch0004_20261003T075550862821_rank3.jsonl,4526113,73d649a5ee52ede666e06fb95c734aaebaddf45f42aa1a1d97e0ad35ded39513,SHA256_READ,sample_journal
formal__eqt_pretrained_frozen__seed44/sample_journals/epoch0004_20261003T075550862842_rank4.jsonl,4641466,6e34ded383755da5361e2c32e7638fb60738b86fa3504383d1d73fb11c5b4f65,SHA256_READ,sample_journal
formal__eqt_pretrained_frozen__seed44/sample_journals/epoch0004_20261003T075550862848_rank5.jsonl,4670838,6ab855581fd2a489cece3e6c2bb84985afdcf05aada70181176726be01ab0a91,SHA256_READ,sample_journal
formal__eqt_pretrained_frozen__seed44/sample_journals/epoch0004_20261003T075550862938_rank2.jsonl,4560395,2689035985e3b47f31d4c665167408874b460543c7537b3dca9ea80ef84f320d,SHA256_READ,sample_journal
formal__eqt_pretrained_frozen__seed44/sample_journals/epoch0004_20261003T075550865937_rank6.jsonl,4616491,611840deeedfb9b970da72b5a866b18fdf1b4f21a16f6d88b1528c063c0b7ea2,SHA256_READ,sample_journal
formal__eqt_pretrained_frozen__seed44/sample_journals/epoch0004_20261003T075550866444_rank14.jsonl,4647756,b53fe322e2d0ccf99694441498faa663dc22a1a49145da99bc4af6b97f010366,SHA256_READ,sample_journal
formal__eqt_pretrained_frozen__seed44/sample_journals/epoch0004_20261003T075550866455_rank15.jsonl,4566911,1f1b5c2954b834c50467e2b7d6df636e8a68d1f9a2af9025a76b64f0b89ec564,SHA256_READ,sample_journal
formal__eqt_pretrained_frozen__seed44/sample_journals/epoch0004_20261003T075550866552_rank12.jsonl,4622376,62d07a6bfc2df7e3cda9574da4bce33977425c512aa8ed1507275db5f234ff3c,SHA256_READ,sample_journal
formal__eqt_pretrained_frozen__seed44/sample_journals/epoch0004_20261003T075550867111_rank13.jsonl,4604915,c592e579bcb399017a7c237cb821e885c1da06cd0d5b9f46a12acc6ab0dc3e8a,SHA256_READ,sample_journal
formal__eqt_pretrained_frozen__seed44/sample_journals/epoch0004_20261003T075550869042_rank7.jsonl,4579590,d85173cac50e2a9863fa885315ed162028c9efb5a0e72939e29c955575a8a675,SHA256_READ,sample_journal
formal__eqt_pretrained_frozen__seed44/sample_journals/epoch0004_20261003T075550871411_rank9.jsonl,4547994,e0a924ecbe8bbc266efe504627fc49bc32535920cfd26148ef4837f8d96b4f07,SHA256_READ,sample_journal
formal__eqt_pretrained_frozen__seed44/sample_journals/epoch0004_20261003T075550871517_rank11.jsonl,4564117,3212f31362482bba0bdd48af94a5da976cc98e30d7731ca0ce3780ff780fb522,SHA256_READ,sample_journal
formal__eqt_pretrained_frozen__seed44/sample_journals/epoch0004_20261003T075550873684_rank10.jsonl,4678783,cfd26e5a18d24bf75d26282128704c838ef2b0b3d163c95d68c3e26b2c5474f4,SHA256_READ,sample_journal
formal__eqt_pretrained_frozen__seed44/sample_journals/epoch0004_20261003T075550873963_rank8.jsonl,4645924,2075720f54dea96df7af3f9b7967b0a782fc703b1ba61f591051d334b45f0aef,SHA256_READ,sample_journal
formal__eqt_pretrained_frozen__seed44/sample_journals/epoch0004_20261003T075551777184_rank0.jsonl,4592684,a3942863a5f48ec9c78c49125e8d452032e538f0095f97259aac5a7934a97f94,SHA256_READ,sample_journal
formal__eqt_pretrained_frozen__seed44/sample_journals/epoch0005_20261003T075550860162_rank1.jsonl,4570602,276c5db62f974161e1add134544b042929ab0d5027829a22671086862f764c5c,SHA256_READ,sample_journal
formal__eqt_pretrained_frozen__seed44/sample_journals/epoch0005_20261003T075550862821_rank3.jsonl,4637748,0127ac3f068c87460939d55174a59057f9e8b5d4df7c0784c160abb8482452df,SHA256_READ,sample_journal
formal__eqt_pretrained_frozen__seed44/sample_journals/epoch0005_20261003T075550862842_rank4.jsonl,4699651,a00a6696a8aaf52abe5c96e86d9b873cd408f499c029c0a7b0e31b9805df6097,SHA256_READ,sample_journal
formal__eqt_pretrained_frozen__seed44/sample_journals/epoch0005_20261003T075550862848_rank5.jsonl,4571896,5ae35f2474fe48118c79104d1ff06d9136cebfd8b047393af775c3bcae4c9d18,SHA256_READ,sample_journal
formal__eqt_pretrained_frozen__seed44/sample_journals/epoch0005_20261003T075550862938_rank2.jsonl,4661940,206ca9095cd98def4c3e0e205ec3eefe507b2eb9a9813e88d928f709b76b9e7f,SHA256_READ,sample_journal
formal__eqt_pretrained_frozen__seed44/sample_journals/epoch0005_20261003T075550865937_rank6.jsonl,4655487,64fabf9ac7dca474d0bd32f603437b4368a3329d94cb346f74f5085c43c29a6b,SHA256_READ,sample_journal
formal__eqt_pretrained_frozen__seed44/sample_journals/epoch0005_20261003T075550866444_rank14.jsonl,4642949,4149629de5a1509d3e31175d45270fc4239cdc2d24f6503162bf7536ba429d87,SHA256_READ,sample_journal
formal__eqt_pretrained_frozen__seed44/sample_journals/epoch0005_20261003T075550866455_rank15.jsonl,4631232,3fd3a73fde2471834846e668edcc960cfd1e7b75c8819b892909609658fdef91,SHA256_READ,sample_journal
formal__eqt_pretrained_frozen__seed44/sample_journals/epoch0005_20261003T075550866552_rank12.jsonl,4566317,aa6d50194871cd6952e3f2ab807ab658495f2dca1b07d90042611862f492b355,SHA256_READ,sample_journal
formal__eqt_pretrained_frozen__seed44/sample_journals/epoch0005_20261003T075550867111_rank13.jsonl,4581688,1752f341b02525b77227b6b116257aefad6952d985a47668596f3870043abb83,SHA256_READ,sample_journal
formal__eqt_pretrained_frozen__seed44/sample_journals/epoch0005_20261003T075550869042_rank7.jsonl,4571682,45f549a5b3198eea813f91c653fcfdfff42274338908242e503a665e4e2d1f2b,SHA256_READ,sample_journal
formal__eqt_pretrained_frozen__seed44/sample_journals/epoch0005_20261003T075550871411_rank9.jsonl,4543768,262ada9d066336f2c8321c2cadfb86173da402b2783fe82703506860bf65ec50,SHA256_READ,sample_journal
formal__eqt_pretrained_frozen__seed44/sample_journals/epoch0005_20261003T075550871517_rank11.jsonl,4634823,833fc411c44faf32a8ee06e606d7aa7822021a740b1da6c6f46a2ddac47375c9,SHA256_READ,sample_journal
formal__eqt_pretrained_frozen__seed44/sample_journals/epoch0005_20261003T075550873684_rank10.jsonl,4591043,90e04eec283989f4f3bc51a21171fe3b30e820b5c9506216e4f0c734c29eda91,SHA256_READ,sample_journal
formal__eqt_pretrained_frozen__seed44/sample_journals/epoch0005_20261003T075550873963_rank8.jsonl,4613831,b475a3117fdf2469c2ae8fbec76fd9cfb8c4e7f827717be5e9c379101c349e87,SHA256_READ,sample_journal
formal__eqt_pretrained_frozen__seed44/sample_journals/epoch0005_20261003T075551777184_rank0.jsonl,4522825,3d21d88af2a3c45d22fa833ada818b1a975e7ad96a07a621fee14f5e1c8b4432,SHA256_READ,sample_journal
formal__eqt_pretrained_frozen__seed44/sample_journals/epoch0006_20261003T075550860162_rank1.jsonl,4618935,45277cdb16b7485a85a070b623804aadc790949f898e3d87ce3ed835a14287ec,SHA256_READ,sample_journal
formal__eqt_pretrained_frozen__seed44/sample_journals/epoch0006_20261003T075550862821_rank3.jsonl,4630840,a2bb1894ab41a55e71b5755d04cb4fade3d64042f631640986ee858da11d6fc0,SHA256_READ,sample_journal
formal__eqt_pretrained_frozen__seed44/sample_journals/epoch0006_20261003T075550862842_rank4.jsonl,4590291,108917b897e693e78f83f88bc6e1252dadd5a572994a976091f95f8483ddcdde,SHA256_READ,sample_journal
formal__eqt_pretrained_frozen__seed44/sample_journals/epoch0006_20261003T075550862848_rank5.jsonl,4586271,ed6bae0f4ef90071d678872ffb0dab07200415ce059a5e3585c8fa9274ba8c16,SHA256_READ,sample_journal
formal__eqt_pretrained_frozen__seed44/sample_journals/epoch0006_20261003T075550862938_rank2.jsonl,4663251,71a81338b44829a70aa0d59478a25dd60b4de831613e7414df2401537434d8d6,SHA256_READ,sample_journal
formal__eqt_pretrained_frozen__seed44/sample_journals/epoch0006_20261003T075550865937_rank6.jsonl,4588896,ed47f774d9d1e0ad0142d0610add2852c93d0e29a1f760e61f13ee15ab7cd97d,SHA256_READ,sample_journal
formal__eqt_pretrained_frozen__seed44/sample_journals/epoch0006_20261003T075550866444_rank14.jsonl,4579763,556f210914a2a0764c0a1c91269f6b24daf54e5eff1c254298ebb5fee9889f1e,SHA256_READ,sample_journal
formal__eqt_pretrained_frozen__seed44/sample_journals/epoch0006_20261003T075550866455_rank15.jsonl,4620113,f30ab2968331f691dee132ef5ae82d6befca38f4a1b9713d787e9089defea565,SHA256_READ,sample_journal
formal__eqt_pretrained_frozen__seed44/sample_journals/epoch0006_20261003T075550866552_rank12.jsonl,4610352,f100b8950c9d05eca828c8f0ad3aaf7bbc8a2d7d9b1cf823ab1663cb84c8da89,SHA256_READ,sample_journal
formal__eqt_pretrained_frozen__seed44/sample_journals/epoch0006_20261003T075550867111_rank13.jsonl,4616190,0a8f183814b46779ce2cc0f46bb931a3d5d015ab9c9bdd734671ee34504e7f62,SHA256_READ,sample_journal
formal__eqt_pretrained_frozen__seed44/sample_journals/epoch0006_20261003T075550869042_rank7.jsonl,4663204,2be76ae03c2e16630842e4373972a1fe5ac8f895febe339a1379b15fda7053f8,SHA256_READ,sample_journal
formal__eqt_pretrained_frozen__seed44/sample_journals/epoch0006_20261003T075550871411_rank9.jsonl,4602413,eca3eb0fe2b795e18c02e668d9049458f35f471952bc9825775f246f110681e7,SHA256_READ,sample_journal
formal__eqt_pretrained_frozen__seed44/sample_journals/epoch0006_20261003T075550871517_rank11.jsonl,4641436,2f4087811df9a0ac0e2a5d07d846684b3eac9e0d1338c6e4416233f65a7eecf6,SHA256_READ,sample_journal
formal__eqt_pretrained_frozen__seed44/sample_journals/epoch0006_20261003T075550873684_rank10.jsonl,4541983,0249c08539bb9308678682afcb54025b8cb5b9e6529cf79138bc4082bfd11f3d,SHA256_READ,sample_journal
formal__eqt_pretrained_frozen__seed44/sample_journals/epoch0006_20261003T075550873963_rank8.jsonl,4589072,21b8a59f7b535091da84d01bf951ca4db7dbe9059a7e2691f2b7aa194f283bf2,SHA256_READ,sample_journal
formal__eqt_pretrained_frozen__seed44/sample_journals/epoch0006_20261003T075551777184_rank0.jsonl,4606594,46ec1ea98dff9d606b6c059c55f15fff81c9a25a587744ad08448e59762216df,SHA256_READ,sample_journal
formal__eqt_pretrained_frozen__seed44/sample_journals/epoch0007_20261003T075550860162_rank1.jsonl,4632756,cd5641a40b4d8402a6dab3010fb378dcc811e39251e57b6b0eeeda5ba6755b0e,SHA256_READ,sample_journal
formal__eqt_pretrained_frozen__seed44/sample_journals/epoch0007_20261003T075550862821_rank3.jsonl,4541845,a3c18cc5a525ddc6f4566d470f4b75d0938ac703f49bb76e589952410d53b826,SHA256_READ,sample_journal
formal__eqt_pretrained_frozen__seed44/sample_journals/epoch0007_20261003T075550862842_rank4.jsonl,4665802,3802f38947f5fc93c5879eb1bdfa4a218809a6ad54d9c4afdecb747f22f2360f,SHA256_READ,sample_journal
formal__eqt_pretrained_frozen__seed44/sample_journals/epoch0007_20261003T075550862848_rank5.jsonl,4615778,f7cedcd4a2645097f8430da80e9daa38934c7befb73225a189555d192eb6e1a0,SHA256_READ,sample_journal
formal__eqt_pretrained_frozen__seed44/sample_journals/epoch0007_20261003T075550862938_rank2.jsonl,4608582,8992b3461370b1a197b171a6c33eacdcbddf77b64bf27b45fa80061c616f295f,SHA256_READ,sample_journal
formal__eqt_pretrained_frozen__seed44/sample_journals/epoch0007_20261003T075550865937_rank6.jsonl,4616067,7e7b97696cf2c72f132f904b30898e444f4cfef0bb99c80e2e0de8ba28ebe470,SHA256_READ,sample_journal
formal__eqt_pretrained_frozen__seed44/sample_journals/epoch0007_20261003T075550866444_rank14.jsonl,4662477,c0c440c6520546523f5a46ec3c6652b5832cb7a7aaad97b4739f8ed7d0702bed,SHA256_READ,sample_journal
formal__eqt_pretrained_frozen__seed44/sample_journals/epoch0007_20261003T075550866455_rank15.jsonl,4654766,8e1a85593afca4ef6fdccb820870b222a0c8a4434202a45f30cc7cb6b7574596,SHA256_READ,sample_journal
formal__eqt_pretrained_frozen__seed44/sample_journals/epoch0007_20261003T075550866552_rank12.jsonl,4722144,03f90dd0df01b249b5830c59da0174aa3ce69a3c95ab2a1e74539bd2c0ea16bf,SHA256_READ,sample_journal
formal__eqt_pretrained_frozen__seed44/sample_journals/epoch0007_20261003T075550867111_rank13.jsonl,4583795,fedea1729d963e462d026da8f8ac6bd0ef5750134ea0b448b2816638e7e8f29b,SHA256_READ,sample_journal
formal__eqt_pretrained_frozen__seed44/sample_journals/epoch0007_20261003T075550869042_rank7.jsonl,4603181,47a6cabceedcdebb2a8943a450e6277a3951073a0fa630e32a9a3f6c4dc988fb,SHA256_READ,sample_journal
formal__eqt_pretrained_frozen__seed44/sample_journals/epoch0007_20261003T075550871411_rank9.jsonl,4593941,419906c447f1fc851cb904ec262b998283df0889296ba40210d3924e84116039,SHA256_READ,sample_journal
formal__eqt_pretrained_frozen__seed44/sample_journals/epoch0007_20261003T075550871517_rank11.jsonl,4576502,bc71afc4f9f0fa26bf3453e8019c12b2b41987d4e67542ea47eeda8387b35486,SHA256_READ,sample_journal
formal__eqt_pretrained_frozen__seed44/sample_journals/epoch0007_20261003T075550873684_rank10.jsonl,4660784,66d1ddf55c9ed92dc4c53d713d16740ae9c4b666471a22256aea25acc554912d,SHA256_READ,sample_journal
formal__eqt_pretrained_frozen__seed44/sample_journals/epoch0007_20261003T075550873963_rank8.jsonl,4583761,1ec46e5ca3f100880d7ad23d5c2abf978bd760dabc61b1886613692eed063a7f,SHA256_READ,sample_journal
formal__eqt_pretrained_frozen__seed44/sample_journals/epoch0007_20261003T075551777184_rank0.jsonl,4581382,ac577d07ea2464e661cb93be9a1caae89e81f7b1b09607bddeeb6de83f88fcd7,SHA256_READ,sample_journal
formal__eqt_pretrained_frozen__seed44/sample_journals/epoch0008_20261003T075550860162_rank1.jsonl,4566439,2a74657099a0ca0b69c084393432675635f3e77e5fa06b5d7aa96805c791ec2a,SHA256_READ,sample_journal
formal__eqt_pretrained_frozen__seed44/sample_journals/epoch0008_20261003T075550862821_rank3.jsonl,4634701,6829d84fbb7d127cdfd261fd04341f8d520bbe7777faedbce99493bc4cda2e20,SHA256_READ,sample_journal
formal__eqt_pretrained_frozen__seed44/sample_journals/epoch0008_20261003T075550862842_rank4.jsonl,4668162,7f7111733ee05623b81f940af1cc6dc980ad3d92e4d05b35e47f97fdbea8ceae,SHA256_READ,sample_journal
formal__eqt_pretrained_frozen__seed44/sample_journals/epoch0008_20261003T075550862848_rank5.jsonl,4670894,07ca5ba27f786df3778a9c5cfa4faaf41df5353acc120b3600d71dbfdce13abf,SHA256_READ,sample_journal
formal__eqt_pretrained_frozen__seed44/sample_journals/epoch0008_20261003T075550862938_rank2.jsonl,4535959,dd448a50218635c7c27b566e9458734c63e761f1a9925df7769e461c0afbd368,SHA256_READ,sample_journal
formal__eqt_pretrained_frozen__seed44/sample_journals/epoch0008_20261003T075550865937_rank6.jsonl,4611072,d698ea105089a4525ecb3cdd8582aa1964f5a4dee82b6806309f24fbe2c0241e,SHA256_READ,sample_journal
formal__eqt_pretrained_frozen__seed44/sample_journals/epoch0008_20261003T075550866444_rank14.jsonl,4611646,4025fe2dbe8748454f4069bac7337fc405af278038ddd2abfa4f0233ed507e0d,SHA256_READ,sample_journal
formal__eqt_pretrained_frozen__seed44/sample_journals/epoch0008_20261003T075550866455_rank15.jsonl,4592792,630f6e1b4ad39c552eed65a71dc86af8ed4a86653fe950cad8e183dcd6317e88,SHA256_READ,sample_journal
formal__eqt_pretrained_frozen__seed44/sample_journals/epoch0008_20261003T075550866552_rank12.jsonl,4503707,7e815b5481fff2a4af55ffa00f713a5305f3d029bb1012f63ae4dd20d222c90a,SHA256_READ,sample_journal
formal__eqt_pretrained_frozen__seed44/sample_journals/epoch0008_20261003T075550867111_rank13.jsonl,4622615,d76d35f3a08ae02b53282280f1b224c699198d40bab653cf0c8a509abdf12b1a,SHA256_READ,sample_journal
formal__eqt_pretrained_frozen__seed44/sample_journals/epoch0008_20261003T075550869042_rank7.jsonl,4512163,5ff3524b101ea161e8d5a803f6ec9fc0f0d7d1e0533acc4f2a886649c6455d92,SHA256_READ,sample_journal
formal__eqt_pretrained_frozen__seed44/sample_journals/epoch0008_20261003T075550871411_rank9.jsonl,4597293,b24cc5af274e89624bd96259db384ffafe45f6d75dc3a6ffc2cd362e0d310c9f,SHA256_READ,sample_journal
formal__eqt_pretrained_frozen__seed44/sample_journals/epoch0008_20261003T075550871517_rank11.jsonl,4569150,80fb62cade911841dd45a566796bb7f0adb96a31aa16d31a3a9397d0ae2061e6,SHA256_READ,sample_journal
formal__eqt_pretrained_frozen__seed44/sample_journals/epoch0008_20261003T075550873684_rank10.jsonl,4681021,b192e717e044ea8a93019bbd94824c82cfe423fa043f4822709ed8cc6ce650e3,SHA256_READ,sample_journal
formal__eqt_pretrained_frozen__seed44/sample_journals/epoch0008_20261003T075550873963_rank8.jsonl,4686470,9fadccfdfa0983fef463c4f529a53a1f186b79912d8904623d7eba958192e945,SHA256_READ,sample_journal
formal__eqt_pretrained_frozen__seed44/sample_journals/epoch0008_20261003T075551777184_rank0.jsonl,4660340,2f8f0e5bd37d322f46667f5ba51ae46af0158ee8eb16544575d51656c3b76f3c,SHA256_READ,sample_journal
formal__eqt_pretrained_frozen__seed44/sample_journals/epoch0009_20261003T075550860162_rank1.jsonl,4639387,65934e789814bde440399189269c69d0e5ea78826fe88b38f2bff4c002e4502f,SHA256_READ,sample_journal
formal__eqt_pretrained_frozen__seed44/sample_journals/epoch0009_20261003T075550862821_rank3.jsonl,4634778,a39e40e337a608b46f6387951ec2ba102fe59b5b027a24dcb530733a90487ca2,SHA256_READ,sample_journal
formal__eqt_pretrained_frozen__seed44/sample_journals/epoch0009_20261003T075550862842_rank4.jsonl,4568354,cced6b96a489e7995732d8c3491a4628a725186aa9be18743690ca90a29c2cac,SHA256_READ,sample_journal
formal__eqt_pretrained_frozen__seed44/sample_journals/epoch0009_20261003T075550862848_rank5.jsonl,4524563,2ab752003b80cc8385001aa177c5624066812748f0a570a74ed21cb2d2a3fc01,SHA256_READ,sample_journal
formal__eqt_pretrained_frozen__seed44/sample_journals/epoch0009_20261003T075550862938_rank2.jsonl,4649829,15c5b0ab94f2b7d544cb8b84a3c4012425588e481fffabbd42e680912cf419ea,SHA256_READ,sample_journal
formal__eqt_pretrained_frozen__seed44/sample_journals/epoch0009_20261003T075550865937_rank6.jsonl,4622230,371088f226951b5c6f2be535a6d3ebe319694571e980a93e39c3c144123b6cd1,SHA256_READ,sample_journal
formal__eqt_pretrained_frozen__seed44/sample_journals/epoch0009_20261003T075550866444_rank14.jsonl,4688136,0a1552de4b55605dd274a47b271edbee78478107d1d068ced6c2fc09f258e90e,SHA256_READ,sample_journal
formal__eqt_pretrained_frozen__seed44/sample_journals/epoch0009_20261003T075550866455_rank15.jsonl,4600662,a7cbf00222346a7020ad474a400b1a9ffdb8711b829de7e7aa5eafe3229ab82a,SHA256_READ,sample_journal
formal__eqt_pretrained_frozen__seed44/sample_journals/epoch0009_20261003T075550866552_rank12.jsonl,4593021,5cac7e19d841568c6484268036a9ac43c630c9a9efc8120ccff28ae75dafc593,SHA256_READ,sample_journal
formal__eqt_pretrained_frozen__seed44/sample_journals/epoch0009_20261003T075550867111_rank13.jsonl,4623280,71874849c0ec613158efe7313d7bd3d7d6b1c675fda0fb2601c27d1ac052e08e,SHA256_READ,sample_journal
formal__eqt_pretrained_frozen__seed44/sample_journals/epoch0009_20261003T075550869042_rank7.jsonl,4605476,551c0850893f932e6563ab5f5ce39873ff223f0056fc6f1734559c5a110e426c,SHA256_READ,sample_journal
formal__eqt_pretrained_frozen__seed44/sample_journals/epoch0009_20261003T075550871411_rank9.jsonl,4561927,eb8b0b46e3bb06084d102cb0efdd9c2c0cf4aa4960cfbea7f64e93c8dc221487,SHA256_READ,sample_journal
formal__eqt_pretrained_frozen__seed44/sample_journals/epoch0009_20261003T075550871517_rank11.jsonl,4602684,c4b0a28be1e7ead02d776db7d541ac4956e554be7e8a935e761512464f3167a4,SHA256_READ,sample_journal
formal__eqt_pretrained_frozen__seed44/sample_journals/epoch0009_20261003T075550873684_rank10.jsonl,4668304,cb0d48d8f57b12321efcd9fe24b059dd3797b0f08f8a8164cbc73c6e01131160,SHA256_READ,sample_journal
formal__eqt_pretrained_frozen__seed44/sample_journals/epoch0009_20261003T075550873963_rank8.jsonl,4554538,cb959b72585b8a9668476e9e1960c8de0cac48eb840d802caf266b391b5986fd,SHA256_READ,sample_journal
formal__eqt_pretrained_frozen__seed44/sample_journals/epoch0009_20261003T075551777184_rank0.jsonl,4586909,5a469b8d8f256b132259173d927d29f0a9c55104d7c5fe7e33afda2c992a175c,SHA256_READ,sample_journal
formal__eqt_pretrained_frozen__seed44/sample_journals/epoch0010_20261003T075550860162_rank1.jsonl,4611687,1b6c9e3bef0ba2329b73ac1613c6821cb0513c5276dcd2e04773a29d17418d1e,SHA256_READ,sample_journal
formal__eqt_pretrained_frozen__seed44/sample_journals/epoch0010_20261003T075550862821_rank3.jsonl,4597191,2fe1684a1518170f8b6a27a25b39b3eab3f9271d7b12dc2327f1bacf9e763257,SHA256_READ,sample_journal
formal__eqt_pretrained_frozen__seed44/sample_journals/epoch0010_20261003T075550862842_rank4.jsonl,4647884,6ecc247c46fb89b5bcbe3a6e95b87a2182d3e3c1d959d28a8a792056c3efea72,SHA256_READ,sample_journal
formal__eqt_pretrained_frozen__seed44/sample_journals/epoch0010_20261003T075550862848_rank5.jsonl,4597727,8e1ff79d924e5a29e1c66caaca757a94f3929199f6ba5976c606994adc7607cd,SHA256_READ,sample_journal
formal__eqt_pretrained_frozen__seed44/sample_journals/epoch0010_20261003T075550862938_rank2.jsonl,4593498,0a19a4099bf045391406994d7f11b3ebc489e8d4627c085df185d361590d0692,SHA256_READ,sample_journal
formal__eqt_pretrained_frozen__seed44/sample_journals/epoch0010_20261003T075550865937_rank6.jsonl,4558770,a4a118e1c367d0cb810c16f51bccf0d43cda6d49935534587ec1ffbdffabc5b9,SHA256_READ,sample_journal
formal__eqt_pretrained_frozen__seed44/sample_journals/epoch0010_20261003T075550866444_rank14.jsonl,4664027,110ff562a6c6c6d90e099d67d374aabe9f229422c29b517a3dc27646ab327d29,SHA256_READ,sample_journal
formal__eqt_pretrained_frozen__seed44/sample_journals/epoch0010_20261003T075550866455_rank15.jsonl,4567340,051848eb364fe4d9cddb75d8fe17ab63806a75919afa3d931f18ee26fdf7a599,SHA256_READ,sample_journal
formal__eqt_pretrained_frozen__seed44/sample_journals/epoch0010_20261003T075550866552_rank12.jsonl,4680756,10bd364d90635135978dfd80b71ce82b48865a0f1d1a7459eb1b15a90331e04c,SHA256_READ,sample_journal
formal__eqt_pretrained_frozen__seed44/sample_journals/epoch0010_20261003T075550867111_rank13.jsonl,4631608,d09fe533aaa2b8be2712894074a5d885af1c65b768800a28092e346b2e4ad1f4,SHA256_READ,sample_journal
formal__eqt_pretrained_frozen__seed44/sample_journals/epoch0010_20261003T075550869042_rank7.jsonl,4612001,103138bd85e281d301050cdd9266e40e10294991dd69056149b0ef1d02192387,SHA256_READ,sample_journal
formal__eqt_pretrained_frozen__seed44/sample_journals/epoch0010_20261003T075550871411_rank9.jsonl,4675152,a83fe5d94e60423f53a3e24e5c4194b86ebff2c129ac38aa63cfc7b71e035239,SHA256_READ,sample_journal
formal__eqt_pretrained_frozen__seed44/sample_journals/epoch0010_20261003T075550871517_rank11.jsonl,4607345,24b247472b9c91db81221f9d231dedbe95595e20c82d8475d6e443121f995e52,SHA256_READ,sample_journal
formal__eqt_pretrained_frozen__seed44/sample_journals/epoch0010_20261003T075550873684_rank10.jsonl,4600886,05b39b9fa8f58684760daa208c7f9dedab95e488c7b55820e527876d1a5aa11c,SHA256_READ,sample_journal
formal__eqt_pretrained_frozen__seed44/sample_journals/epoch0010_20261003T075550873963_rank8.jsonl,4641507,6fd892c80b85ecddf3fc4518b16bb7061759f3c702468d2c823ed046946638da,SHA256_READ,sample_journal
formal__eqt_pretrained_frozen__seed44/sample_journals/epoch0010_20261003T075551777184_rank0.jsonl,4585904,0035eee8703d91953733fd9049d6f80278aff668d694e5334f622b5f5b4c3cb6,SHA256_READ,sample_journal
formal__eqt_pretrained_frozen__seed44/sample_journals/epoch0011_20261003T075550860162_rank1.jsonl,4616524,6bb8b49cad9aa5f761e3a870e0455e04ec5d1d2759b4902217d99b5ff108f7e0,SHA256_READ,sample_journal
formal__eqt_pretrained_frozen__seed44/sample_journals/epoch0011_20261003T075550862821_rank3.jsonl,4609000,728e5d80e829b66afcdb72cf00596fad34d78a07b309d3bbd5b2d0fd1d129c14,SHA256_READ,sample_journal
formal__eqt_pretrained_frozen__seed44/sample_journals/epoch0011_20261003T075550862842_rank4.jsonl,4658955,8dacef7bebd5d3ee7193a4414d5b6e5ee2bc02eed5083fa1532f086db1ef23c6,SHA256_READ,sample_journal
formal__eqt_pretrained_frozen__seed44/sample_journals/epoch0011_20261003T075550862848_rank5.jsonl,4584859,5bc140407bf608b6c5fd8e8d4f62eb18ed342b2af98ddee2734d574c2d2e5a87,SHA256_READ,sample_journal
formal__eqt_pretrained_frozen__seed44/sample_journals/epoch0011_20261003T075550862938_rank2.jsonl,4554503,36513cadb6ef0e0e997a3d55d157afa3dd4dfff0d85ad502d9113f972063b39a,SHA256_READ,sample_journal
formal__eqt_pretrained_frozen__seed44/sample_journals/epoch0011_20261003T075550865937_rank6.jsonl,4616715,c0fd7310f143e9bde8242261d2f3fcf26576000c374a7809e525cdc49077a1aa,SHA256_READ,sample_journal
formal__eqt_pretrained_frozen__seed44/sample_journals/epoch0011_20261003T075550866444_rank14.jsonl,4624410,7f384e3f9d5e44b530679a25c83941b815c6c76af9dc9c65e025469673e27f05,SHA256_READ,sample_journal
formal__eqt_pretrained_frozen__seed44/sample_journals/epoch0011_20261003T075550866455_rank15.jsonl,4615740,c817202a7e4d074eea4d595a1a76d3e6cb8c412e6ec365099b383218d769736e,SHA256_READ,sample_journal
formal__eqt_pretrained_frozen__seed44/sample_journals/epoch0011_20261003T075550866552_rank12.jsonl,4640009,99cd9d25bfb596d70b6dd55323b2393c66116930bf6aca15b1ffd218ef387377,SHA256_READ,sample_journal
formal__eqt_pretrained_frozen__seed44/sample_journals/epoch0011_20261003T075550867111_rank13.jsonl,4648532,45896a52694243a69a303ec1d7858cb75a53d016f70546d564744d4f5e49fc04,SHA256_READ,sample_journal
formal__eqt_pretrained_frozen__seed44/sample_journals/epoch0011_20261003T075550869042_rank7.jsonl,4589645,27bc9ad30a41f50ae596c682b45a15e8e614d67d291a61f05c9d794df2e34a9e,SHA256_READ,sample_journal
formal__eqt_pretrained_frozen__seed44/sample_journals/epoch0011_20261003T075550871411_rank9.jsonl,4637902,b5bb1cfb94ece29d18dde8360f2fe71f69c01329864f990e3d041c35814fe85a,SHA256_READ,sample_journal
formal__eqt_pretrained_frozen__seed44/sample_journals/epoch0011_20261003T075550871517_rank11.jsonl,4636563,d952407888614e371e8432ddeef1dffba60c7d4bf1fdbb9b2b68ce0086c5aa15,SHA256_READ,sample_journal
formal__eqt_pretrained_frozen__seed44/sample_journals/epoch0011_20261003T075550873684_rank10.jsonl,4600912,bb09529eaaeb982a9b77ea998cc9172e2ec545486ffef0ee037b83c15f8d217b,SHA256_READ,sample_journal
formal__eqt_pretrained_frozen__seed44/sample_journals/epoch0011_20261003T075550873963_rank8.jsonl,4632461,0b1a21d2b111c1111465fc2aea4f1782eac6f9dacf6b07c81c9d7d7a9fad0010,SHA256_READ,sample_journal
formal__eqt_pretrained_frozen__seed44/sample_journals/epoch0011_20261003T075551777184_rank0.jsonl,4584223,11e4dcd6d074691468efff053ff8c0c7a3942de8e5869d6ebeb4b178ddefca13,SHA256_READ,sample_journal
formal__eqt_pretrained_frozen__seed44/sample_journals/epoch0012_20261003T075550860162_rank1.jsonl,4631656,8f9885fce03bd97f104d1ea981a72bfa059fbd83e6cb6fa1dcd0f32b5e7a7c96,SHA256_READ,sample_journal
formal__eqt_pretrained_frozen__seed44/sample_journals/epoch0012_20261003T075550862821_rank3.jsonl,4638723,597aabf02dc1cb4a121109396f288d97bc58821a15a50c65a41f640ab9bb9cdf,SHA256_READ,sample_journal
formal__eqt_pretrained_frozen__seed44/sample_journals/epoch0012_20261003T075550862842_rank4.jsonl,4552683,d87dc39272c65c151316f86af3505cf2f772c533fd64b685c1ec482170cb2981,SHA256_READ,sample_journal
formal__eqt_pretrained_frozen__seed44/sample_journals/epoch0012_20261003T075550862848_rank5.jsonl,4523735,55ca18f8210bac841567a2750e6ffadc76e39118c5e88f451bc5028ce9cfdd01,SHA256_READ,sample_journal
formal__eqt_pretrained_frozen__seed44/sample_journals/epoch0012_20261003T075550862938_rank2.jsonl,4575004,d77ccb6d2ab8de3b3bfdd2c2e3ea8f991158d537fb63efb0abc05ec6b6ace541,SHA256_READ,sample_journal
formal__eqt_pretrained_frozen__seed44/sample_journals/epoch0012_20261003T075550865937_rank6.jsonl,4709782,26f887b9b9857f60258c65164e096ada895a3066dcf64fa22bc175da016a1b95,SHA256_READ,sample_journal
formal__eqt_pretrained_frozen__seed44/sample_journals/epoch0012_20261003T075550866444_rank14.jsonl,4639601,753c94fec08d2df6789fe7984da028a69906e2b0a0bb57c3515f61fc332641b3,SHA256_READ,sample_journal
formal__eqt_pretrained_frozen__seed44/sample_journals/epoch0012_20261003T075550866455_rank15.jsonl,4599671,67256b134fbad1c485f88a75d8d3fde111866176a3c1848e230beaa016bd6485,SHA256_READ,sample_journal
formal__eqt_pretrained_frozen__seed44/sample_journals/epoch0012_20261003T075550866552_rank12.jsonl,4561264,9f47948cd0e0c44b870f5e392354c2d70f1cf76fd642df485bffd1edbd4d5ac2,SHA256_READ,sample_journal
formal__eqt_pretrained_frozen__seed44/sample_journals/epoch0012_20261003T075550867111_rank13.jsonl,4700922,25511349548e4a26f8b9cd6e3330421c556afb2eb912f4dd32fbcbccec083c08,SHA256_READ,sample_journal
formal__eqt_pretrained_frozen__seed44/sample_journals/epoch0012_20261003T075550869042_rank7.jsonl,4653297,114111c90592ddddcdbcdc7c9664fef407c14138fb04803b3b57616146f2e09c,SHA256_READ,sample_journal
formal__eqt_pretrained_frozen__seed44/sample_journals/epoch0012_20261003T075550871411_rank9.jsonl,4575717,d889bf1eafbaa3db6e270756c0f93e63d252c6645e2ff4bafc3f62e092be10ad,SHA256_READ,sample_journal
formal__eqt_pretrained_frozen__seed44/sample_journals/epoch0012_20261003T075550871517_rank11.jsonl,4535171,0321688f1e8a7f1faff540382c414db7107bcbaad3b8d0f515b4537beec09819,SHA256_READ,sample_journal
formal__eqt_pretrained_frozen__seed44/sample_journals/epoch0012_20261003T075550873684_rank10.jsonl,4545148,1b7f8abfb3ba4860cdf11ce7fea50ec2f7343df32e05c0b6c062ed23c3b27e74,SHA256_READ,sample_journal
formal__eqt_pretrained_frozen__seed44/sample_journals/epoch0012_20261003T075550873963_rank8.jsonl,4672049,a2db2d4a4d291b3e84fd27c70dd50bc563473b192f47210d5612d83ffa1e7132,SHA256_READ,sample_journal
formal__eqt_pretrained_frozen__seed44/sample_journals/epoch0012_20261003T075551777184_rank0.jsonl,4592990,d634b8b8cc04abd43afe9b7d12465f1215a1604709f4ecaaeab3e5f86ed95982,SHA256_READ,sample_journal
formal__eqt_pretrained_frozen__seed44/training_curves.csv,1398,3ec53ca7c51b040bcf5a685848dd1d379ab5ba024764b3eef7b050bd7bdede08,SHA256_READ,metadata_or_audit
formal__eqt_pretrained_frozen__seed44/validation_epoch1.csv.gz,53469201,81a15e615687c0a854634425819235ab991f8865503cef38aae76054dce4c8da,SHA256_READ,validation_prediction
formal__eqt_pretrained_frozen__seed44/validation_epoch10.csv.gz,54011722,b1f63e4e9620ac0766ce5e05a6559b8ab2d447437a9293d00543979474a629ed,SHA256_READ,validation_prediction
formal__eqt_pretrained_frozen__seed44/validation_epoch11.csv.gz,54035904,dca2ea8a59dad63ddd8f0c379aebdc848b78b5407859858195be8e8e3cfc3622,SHA256_READ,validation_prediction
formal__eqt_pretrained_frozen__seed44/validation_epoch12.csv.gz,54037657,3432496f45d844e471dcaff0736cabb05835d90506954f4a0e6c0f8ef53cc52f,SHA256_READ,validation_prediction
formal__eqt_pretrained_frozen__seed44/validation_epoch2.csv.gz,53618927,c12fac866ff0108e8af5f995c9388ada76c21409d75e761e5bcdc2bda4e7db52,SHA256_READ,validation_prediction
formal__eqt_pretrained_frozen__seed44/validation_epoch3.csv.gz,53776613,19156e85b56bdac2c3d153c3aa5180317ce19995c3548245e22a080f8b7c5918,SHA256_READ,validation_prediction
formal__eqt_pretrained_frozen__seed44/validation_epoch4.csv.gz,53829367,9bb93c0db968d4843301ca245c22049214e42b63b9e5008682c27ac42a909fb2,SHA256_READ,validation_prediction
formal__eqt_pretrained_frozen__seed44/validation_epoch5.csv.gz,53858560,a1ea63ac75fbe9fdcd753a7eaef0547005fb60b64fc35451596f0b1e8753f642,SHA256_READ,validation_prediction
formal__eqt_pretrained_frozen__seed44/validation_epoch6.csv.gz,53898403,ab5ad0526daf8bedb1ac914221118267365d8ce6ecd8cfa168c30ede0a198c8c,SHA256_READ,validation_prediction
formal__eqt_pretrained_frozen__seed44/validation_epoch7.csv.gz,53954344,b86e95ddd99b10b3a241a6b0f9502826fe0370263adef4236ef01a4ae5382d55,SHA256_READ,validation_prediction
formal__eqt_pretrained_frozen__seed44/validation_epoch8.csv.gz,53952838,b1da63875a7946d209447fe74135d472441b8a61755a6c2ade89d3d971d61356,SHA256_READ,validation_prediction
formal__eqt_pretrained_frozen__seed44/validation_epoch9.csv.gz,54015843,56092d46d6de406c4e1a9ffbd0d22a2b5246a183c8d4c8432509b532b9f4c6a9,SHA256_READ,validation_prediction
formal__phasenet_pretrained_frozen__seed42/epoch0001_20261002T065001281052_rank0.json,314,e630a4476ea1e21d9ded5d5d6da7855680b881d996e039eefd94efad7d180300,SHA256_READ,metadata_or_audit
formal__phasenet_pretrained_frozen__seed42/epoch0002_20261002T065001281052_rank0.json,314,0bdf129efa08cc8f6795b2d63cc5ccb21857f5c54b2e3679aca06e2e9b61565c,SHA256_READ,metadata_or_audit
formal__phasenet_pretrained_frozen__seed42/epoch0003_20261002T065001281052_rank0.json,315,49ed73016f7cc175c4b66d1e2e035a82b2000d4bffbc340e955359de0fcedc41,SHA256_READ,metadata_or_audit
formal__phasenet_pretrained_frozen__seed42/epoch0004_20261002T065001281052_rank0.json,315,ab59d11c8afbc5a515b93ff78f7c443842e1420073259f03a91fdf3a66f4e7e2,SHA256_READ,metadata_or_audit
formal__phasenet_pretrained_frozen__seed42/epoch0005_20261002T065001281052_rank0.json,315,b3c5a0556eae32c08a2c2ca50b83e5206576b6577a0975d571463c5c67d464ed,SHA256_READ,metadata_or_audit
formal__phasenet_pretrained_frozen__seed42/epoch0006_20261002T065001281052_rank0.json,317,da42dcd9ee10cb29134893569d43484234e6d6000bca30885abc31bd64dfebe3,SHA256_READ,metadata_or_audit
formal__phasenet_pretrained_frozen__seed42/epoch0007_20261002T065001281052_rank0.json,317,ef1b2c90cf2cf755fffb357d5cfe41a638f2713280f54f88728e8e76cd737846,SHA256_READ,metadata_or_audit
formal__phasenet_pretrained_frozen__seed42/epoch0008_20261002T065001281052_rank0.json,316,4e652abde331f0199c28aa9124f68448da36997370e0aa2e01a0decdea540672,SHA256_READ,metadata_or_audit
formal__phasenet_pretrained_frozen__seed42/epoch0009_20261002T065001281052_rank0.json,316,a15dfe3cad8d7994ef0e0a64055b4aec6de3beb450a1b67d53874a82d12ae79f,SHA256_READ,metadata_or_audit
formal__phasenet_pretrained_frozen__seed42/epoch0010_20261002T065001281052_rank0.json,317,ddc8e06487cac75ffc31f3f7d999ad373b2cc236a1cdf8c8e19ab0a79055fda7,SHA256_READ,metadata_or_audit
formal__phasenet_pretrained_frozen__seed42/epoch0011_20261002T065001281052_rank0.json,319,71bdf98307b991f891b1d5eaee9ce5288e82c76cf8a28d42f482dd78d52e9021,SHA256_READ,metadata_or_audit
formal__phasenet_pretrained_frozen__seed42/epoch0012_20261002T065001281052_rank0.json,299,8e818618410f1f9d3efdfd15da499f86b4c9bd8c3c823ce71b1e2549ce964a07,SHA256_READ,metadata_or_audit
formal__phasenet_pretrained_frozen__seed42/model_interface_audit.json,7093,975936e28811a36f1dbcf9e9168b7015c56714647461f4f9439e9b5555701f10,SHA256_READ,metadata_or_audit
formal__phasenet_pretrained_frozen__seed42/protocol.lock.json,809268,c092c99425401ff1df85687d7eb273bf6c9a903bce9466cd331962bc826ff445,SHA256_READ,metadata_or_audit
formal__phasenet_pretrained_frozen__seed42/resolved_config.json,724116,0412ac70d0a41b95bfa6c4c7fa8a1aac996df9fc06ef01ede67df4dbaef43065,SHA256_READ,metadata_or_audit
formal__phasenet_pretrained_frozen__seed42/runtime.json,904,9fd7dd8cacd5de11686f00c6454e02a8a579d81ad8386c0433f06b0231880b93,SHA256_READ,metadata_or_audit
formal__phasenet_pretrained_frozen__seed42/runtime_20261002T065001281052_rank0.json,904,6316d8fdebd8057a601b5fa957a2dbd72e28a8fdd361e71955e3b29fbeb0759c,SHA256_READ,metadata_or_audit
formal__phasenet_pretrained_frozen__seed42/sample_journals/epoch0001_20261002T065000545840_rank1.jsonl,4570587,ba1f7827e17bbf4c42d20780c49e0fab7a2fc6e82774c9321dc0988d63028d87,SHA256_READ,sample_journal
formal__phasenet_pretrained_frozen__seed42/sample_journals/epoch0001_20261002T065000549165_rank5.jsonl,4648364,eafcbb832efbacc6d2c7cd82ee006aa6075272f62a2a48adc7e68df22a793d9f,SHA256_READ,sample_journal
formal__phasenet_pretrained_frozen__seed42/sample_journals/epoch0001_20261002T065000549284_rank6.jsonl,4546609,06732d163a3161c4f8a5e3951bfd1fa39e0f5b2cdbf469a8c083e2a7aa75e62d,SHA256_READ,sample_journal
formal__phasenet_pretrained_frozen__seed42/sample_journals/epoch0001_20261002T065000549348_rank7.jsonl,4596449,aa55446ba0d6ffe0d0f30496a2eea8be59b0bc4274487e69c34d32f65874c42f,SHA256_READ,sample_journal
formal__phasenet_pretrained_frozen__seed42/sample_journals/epoch0001_20261002T065000550451_rank2.jsonl,4464290,7b8125446cea5a2e2e192cb6588d54a9c0ae32596c3c3467bb9b7cdd9621f7fe,SHA256_READ,sample_journal
formal__phasenet_pretrained_frozen__seed42/sample_journals/epoch0001_20261002T065000550615_rank3.jsonl,4539946,4b5ede82ba62d38a9d479a15cb6baf958223dba6beef0baed4641d6da5348ca7,SHA256_READ,sample_journal
formal__phasenet_pretrained_frozen__seed42/sample_journals/epoch0001_20261002T065000550724_rank13.jsonl,4558089,58dea336ab29bc878debf3a85c7b7bb396e72b852d18e40f01b35fd50125d106,SHA256_READ,sample_journal
formal__phasenet_pretrained_frozen__seed42/sample_journals/epoch0001_20261002T065000550742_rank15.jsonl,4509139,bce07e1f7f05ff4eaca539d0e2469e7fe625db3de5516b668579ac63e801cfda,SHA256_READ,sample_journal
formal__phasenet_pretrained_frozen__seed42/sample_journals/epoch0001_20261002T065000550799_rank12.jsonl,4563238,1adee72098e7a2688c9398ebdd82158f8384641d21cd23a6b4ddadd79634c023,SHA256_READ,sample_journal
formal__phasenet_pretrained_frozen__seed42/sample_journals/epoch0001_20261002T065000555607_rank14.jsonl,4500848,bfcd2f4b51bb9c7bfe209a673b57cd4de00d0b27aa0cb5fc8010f1c9854b0a27,SHA256_READ,sample_journal
formal__phasenet_pretrained_frozen__seed42/sample_journals/epoch0001_20261002T065000556568_rank4.jsonl,4486248,09eea5404debb4b1ac7fafdeaf99bb10a19b70d023f6803bedda6a148707626d,SHA256_READ,sample_journal
formal__phasenet_pretrained_frozen__seed42/sample_journals/epoch0001_20261002T065000564116_rank11.jsonl,4564217,2089342e26d16b8852985e067d05ff85e36f3c0e9260a169331504f8350bb3df,SHA256_READ,sample_journal
formal__phasenet_pretrained_frozen__seed42/sample_journals/epoch0001_20261002T065000570894_rank9.jsonl,4589016,08dc0493453b3a7ea3b56f93f55f82c4e641c24c7c46784a68db76be784e734a,SHA256_READ,sample_journal
formal__phasenet_pretrained_frozen__seed42/sample_journals/epoch0001_20261002T065000571137_rank8.jsonl,4571499,5c4e6bc4e4de1dccf4fdc1669c9d67668908098268162974e5a9cb57776eef3e,SHA256_READ,sample_journal
formal__phasenet_pretrained_frozen__seed42/sample_journals/epoch0001_20261002T065000590625_rank10.jsonl,4546586,20e6271f98219f88bbdf407857db59432d88250fd08ba67e606151fc224fed6c,SHA256_READ,sample_journal
formal__phasenet_pretrained_frozen__seed42/sample_journals/epoch0001_20261002T065001281052_rank0.jsonl,4579023,2d19af6131df0e2a2064863ccbe7576f9dec18a201fbf5551613b88d81313398,SHA256_READ,sample_journal
formal__phasenet_pretrained_frozen__seed42/sample_journals/epoch0002_20261002T065000545840_rank1.jsonl,4617894,38842e4bc6628e42cbc8c1956324d40584d7256ae5520ce8f2a538ea9e67a650,SHA256_READ,sample_journal
formal__phasenet_pretrained_frozen__seed42/sample_journals/epoch0002_20261002T065000549165_rank5.jsonl,4509751,ee5ee6d995c5f43de70b9958b8fc1800a9888fb709f912b8d44a9424d44d9324,SHA256_READ,sample_journal
formal__phasenet_pretrained_frozen__seed42/sample_journals/epoch0002_20261002T065000549284_rank6.jsonl,4540271,9b1644935d93d63d1b4b1530050c27f43ddde96f6bfcab3545ef8b1cb1efc922,SHA256_READ,sample_journal
formal__phasenet_pretrained_frozen__seed42/sample_journals/epoch0002_20261002T065000549348_rank7.jsonl,4638982,47ef3f2fb1e08db5fef74fd54cd2096d0bd27a489e3d57c57d012479862b04fa,SHA256_READ,sample_journal
formal__phasenet_pretrained_frozen__seed42/sample_journals/epoch0002_20261002T065000550451_rank2.jsonl,4508745,5aa0697bba868fc82ea8e256bb92200c278fe4f745b2b80bef15cd0cac1d1ab0,SHA256_READ,sample_journal
formal__phasenet_pretrained_frozen__seed42/sample_journals/epoch0002_20261002T065000550615_rank3.jsonl,4507043,97b14034de1b441de226ccd0003220f2cc6cb14149b51043f600b740ccafe362,SHA256_READ,sample_journal
formal__phasenet_pretrained_frozen__seed42/sample_journals/epoch0002_20261002T065000550724_rank13.jsonl,4552719,e6cec75b68a38fcd3158681e2de33ad1f40aaea7bc9d8fd2f23d9690aa26b381,SHA256_READ,sample_journal
formal__phasenet_pretrained_frozen__seed42/sample_journals/epoch0002_20261002T065000550742_rank15.jsonl,4579340,3bde6b9466ce260c2ce47b6500bf2f6ae040dae09325a07b31bd0f882e60d50a,SHA256_READ,sample_journal
formal__phasenet_pretrained_frozen__seed42/sample_journals/epoch0002_20261002T065000550799_rank12.jsonl,4501088,b700996d407755587e5b80ea2c2398fdd8b98c1796add90c9e619ca286feca48,SHA256_READ,sample_journal
formal__phasenet_pretrained_frozen__seed42/sample_journals/epoch0002_20261002T065000555607_rank14.jsonl,4578526,adc0e279ffbf59048bc93e93dbd386651aacdde197cf9f115f8caa73d8f4c856,SHA256_READ,sample_journal
formal__phasenet_pretrained_frozen__seed42/sample_journals/epoch0002_20261002T065000556568_rank4.jsonl,4531742,97997a8b89a32f9fb0df42f9bca7c8acd53825a33cfa82a71f664b736b494c18,SHA256_READ,sample_journal
formal__phasenet_pretrained_frozen__seed42/sample_journals/epoch0002_20261002T065000564116_rank11.jsonl,4616281,e9b21617d844f7cf9fd28d30c8661d93d4ba3481012f38b21372d4a8c415c56e,SHA256_READ,sample_journal
formal__phasenet_pretrained_frozen__seed42/sample_journals/epoch0002_20261002T065000570894_rank9.jsonl,4547899,5d7630f6a97b06483821d169ab7a7c7d9a58381cc749dab4d25d0efcee8aae83,SHA256_READ,sample_journal
formal__phasenet_pretrained_frozen__seed42/sample_journals/epoch0002_20261002T065000571137_rank8.jsonl,4560283,dc0e187695c9a9ed6b650fe0908a5e8acd848ff27e722d14edabe0c041d63bf3,SHA256_READ,sample_journal
formal__phasenet_pretrained_frozen__seed42/sample_journals/epoch0002_20261002T065000590625_rank10.jsonl,4576872,73efa33bdc4420aa71f11fcb90b50336f28866bdbb185941e2883db5a9ae1d65,SHA256_READ,sample_journal
formal__phasenet_pretrained_frozen__seed42/sample_journals/epoch0002_20261002T065001281052_rank0.jsonl,4508134,035e95402b54c40a7d2f095cf67592532d3a2f1c969326ddd4142f73f01cd808,SHA256_READ,sample_journal
formal__phasenet_pretrained_frozen__seed42/sample_journals/epoch0003_20261002T065000545840_rank1.jsonl,4577654,9e5aabc004bedfc1c331401d91931764f6c5ab2a1b1cb4da8c69cb0aaf5f7815,SHA256_READ,sample_journal
formal__phasenet_pretrained_frozen__seed42/sample_journals/epoch0003_20261002T065000549165_rank5.jsonl,4546654,ac53b2c530fc2a5bd32cefca5400471fe74b2895166992c9ab698125be070512,SHA256_READ,sample_journal
formal__phasenet_pretrained_frozen__seed42/sample_journals/epoch0003_20261002T065000549284_rank6.jsonl,4560561,523376bdf13922fab1a5f4d436c3412d4650c1dcb3c919b3d28f49e2ae125b1b,SHA256_READ,sample_journal
formal__phasenet_pretrained_frozen__seed42/sample_journals/epoch0003_20261002T065000549348_rank7.jsonl,4627410,f6ced660f1b1a0edcdd8b8873b68082a4995f8d892e7a70c0d83f0192b70cf57,SHA256_READ,sample_journal
formal__phasenet_pretrained_frozen__seed42/sample_journals/epoch0003_20261002T065000550451_rank2.jsonl,4507006,5ef89bb8600a7a146c5d8ba20c788d80a6bc5a15b2ff0cc214322e6f9d72b5f9,SHA256_READ,sample_journal
formal__phasenet_pretrained_frozen__seed42/sample_journals/epoch0003_20261002T065000550615_rank3.jsonl,4531603,30a0ddea27d1fe78968dc138e8db503117c2a07d53b1e57a8bc5cd3a6bb64cf5,SHA256_READ,sample_journal
formal__phasenet_pretrained_frozen__seed42/sample_journals/epoch0003_20261002T065000550724_rank13.jsonl,4601119,07ff03b94857cfa2286cc7a0e9836f1cf785f5c612e162f0480c43e8b2b94765,SHA256_READ,sample_journal
formal__phasenet_pretrained_frozen__seed42/sample_journals/epoch0003_20261002T065000550742_rank15.jsonl,4534540,d4b681cea910bc850c5211b439d442fc20f86dc79c4e3613f33c0070ddc4ffdf,SHA256_READ,sample_journal
formal__phasenet_pretrained_frozen__seed42/sample_journals/epoch0003_20261002T065000550799_rank12.jsonl,4489150,bf597c2dd56202f4e4ac92f155cf1c82716afef65c8655d2c303f3d1e96273bd,SHA256_READ,sample_journal
formal__phasenet_pretrained_frozen__seed42/sample_journals/epoch0003_20261002T065000555607_rank14.jsonl,4549185,43bc136fc6695e0bb09b61ff0afd2e50273446f56120220a38362b2acf711e61,SHA256_READ,sample_journal
formal__phasenet_pretrained_frozen__seed42/sample_journals/epoch0003_20261002T065000556568_rank4.jsonl,4571401,1ae768a071723eed5adb3b98046d1aa2604ec8fcc8301f664886fbd2af0bd18c,SHA256_READ,sample_journal
formal__phasenet_pretrained_frozen__seed42/sample_journals/epoch0003_20261002T065000564116_rank11.jsonl,4510051,7c7fe2994a2a0ecc3928cbe4ca64666e37e376f0453f3e7d8269567ef24ad995,SHA256_READ,sample_journal
formal__phasenet_pretrained_frozen__seed42/sample_journals/epoch0003_20261002T065000570894_rank9.jsonl,4551038,a5ba3d01a088ca036160ab7c3b590aa4a9bedc156c185b0b8508e41a2f9bcd3b,SHA256_READ,sample_journal
formal__phasenet_pretrained_frozen__seed42/sample_journals/epoch0003_20261002T065000571137_rank8.jsonl,4569949,e4e593a24f7ee36ea29e2815c58b439c278f91186d8e842af046739b39ac1d08,SHA256_READ,sample_journal
formal__phasenet_pretrained_frozen__seed42/sample_journals/epoch0003_20261002T065000590625_rank10.jsonl,4576571,d384240e8d0b86cd0278e8b25c6f3735e49005a35ee75b6865a95a88806e2e9c,SHA256_READ,sample_journal
formal__phasenet_pretrained_frozen__seed42/sample_journals/epoch0003_20261002T065001281052_rank0.jsonl,4611016,66cbd2315a8dd3dd7bb5624ee47eb2c97f73d16d9df3a2c700e43d27058d7e04,SHA256_READ,sample_journal
formal__phasenet_pretrained_frozen__seed42/sample_journals/epoch0004_20261002T065000545840_rank1.jsonl,4637200,9bcc14183d91b1bd00227399714cf35ad1b30b62e6c2b99989dc0bd357e73f30,SHA256_READ,sample_journal
formal__phasenet_pretrained_frozen__seed42/sample_journals/epoch0004_20261002T065000549165_rank5.jsonl,4619672,a1e1ab1153ec050759c753ff8b1da6efcc68236e459d94461004d16985b25056,SHA256_READ,sample_journal
formal__phasenet_pretrained_frozen__seed42/sample_journals/epoch0004_20261002T065000549284_rank6.jsonl,4559108,feac7abc90df16f43ec7eefe1a36baac6814fa3c58274c7d4f5600fe4309a554,SHA256_READ,sample_journal
formal__phasenet_pretrained_frozen__seed42/sample_journals/epoch0004_20261002T065000549348_rank7.jsonl,4525504,b18786e741a5be318b9413160a84cd45b6ec0cef5fba4d7040179c4fae1441fd,SHA256_READ,sample_journal
formal__phasenet_pretrained_frozen__seed42/sample_journals/epoch0004_20261002T065000550451_rank2.jsonl,4502864,cd9d1cd28ff64a9aaf945c724722e531a57dea9e23934d6e934103b8fc74f84e,SHA256_READ,sample_journal
formal__phasenet_pretrained_frozen__seed42/sample_journals/epoch0004_20261002T065000550615_rank3.jsonl,4478765,a232a8dd0f04b8160cf31792fe93007e4dc6f0541d7f86f739bf9ae6b4f0df50,SHA256_READ,sample_journal
formal__phasenet_pretrained_frozen__seed42/sample_journals/epoch0004_20261002T065000550724_rank13.jsonl,4548307,a34a502ccfd0228fb7c88817cb0fdca9e057d18bd643149fb9635cbfec9a0db9,SHA256_READ,sample_journal
formal__phasenet_pretrained_frozen__seed42/sample_journals/epoch0004_20261002T065000550742_rank15.jsonl,4517730,0370810ff5e1a21789268268f749936ec363737820c4afbdd93cc0d3e5d1f6f0,SHA256_READ,sample_journal
formal__phasenet_pretrained_frozen__seed42/sample_journals/epoch0004_20261002T065000550799_rank12.jsonl,4569399,4c47b80cefe62a287f4547d97281605e96f7ff25db5a98c3b50c1451f07d5797,SHA256_READ,sample_journal
formal__phasenet_pretrained_frozen__seed42/sample_journals/epoch0004_20261002T065000555607_rank14.jsonl,4598874,4ecf6ea83c3218377a09b833161d3b3af5bce6013b9524a63fb413997d9ef4e0,SHA256_READ,sample_journal
formal__phasenet_pretrained_frozen__seed42/sample_journals/epoch0004_20261002T065000556568_rank4.jsonl,4587694,ddcfb8f9ef42074dc3daba67fbfbf776828162b2bc71bfb442f3daade9313403,SHA256_READ,sample_journal
formal__phasenet_pretrained_frozen__seed42/sample_journals/epoch0004_20261002T065000564116_rank11.jsonl,4508617,7def5fb63d919333270ded69061b9b07302cfbf4bfe0dd2b87fdb3a7ff1fa3d9,SHA256_READ,sample_journal
formal__phasenet_pretrained_frozen__seed42/sample_journals/epoch0004_20261002T065000570894_rank9.jsonl,4498931,b2df4c38e4484c9d4534d8c3208bec721cc092b3e331a18c59b855b21c712705,SHA256_READ,sample_journal
formal__phasenet_pretrained_frozen__seed42/sample_journals/epoch0004_20261002T065000571137_rank8.jsonl,4582702,2e4522362ec1bd598bd7ff334a662f9db3900d78c43ff1edac84a39dec2ed592,SHA256_READ,sample_journal
formal__phasenet_pretrained_frozen__seed42/sample_journals/epoch0004_20261002T065000590625_rank10.jsonl,4621985,42699d2ed9f90b361f44f1f4c7b64d6120c8247358121d786d0e55089320c521,SHA256_READ,sample_journal
formal__phasenet_pretrained_frozen__seed42/sample_journals/epoch0004_20261002T065001281052_rank0.jsonl,4539221,f6d217067653542bbb8bfe3a4f80b994f8ac8852cee29dd6bbd0ed791ae4573a,SHA256_READ,sample_journal
formal__phasenet_pretrained_frozen__seed42/sample_journals/epoch0005_20261002T065000545840_rank1.jsonl,4522485,d6dec0420524fb7c770fcd83346a0167e24369f4a39bad43f8be1a18f70d8f30,SHA256_READ,sample_journal
formal__phasenet_pretrained_frozen__seed42/sample_journals/epoch0005_20261002T065000549165_rank5.jsonl,4516054,209802565d7b9e856d4301e25db89d9eaf1039fe8c5f789368a6d9be5d6c654b,SHA256_READ,sample_journal
formal__phasenet_pretrained_frozen__seed42/sample_journals/epoch0005_20261002T065000549284_rank6.jsonl,4605401,4c8e7a5f81401bee8a30b29af8604b727a1782183e4b27ed07072d32c5058645,SHA256_READ,sample_journal
formal__phasenet_pretrained_frozen__seed42/sample_journals/epoch0005_20261002T065000549348_rank7.jsonl,4527306,e131db543f83ab10cf19f97ec70ee3c62bca19a17d71dbed293b9e4dd2697bd2,SHA256_READ,sample_journal
formal__phasenet_pretrained_frozen__seed42/sample_journals/epoch0005_20261002T065000550451_rank2.jsonl,4609168,89b2bff819ff3e29919c65f4cb7c2208f2459f10226fd240e09e1c2e4ac31819,SHA256_READ,sample_journal
formal__phasenet_pretrained_frozen__seed42/sample_journals/epoch0005_20261002T065000550615_rank3.jsonl,4585719,bd7e4a8b9632fd514105ebed06f516f745ca13eb7f2b9f6aaecdb6e6021fe396,SHA256_READ,sample_journal
formal__phasenet_pretrained_frozen__seed42/sample_journals/epoch0005_20261002T065000550724_rank13.jsonl,4533291,b38c388df06ff62467f16b755298cd3f98186c23dd92138174a909077f888db6,SHA256_READ,sample_journal
formal__phasenet_pretrained_frozen__seed42/sample_journals/epoch0005_20261002T065000550742_rank15.jsonl,4574331,e432f4ab13a3727b2cf449d8674f7361a7670435333d788016eb32f5c2598f0b,SHA256_READ,sample_journal
formal__phasenet_pretrained_frozen__seed42/sample_journals/epoch0005_20261002T065000550799_rank12.jsonl,4509512,c58357bbbb69700a55e6976282df0419d40e38b4da40066fdf2beaa241c421a4,SHA256_READ,sample_journal
formal__phasenet_pretrained_frozen__seed42/sample_journals/epoch0005_20261002T065000555607_rank14.jsonl,4581917,a6afef26f82f93b641168c448f7d8dd036dbfe8839d1d843ead918e6b079063c,SHA256_READ,sample_journal
formal__phasenet_pretrained_frozen__seed42/sample_journals/epoch0005_20261002T065000556568_rank4.jsonl,4644556,57260d805e49e208e569b8a0b4e9d01c87b7647dbd3b6fb8dc75bf16583e562d,SHA256_READ,sample_journal
formal__phasenet_pretrained_frozen__seed42/sample_journals/epoch0005_20261002T065000564116_rank11.jsonl,4577591,c39040661ec07cc4066588982ea71c437a01a0e0c8e11613646f7f737b67484c,SHA256_READ,sample_journal
formal__phasenet_pretrained_frozen__seed42/sample_journals/epoch0005_20261002T065000570894_rank9.jsonl,4486395,32b6cdd85aec002756e0c394c7ba15faa60f1850ceecc3f30b6924c5029dd654,SHA256_READ,sample_journal
formal__phasenet_pretrained_frozen__seed42/sample_journals/epoch0005_20261002T065000571137_rank8.jsonl,4558066,04a7991fd8a209561c3ab7a3dccccc4481d0f95c8c19503e8aee7bfaaca916a6,SHA256_READ,sample_journal
formal__phasenet_pretrained_frozen__seed42/sample_journals/epoch0005_20261002T065000590625_rank10.jsonl,4537401,64610c7e005d0ed2da2e29baab9f48563801471fd318cc51789428e6053cef01,SHA256_READ,sample_journal
formal__phasenet_pretrained_frozen__seed42/sample_journals/epoch0005_20261002T065001281052_rank0.jsonl,4473595,d82429597592ba16ee6f5d51fd3c516978a0c4145c47e08c21bc7f3a517f29fa,SHA256_READ,sample_journal
formal__phasenet_pretrained_frozen__seed42/sample_journals/epoch0006_20261002T065000545840_rank1.jsonl,4570357,af7d8072c62849cb4d0ef22f4a19b5380a5a9293010c011b447985f6a3bb7fb0,SHA256_READ,sample_journal
formal__phasenet_pretrained_frozen__seed42/sample_journals/epoch0006_20261002T065000549165_rank5.jsonl,4530187,0c8bfbe43bcdc930013dcd43c154b60074fd2bc0f6b975c111e00ea40eb5e439,SHA256_READ,sample_journal
formal__phasenet_pretrained_frozen__seed42/sample_journals/epoch0006_20261002T065000549284_rank6.jsonl,4537703,ecb6b6981111aae06fe433079f12ded0a0e6e98815ff9fc807ebe254ed9b8fed,SHA256_READ,sample_journal
formal__phasenet_pretrained_frozen__seed42/sample_journals/epoch0006_20261002T065000549348_rank7.jsonl,4601496,466a2e0bfc3885cb8df8615726238c3353c299f91f712c2d447f9ee2e8f7aa1b,SHA256_READ,sample_journal
formal__phasenet_pretrained_frozen__seed42/sample_journals/epoch0006_20261002T065000550451_rank2.jsonl,4606411,d2147325487543c453b756224f64d54908c376cbc1ff87933b22793f1062c99c,SHA256_READ,sample_journal
formal__phasenet_pretrained_frozen__seed42/sample_journals/epoch0006_20261002T065000550615_rank3.jsonl,4575698,29e2d72255e2d96fad2a5af269596b0d2e09605e628843cecc698140facadd5b,SHA256_READ,sample_journal
formal__phasenet_pretrained_frozen__seed42/sample_journals/epoch0006_20261002T065000550724_rank13.jsonl,4561267,740b4ed66c81be5c92195b15693c462adedef2afb71fea8520a95adc3d9e1174,SHA256_READ,sample_journal
formal__phasenet_pretrained_frozen__seed42/sample_journals/epoch0006_20261002T065000550742_rank15.jsonl,4560182,4d82d76516a37e8f106548db80672a00f21dcc0853b98d0195046738263f2120,SHA256_READ,sample_journal
formal__phasenet_pretrained_frozen__seed42/sample_journals/epoch0006_20261002T065000550799_rank12.jsonl,4552761,732fd75a9039feec9ee351f3fc6ac2f6b1b316120a5fdb62aa9f95399300be60,SHA256_READ,sample_journal
formal__phasenet_pretrained_frozen__seed42/sample_journals/epoch0006_20261002T065000555607_rank14.jsonl,4533044,f7f6ee2dcf0919b15231754bc8c23086859d82e4d041a29d1b9e389edc7cc1c4,SHA256_READ,sample_journal
formal__phasenet_pretrained_frozen__seed42/sample_journals/epoch0006_20261002T065000556568_rank4.jsonl,4539498,c42650ce66396ed3c15850d27ac3cab0a2d634fad2e0d613a058fb5d9f6b3f0f,SHA256_READ,sample_journal
formal__phasenet_pretrained_frozen__seed42/sample_journals/epoch0006_20261002T065000564116_rank11.jsonl,4586159,4662ee78b74f84056b1321fea585f649dcc61dc84fdf8cdd39e16dbfb291e01c,SHA256_READ,sample_journal
formal__phasenet_pretrained_frozen__seed42/sample_journals/epoch0006_20261002T065000570894_rank9.jsonl,4547520,254760b71a7c127bb2a98021eca1f713e9d5cf7f18ffb2b799c7e8e2e37636b8,SHA256_READ,sample_journal
formal__phasenet_pretrained_frozen__seed42/sample_journals/epoch0006_20261002T065000571137_rank8.jsonl,4534009,71ecbf9fd1f4c1bfda8287cd259bbe523adaca6d25eb0eb20a483cdcce24a107,SHA256_READ,sample_journal
formal__phasenet_pretrained_frozen__seed42/sample_journals/epoch0006_20261002T065000590625_rank10.jsonl,4489346,9f5e6ab0058026306363f1ee9703f955ac8a36eb5ce293286a1a88ee2c3d2958,SHA256_READ,sample_journal
formal__phasenet_pretrained_frozen__seed42/sample_journals/epoch0006_20261002T065001281052_rank0.jsonl,4555548,06a4a19e89b9613827a06ec15f733054c81e7d30600502b302a73050c91c14a1,SHA256_READ,sample_journal
formal__phasenet_pretrained_frozen__seed42/sample_journals/epoch0007_20261002T065000545840_rank1.jsonl,4569060,5ca2619a355fda03170811db4634dcfc7089e51980b70c5dadfa83dd6c128ebe,SHA256_READ,sample_journal
formal__phasenet_pretrained_frozen__seed42/sample_journals/epoch0007_20261002T065000549165_rank5.jsonl,4561059,a4fbf5e5650d3495ec96e4be790279a8cc95f2e4fb2eac2c8ca0d1809ea809f0,SHA256_READ,sample_journal
formal__phasenet_pretrained_frozen__seed42/sample_journals/epoch0007_20261002T065000549284_rank6.jsonl,4561457,13ed54bc9e2346bd544359eed1d881ff88bd5a9adfa9c419a54aa56a771a82e8,SHA256_READ,sample_journal
formal__phasenet_pretrained_frozen__seed42/sample_journals/epoch0007_20261002T065000549348_rank7.jsonl,4549253,017a5d3773cb0fa4b10007d01ef9737b173967c9f7c1a600e7469a81a06ca606,SHA256_READ,sample_journal
formal__phasenet_pretrained_frozen__seed42/sample_journals/epoch0007_20261002T065000550451_rank2.jsonl,4559805,e64054af0129ba2e7f7699af4643534df89382b2d0cc132acf2434898f56d3f2,SHA256_READ,sample_journal
formal__phasenet_pretrained_frozen__seed42/sample_journals/epoch0007_20261002T065000550615_rank3.jsonl,4485182,cf24ec8b24176f3f34ac8e1b50463a457c91fee691d2c3091700ee534f2881c0,SHA256_READ,sample_journal
formal__phasenet_pretrained_frozen__seed42/sample_journals/epoch0007_20261002T065000550724_rank13.jsonl,4528753,f45498370130de003e30d0e4032c45174127e1329cdcc2c883946f82bf112bd9,SHA256_READ,sample_journal
formal__phasenet_pretrained_frozen__seed42/sample_journals/epoch0007_20261002T065000550742_rank15.jsonl,4597849,819673a1100ff5750015a8425d8cbaf4fb08cc863d78f474619b6d2f114ce595,SHA256_READ,sample_journal
formal__phasenet_pretrained_frozen__seed42/sample_journals/epoch0007_20261002T065000550799_rank12.jsonl,4662132,c793c0c82141fac4ce0101e7c434565f7f4c75fecc8bb84d99c45a1bc656126c,SHA256_READ,sample_journal
formal__phasenet_pretrained_frozen__seed42/sample_journals/epoch0007_20261002T065000555607_rank14.jsonl,4608315,c68bd2bb5afa8ed50ac965645d65e77814c7890fd57bfb97b6f02abc44dac822,SHA256_READ,sample_journal
formal__phasenet_pretrained_frozen__seed42/sample_journals/epoch0007_20261002T065000556568_rank4.jsonl,4610940,473d7f4b18c4618b8c30591ea36e9f5dedb8efea2f13fbdedf0c7993fc828a09,SHA256_READ,sample_journal
formal__phasenet_pretrained_frozen__seed42/sample_journals/epoch0007_20261002T065000564116_rank11.jsonl,4518928,4e28e53fdb806388ee46ecf676459a0a9ead6e9e9d8cce8051caec0741585e0a,SHA256_READ,sample_journal
formal__phasenet_pretrained_frozen__seed42/sample_journals/epoch0007_20261002T065000570894_rank9.jsonl,4539721,e981f0914cbff2d93a026bfd13a9e008ad2b6d81acc568561ad75f98ee3bc6d4,SHA256_READ,sample_journal
formal__phasenet_pretrained_frozen__seed42/sample_journals/epoch0007_20261002T065000571137_rank8.jsonl,4528434,ed74fd4e82849c1d799a7bb1dd39fba86bd29ef5c7768a70a5124f46e53c37fa,SHA256_READ,sample_journal
formal__phasenet_pretrained_frozen__seed42/sample_journals/epoch0007_20261002T065000590625_rank10.jsonl,4605258,f28c4d12174bbe187fdff98b7cd1f6f12f2ef4215acded9f5526c19dbf64de9e,SHA256_READ,sample_journal
formal__phasenet_pretrained_frozen__seed42/sample_journals/epoch0007_20261002T065001281052_rank0.jsonl,4525117,597abf9138045cd8462b3de42f4d3c30d64db3a880e1952f7cc91ffe3f8e6792,SHA256_READ,sample_journal
formal__phasenet_pretrained_frozen__seed42/sample_journals/epoch0008_20261002T065000545840_rank1.jsonl,4513948,3f8e5bf41b1b189213281d349880d3dbdae61888444cb24b72daccb4dfb047b9,SHA256_READ,sample_journal
formal__phasenet_pretrained_frozen__seed42/sample_journals/epoch0008_20261002T065000549165_rank5.jsonl,4613404,dfc1294659847977bd32ca73a78c5f26d37967cb67fa4546d54dfa06d2321360,SHA256_READ,sample_journal
formal__phasenet_pretrained_frozen__seed42/sample_journals/epoch0008_20261002T065000549284_rank6.jsonl,4558655,deb7e10b591ee9603f6d959ca9f1e03911195fb7b3a43e0c843f93e5ed8c4877,SHA256_READ,sample_journal
formal__phasenet_pretrained_frozen__seed42/sample_journals/epoch0008_20261002T065000549348_rank7.jsonl,4465432,9403d3ac10263c6fa777c13cc36da7287a0ae2a1e7d0b57d55bcb15029cdd94e,SHA256_READ,sample_journal
formal__phasenet_pretrained_frozen__seed42/sample_journals/epoch0008_20261002T065000550451_rank2.jsonl,4483165,6a3a0dcf3a21ff8b02852571c30ee2e5f7b793d9b967486e3af75aa5aee42010,SHA256_READ,sample_journal
formal__phasenet_pretrained_frozen__seed42/sample_journals/epoch0008_20261002T065000550615_rank3.jsonl,4586571,044f296db3bc601820fa11ad708d89428d6419fb374fd726bd351ab34106922d,SHA256_READ,sample_journal
formal__phasenet_pretrained_frozen__seed42/sample_journals/epoch0008_20261002T065000550724_rank13.jsonl,4561392,c299548e0aad78f15393bb763c60d1c7ae2179bdb0d2cc9e528efe4468279f39,SHA256_READ,sample_journal
formal__phasenet_pretrained_frozen__seed42/sample_journals/epoch0008_20261002T065000550742_rank15.jsonl,4543668,903c6554f4c27449deb6468c972f81bb29919e22c45a9f8c43ddcb9fd70bf7c9,SHA256_READ,sample_journal
formal__phasenet_pretrained_frozen__seed42/sample_journals/epoch0008_20261002T065000550799_rank12.jsonl,4453453,89ef8c3856b0c60ca4e416bebe1f2f8a619e08420955aa81a54850f6c8ca031c,SHA256_READ,sample_journal
formal__phasenet_pretrained_frozen__seed42/sample_journals/epoch0008_20261002T065000555607_rank14.jsonl,4559819,794a0c7d1014642cd955152cbbfecb8d8a2588efcd130fc4c9f6d5f25bac6276,SHA256_READ,sample_journal
formal__phasenet_pretrained_frozen__seed42/sample_journals/epoch0008_20261002T065000556568_rank4.jsonl,4615936,f0a9d96fdd1d7570091531d982442c0209ae8967056c111eed9ed78c46667539,SHA256_READ,sample_journal
formal__phasenet_pretrained_frozen__seed42/sample_journals/epoch0008_20261002T065000564116_rank11.jsonl,4515265,dbea3de54e9ea5f1d272cb712cd5db0ec2ad14c720a3493e5777a4566e17088d,SHA256_READ,sample_journal
formal__phasenet_pretrained_frozen__seed42/sample_journals/epoch0008_20261002T065000570894_rank9.jsonl,4546107,ef110ee1731e590ccb2709269edc7e090290f98507510c3926d8583a6381b6b9,SHA256_READ,sample_journal
formal__phasenet_pretrained_frozen__seed42/sample_journals/epoch0008_20261002T065000571137_rank8.jsonl,4630724,d4072668350bba16eb03c1ddeefea7cea9a0b43ad7ea94d8117d0780a82f0c87,SHA256_READ,sample_journal
formal__phasenet_pretrained_frozen__seed42/sample_journals/epoch0008_20261002T065000590625_rank10.jsonl,4626707,04ebad278ca2437d25474e074c9fb6c30ef64dfc12e8eab5c6b96329e2739b50,SHA256_READ,sample_journal
formal__phasenet_pretrained_frozen__seed42/sample_journals/epoch0008_20261002T065001281052_rank0.jsonl,4603739,d3ce63bed851226da84f77965898da06fd16028ef738450c3cd4695e2269497f,SHA256_READ,sample_journal
formal__phasenet_pretrained_frozen__seed42/sample_journals/epoch0009_20261002T065000545840_rank1.jsonl,4582068,336032c9bc37ae2aff10803aafd2d5b14cccda2ad01f42c7d5970f272cf7cfb7,SHA256_READ,sample_journal
formal__phasenet_pretrained_frozen__seed42/sample_journals/epoch0009_20261002T065000549165_rank5.jsonl,4477559,3a135db448fd1b7da64bd766d06b0580b09d1cff546356884d2491cbed9575c8,SHA256_READ,sample_journal
formal__phasenet_pretrained_frozen__seed42/sample_journals/epoch0009_20261002T065000549284_rank6.jsonl,4570451,a20f7490678baa5c472a687c19f67e8133e1f24943cbf94fe1379cd8aff8c9fb,SHA256_READ,sample_journal
formal__phasenet_pretrained_frozen__seed42/sample_journals/epoch0009_20261002T065000549348_rank7.jsonl,4551243,c842c5a5484987ddac7c0424f5e8f1f1c3c40077f17feb1c1cb407a75af3616a,SHA256_READ,sample_journal
formal__phasenet_pretrained_frozen__seed42/sample_journals/epoch0009_20261002T065000550451_rank2.jsonl,4594649,81f13bb9192a5b85e22000996dae85240cd712c1aa71c48243eff931e619d906,SHA256_READ,sample_journal
formal__phasenet_pretrained_frozen__seed42/sample_journals/epoch0009_20261002T065000550615_rank3.jsonl,4583219,e58af7b4c6cb1a9c4268f15f104fe4543183a36730281c0cb507af937ebf1ee2,SHA256_READ,sample_journal
formal__phasenet_pretrained_frozen__seed42/sample_journals/epoch0009_20261002T065000550724_rank13.jsonl,4575046,a49be92818253c8b297544621445cc0938dc852fcca3e951900cc6dc2eedd4f9,SHA256_READ,sample_journal
formal__phasenet_pretrained_frozen__seed42/sample_journals/epoch0009_20261002T065000550742_rank15.jsonl,4543368,4469dd756e15bc99069b37dd9700c062963095202f3993195163d2d743c2883f,SHA256_READ,sample_journal
formal__phasenet_pretrained_frozen__seed42/sample_journals/epoch0009_20261002T065000550799_rank12.jsonl,4538365,d8be5529ad1521cb492d790126a948565e3a5fb180c4f1569280634faa8f4967,SHA256_READ,sample_journal
formal__phasenet_pretrained_frozen__seed42/sample_journals/epoch0009_20261002T065000555607_rank14.jsonl,4627557,0526d7ebf0484d13ca6badcb4b080352c4cbc5b9c26f312dd05250d5a8b90aa4,SHA256_READ,sample_journal
formal__phasenet_pretrained_frozen__seed42/sample_journals/epoch0009_20261002T065000556568_rank4.jsonl,4515695,ce5ad6e4c88cdc5a1d415dde761476f4e2a34a0c300599e31a73fb05b406a1e8,SHA256_READ,sample_journal
formal__phasenet_pretrained_frozen__seed42/sample_journals/epoch0009_20261002T065000564116_rank11.jsonl,4547440,0ad09b6a0cdc73e126069824befe0bdbefbaa8914f0c94f1fdde560f6c9fa218,SHA256_READ,sample_journal
formal__phasenet_pretrained_frozen__seed42/sample_journals/epoch0009_20261002T065000570894_rank9.jsonl,4507954,386dfc732d6875d85b7f8b8aec1dba3e57b772b9429e0ad93a9201fa854c3c80,SHA256_READ,sample_journal
formal__phasenet_pretrained_frozen__seed42/sample_journals/epoch0009_20261002T065000571137_rank8.jsonl,4503522,6e99979beda945c09e9cb778ccf0b1c26dd634e67a73917aa9156a6b8a7ff3a1,SHA256_READ,sample_journal
formal__phasenet_pretrained_frozen__seed42/sample_journals/epoch0009_20261002T065000590625_rank10.jsonl,4608618,96f03625f15ab3016a29f808ca14a89d219521b6cd7d6d2dee0e4dd29f683f29,SHA256_READ,sample_journal
formal__phasenet_pretrained_frozen__seed42/sample_journals/epoch0009_20261002T065001281052_rank0.jsonl,4529739,5bd15eda3f33ced170ccc66ac89e53ad253ceb3d5e8f7a373a3a108e83e12945,SHA256_READ,sample_journal
formal__phasenet_pretrained_frozen__seed42/sample_journals/epoch0010_20261002T065000545840_rank1.jsonl,4560200,244dc67341ccea2e8f53f5606097bdd7b508c068bad3f2d7d79859a92377fb5e,SHA256_READ,sample_journal
formal__phasenet_pretrained_frozen__seed42/sample_journals/epoch0010_20261002T065000549165_rank5.jsonl,4541232,8c216bd5d309990db987b8f399b102502fa0824c85acbbc78a454cfd92483866,SHA256_READ,sample_journal
formal__phasenet_pretrained_frozen__seed42/sample_journals/epoch0010_20261002T065000549284_rank6.jsonl,4499011,003a26de3a6eb282d092f4b6bca23db8461cf8868280909a78df1112c6e313c9,SHA256_READ,sample_journal
formal__phasenet_pretrained_frozen__seed42/sample_journals/epoch0010_20261002T065000549348_rank7.jsonl,4558098,955396f1309b49e4b1e8660349f646e51d5b4733a414b2ce707a31684dc544aa,SHA256_READ,sample_journal
formal__phasenet_pretrained_frozen__seed42/sample_journals/epoch0010_20261002T065000550451_rank2.jsonl,4542372,73ff324b5d60da2fc4df4cd8db6912826b3ed6b0fd21c1d98435f05b91163dd7,SHA256_READ,sample_journal
formal__phasenet_pretrained_frozen__seed42/sample_journals/epoch0010_20261002T065000550615_rank3.jsonl,4542524,765e10c77587daa51888c5c973e6143537a9e1d57b2cdab1d2ed5645fc73705f,SHA256_READ,sample_journal
formal__phasenet_pretrained_frozen__seed42/sample_journals/epoch0010_20261002T065000550724_rank13.jsonl,4577541,63ca5c574d9dd65892fc2d2e593856ad642e9a36acfaba59ce2fdae3f90aad06,SHA256_READ,sample_journal
formal__phasenet_pretrained_frozen__seed42/sample_journals/epoch0010_20261002T065000550742_rank15.jsonl,4517466,42e480e69f06d8e0617d098b1b1e1974cddb36d2699fae3df0ff233f381ab87b,SHA256_READ,sample_journal
formal__phasenet_pretrained_frozen__seed42/sample_journals/epoch0010_20261002T065000550799_rank12.jsonl,4622310,18bdebca61d4db7fe31f561ea87ba3feee256659b2bef3a795a6cf93cb29f20a,SHA256_READ,sample_journal
formal__phasenet_pretrained_frozen__seed42/sample_journals/epoch0010_20261002T065000555607_rank14.jsonl,4605057,920ed986c3d89e1af0435cc755be3b302a51c9d7aee83c059acc2604b885b9c3,SHA256_READ,sample_journal
formal__phasenet_pretrained_frozen__seed42/sample_journals/epoch0010_20261002T065000556568_rank4.jsonl,4592774,d7a9a0f51fe40a070da57da319aed8068be454330eca39e90acbca365a449e8a,SHA256_READ,sample_journal
formal__phasenet_pretrained_frozen__seed42/sample_journals/epoch0010_20261002T065000564116_rank11.jsonl,4552912,aa2adc31114aff3f9e6d0c68e107882fe7faa6c69d96820cf48ecd4bf0263240,SHA256_READ,sample_journal
formal__phasenet_pretrained_frozen__seed42/sample_journals/epoch0010_20261002T065000570894_rank9.jsonl,4622279,27051566f40390d39afc924d819a3c694bb3ab51e06d5ed15d4f8e390f505ee1,SHA256_READ,sample_journal
formal__phasenet_pretrained_frozen__seed42/sample_journals/epoch0010_20261002T065000571137_rank8.jsonl,4586397,037a25bff4baf08735d2ce09125c788718101d3f26f73cacd6c807c7ee35f8c0,SHA256_READ,sample_journal
formal__phasenet_pretrained_frozen__seed42/sample_journals/epoch0010_20261002T065000590625_rank10.jsonl,4543519,07dfd9c6d9b363f4ca7269940e0f37eb6f0a0e3fbc981c3aed701a73a6ccb188,SHA256_READ,sample_journal
formal__phasenet_pretrained_frozen__seed42/sample_journals/epoch0010_20261002T065001281052_rank0.jsonl,4531614,06b40e88cdd820be24190fd527e20901356a66ed033e82aa4a005e43f9fba530,SHA256_READ,sample_journal
formal__phasenet_pretrained_frozen__seed42/sample_journals/epoch0011_20261002T065000545840_rank1.jsonl,4562312,c27db0974d082f8ff75be42ba1708469f3c27b1d4113a293b27934329e1319cb,SHA256_READ,sample_journal
formal__phasenet_pretrained_frozen__seed42/sample_journals/epoch0011_20261002T065000549165_rank5.jsonl,4538012,7ec7b63a3f2656980174352d32c314c15fe5f3479bdeedd4167a903522bb41b3,SHA256_READ,sample_journal
formal__phasenet_pretrained_frozen__seed42/sample_journals/epoch0011_20261002T065000549284_rank6.jsonl,4563864,edbe7d0c7b6321949dc36a803bfb90be77834750b786888abb199fc2c453ce1a,SHA256_READ,sample_journal
formal__phasenet_pretrained_frozen__seed42/sample_journals/epoch0011_20261002T065000549348_rank7.jsonl,4532760,0746a433cb853d4c41d4eb378a3d32ea108ce0f9c84bbd3ffa84082aa8f925e6,SHA256_READ,sample_journal
formal__phasenet_pretrained_frozen__seed42/sample_journals/epoch0011_20261002T065000550451_rank2.jsonl,4499803,ea07bdd4cd3274b3c187faab2b84c48f548bc3f18bbfaf0d729ba5012afcf6bd,SHA256_READ,sample_journal
formal__phasenet_pretrained_frozen__seed42/sample_journals/epoch0011_20261002T065000550615_rank3.jsonl,4553391,4b4b0b16732282736d1b8ce19f559dcf650df66c11d19891e1eb4c5f9d7d1692,SHA256_READ,sample_journal
formal__phasenet_pretrained_frozen__seed42/sample_journals/epoch0011_20261002T065000550724_rank13.jsonl,4599851,fd37bece9a0279398ff1b1baffdb6f5d79db28f2a4120517e6917cfbfd3f2844,SHA256_READ,sample_journal
formal__phasenet_pretrained_frozen__seed42/sample_journals/epoch0011_20261002T065000550742_rank15.jsonl,4560397,396145d307ee7c0f11c023d3f713ffa084c4302bdf67bf0e705b7a1690b45654,SHA256_READ,sample_journal
formal__phasenet_pretrained_frozen__seed42/sample_journals/epoch0011_20261002T065000550799_rank12.jsonl,4580893,921937f4afb339d13267b39a4e657c7dbb858b32e6f031e2b59edff50bd2c82e,SHA256_READ,sample_journal
formal__phasenet_pretrained_frozen__seed42/sample_journals/epoch0011_20261002T065000555607_rank14.jsonl,4570385,c6dbc492251bf9922c91632828507c91581fc6d5e61233a6cba0e41c9d1dc966,SHA256_READ,sample_journal
formal__phasenet_pretrained_frozen__seed42/sample_journals/epoch0011_20261002T065000556568_rank4.jsonl,4597836,143d1b594f96d9724db2e706fd8adfb0761cdd8e371cf6136162f3610c482f62,SHA256_READ,sample_journal
formal__phasenet_pretrained_frozen__seed42/sample_journals/epoch0011_20261002T065000564116_rank11.jsonl,4582769,bd9c2bae5bc9de4987e4a5e2a863a02dd0637aad97d1318e17ed5a66a0e472ee,SHA256_READ,sample_journal
formal__phasenet_pretrained_frozen__seed42/sample_journals/epoch0011_20261002T065000570894_rank9.jsonl,4584021,737d2c50066d438716f86ec148c27e7664cc5577960e308fdf7d105fffd1ed30,SHA256_READ,sample_journal
formal__phasenet_pretrained_frozen__seed42/sample_journals/epoch0011_20261002T065000571137_rank8.jsonl,4576049,e0b8a3328f5be424f82288eb27fe35639a8cf43ab778acf851cbc6c4c83edced,SHA256_READ,sample_journal
formal__phasenet_pretrained_frozen__seed42/sample_journals/epoch0011_20261002T065000590625_rank10.jsonl,4553816,a52058c7488b58af14caa8e2814cd4430c78c265ab2b8455898b29b261152cce,SHA256_READ,sample_journal
formal__phasenet_pretrained_frozen__seed42/sample_journals/epoch0011_20261002T065001281052_rank0.jsonl,4533918,9203056f466b60bfca82a7d220f91320c04b028cc900515ed54b4c22c60add6b,SHA256_READ,sample_journal
formal__phasenet_pretrained_frozen__seed42/sample_journals/epoch0012_20261002T065000545840_rank1.jsonl,4577024,556d8dd72e45080a37a769215e678a65317d2f691c8cc51631ec5c12aa398a46,SHA256_READ,sample_journal
formal__phasenet_pretrained_frozen__seed42/sample_journals/epoch0012_20261002T065000549165_rank5.jsonl,4478495,2e5b30399558b9fd23570faf0e3b67e0e36fc857f069010eac62295d43664e85,SHA256_READ,sample_journal
formal__phasenet_pretrained_frozen__seed42/sample_journals/epoch0012_20261002T065000549284_rank6.jsonl,4647541,2d9a45ee4f7ae58f12d0dad1170b6eb6b5ee70551b4c9e552c4e8a4c47c8adc0,SHA256_READ,sample_journal
formal__phasenet_pretrained_frozen__seed42/sample_journals/epoch0012_20261002T065000549348_rank7.jsonl,4599386,2d9e8dbd3cf42d974d65112a9e055ce71075a66761c6f4debf703dba83ea1659,SHA256_READ,sample_journal
formal__phasenet_pretrained_frozen__seed42/sample_journals/epoch0012_20261002T065000550451_rank2.jsonl,4524274,114dc6d8cfbb3459fd16118b4d68f32b88f8eae3366bc75c626e9be3518503e7,SHA256_READ,sample_journal
formal__phasenet_pretrained_frozen__seed42/sample_journals/epoch0012_20261002T065000550615_rank3.jsonl,4588493,ded1fc1145242788eb50812bd210bfd7cb554d7389097d01ce069b313d58b044,SHA256_READ,sample_journal
formal__phasenet_pretrained_frozen__seed42/sample_journals/epoch0012_20261002T065000550724_rank13.jsonl,4639831,a80f14338895614a6b05c414bb684d0e0b545177155ffac2c5b02b922f34d35e,SHA256_READ,sample_journal
formal__phasenet_pretrained_frozen__seed42/sample_journals/epoch0012_20261002T065000550742_rank15.jsonl,4548642,7bbc1cb1948573fb9027d2f7ccbc1cb6e06058802539c02741ab6e8907b84707,SHA256_READ,sample_journal
formal__phasenet_pretrained_frozen__seed42/sample_journals/epoch0012_20261002T065000550799_rank12.jsonl,4511235,618a433be1a536fd8f1e8d9fc87c6badffdeb364b8360be95cdefe58c8c4f5f5,SHA256_READ,sample_journal
formal__phasenet_pretrained_frozen__seed42/sample_journals/epoch0012_20261002T065000555607_rank14.jsonl,4582316,84ea50b83e372b248b6f66ec754dea916ce04b8a9e7774bf25159e77b8bff0dd,SHA256_READ,sample_journal
formal__phasenet_pretrained_frozen__seed42/sample_journals/epoch0012_20261002T065000556568_rank4.jsonl,4504316,3045f5916a98719011e8fc4ee75fd1d0c460354891c303bcb211d3a1c9306c5b,SHA256_READ,sample_journal
formal__phasenet_pretrained_frozen__seed42/sample_journals/epoch0012_20261002T065000564116_rank11.jsonl,4488861,5672b89cadcd55242d914a641b5d6d975c9e531632ffc2d94e5782f0561d41e9,SHA256_READ,sample_journal
formal__phasenet_pretrained_frozen__seed42/sample_journals/epoch0012_20261002T065000570894_rank9.jsonl,4525481,361cfad31d6517dc5fb0a792f6b08cc8e73278e85c0fbbdfa4704aa602440c31,SHA256_READ,sample_journal
formal__phasenet_pretrained_frozen__seed42/sample_journals/epoch0012_20261002T065000571137_rank8.jsonl,4616448,0c5e37b2b4f90435efb431486ce42ac3a97660c5683d14b3d08290d5c9b33e33,SHA256_READ,sample_journal
formal__phasenet_pretrained_frozen__seed42/sample_journals/epoch0012_20261002T065000590625_rank10.jsonl,4487305,92b69636ff98120f3ccd4c7e9068ed7cdfc014f20dcf3a4563e14d631e3e3ec8,SHA256_READ,sample_journal
formal__phasenet_pretrained_frozen__seed42/sample_journals/epoch0012_20261002T065001281052_rank0.jsonl,4542220,e03f17e34d3f6ee182a63cefcb07053aa03919a3a186b68258ff39cba8fde8a4,SHA256_READ,sample_journal
formal__phasenet_pretrained_frozen__seed42/training_curves.csv,1401,1223d2c5124825fddcb62b3e9b6690f194b51584bae842dd250222cbf8d26950,SHA256_READ,metadata_or_audit
formal__phasenet_pretrained_frozen__seed42/validation_epoch1.csv.gz,53644076,676f39cd935a3f02a63b105a1a11e706f9264fda8f96f8080f086e39f146385d,SHA256_READ,validation_prediction
formal__phasenet_pretrained_frozen__seed42/validation_epoch10.csv.gz,54167323,8a4e82b8f3dd37b7a8fd2e0a7858f6e8c8b7ceb5d6cdc64cbf6aa142a55a97f3,SHA256_READ,validation_prediction
formal__phasenet_pretrained_frozen__seed42/validation_epoch11.csv.gz,54197995,0ce0bad142eb2a9f7f57a2e504ad1f7505a2775306b4e22da6861424ef94c046,SHA256_READ,validation_prediction
formal__phasenet_pretrained_frozen__seed42/validation_epoch12.csv.gz,54199456,046d86abe5c43ac30af1ae5d0dcbc247c61596ddd562c80523a5860c47117efe,SHA256_READ,validation_prediction
formal__phasenet_pretrained_frozen__seed42/validation_epoch2.csv.gz,53814410,a2f099becfa89401bcf430432ab08f0f5e3f3935912993c40b841f39f9dd9e74,SHA256_READ,validation_prediction
formal__phasenet_pretrained_frozen__seed42/validation_epoch3.csv.gz,53924046,d0438ca9cad8c27ddb9da8f4bf47db268f01ce0d641b6243877cf485775ba90c,SHA256_READ,validation_prediction
formal__phasenet_pretrained_frozen__seed42/validation_epoch4.csv.gz,53989413,d69fc058cacee7f36d00e9dde7db2f6b6b54491d50ab016628a7757c60b06db7,SHA256_READ,validation_prediction
formal__phasenet_pretrained_frozen__seed42/validation_epoch5.csv.gz,54045614,94a20d4b487fdea738951c2adcca64df6b61ce4b22d1a11c0b13759336318b7d,SHA256_READ,validation_prediction
formal__phasenet_pretrained_frozen__seed42/validation_epoch6.csv.gz,54039933,1f1d12eec8b83e035758eb15306cfd0e21575a0eb2b591b92d3c4963093d86f6,SHA256_READ,validation_prediction
formal__phasenet_pretrained_frozen__seed42/validation_epoch7.csv.gz,54104375,36e6ea2be4ad965c6c1271b234cd53eb532f961e381ee2d8db00ea23d864edc5,SHA256_READ,validation_prediction
formal__phasenet_pretrained_frozen__seed42/validation_epoch8.csv.gz,54137736,037466b57a34e4689cd6083b12f3e4fb6abee4b0f3fbe9f21449f5a563fc96c1,SHA256_READ,validation_prediction
formal__phasenet_pretrained_frozen__seed42/validation_epoch9.csv.gz,54181984,70e19101ce2a0e07f3905b19f333f31cbb73a8654ba081c5d903837aac0bfe8f,SHA256_READ,validation_prediction
formal__phasenet_pretrained_frozen__seed43/epoch0001_20261003T020450437065_rank0.json,313,332d4a144482fb8389e2c6501a6b720e1f87548f7643c334160307cbec67da7a,SHA256_READ,metadata_or_audit
formal__phasenet_pretrained_frozen__seed43/epoch0002_20261003T020450437065_rank0.json,316,1717c2352ba1823bae95a3fc1dd8ea4de0c351fdfcfed1c2d9e79814ce3fa071,SHA256_READ,metadata_or_audit
formal__phasenet_pretrained_frozen__seed43/epoch0003_20261003T020450437065_rank0.json,316,7278c27d88032eb09499180c63bc29ab63938f244b0b9475595e2275d566578a,SHA256_READ,metadata_or_audit
formal__phasenet_pretrained_frozen__seed43/epoch0004_20261003T020450437065_rank0.json,314,98ba8c5b9b77c397e817537cc9c9623200af4878e723bca3f8e486bf23fcdc35,SHA256_READ,metadata_or_audit
formal__phasenet_pretrained_frozen__seed43/epoch0005_20261003T020450437065_rank0.json,317,df8ebce709cdf1906cc66c3124942d26f6ec21bd8702892defb47593ae67f1fc,SHA256_READ,metadata_or_audit
formal__phasenet_pretrained_frozen__seed43/epoch0006_20261003T020450437065_rank0.json,314,dfb907dd2e1826906b83e55f4b37c6239b5224d1214262121faca19d0b5d7827,SHA256_READ,metadata_or_audit
formal__phasenet_pretrained_frozen__seed43/epoch0007_20261003T020450437065_rank0.json,316,0e8f27fab76fd53851590242547f083047795ff2c857a073d2f993e3f3afdabe,SHA256_READ,metadata_or_audit
formal__phasenet_pretrained_frozen__seed43/epoch0008_20261003T020450437065_rank0.json,317,0a378adc55a2ceb40d9dce5398da4715564381b2a24167447bfbb243825f6919,SHA256_READ,metadata_or_audit
formal__phasenet_pretrained_frozen__seed43/epoch0009_20261003T020450437065_rank0.json,318,d5eff98e9134e3d351cd00f7e8e4297b7c1975fde20443d6f993854852e6dd64,SHA256_READ,metadata_or_audit
formal__phasenet_pretrained_frozen__seed43/epoch0010_20261003T020450437065_rank0.json,317,c23362272842b6ce5a3b041d84271c6d914538a444cadbff20c6eb84a6aeba00,SHA256_READ,metadata_or_audit
formal__phasenet_pretrained_frozen__seed43/epoch0011_20261003T020450437065_rank0.json,319,eb47163b4e812d7b43bfc1230efc53c543939284445dedf195976793a7a9a4ad,SHA256_READ,metadata_or_audit
formal__phasenet_pretrained_frozen__seed43/epoch0012_20261003T020450437065_rank0.json,299,19e798945dcbf93613da0ce51f7f395c424b926b3081bc69ab620f1f0acfd961,SHA256_READ,metadata_or_audit
formal__phasenet_pretrained_frozen__seed43/model_interface_audit.json,7093,e3fd60d402b0a1b62d981355e661c8120bb185343d2fc18ae3cfdbce5e7e97f2,SHA256_READ,metadata_or_audit
formal__phasenet_pretrained_frozen__seed43/protocol.lock.json,809268,f816c5157879e1c8184339b93b984c4d5e988b0976673daa98f0c46ff57ef131,SHA256_READ,metadata_or_audit
formal__phasenet_pretrained_frozen__seed43/resolved_config.json,724116,51606970f280b5e43c49bc10caf53bcbd01eaaa9a58021c56889445eae681499,SHA256_READ,metadata_or_audit
formal__phasenet_pretrained_frozen__seed43/runtime.json,904,85a296074b9d63fd3a718bf85e121e2daeb118f4741776ee00cefcb5cacb9778,SHA256_READ,metadata_or_audit
formal__phasenet_pretrained_frozen__seed43/runtime_20261003T020450437065_rank0.json,904,6ee61cb4ce2f81feb906aebffcda05286fb8186509bbfb456ef493e67890a383,SHA256_READ,metadata_or_audit
formal__phasenet_pretrained_frozen__seed43/sample_journals/epoch0001_20261003T020449679087_rank1.jsonl,4570587,ba1f7827e17bbf4c42d20780c49e0fab7a2fc6e82774c9321dc0988d63028d87,SHA256_READ,sample_journal
formal__phasenet_pretrained_frozen__seed43/sample_journals/epoch0001_20261003T020449681045_rank4.jsonl,4486248,09eea5404debb4b1ac7fafdeaf99bb10a19b70d023f6803bedda6a148707626d,SHA256_READ,sample_journal
formal__phasenet_pretrained_frozen__seed43/sample_journals/epoch0001_20261003T020449681154_rank5.jsonl,4648364,eafcbb832efbacc6d2c7cd82ee006aa6075272f62a2a48adc7e68df22a793d9f,SHA256_READ,sample_journal
formal__phasenet_pretrained_frozen__seed43/sample_journals/epoch0001_20261003T020449681992_rank12.jsonl,4563238,1adee72098e7a2688c9398ebdd82158f8384641d21cd23a6b4ddadd79634c023,SHA256_READ,sample_journal
formal__phasenet_pretrained_frozen__seed43/sample_journals/epoch0001_20261003T020449682002_rank15.jsonl,4509139,bce07e1f7f05ff4eaca539d0e2469e7fe625db3de5516b668579ac63e801cfda,SHA256_READ,sample_journal
formal__phasenet_pretrained_frozen__seed43/sample_journals/epoch0001_20261003T020449682053_rank13.jsonl,4558089,58dea336ab29bc878debf3a85c7b7bb396e72b852d18e40f01b35fd50125d106,SHA256_READ,sample_journal
formal__phasenet_pretrained_frozen__seed43/sample_journals/epoch0001_20261003T020449682926_rank3.jsonl,4539946,4b5ede82ba62d38a9d479a15cb6baf958223dba6beef0baed4641d6da5348ca7,SHA256_READ,sample_journal
formal__phasenet_pretrained_frozen__seed43/sample_journals/epoch0001_20261003T020449684643_rank14.jsonl,4500848,bfcd2f4b51bb9c7bfe209a673b57cd4de00d0b27aa0cb5fc8010f1c9854b0a27,SHA256_READ,sample_journal
formal__phasenet_pretrained_frozen__seed43/sample_journals/epoch0001_20261003T020449685365_rank2.jsonl,4464290,7b8125446cea5a2e2e192cb6588d54a9c0ae32596c3c3467bb9b7cdd9621f7fe,SHA256_READ,sample_journal
formal__phasenet_pretrained_frozen__seed43/sample_journals/epoch0001_20261003T020449687452_rank6.jsonl,4546609,06732d163a3161c4f8a5e3951bfd1fa39e0f5b2cdbf469a8c083e2a7aa75e62d,SHA256_READ,sample_journal
formal__phasenet_pretrained_frozen__seed43/sample_journals/epoch0001_20261003T020449687771_rank7.jsonl,4596449,aa55446ba0d6ffe0d0f30496a2eea8be59b0bc4274487e69c34d32f65874c42f,SHA256_READ,sample_journal
formal__phasenet_pretrained_frozen__seed43/sample_journals/epoch0001_20261003T020449687797_rank9.jsonl,4589016,08dc0493453b3a7ea3b56f93f55f82c4e641c24c7c46784a68db76be784e734a,SHA256_READ,sample_journal
formal__phasenet_pretrained_frozen__seed43/sample_journals/epoch0001_20261003T020449687805_rank10.jsonl,4546586,20e6271f98219f88bbdf407857db59432d88250fd08ba67e606151fc224fed6c,SHA256_READ,sample_journal
formal__phasenet_pretrained_frozen__seed43/sample_journals/epoch0001_20261003T020449690477_rank8.jsonl,4571499,5c4e6bc4e4de1dccf4fdc1669c9d67668908098268162974e5a9cb57776eef3e,SHA256_READ,sample_journal
formal__phasenet_pretrained_frozen__seed43/sample_journals/epoch0001_20261003T020449699989_rank11.jsonl,4564217,2089342e26d16b8852985e067d05ff85e36f3c0e9260a169331504f8350bb3df,SHA256_READ,sample_journal
formal__phasenet_pretrained_frozen__seed43/sample_journals/epoch0001_20261003T020450437065_rank0.jsonl,4579023,2d19af6131df0e2a2064863ccbe7576f9dec18a201fbf5551613b88d81313398,SHA256_READ,sample_journal
formal__phasenet_pretrained_frozen__seed43/sample_journals/epoch0002_20261003T020449679087_rank1.jsonl,4617894,38842e4bc6628e42cbc8c1956324d40584d7256ae5520ce8f2a538ea9e67a650,SHA256_READ,sample_journal
formal__phasenet_pretrained_frozen__seed43/sample_journals/epoch0002_20261003T020449681045_rank4.jsonl,4531742,97997a8b89a32f9fb0df42f9bca7c8acd53825a33cfa82a71f664b736b494c18,SHA256_READ,sample_journal
formal__phasenet_pretrained_frozen__seed43/sample_journals/epoch0002_20261003T020449681154_rank5.jsonl,4509751,ee5ee6d995c5f43de70b9958b8fc1800a9888fb709f912b8d44a9424d44d9324,SHA256_READ,sample_journal
formal__phasenet_pretrained_frozen__seed43/sample_journals/epoch0002_20261003T020449681992_rank12.jsonl,4501088,b700996d407755587e5b80ea2c2398fdd8b98c1796add90c9e619ca286feca48,SHA256_READ,sample_journal
formal__phasenet_pretrained_frozen__seed43/sample_journals/epoch0002_20261003T020449682002_rank15.jsonl,4579340,3bde6b9466ce260c2ce47b6500bf2f6ae040dae09325a07b31bd0f882e60d50a,SHA256_READ,sample_journal
formal__phasenet_pretrained_frozen__seed43/sample_journals/epoch0002_20261003T020449682053_rank13.jsonl,4552719,e6cec75b68a38fcd3158681e2de33ad1f40aaea7bc9d8fd2f23d9690aa26b381,SHA256_READ,sample_journal
formal__phasenet_pretrained_frozen__seed43/sample_journals/epoch0002_20261003T020449682926_rank3.jsonl,4507043,97b14034de1b441de226ccd0003220f2cc6cb14149b51043f600b740ccafe362,SHA256_READ,sample_journal
formal__phasenet_pretrained_frozen__seed43/sample_journals/epoch0002_20261003T020449684643_rank14.jsonl,4578526,adc0e279ffbf59048bc93e93dbd386651aacdde197cf9f115f8caa73d8f4c856,SHA256_READ,sample_journal
formal__phasenet_pretrained_frozen__seed43/sample_journals/epoch0002_20261003T020449685365_rank2.jsonl,4508745,5aa0697bba868fc82ea8e256bb92200c278fe4f745b2b80bef15cd0cac1d1ab0,SHA256_READ,sample_journal
formal__phasenet_pretrained_frozen__seed43/sample_journals/epoch0002_20261003T020449687452_rank6.jsonl,4540271,9b1644935d93d63d1b4b1530050c27f43ddde96f6bfcab3545ef8b1cb1efc922,SHA256_READ,sample_journal
formal__phasenet_pretrained_frozen__seed43/sample_journals/epoch0002_20261003T020449687771_rank7.jsonl,4638982,47ef3f2fb1e08db5fef74fd54cd2096d0bd27a489e3d57c57d012479862b04fa,SHA256_READ,sample_journal
formal__phasenet_pretrained_frozen__seed43/sample_journals/epoch0002_20261003T020449687797_rank9.jsonl,4547899,5d7630f6a97b06483821d169ab7a7c7d9a58381cc749dab4d25d0efcee8aae83,SHA256_READ,sample_journal
formal__phasenet_pretrained_frozen__seed43/sample_journals/epoch0002_20261003T020449687805_rank10.jsonl,4576872,73efa33bdc4420aa71f11fcb90b50336f28866bdbb185941e2883db5a9ae1d65,SHA256_READ,sample_journal
formal__phasenet_pretrained_frozen__seed43/sample_journals/epoch0002_20261003T020449690477_rank8.jsonl,4560283,dc0e187695c9a9ed6b650fe0908a5e8acd848ff27e722d14edabe0c041d63bf3,SHA256_READ,sample_journal
formal__phasenet_pretrained_frozen__seed43/sample_journals/epoch0002_20261003T020449699989_rank11.jsonl,4616281,e9b21617d844f7cf9fd28d30c8661d93d4ba3481012f38b21372d4a8c415c56e,SHA256_READ,sample_journal
formal__phasenet_pretrained_frozen__seed43/sample_journals/epoch0002_20261003T020450437065_rank0.jsonl,4508134,035e95402b54c40a7d2f095cf67592532d3a2f1c969326ddd4142f73f01cd808,SHA256_READ,sample_journal
formal__phasenet_pretrained_frozen__seed43/sample_journals/epoch0003_20261003T020449679087_rank1.jsonl,4577654,9e5aabc004bedfc1c331401d91931764f6c5ab2a1b1cb4da8c69cb0aaf5f7815,SHA256_READ,sample_journal
formal__phasenet_pretrained_frozen__seed43/sample_journals/epoch0003_20261003T020449681045_rank4.jsonl,4571401,1ae768a071723eed5adb3b98046d1aa2604ec8fcc8301f664886fbd2af0bd18c,SHA256_READ,sample_journal
formal__phasenet_pretrained_frozen__seed43/sample_journals/epoch0003_20261003T020449681154_rank5.jsonl,4546654,ac53b2c530fc2a5bd32cefca5400471fe74b2895166992c9ab698125be070512,SHA256_READ,sample_journal
formal__phasenet_pretrained_frozen__seed43/sample_journals/epoch0003_20261003T020449681992_rank12.jsonl,4489150,bf597c2dd56202f4e4ac92f155cf1c82716afef65c8655d2c303f3d1e96273bd,SHA256_READ,sample_journal
formal__phasenet_pretrained_frozen__seed43/sample_journals/epoch0003_20261003T020449682002_rank15.jsonl,4534540,d4b681cea910bc850c5211b439d442fc20f86dc79c4e3613f33c0070ddc4ffdf,SHA256_READ,sample_journal
formal__phasenet_pretrained_frozen__seed43/sample_journals/epoch0003_20261003T020449682053_rank13.jsonl,4601119,07ff03b94857cfa2286cc7a0e9836f1cf785f5c612e162f0480c43e8b2b94765,SHA256_READ,sample_journal
formal__phasenet_pretrained_frozen__seed43/sample_journals/epoch0003_20261003T020449682926_rank3.jsonl,4531603,30a0ddea27d1fe78968dc138e8db503117c2a07d53b1e57a8bc5cd3a6bb64cf5,SHA256_READ,sample_journal
formal__phasenet_pretrained_frozen__seed43/sample_journals/epoch0003_20261003T020449684643_rank14.jsonl,4549185,43bc136fc6695e0bb09b61ff0afd2e50273446f56120220a38362b2acf711e61,SHA256_READ,sample_journal
formal__phasenet_pretrained_frozen__seed43/sample_journals/epoch0003_20261003T020449685365_rank2.jsonl,4507006,5ef89bb8600a7a146c5d8ba20c788d80a6bc5a15b2ff0cc214322e6f9d72b5f9,SHA256_READ,sample_journal
formal__phasenet_pretrained_frozen__seed43/sample_journals/epoch0003_20261003T020449687452_rank6.jsonl,4560561,523376bdf13922fab1a5f4d436c3412d4650c1dcb3c919b3d28f49e2ae125b1b,SHA256_READ,sample_journal
formal__phasenet_pretrained_frozen__seed43/sample_journals/epoch0003_20261003T020449687771_rank7.jsonl,4627410,f6ced660f1b1a0edcdd8b8873b68082a4995f8d892e7a70c0d83f0192b70cf57,SHA256_READ,sample_journal
formal__phasenet_pretrained_frozen__seed43/sample_journals/epoch0003_20261003T020449687797_rank9.jsonl,4551038,a5ba3d01a088ca036160ab7c3b590aa4a9bedc156c185b0b8508e41a2f9bcd3b,SHA256_READ,sample_journal
formal__phasenet_pretrained_frozen__seed43/sample_journals/epoch0003_20261003T020449687805_rank10.jsonl,4576571,d384240e8d0b86cd0278e8b25c6f3735e49005a35ee75b6865a95a88806e2e9c,SHA256_READ,sample_journal
formal__phasenet_pretrained_frozen__seed43/sample_journals/epoch0003_20261003T020449690477_rank8.jsonl,4569949,e4e593a24f7ee36ea29e2815c58b439c278f91186d8e842af046739b39ac1d08,SHA256_READ,sample_journal
formal__phasenet_pretrained_frozen__seed43/sample_journals/epoch0003_20261003T020449699989_rank11.jsonl,4510051,7c7fe2994a2a0ecc3928cbe4ca64666e37e376f0453f3e7d8269567ef24ad995,SHA256_READ,sample_journal
formal__phasenet_pretrained_frozen__seed43/sample_journals/epoch0003_20261003T020450437065_rank0.jsonl,4611016,66cbd2315a8dd3dd7bb5624ee47eb2c97f73d16d9df3a2c700e43d27058d7e04,SHA256_READ,sample_journal
formal__phasenet_pretrained_frozen__seed43/sample_journals/epoch0004_20261003T020449679087_rank1.jsonl,4637200,9bcc14183d91b1bd00227399714cf35ad1b30b62e6c2b99989dc0bd357e73f30,SHA256_READ,sample_journal
formal__phasenet_pretrained_frozen__seed43/sample_journals/epoch0004_20261003T020449681045_rank4.jsonl,4587694,ddcfb8f9ef42074dc3daba67fbfbf776828162b2bc71bfb442f3daade9313403,SHA256_READ,sample_journal
formal__phasenet_pretrained_frozen__seed43/sample_journals/epoch0004_20261003T020449681154_rank5.jsonl,4619672,a1e1ab1153ec050759c753ff8b1da6efcc68236e459d94461004d16985b25056,SHA256_READ,sample_journal
formal__phasenet_pretrained_frozen__seed43/sample_journals/epoch0004_20261003T020449681992_rank12.jsonl,4569399,4c47b80cefe62a287f4547d97281605e96f7ff25db5a98c3b50c1451f07d5797,SHA256_READ,sample_journal
formal__phasenet_pretrained_frozen__seed43/sample_journals/epoch0004_20261003T020449682002_rank15.jsonl,4517730,0370810ff5e1a21789268268f749936ec363737820c4afbdd93cc0d3e5d1f6f0,SHA256_READ,sample_journal
formal__phasenet_pretrained_frozen__seed43/sample_journals/epoch0004_20261003T020449682053_rank13.jsonl,4548307,a34a502ccfd0228fb7c88817cb0fdca9e057d18bd643149fb9635cbfec9a0db9,SHA256_READ,sample_journal
formal__phasenet_pretrained_frozen__seed43/sample_journals/epoch0004_20261003T020449682926_rank3.jsonl,4478765,a232a8dd0f04b8160cf31792fe93007e4dc6f0541d7f86f739bf9ae6b4f0df50,SHA256_READ,sample_journal
formal__phasenet_pretrained_frozen__seed43/sample_journals/epoch0004_20261003T020449684643_rank14.jsonl,4598874,4ecf6ea83c3218377a09b833161d3b3af5bce6013b9524a63fb413997d9ef4e0,SHA256_READ,sample_journal
formal__phasenet_pretrained_frozen__seed43/sample_journals/epoch0004_20261003T020449685365_rank2.jsonl,4502864,cd9d1cd28ff64a9aaf945c724722e531a57dea9e23934d6e934103b8fc74f84e,SHA256_READ,sample_journal
formal__phasenet_pretrained_frozen__seed43/sample_journals/epoch0004_20261003T020449687452_rank6.jsonl,4559108,feac7abc90df16f43ec7eefe1a36baac6814fa3c58274c7d4f5600fe4309a554,SHA256_READ,sample_journal
formal__phasenet_pretrained_frozen__seed43/sample_journals/epoch0004_20261003T020449687771_rank7.jsonl,4525504,b18786e741a5be318b9413160a84cd45b6ec0cef5fba4d7040179c4fae1441fd,SHA256_READ,sample_journal
formal__phasenet_pretrained_frozen__seed43/sample_journals/epoch0004_20261003T020449687797_rank9.jsonl,4498931,b2df4c38e4484c9d4534d8c3208bec721cc092b3e331a18c59b855b21c712705,SHA256_READ,sample_journal
formal__phasenet_pretrained_frozen__seed43/sample_journals/epoch0004_20261003T020449687805_rank10.jsonl,4621985,42699d2ed9f90b361f44f1f4c7b64d6120c8247358121d786d0e55089320c521,SHA256_READ,sample_journal
formal__phasenet_pretrained_frozen__seed43/sample_journals/epoch0004_20261003T020449690477_rank8.jsonl,4582702,2e4522362ec1bd598bd7ff334a662f9db3900d78c43ff1edac84a39dec2ed592,SHA256_READ,sample_journal
formal__phasenet_pretrained_frozen__seed43/sample_journals/epoch0004_20261003T020449699989_rank11.jsonl,4508617,7def5fb63d919333270ded69061b9b07302cfbf4bfe0dd2b87fdb3a7ff1fa3d9,SHA256_READ,sample_journal
formal__phasenet_pretrained_frozen__seed43/sample_journals/epoch0004_20261003T020450437065_rank0.jsonl,4539221,f6d217067653542bbb8bfe3a4f80b994f8ac8852cee29dd6bbd0ed791ae4573a,SHA256_READ,sample_journal
formal__phasenet_pretrained_frozen__seed43/sample_journals/epoch0005_20261003T020449679087_rank1.jsonl,4522485,d6dec0420524fb7c770fcd83346a0167e24369f4a39bad43f8be1a18f70d8f30,SHA256_READ,sample_journal
formal__phasenet_pretrained_frozen__seed43/sample_journals/epoch0005_20261003T020449681045_rank4.jsonl,4644556,57260d805e49e208e569b8a0b4e9d01c87b7647dbd3b6fb8dc75bf16583e562d,SHA256_READ,sample_journal
formal__phasenet_pretrained_frozen__seed43/sample_journals/epoch0005_20261003T020449681154_rank5.jsonl,4516054,209802565d7b9e856d4301e25db89d9eaf1039fe8c5f789368a6d9be5d6c654b,SHA256_READ,sample_journal
formal__phasenet_pretrained_frozen__seed43/sample_journals/epoch0005_20261003T020449681992_rank12.jsonl,4509512,c58357bbbb69700a55e6976282df0419d40e38b4da40066fdf2beaa241c421a4,SHA256_READ,sample_journal
formal__phasenet_pretrained_frozen__seed43/sample_journals/epoch0005_20261003T020449682002_rank15.jsonl,4574331,e432f4ab13a3727b2cf449d8674f7361a7670435333d788016eb32f5c2598f0b,SHA256_READ,sample_journal
formal__phasenet_pretrained_frozen__seed43/sample_journals/epoch0005_20261003T020449682053_rank13.jsonl,4533291,b38c388df06ff62467f16b755298cd3f98186c23dd92138174a909077f888db6,SHA256_READ,sample_journal
formal__phasenet_pretrained_frozen__seed43/sample_journals/epoch0005_20261003T020449682926_rank3.jsonl,4585719,bd7e4a8b9632fd514105ebed06f516f745ca13eb7f2b9f6aaecdb6e6021fe396,SHA256_READ,sample_journal
formal__phasenet_pretrained_frozen__seed43/sample_journals/epoch0005_20261003T020449684643_rank14.jsonl,4581917,a6afef26f82f93b641168c448f7d8dd036dbfe8839d1d843ead918e6b079063c,SHA256_READ,sample_journal
formal__phasenet_pretrained_frozen__seed43/sample_journals/epoch0005_20261003T020449685365_rank2.jsonl,4609168,89b2bff819ff3e29919c65f4cb7c2208f2459f10226fd240e09e1c2e4ac31819,SHA256_READ,sample_journal
formal__phasenet_pretrained_frozen__seed43/sample_journals/epoch0005_20261003T020449687452_rank6.jsonl,4605401,4c8e7a5f81401bee8a30b29af8604b727a1782183e4b27ed07072d32c5058645,SHA256_READ,sample_journal
formal__phasenet_pretrained_frozen__seed43/sample_journals/epoch0005_20261003T020449687771_rank7.jsonl,4527306,e131db543f83ab10cf19f97ec70ee3c62bca19a17d71dbed293b9e4dd2697bd2,SHA256_READ,sample_journal
formal__phasenet_pretrained_frozen__seed43/sample_journals/epoch0005_20261003T020449687797_rank9.jsonl,4486395,32b6cdd85aec002756e0c394c7ba15faa60f1850ceecc3f30b6924c5029dd654,SHA256_READ,sample_journal
formal__phasenet_pretrained_frozen__seed43/sample_journals/epoch0005_20261003T020449687805_rank10.jsonl,4537401,64610c7e005d0ed2da2e29baab9f48563801471fd318cc51789428e6053cef01,SHA256_READ,sample_journal
formal__phasenet_pretrained_frozen__seed43/sample_journals/epoch0005_20261003T020449690477_rank8.jsonl,4558066,04a7991fd8a209561c3ab7a3dccccc4481d0f95c8c19503e8aee7bfaaca916a6,SHA256_READ,sample_journal
formal__phasenet_pretrained_frozen__seed43/sample_journals/epoch0005_20261003T020449699989_rank11.jsonl,4577591,c39040661ec07cc4066588982ea71c437a01a0e0c8e11613646f7f737b67484c,SHA256_READ,sample_journal
formal__phasenet_pretrained_frozen__seed43/sample_journals/epoch0005_20261003T020450437065_rank0.jsonl,4473595,d82429597592ba16ee6f5d51fd3c516978a0c4145c47e08c21bc7f3a517f29fa,SHA256_READ,sample_journal
formal__phasenet_pretrained_frozen__seed43/sample_journals/epoch0006_20261003T020449679087_rank1.jsonl,4570357,af7d8072c62849cb4d0ef22f4a19b5380a5a9293010c011b447985f6a3bb7fb0,SHA256_READ,sample_journal
formal__phasenet_pretrained_frozen__seed43/sample_journals/epoch0006_20261003T020449681045_rank4.jsonl,4539498,c42650ce66396ed3c15850d27ac3cab0a2d634fad2e0d613a058fb5d9f6b3f0f,SHA256_READ,sample_journal
formal__phasenet_pretrained_frozen__seed43/sample_journals/epoch0006_20261003T020449681154_rank5.jsonl,4530187,0c8bfbe43bcdc930013dcd43c154b60074fd2bc0f6b975c111e00ea40eb5e439,SHA256_READ,sample_journal
formal__phasenet_pretrained_frozen__seed43/sample_journals/epoch0006_20261003T020449681992_rank12.jsonl,4552761,732fd75a9039feec9ee351f3fc6ac2f6b1b316120a5fdb62aa9f95399300be60,SHA256_READ,sample_journal
formal__phasenet_pretrained_frozen__seed43/sample_journals/epoch0006_20261003T020449682002_rank15.jsonl,4560182,4d82d76516a37e8f106548db80672a00f21dcc0853b98d0195046738263f2120,SHA256_READ,sample_journal
formal__phasenet_pretrained_frozen__seed43/sample_journals/epoch0006_20261003T020449682053_rank13.jsonl,4561267,740b4ed66c81be5c92195b15693c462adedef2afb71fea8520a95adc3d9e1174,SHA256_READ,sample_journal
formal__phasenet_pretrained_frozen__seed43/sample_journals/epoch0006_20261003T020449682926_rank3.jsonl,4575698,29e2d72255e2d96fad2a5af269596b0d2e09605e628843cecc698140facadd5b,SHA256_READ,sample_journal
formal__phasenet_pretrained_frozen__seed43/sample_journals/epoch0006_20261003T020449684643_rank14.jsonl,4533044,f7f6ee2dcf0919b15231754bc8c23086859d82e4d041a29d1b9e389edc7cc1c4,SHA256_READ,sample_journal
formal__phasenet_pretrained_frozen__seed43/sample_journals/epoch0006_20261003T020449685365_rank2.jsonl,4606411,d2147325487543c453b756224f64d54908c376cbc1ff87933b22793f1062c99c,SHA256_READ,sample_journal
formal__phasenet_pretrained_frozen__seed43/sample_journals/epoch0006_20261003T020449687452_rank6.jsonl,4537703,ecb6b6981111aae06fe433079f12ded0a0e6e98815ff9fc807ebe254ed9b8fed,SHA256_READ,sample_journal
formal__phasenet_pretrained_frozen__seed43/sample_journals/epoch0006_20261003T020449687771_rank7.jsonl,4601496,466a2e0bfc3885cb8df8615726238c3353c299f91f712c2d447f9ee2e8f7aa1b,SHA256_READ,sample_journal
formal__phasenet_pretrained_frozen__seed43/sample_journals/epoch0006_20261003T020449687797_rank9.jsonl,4547520,254760b71a7c127bb2a98021eca1f713e9d5cf7f18ffb2b799c7e8e2e37636b8,SHA256_READ,sample_journal
formal__phasenet_pretrained_frozen__seed43/sample_journals/epoch0006_20261003T020449687805_rank10.jsonl,4489346,9f5e6ab0058026306363f1ee9703f955ac8a36eb5ce293286a1a88ee2c3d2958,SHA256_READ,sample_journal
formal__phasenet_pretrained_frozen__seed43/sample_journals/epoch0006_20261003T020449690477_rank8.jsonl,4534009,71ecbf9fd1f4c1bfda8287cd259bbe523adaca6d25eb0eb20a483cdcce24a107,SHA256_READ,sample_journal
formal__phasenet_pretrained_frozen__seed43/sample_journals/epoch0006_20261003T020449699989_rank11.jsonl,4586159,4662ee78b74f84056b1321fea585f649dcc61dc84fdf8cdd39e16dbfb291e01c,SHA256_READ,sample_journal
formal__phasenet_pretrained_frozen__seed43/sample_journals/epoch0006_20261003T020450437065_rank0.jsonl,4555548,06a4a19e89b9613827a06ec15f733054c81e7d30600502b302a73050c91c14a1,SHA256_READ,sample_journal
formal__phasenet_pretrained_frozen__seed43/sample_journals/epoch0007_20261003T020449679087_rank1.jsonl,4569060,5ca2619a355fda03170811db4634dcfc7089e51980b70c5dadfa83dd6c128ebe,SHA256_READ,sample_journal
formal__phasenet_pretrained_frozen__seed43/sample_journals/epoch0007_20261003T020449681045_rank4.jsonl,4610940,473d7f4b18c4618b8c30591ea36e9f5dedb8efea2f13fbdedf0c7993fc828a09,SHA256_READ,sample_journal
formal__phasenet_pretrained_frozen__seed43/sample_journals/epoch0007_20261003T020449681154_rank5.jsonl,4561059,a4fbf5e5650d3495ec96e4be790279a8cc95f2e4fb2eac2c8ca0d1809ea809f0,SHA256_READ,sample_journal
formal__phasenet_pretrained_frozen__seed43/sample_journals/epoch0007_20261003T020449681992_rank12.jsonl,4662132,c793c0c82141fac4ce0101e7c434565f7f4c75fecc8bb84d99c45a1bc656126c,SHA256_READ,sample_journal
formal__phasenet_pretrained_frozen__seed43/sample_journals/epoch0007_20261003T020449682002_rank15.jsonl,4597849,819673a1100ff5750015a8425d8cbaf4fb08cc863d78f474619b6d2f114ce595,SHA256_READ,sample_journal
formal__phasenet_pretrained_frozen__seed43/sample_journals/epoch0007_20261003T020449682053_rank13.jsonl,4528753,f45498370130de003e30d0e4032c45174127e1329cdcc2c883946f82bf112bd9,SHA256_READ,sample_journal
formal__phasenet_pretrained_frozen__seed43/sample_journals/epoch0007_20261003T020449682926_rank3.jsonl,4485182,cf24ec8b24176f3f34ac8e1b50463a457c91fee691d2c3091700ee534f2881c0,SHA256_READ,sample_journal
formal__phasenet_pretrained_frozen__seed43/sample_journals/epoch0007_20261003T020449684643_rank14.jsonl,4608315,c68bd2bb5afa8ed50ac965645d65e77814c7890fd57bfb97b6f02abc44dac822,SHA256_READ,sample_journal
formal__phasenet_pretrained_frozen__seed43/sample_journals/epoch0007_20261003T020449685365_rank2.jsonl,4559805,e64054af0129ba2e7f7699af4643534df89382b2d0cc132acf2434898f56d3f2,SHA256_READ,sample_journal
formal__phasenet_pretrained_frozen__seed43/sample_journals/epoch0007_20261003T020449687452_rank6.jsonl,4561457,13ed54bc9e2346bd544359eed1d881ff88bd5a9adfa9c419a54aa56a771a82e8,SHA256_READ,sample_journal
formal__phasenet_pretrained_frozen__seed43/sample_journals/epoch0007_20261003T020449687771_rank7.jsonl,4549253,017a5d3773cb0fa4b10007d01ef9737b173967c9f7c1a600e7469a81a06ca606,SHA256_READ,sample_journal
formal__phasenet_pretrained_frozen__seed43/sample_journals/epoch0007_20261003T020449687797_rank9.jsonl,4539721,e981f0914cbff2d93a026bfd13a9e008ad2b6d81acc568561ad75f98ee3bc6d4,SHA256_READ,sample_journal
formal__phasenet_pretrained_frozen__seed43/sample_journals/epoch0007_20261003T020449687805_rank10.jsonl,4605258,f28c4d12174bbe187fdff98b7cd1f6f12f2ef4215acded9f5526c19dbf64de9e,SHA256_READ,sample_journal
formal__phasenet_pretrained_frozen__seed43/sample_journals/epoch0007_20261003T020449690477_rank8.jsonl,4528434,ed74fd4e82849c1d799a7bb1dd39fba86bd29ef5c7768a70a5124f46e53c37fa,SHA256_READ,sample_journal
formal__phasenet_pretrained_frozen__seed43/sample_journals/epoch0007_20261003T020449699989_rank11.jsonl,4518928,4e28e53fdb806388ee46ecf676459a0a9ead6e9e9d8cce8051caec0741585e0a,SHA256_READ,sample_journal
formal__phasenet_pretrained_frozen__seed43/sample_journals/epoch0007_20261003T020450437065_rank0.jsonl,4525117,597abf9138045cd8462b3de42f4d3c30d64db3a880e1952f7cc91ffe3f8e6792,SHA256_READ,sample_journal
formal__phasenet_pretrained_frozen__seed43/sample_journals/epoch0008_20261003T020449679087_rank1.jsonl,4513948,3f8e5bf41b1b189213281d349880d3dbdae61888444cb24b72daccb4dfb047b9,SHA256_READ,sample_journal
formal__phasenet_pretrained_frozen__seed43/sample_journals/epoch0008_20261003T020449681045_rank4.jsonl,4615936,f0a9d96fdd1d7570091531d982442c0209ae8967056c111eed9ed78c46667539,SHA256_READ,sample_journal
formal__phasenet_pretrained_frozen__seed43/sample_journals/epoch0008_20261003T020449681154_rank5.jsonl,4613404,dfc1294659847977bd32ca73a78c5f26d37967cb67fa4546d54dfa06d2321360,SHA256_READ,sample_journal
formal__phasenet_pretrained_frozen__seed43/sample_journals/epoch0008_20261003T020449681992_rank12.jsonl,4453453,89ef8c3856b0c60ca4e416bebe1f2f8a619e08420955aa81a54850f6c8ca031c,SHA256_READ,sample_journal
formal__phasenet_pretrained_frozen__seed43/sample_journals/epoch0008_20261003T020449682002_rank15.jsonl,4543668,903c6554f4c27449deb6468c972f81bb29919e22c45a9f8c43ddcb9fd70bf7c9,SHA256_READ,sample_journal
formal__phasenet_pretrained_frozen__seed43/sample_journals/epoch0008_20261003T020449682053_rank13.jsonl,4561392,c299548e0aad78f15393bb763c60d1c7ae2179bdb0d2cc9e528efe4468279f39,SHA256_READ,sample_journal
formal__phasenet_pretrained_frozen__seed43/sample_journals/epoch0008_20261003T020449682926_rank3.jsonl,4586571,044f296db3bc601820fa11ad708d89428d6419fb374fd726bd351ab34106922d,SHA256_READ,sample_journal
formal__phasenet_pretrained_frozen__seed43/sample_journals/epoch0008_20261003T020449684643_rank14.jsonl,4559819,794a0c7d1014642cd955152cbbfecb8d8a2588efcd130fc4c9f6d5f25bac6276,SHA256_READ,sample_journal
formal__phasenet_pretrained_frozen__seed43/sample_journals/epoch0008_20261003T020449685365_rank2.jsonl,4483165,6a3a0dcf3a21ff8b02852571c30ee2e5f7b793d9b967486e3af75aa5aee42010,SHA256_READ,sample_journal
formal__phasenet_pretrained_frozen__seed43/sample_journals/epoch0008_20261003T020449687452_rank6.jsonl,4558655,deb7e10b591ee9603f6d959ca9f1e03911195fb7b3a43e0c843f93e5ed8c4877,SHA256_READ,sample_journal
formal__phasenet_pretrained_frozen__seed43/sample_journals/epoch0008_20261003T020449687771_rank7.jsonl,4465432,9403d3ac10263c6fa777c13cc36da7287a0ae2a1e7d0b57d55bcb15029cdd94e,SHA256_READ,sample_journal
formal__phasenet_pretrained_frozen__seed43/sample_journals/epoch0008_20261003T020449687797_rank9.jsonl,4546107,ef110ee1731e590ccb2709269edc7e090290f98507510c3926d8583a6381b6b9,SHA256_READ,sample_journal
formal__phasenet_pretrained_frozen__seed43/sample_journals/epoch0008_20261003T020449687805_rank10.jsonl,4626707,04ebad278ca2437d25474e074c9fb6c30ef64dfc12e8eab5c6b96329e2739b50,SHA256_READ,sample_journal
formal__phasenet_pretrained_frozen__seed43/sample_journals/epoch0008_20261003T020449690477_rank8.jsonl,4630724,d4072668350bba16eb03c1ddeefea7cea9a0b43ad7ea94d8117d0780a82f0c87,SHA256_READ,sample_journal
formal__phasenet_pretrained_frozen__seed43/sample_journals/epoch0008_20261003T020449699989_rank11.jsonl,4515265,dbea3de54e9ea5f1d272cb712cd5db0ec2ad14c720a3493e5777a4566e17088d,SHA256_READ,sample_journal
formal__phasenet_pretrained_frozen__seed43/sample_journals/epoch0008_20261003T020450437065_rank0.jsonl,4603739,d3ce63bed851226da84f77965898da06fd16028ef738450c3cd4695e2269497f,SHA256_READ,sample_journal
formal__phasenet_pretrained_frozen__seed43/sample_journals/epoch0009_20261003T020449679087_rank1.jsonl,4582068,336032c9bc37ae2aff10803aafd2d5b14cccda2ad01f42c7d5970f272cf7cfb7,SHA256_READ,sample_journal
formal__phasenet_pretrained_frozen__seed43/sample_journals/epoch0009_20261003T020449681045_rank4.jsonl,4515695,ce5ad6e4c88cdc5a1d415dde761476f4e2a34a0c300599e31a73fb05b406a1e8,SHA256_READ,sample_journal
formal__phasenet_pretrained_frozen__seed43/sample_journals/epoch0009_20261003T020449681154_rank5.jsonl,4477559,3a135db448fd1b7da64bd766d06b0580b09d1cff546356884d2491cbed9575c8,SHA256_READ,sample_journal
formal__phasenet_pretrained_frozen__seed43/sample_journals/epoch0009_20261003T020449681992_rank12.jsonl,4538365,d8be5529ad1521cb492d790126a948565e3a5fb180c4f1569280634faa8f4967,SHA256_READ,sample_journal
formal__phasenet_pretrained_frozen__seed43/sample_journals/epoch0009_20261003T020449682002_rank15.jsonl,4543368,4469dd756e15bc99069b37dd9700c062963095202f3993195163d2d743c2883f,SHA256_READ,sample_journal
formal__phasenet_pretrained_frozen__seed43/sample_journals/epoch0009_20261003T020449682053_rank13.jsonl,4575046,a49be92818253c8b297544621445cc0938dc852fcca3e951900cc6dc2eedd4f9,SHA256_READ,sample_journal
formal__phasenet_pretrained_frozen__seed43/sample_journals/epoch0009_20261003T020449682926_rank3.jsonl,4583219,e58af7b4c6cb1a9c4268f15f104fe4543183a36730281c0cb507af937ebf1ee2,SHA256_READ,sample_journal
formal__phasenet_pretrained_frozen__seed43/sample_journals/epoch0009_20261003T020449684643_rank14.jsonl,4627557,0526d7ebf0484d13ca6badcb4b080352c4cbc5b9c26f312dd05250d5a8b90aa4,SHA256_READ,sample_journal
formal__phasenet_pretrained_frozen__seed43/sample_journals/epoch0009_20261003T020449685365_rank2.jsonl,4594649,81f13bb9192a5b85e22000996dae85240cd712c1aa71c48243eff931e619d906,SHA256_READ,sample_journal
formal__phasenet_pretrained_frozen__seed43/sample_journals/epoch0009_20261003T020449687452_rank6.jsonl,4570451,a20f7490678baa5c472a687c19f67e8133e1f24943cbf94fe1379cd8aff8c9fb,SHA256_READ,sample_journal
formal__phasenet_pretrained_frozen__seed43/sample_journals/epoch0009_20261003T020449687771_rank7.jsonl,4551243,c842c5a5484987ddac7c0424f5e8f1f1c3c40077f17feb1c1cb407a75af3616a,SHA256_READ,sample_journal
formal__phasenet_pretrained_frozen__seed43/sample_journals/epoch0009_20261003T020449687797_rank9.jsonl,4507954,386dfc732d6875d85b7f8b8aec1dba3e57b772b9429e0ad93a9201fa854c3c80,SHA256_READ,sample_journal
formal__phasenet_pretrained_frozen__seed43/sample_journals/epoch0009_20261003T020449687805_rank10.jsonl,4608618,96f03625f15ab3016a29f808ca14a89d219521b6cd7d6d2dee0e4dd29f683f29,SHA256_READ,sample_journal
formal__phasenet_pretrained_frozen__seed43/sample_journals/epoch0009_20261003T020449690477_rank8.jsonl,4503522,6e99979beda945c09e9cb778ccf0b1c26dd634e67a73917aa9156a6b8a7ff3a1,SHA256_READ,sample_journal
formal__phasenet_pretrained_frozen__seed43/sample_journals/epoch0009_20261003T020449699989_rank11.jsonl,4547440,0ad09b6a0cdc73e126069824befe0bdbefbaa8914f0c94f1fdde560f6c9fa218,SHA256_READ,sample_journal
formal__phasenet_pretrained_frozen__seed43/sample_journals/epoch0009_20261003T020450437065_rank0.jsonl,4529739,5bd15eda3f33ced170ccc66ac89e53ad253ceb3d5e8f7a373a3a108e83e12945,SHA256_READ,sample_journal
formal__phasenet_pretrained_frozen__seed43/sample_journals/epoch0010_20261003T020449679087_rank1.jsonl,4560200,244dc67341ccea2e8f53f5606097bdd7b508c068bad3f2d7d79859a92377fb5e,SHA256_READ,sample_journal
formal__phasenet_pretrained_frozen__seed43/sample_journals/epoch0010_20261003T020449681045_rank4.jsonl,4592774,d7a9a0f51fe40a070da57da319aed8068be454330eca39e90acbca365a449e8a,SHA256_READ,sample_journal
formal__phasenet_pretrained_frozen__seed43/sample_journals/epoch0010_20261003T020449681154_rank5.jsonl,4541232,8c216bd5d309990db987b8f399b102502fa0824c85acbbc78a454cfd92483866,SHA256_READ,sample_journal
formal__phasenet_pretrained_frozen__seed43/sample_journals/epoch0010_20261003T020449681992_rank12.jsonl,4622310,18bdebca61d4db7fe31f561ea87ba3feee256659b2bef3a795a6cf93cb29f20a,SHA256_READ,sample_journal
formal__phasenet_pretrained_frozen__seed43/sample_journals/epoch0010_20261003T020449682002_rank15.jsonl,4517466,42e480e69f06d8e0617d098b1b1e1974cddb36d2699fae3df0ff233f381ab87b,SHA256_READ,sample_journal
formal__phasenet_pretrained_frozen__seed43/sample_journals/epoch0010_20261003T020449682053_rank13.jsonl,4577541,63ca5c574d9dd65892fc2d2e593856ad642e9a36acfaba59ce2fdae3f90aad06,SHA256_READ,sample_journal
formal__phasenet_pretrained_frozen__seed43/sample_journals/epoch0010_20261003T020449682926_rank3.jsonl,4542524,765e10c77587daa51888c5c973e6143537a9e1d57b2cdab1d2ed5645fc73705f,SHA256_READ,sample_journal
formal__phasenet_pretrained_frozen__seed43/sample_journals/epoch0010_20261003T020449684643_rank14.jsonl,4605057,920ed986c3d89e1af0435cc755be3b302a51c9d7aee83c059acc2604b885b9c3,SHA256_READ,sample_journal
formal__phasenet_pretrained_frozen__seed43/sample_journals/epoch0010_20261003T020449685365_rank2.jsonl,4542372,73ff324b5d60da2fc4df4cd8db6912826b3ed6b0fd21c1d98435f05b91163dd7,SHA256_READ,sample_journal
formal__phasenet_pretrained_frozen__seed43/sample_journals/epoch0010_20261003T020449687452_rank6.jsonl,4499011,003a26de3a6eb282d092f4b6bca23db8461cf8868280909a78df1112c6e313c9,SHA256_READ,sample_journal
formal__phasenet_pretrained_frozen__seed43/sample_journals/epoch0010_20261003T020449687771_rank7.jsonl,4558098,955396f1309b49e4b1e8660349f646e51d5b4733a414b2ce707a31684dc544aa,SHA256_READ,sample_journal
formal__phasenet_pretrained_frozen__seed43/sample_journals/epoch0010_20261003T020449687797_rank9.jsonl,4622279,27051566f40390d39afc924d819a3c694bb3ab51e06d5ed15d4f8e390f505ee1,SHA256_READ,sample_journal
formal__phasenet_pretrained_frozen__seed43/sample_journals/epoch0010_20261003T020449687805_rank10.jsonl,4543519,07dfd9c6d9b363f4ca7269940e0f37eb6f0a0e3fbc981c3aed701a73a6ccb188,SHA256_READ,sample_journal
formal__phasenet_pretrained_frozen__seed43/sample_journals/epoch0010_20261003T020449690477_rank8.jsonl,4586397,037a25bff4baf08735d2ce09125c788718101d3f26f73cacd6c807c7ee35f8c0,SHA256_READ,sample_journal
formal__phasenet_pretrained_frozen__seed43/sample_journals/epoch0010_20261003T020449699989_rank11.jsonl,4552912,aa2adc31114aff3f9e6d0c68e107882fe7faa6c69d96820cf48ecd4bf0263240,SHA256_READ,sample_journal
formal__phasenet_pretrained_frozen__seed43/sample_journals/epoch0010_20261003T020450437065_rank0.jsonl,4531614,06b40e88cdd820be24190fd527e20901356a66ed033e82aa4a005e43f9fba530,SHA256_READ,sample_journal
formal__phasenet_pretrained_frozen__seed43/sample_journals/epoch0011_20261003T020449679087_rank1.jsonl,4562312,c27db0974d082f8ff75be42ba1708469f3c27b1d4113a293b27934329e1319cb,SHA256_READ,sample_journal
formal__phasenet_pretrained_frozen__seed43/sample_journals/epoch0011_20261003T020449681045_rank4.jsonl,4597836,143d1b594f96d9724db2e706fd8adfb0761cdd8e371cf6136162f3610c482f62,SHA256_READ,sample_journal
formal__phasenet_pretrained_frozen__seed43/sample_journals/epoch0011_20261003T020449681154_rank5.jsonl,4538012,7ec7b63a3f2656980174352d32c314c15fe5f3479bdeedd4167a903522bb41b3,SHA256_READ,sample_journal
formal__phasenet_pretrained_frozen__seed43/sample_journals/epoch0011_20261003T020449681992_rank12.jsonl,4580893,921937f4afb339d13267b39a4e657c7dbb858b32e6f031e2b59edff50bd2c82e,SHA256_READ,sample_journal
formal__phasenet_pretrained_frozen__seed43/sample_journals/epoch0011_20261003T020449682002_rank15.jsonl,4560397,396145d307ee7c0f11c023d3f713ffa084c4302bdf67bf0e705b7a1690b45654,SHA256_READ,sample_journal
formal__phasenet_pretrained_frozen__seed43/sample_journals/epoch0011_20261003T020449682053_rank13.jsonl,4599851,fd37bece9a0279398ff1b1baffdb6f5d79db28f2a4120517e6917cfbfd3f2844,SHA256_READ,sample_journal
formal__phasenet_pretrained_frozen__seed43/sample_journals/epoch0011_20261003T020449682926_rank3.jsonl,4553391,4b4b0b16732282736d1b8ce19f559dcf650df66c11d19891e1eb4c5f9d7d1692,SHA256_READ,sample_journal
formal__phasenet_pretrained_frozen__seed43/sample_journals/epoch0011_20261003T020449684643_rank14.jsonl,4570385,c6dbc492251bf9922c91632828507c91581fc6d5e61233a6cba0e41c9d1dc966,SHA256_READ,sample_journal
formal__phasenet_pretrained_frozen__seed43/sample_journals/epoch0011_20261003T020449685365_rank2.jsonl,4499803,ea07bdd4cd3274b3c187faab2b84c48f548bc3f18bbfaf0d729ba5012afcf6bd,SHA256_READ,sample_journal
formal__phasenet_pretrained_frozen__seed43/sample_journals/epoch0011_20261003T020449687452_rank6.jsonl,4563864,edbe7d0c7b6321949dc36a803bfb90be77834750b786888abb199fc2c453ce1a,SHA256_READ,sample_journal
formal__phasenet_pretrained_frozen__seed43/sample_journals/epoch0011_20261003T020449687771_rank7.jsonl,4532760,0746a433cb853d4c41d4eb378a3d32ea108ce0f9c84bbd3ffa84082aa8f925e6,SHA256_READ,sample_journal
formal__phasenet_pretrained_frozen__seed43/sample_journals/epoch0011_20261003T020449687797_rank9.jsonl,4584021,737d2c50066d438716f86ec148c27e7664cc5577960e308fdf7d105fffd1ed30,SHA256_READ,sample_journal
formal__phasenet_pretrained_frozen__seed43/sample_journals/epoch0011_20261003T020449687805_rank10.jsonl,4553816,a52058c7488b58af14caa8e2814cd4430c78c265ab2b8455898b29b261152cce,SHA256_READ,sample_journal
formal__phasenet_pretrained_frozen__seed43/sample_journals/epoch0011_20261003T020449690477_rank8.jsonl,4576049,e0b8a3328f5be424f82288eb27fe35639a8cf43ab778acf851cbc6c4c83edced,SHA256_READ,sample_journal
formal__phasenet_pretrained_frozen__seed43/sample_journals/epoch0011_20261003T020449699989_rank11.jsonl,4582769,bd9c2bae5bc9de4987e4a5e2a863a02dd0637aad97d1318e17ed5a66a0e472ee,SHA256_READ,sample_journal
formal__phasenet_pretrained_frozen__seed43/sample_journals/epoch0011_20261003T020450437065_rank0.jsonl,4533918,9203056f466b60bfca82a7d220f91320c04b028cc900515ed54b4c22c60add6b,SHA256_READ,sample_journal
formal__phasenet_pretrained_frozen__seed43/sample_journals/epoch0012_20261003T020449679087_rank1.jsonl,4577024,556d8dd72e45080a37a769215e678a65317d2f691c8cc51631ec5c12aa398a46,SHA256_READ,sample_journal
formal__phasenet_pretrained_frozen__seed43/sample_journals/epoch0012_20261003T020449681045_rank4.jsonl,4504316,3045f5916a98719011e8fc4ee75fd1d0c460354891c303bcb211d3a1c9306c5b,SHA256_READ,sample_journal
formal__phasenet_pretrained_frozen__seed43/sample_journals/epoch0012_20261003T020449681154_rank5.jsonl,4478495,2e5b30399558b9fd23570faf0e3b67e0e36fc857f069010eac62295d43664e85,SHA256_READ,sample_journal
formal__phasenet_pretrained_frozen__seed43/sample_journals/epoch0012_20261003T020449681992_rank12.jsonl,4511235,618a433be1a536fd8f1e8d9fc87c6badffdeb364b8360be95cdefe58c8c4f5f5,SHA256_READ,sample_journal
formal__phasenet_pretrained_frozen__seed43/sample_journals/epoch0012_20261003T020449682002_rank15.jsonl,4548642,7bbc1cb1948573fb9027d2f7ccbc1cb6e06058802539c02741ab6e8907b84707,SHA256_READ,sample_journal
formal__phasenet_pretrained_frozen__seed43/sample_journals/epoch0012_20261003T020449682053_rank13.jsonl,4639831,a80f14338895614a6b05c414bb684d0e0b545177155ffac2c5b02b922f34d35e,SHA256_READ,sample_journal
formal__phasenet_pretrained_frozen__seed43/sample_journals/epoch0012_20261003T020449682926_rank3.jsonl,4588493,ded1fc1145242788eb50812bd210bfd7cb554d7389097d01ce069b313d58b044,SHA256_READ,sample_journal
formal__phasenet_pretrained_frozen__seed43/sample_journals/epoch0012_20261003T020449684643_rank14.jsonl,4582316,84ea50b83e372b248b6f66ec754dea916ce04b8a9e7774bf25159e77b8bff0dd,SHA256_READ,sample_journal
formal__phasenet_pretrained_frozen__seed43/sample_journals/epoch0012_20261003T020449685365_rank2.jsonl,4524274,114dc6d8cfbb3459fd16118b4d68f32b88f8eae3366bc75c626e9be3518503e7,SHA256_READ,sample_journal
formal__phasenet_pretrained_frozen__seed43/sample_journals/epoch0012_20261003T020449687452_rank6.jsonl,4647541,2d9a45ee4f7ae58f12d0dad1170b6eb6b5ee70551b4c9e552c4e8a4c47c8adc0,SHA256_READ,sample_journal
formal__phasenet_pretrained_frozen__seed43/sample_journals/epoch0012_20261003T020449687771_rank7.jsonl,4599386,2d9e8dbd3cf42d974d65112a9e055ce71075a66761c6f4debf703dba83ea1659,SHA256_READ,sample_journal
formal__phasenet_pretrained_frozen__seed43/sample_journals/epoch0012_20261003T020449687797_rank9.jsonl,4525481,361cfad31d6517dc5fb0a792f6b08cc8e73278e85c0fbbdfa4704aa602440c31,SHA256_READ,sample_journal
formal__phasenet_pretrained_frozen__seed43/sample_journals/epoch0012_20261003T020449687805_rank10.jsonl,4487305,92b69636ff98120f3ccd4c7e9068ed7cdfc014f20dcf3a4563e14d631e3e3ec8,SHA256_READ,sample_journal
formal__phasenet_pretrained_frozen__seed43/sample_journals/epoch0012_20261003T020449690477_rank8.jsonl,4616448,0c5e37b2b4f90435efb431486ce42ac3a97660c5683d14b3d08290d5c9b33e33,SHA256_READ,sample_journal
formal__phasenet_pretrained_frozen__seed43/sample_journals/epoch0012_20261003T020449699989_rank11.jsonl,4488861,5672b89cadcd55242d914a641b5d6d975c9e531632ffc2d94e5782f0561d41e9,SHA256_READ,sample_journal
formal__phasenet_pretrained_frozen__seed43/sample_journals/epoch0012_20261003T020450437065_rank0.jsonl,4542220,e03f17e34d3f6ee182a63cefcb07053aa03919a3a186b68258ff39cba8fde8a4,SHA256_READ,sample_journal
formal__phasenet_pretrained_frozen__seed43/training_curves.csv,1403,1c0b159059a7fce0e822c880244ae0c57b490cc7189459bef8501e5312e81d29,SHA256_READ,metadata_or_audit
formal__phasenet_pretrained_frozen__seed43/validation_epoch1.csv.gz,53536423,d490d078cd0ad1a1b355d12d78a383ccb4a3de0c6926b122036af0ecb3166e7b,SHA256_READ,validation_prediction
formal__phasenet_pretrained_frozen__seed43/validation_epoch10.csv.gz,54193174,5d81ce129ff10e3c8e62813c5bd65c63f76b985280e3f42d29a79aa01b83decc,SHA256_READ,validation_prediction
formal__phasenet_pretrained_frozen__seed43/validation_epoch11.csv.gz,54204822,671f98d886e006d7fbc8794920c34ac7da9ce37be9681f513c752dbb53f503e4,SHA256_READ,validation_prediction
formal__phasenet_pretrained_frozen__seed43/validation_epoch12.csv.gz,54205042,91f419e2052165f245679cdce201ad9d9ccd5517ae7f6e8d2cadd26597806a33,SHA256_READ,validation_prediction
formal__phasenet_pretrained_frozen__seed43/validation_epoch2.csv.gz,53905658,27007df5e77654a7e004fd2b80ae6da04138068170e0e6875a439138fe6a0620,SHA256_READ,validation_prediction
formal__phasenet_pretrained_frozen__seed43/validation_epoch3.csv.gz,53982785,a4d5874e94a3abe99ead86babf9d417606866022c89f73a6bfc9bc2149f7d436,SHA256_READ,validation_prediction
formal__phasenet_pretrained_frozen__seed43/validation_epoch4.csv.gz,54056514,b2d9497fa545da572c4708c3091bb0dd29691c6acd9f7be904aaebf777a352fb,SHA256_READ,validation_prediction
formal__phasenet_pretrained_frozen__seed43/validation_epoch5.csv.gz,54087981,c30d5661f5b3f4b29345c9586d4ac0abc6e4491cbca81d7cc61e8be6015e8eda,SHA256_READ,validation_prediction
formal__phasenet_pretrained_frozen__seed43/validation_epoch6.csv.gz,54093707,5bdb6fb8ff6546b6c9532a0a8e844ba82b3b1c8d4c9a1d1f4e171e62a38f9c84,SHA256_READ,validation_prediction
formal__phasenet_pretrained_frozen__seed43/validation_epoch7.csv.gz,54140111,322657ca591ccc32a1613a5a15360a5e7aeff78e9bcbd69c6dbedad13c933854,SHA256_READ,validation_prediction
formal__phasenet_pretrained_frozen__seed43/validation_epoch8.csv.gz,54175064,cd827e02199724f6f6809535019a02feaa225ac5bff604006aa71537273a29d6,SHA256_READ,validation_prediction
formal__phasenet_pretrained_frozen__seed43/validation_epoch9.csv.gz,54181990,41037be6784318c24c04c265c8bb53a5ef8122b1236d8c791572b9267ed61a2c,SHA256_READ,validation_prediction
formal__phasenet_pretrained_frozen__seed44/epoch0001_20261003T020450536502_rank0.json,314,c6ff99e98a85f912bbbd1b9c01aa7bd6b1e2a11464169fe7a16d21905752b91f,SHA256_READ,metadata_or_audit
formal__phasenet_pretrained_frozen__seed44/epoch0002_20261003T020450536502_rank0.json,315,b1f22e055e12856c7d408e77a56d4402ad9c5e6e58314ab32a0ab6b9e28b774e,SHA256_READ,metadata_or_audit
formal__phasenet_pretrained_frozen__seed44/epoch0003_20261003T020450536502_rank0.json,315,565266485efde92519cb5780b167f3bfbc907e222626e088bd50463e25db9331,SHA256_READ,metadata_or_audit
formal__phasenet_pretrained_frozen__seed44/epoch0004_20261003T020450536502_rank0.json,313,93c07aa28eb051af8a4c3a9a7e64963a30813fc09d2be96e19019c74f8d61066,SHA256_READ,metadata_or_audit
formal__phasenet_pretrained_frozen__seed44/epoch0005_20261003T020450536502_rank0.json,314,6a12f231bf791ac3d7cd29dc543d6912789558d00e55ab7d5f2d0c95815273a0,SHA256_READ,metadata_or_audit
formal__phasenet_pretrained_frozen__seed44/epoch0006_20261003T020450536502_rank0.json,315,165a20cce7b71260667e2af89268f70bb461ec12f459c8c5282d167c82ed7396,SHA256_READ,metadata_or_audit
formal__phasenet_pretrained_frozen__seed44/epoch0007_20261003T020450536502_rank0.json,317,85350390b39553aad3e491703ccb6fb49fb09dfe633670b817be305deee78cfa,SHA256_READ,metadata_or_audit
formal__phasenet_pretrained_frozen__seed44/epoch0008_20261003T020450536502_rank0.json,316,64ed66e730fdb684b97728fb401e5851d864663eba0f3bd946ab83399274c7aa,SHA256_READ,metadata_or_audit
formal__phasenet_pretrained_frozen__seed44/epoch0009_20261003T020450536502_rank0.json,318,dc3dbb90d481d08c687bea82e24918ca53a3a0137fef10c9ae0c2b3db3f56a74,SHA256_READ,metadata_or_audit
formal__phasenet_pretrained_frozen__seed44/epoch0010_20261003T020450536502_rank0.json,318,e79e1b8f9c5c7555cb943ecc4a6efc88d6fb42e0aaf434f233f0e21f779c053e,SHA256_READ,metadata_or_audit
formal__phasenet_pretrained_frozen__seed44/epoch0011_20261003T020450536502_rank0.json,319,b93db6bfbc9e4e921bc01db71120efaca8eeeda0d75c9ed7abe1e974b8397048,SHA256_READ,metadata_or_audit
formal__phasenet_pretrained_frozen__seed44/epoch0012_20261003T020450536502_rank0.json,300,5ca2b96067223a8118c95931724e5a16c0c1a9e5741d839ea71b40cf8212c5ef,SHA256_READ,metadata_or_audit
formal__phasenet_pretrained_frozen__seed44/model_interface_audit.json,7093,1d54412b52de422cd99d665d878169be2820518715062ced61d4920aef002f1b,SHA256_READ,metadata_or_audit
formal__phasenet_pretrained_frozen__seed44/protocol.lock.json,809268,e0da4fda4d2cad01acd35c2ade9304a1a39d3aa45d8793cb030c27d742aed980,SHA256_READ,metadata_or_audit
formal__phasenet_pretrained_frozen__seed44/resolved_config.json,724116,1a3a3d73cf59ab75f8db310f0ed961da1e28ed672079e4c815ce6c629c5cac3a,SHA256_READ,metadata_or_audit
formal__phasenet_pretrained_frozen__seed44/runtime.json,904,4dca547e364f4c2b6f1e9be77e16bface10b4656e322368276930785b72f9058,SHA256_READ,metadata_or_audit
formal__phasenet_pretrained_frozen__seed44/runtime_20261003T020450536502_rank0.json,904,7dddb31a8f140ec531982ffe6177a008154b7ba73d65d11c90707bed1ff85796,SHA256_READ,metadata_or_audit
formal__phasenet_pretrained_frozen__seed44/sample_journals/epoch0001_20261003T020449674989_rank2.jsonl,4464290,7b8125446cea5a2e2e192cb6588d54a9c0ae32596c3c3467bb9b7cdd9621f7fe,SHA256_READ,sample_journal
formal__phasenet_pretrained_frozen__seed44/sample_journals/epoch0001_20261003T020449675545_rank1.jsonl,4570587,ba1f7827e17bbf4c42d20780c49e0fab7a2fc6e82774c9321dc0988d63028d87,SHA256_READ,sample_journal
formal__phasenet_pretrained_frozen__seed44/sample_journals/epoch0001_20261003T020449678938_rank3.jsonl,4539946,4b5ede82ba62d38a9d479a15cb6baf958223dba6beef0baed4641d6da5348ca7,SHA256_READ,sample_journal
formal__phasenet_pretrained_frozen__seed44/sample_journals/epoch0001_20261003T020449680179_rank13.jsonl,4558089,58dea336ab29bc878debf3a85c7b7bb396e72b852d18e40f01b35fd50125d106,SHA256_READ,sample_journal
formal__phasenet_pretrained_frozen__seed44/sample_journals/epoch0001_20261003T020449680236_rank10.jsonl,4546586,20e6271f98219f88bbdf407857db59432d88250fd08ba67e606151fc224fed6c,SHA256_READ,sample_journal
formal__phasenet_pretrained_frozen__seed44/sample_journals/epoch0001_20261003T020449680417_rank14.jsonl,4500848,bfcd2f4b51bb9c7bfe209a673b57cd4de00d0b27aa0cb5fc8010f1c9854b0a27,SHA256_READ,sample_journal
formal__phasenet_pretrained_frozen__seed44/sample_journals/epoch0001_20261003T020449680611_rank11.jsonl,4564217,2089342e26d16b8852985e067d05ff85e36f3c0e9260a169331504f8350bb3df,SHA256_READ,sample_journal
formal__phasenet_pretrained_frozen__seed44/sample_journals/epoch0001_20261003T020449680660_rank8.jsonl,4571499,5c4e6bc4e4de1dccf4fdc1669c9d67668908098268162974e5a9cb57776eef3e,SHA256_READ,sample_journal
formal__phasenet_pretrained_frozen__seed44/sample_journals/epoch0001_20261003T020449682873_rank7.jsonl,4596449,aa55446ba0d6ffe0d0f30496a2eea8be59b0bc4274487e69c34d32f65874c42f,SHA256_READ,sample_journal
formal__phasenet_pretrained_frozen__seed44/sample_journals/epoch0001_20261003T020449682956_rank6.jsonl,4546609,06732d163a3161c4f8a5e3951bfd1fa39e0f5b2cdbf469a8c083e2a7aa75e62d,SHA256_READ,sample_journal
formal__phasenet_pretrained_frozen__seed44/sample_journals/epoch0001_20261003T020449683110_rank4.jsonl,4486248,09eea5404debb4b1ac7fafdeaf99bb10a19b70d023f6803bedda6a148707626d,SHA256_READ,sample_journal
formal__phasenet_pretrained_frozen__seed44/sample_journals/epoch0001_20261003T020449683833_rank15.jsonl,4509139,bce07e1f7f05ff4eaca539d0e2469e7fe625db3de5516b668579ac63e801cfda,SHA256_READ,sample_journal
formal__phasenet_pretrained_frozen__seed44/sample_journals/epoch0001_20261003T020449687534_rank5.jsonl,4648364,eafcbb832efbacc6d2c7cd82ee006aa6075272f62a2a48adc7e68df22a793d9f,SHA256_READ,sample_journal
formal__phasenet_pretrained_frozen__seed44/sample_journals/epoch0001_20261003T020449687982_rank9.jsonl,4589016,08dc0493453b3a7ea3b56f93f55f82c4e641c24c7c46784a68db76be784e734a,SHA256_READ,sample_journal
formal__phasenet_pretrained_frozen__seed44/sample_journals/epoch0001_20261003T020449692561_rank12.jsonl,4563238,1adee72098e7a2688c9398ebdd82158f8384641d21cd23a6b4ddadd79634c023,SHA256_READ,sample_journal
formal__phasenet_pretrained_frozen__seed44/sample_journals/epoch0001_20261003T020450536502_rank0.jsonl,4579023,2d19af6131df0e2a2064863ccbe7576f9dec18a201fbf5551613b88d81313398,SHA256_READ,sample_journal
formal__phasenet_pretrained_frozen__seed44/sample_journals/epoch0002_20261003T020449674989_rank2.jsonl,4508745,5aa0697bba868fc82ea8e256bb92200c278fe4f745b2b80bef15cd0cac1d1ab0,SHA256_READ,sample_journal
formal__phasenet_pretrained_frozen__seed44/sample_journals/epoch0002_20261003T020449675545_rank1.jsonl,4617894,38842e4bc6628e42cbc8c1956324d40584d7256ae5520ce8f2a538ea9e67a650,SHA256_READ,sample_journal
formal__phasenet_pretrained_frozen__seed44/sample_journals/epoch0002_20261003T020449678938_rank3.jsonl,4507043,97b14034de1b441de226ccd0003220f2cc6cb14149b51043f600b740ccafe362,SHA256_READ,sample_journal
formal__phasenet_pretrained_frozen__seed44/sample_journals/epoch0002_20261003T020449680179_rank13.jsonl,4552719,e6cec75b68a38fcd3158681e2de33ad1f40aaea7bc9d8fd2f23d9690aa26b381,SHA256_READ,sample_journal
formal__phasenet_pretrained_frozen__seed44/sample_journals/epoch0002_20261003T020449680236_rank10.jsonl,4576872,73efa33bdc4420aa71f11fcb90b50336f28866bdbb185941e2883db5a9ae1d65,SHA256_READ,sample_journal
formal__phasenet_pretrained_frozen__seed44/sample_journals/epoch0002_20261003T020449680417_rank14.jsonl,4578526,adc0e279ffbf59048bc93e93dbd386651aacdde197cf9f115f8caa73d8f4c856,SHA256_READ,sample_journal
formal__phasenet_pretrained_frozen__seed44/sample_journals/epoch0002_20261003T020449680611_rank11.jsonl,4616281,e9b21617d844f7cf9fd28d30c8661d93d4ba3481012f38b21372d4a8c415c56e,SHA256_READ,sample_journal
formal__phasenet_pretrained_frozen__seed44/sample_journals/epoch0002_20261003T020449680660_rank8.jsonl,4560283,dc0e187695c9a9ed6b650fe0908a5e8acd848ff27e722d14edabe0c041d63bf3,SHA256_READ,sample_journal
formal__phasenet_pretrained_frozen__seed44/sample_journals/epoch0002_20261003T020449682873_rank7.jsonl,4638982,47ef3f2fb1e08db5fef74fd54cd2096d0bd27a489e3d57c57d012479862b04fa,SHA256_READ,sample_journal
formal__phasenet_pretrained_frozen__seed44/sample_journals/epoch0002_20261003T020449682956_rank6.jsonl,4540271,9b1644935d93d63d1b4b1530050c27f43ddde96f6bfcab3545ef8b1cb1efc922,SHA256_READ,sample_journal
formal__phasenet_pretrained_frozen__seed44/sample_journals/epoch0002_20261003T020449683110_rank4.jsonl,4531742,97997a8b89a32f9fb0df42f9bca7c8acd53825a33cfa82a71f664b736b494c18,SHA256_READ,sample_journal
formal__phasenet_pretrained_frozen__seed44/sample_journals/epoch0002_20261003T020449683833_rank15.jsonl,4579340,3bde6b9466ce260c2ce47b6500bf2f6ae040dae09325a07b31bd0f882e60d50a,SHA256_READ,sample_journal
formal__phasenet_pretrained_frozen__seed44/sample_journals/epoch0002_20261003T020449687534_rank5.jsonl,4509751,ee5ee6d995c5f43de70b9958b8fc1800a9888fb709f912b8d44a9424d44d9324,SHA256_READ,sample_journal
formal__phasenet_pretrained_frozen__seed44/sample_journals/epoch0002_20261003T020449687982_rank9.jsonl,4547899,5d7630f6a97b06483821d169ab7a7c7d9a58381cc749dab4d25d0efcee8aae83,SHA256_READ,sample_journal
formal__phasenet_pretrained_frozen__seed44/sample_journals/epoch0002_20261003T020449692561_rank12.jsonl,4501088,b700996d407755587e5b80ea2c2398fdd8b98c1796add90c9e619ca286feca48,SHA256_READ,sample_journal
formal__phasenet_pretrained_frozen__seed44/sample_journals/epoch0002_20261003T020450536502_rank0.jsonl,4508134,035e95402b54c40a7d2f095cf67592532d3a2f1c969326ddd4142f73f01cd808,SHA256_READ,sample_journal
formal__phasenet_pretrained_frozen__seed44/sample_journals/epoch0003_20261003T020449674989_rank2.jsonl,4507006,5ef89bb8600a7a146c5d8ba20c788d80a6bc5a15b2ff0cc214322e6f9d72b5f9,SHA256_READ,sample_journal
formal__phasenet_pretrained_frozen__seed44/sample_journals/epoch0003_20261003T020449675545_rank1.jsonl,4577654,9e5aabc004bedfc1c331401d91931764f6c5ab2a1b1cb4da8c69cb0aaf5f7815,SHA256_READ,sample_journal
formal__phasenet_pretrained_frozen__seed44/sample_journals/epoch0003_20261003T020449678938_rank3.jsonl,4531603,30a0ddea27d1fe78968dc138e8db503117c2a07d53b1e57a8bc5cd3a6bb64cf5,SHA256_READ,sample_journal
formal__phasenet_pretrained_frozen__seed44/sample_journals/epoch0003_20261003T020449680179_rank13.jsonl,4601119,07ff03b94857cfa2286cc7a0e9836f1cf785f5c612e162f0480c43e8b2b94765,SHA256_READ,sample_journal
formal__phasenet_pretrained_frozen__seed44/sample_journals/epoch0003_20261003T020449680236_rank10.jsonl,4576571,d384240e8d0b86cd0278e8b25c6f3735e49005a35ee75b6865a95a88806e2e9c,SHA256_READ,sample_journal
formal__phasenet_pretrained_frozen__seed44/sample_journals/epoch0003_20261003T020449680417_rank14.jsonl,4549185,43bc136fc6695e0bb09b61ff0afd2e50273446f56120220a38362b2acf711e61,SHA256_READ,sample_journal
formal__phasenet_pretrained_frozen__seed44/sample_journals/epoch0003_20261003T020449680611_rank11.jsonl,4510051,7c7fe2994a2a0ecc3928cbe4ca64666e37e376f0453f3e7d8269567ef24ad995,SHA256_READ,sample_journal
formal__phasenet_pretrained_frozen__seed44/sample_journals/epoch0003_20261003T020449680660_rank8.jsonl,4569949,e4e593a24f7ee36ea29e2815c58b439c278f91186d8e842af046739b39ac1d08,SHA256_READ,sample_journal
formal__phasenet_pretrained_frozen__seed44/sample_journals/epoch0003_20261003T020449682873_rank7.jsonl,4627410,f6ced660f1b1a0edcdd8b8873b68082a4995f8d892e7a70c0d83f0192b70cf57,SHA256_READ,sample_journal
formal__phasenet_pretrained_frozen__seed44/sample_journals/epoch0003_20261003T020449682956_rank6.jsonl,4560561,523376bdf13922fab1a5f4d436c3412d4650c1dcb3c919b3d28f49e2ae125b1b,SHA256_READ,sample_journal
formal__phasenet_pretrained_frozen__seed44/sample_journals/epoch0003_20261003T020449683110_rank4.jsonl,4571401,1ae768a071723eed5adb3b98046d1aa2604ec8fcc8301f664886fbd2af0bd18c,SHA256_READ,sample_journal
formal__phasenet_pretrained_frozen__seed44/sample_journals/epoch0003_20261003T020449683833_rank15.jsonl,4534540,d4b681cea910bc850c5211b439d442fc20f86dc79c4e3613f33c0070ddc4ffdf,SHA256_READ,sample_journal
formal__phasenet_pretrained_frozen__seed44/sample_journals/epoch0003_20261003T020449687534_rank5.jsonl,4546654,ac53b2c530fc2a5bd32cefca5400471fe74b2895166992c9ab698125be070512,SHA256_READ,sample_journal
formal__phasenet_pretrained_frozen__seed44/sample_journals/epoch0003_20261003T020449687982_rank9.jsonl,4551038,a5ba3d01a088ca036160ab7c3b590aa4a9bedc156c185b0b8508e41a2f9bcd3b,SHA256_READ,sample_journal
formal__phasenet_pretrained_frozen__seed44/sample_journals/epoch0003_20261003T020449692561_rank12.jsonl,4489150,bf597c2dd56202f4e4ac92f155cf1c82716afef65c8655d2c303f3d1e96273bd,SHA256_READ,sample_journal
formal__phasenet_pretrained_frozen__seed44/sample_journals/epoch0003_20261003T020450536502_rank0.jsonl,4611016,66cbd2315a8dd3dd7bb5624ee47eb2c97f73d16d9df3a2c700e43d27058d7e04,SHA256_READ,sample_journal
formal__phasenet_pretrained_frozen__seed44/sample_journals/epoch0004_20261003T020449674989_rank2.jsonl,4502864,cd9d1cd28ff64a9aaf945c724722e531a57dea9e23934d6e934103b8fc74f84e,SHA256_READ,sample_journal
formal__phasenet_pretrained_frozen__seed44/sample_journals/epoch0004_20261003T020449675545_rank1.jsonl,4637200,9bcc14183d91b1bd00227399714cf35ad1b30b62e6c2b99989dc0bd357e73f30,SHA256_READ,sample_journal
formal__phasenet_pretrained_frozen__seed44/sample_journals/epoch0004_20261003T020449678938_rank3.jsonl,4478765,a232a8dd0f04b8160cf31792fe93007e4dc6f0541d7f86f739bf9ae6b4f0df50,SHA256_READ,sample_journal
formal__phasenet_pretrained_frozen__seed44/sample_journals/epoch0004_20261003T020449680179_rank13.jsonl,4548307,a34a502ccfd0228fb7c88817cb0fdca9e057d18bd643149fb9635cbfec9a0db9,SHA256_READ,sample_journal
formal__phasenet_pretrained_frozen__seed44/sample_journals/epoch0004_20261003T020449680236_rank10.jsonl,4621985,42699d2ed9f90b361f44f1f4c7b64d6120c8247358121d786d0e55089320c521,SHA256_READ,sample_journal
formal__phasenet_pretrained_frozen__seed44/sample_journals/epoch0004_20261003T020449680417_rank14.jsonl,4598874,4ecf6ea83c3218377a09b833161d3b3af5bce6013b9524a63fb413997d9ef4e0,SHA256_READ,sample_journal
formal__phasenet_pretrained_frozen__seed44/sample_journals/epoch0004_20261003T020449680611_rank11.jsonl,4508617,7def5fb63d919333270ded69061b9b07302cfbf4bfe0dd2b87fdb3a7ff1fa3d9,SHA256_READ,sample_journal
formal__phasenet_pretrained_frozen__seed44/sample_journals/epoch0004_20261003T020449680660_rank8.jsonl,4582702,2e4522362ec1bd598bd7ff334a662f9db3900d78c43ff1edac84a39dec2ed592,SHA256_READ,sample_journal
formal__phasenet_pretrained_frozen__seed44/sample_journals/epoch0004_20261003T020449682873_rank7.jsonl,4525504,b18786e741a5be318b9413160a84cd45b6ec0cef5fba4d7040179c4fae1441fd,SHA256_READ,sample_journal
formal__phasenet_pretrained_frozen__seed44/sample_journals/epoch0004_20261003T020449682956_rank6.jsonl,4559108,feac7abc90df16f43ec7eefe1a36baac6814fa3c58274c7d4f5600fe4309a554,SHA256_READ,sample_journal
formal__phasenet_pretrained_frozen__seed44/sample_journals/epoch0004_20261003T020449683110_rank4.jsonl,4587694,ddcfb8f9ef42074dc3daba67fbfbf776828162b2bc71bfb442f3daade9313403,SHA256_READ,sample_journal
formal__phasenet_pretrained_frozen__seed44/sample_journals/epoch0004_20261003T020449683833_rank15.jsonl,4517730,0370810ff5e1a21789268268f749936ec363737820c4afbdd93cc0d3e5d1f6f0,SHA256_READ,sample_journal
formal__phasenet_pretrained_frozen__seed44/sample_journals/epoch0004_20261003T020449687534_rank5.jsonl,4619672,a1e1ab1153ec050759c753ff8b1da6efcc68236e459d94461004d16985b25056,SHA256_READ,sample_journal
formal__phasenet_pretrained_frozen__seed44/sample_journals/epoch0004_20261003T020449687982_rank9.jsonl,4498931,b2df4c38e4484c9d4534d8c3208bec721cc092b3e331a18c59b855b21c712705,SHA256_READ,sample_journal
formal__phasenet_pretrained_frozen__seed44/sample_journals/epoch0004_20261003T020449692561_rank12.jsonl,4569399,4c47b80cefe62a287f4547d97281605e96f7ff25db5a98c3b50c1451f07d5797,SHA256_READ,sample_journal
formal__phasenet_pretrained_frozen__seed44/sample_journals/epoch0004_20261003T020450536502_rank0.jsonl,4539221,f6d217067653542bbb8bfe3a4f80b994f8ac8852cee29dd6bbd0ed791ae4573a,SHA256_READ,sample_journal
formal__phasenet_pretrained_frozen__seed44/sample_journals/epoch0005_20261003T020449674989_rank2.jsonl,4609168,89b2bff819ff3e29919c65f4cb7c2208f2459f10226fd240e09e1c2e4ac31819,SHA256_READ,sample_journal
formal__phasenet_pretrained_frozen__seed44/sample_journals/epoch0005_20261003T020449675545_rank1.jsonl,4522485,d6dec0420524fb7c770fcd83346a0167e24369f4a39bad43f8be1a18f70d8f30,SHA256_READ,sample_journal
formal__phasenet_pretrained_frozen__seed44/sample_journals/epoch0005_20261003T020449678938_rank3.jsonl,4585719,bd7e4a8b9632fd514105ebed06f516f745ca13eb7f2b9f6aaecdb6e6021fe396,SHA256_READ,sample_journal
formal__phasenet_pretrained_frozen__seed44/sample_journals/epoch0005_20261003T020449680179_rank13.jsonl,4533291,b38c388df06ff62467f16b755298cd3f98186c23dd92138174a909077f888db6,SHA256_READ,sample_journal
formal__phasenet_pretrained_frozen__seed44/sample_journals/epoch0005_20261003T020449680236_rank10.jsonl,4537401,64610c7e005d0ed2da2e29baab9f48563801471fd318cc51789428e6053cef01,SHA256_READ,sample_journal
formal__phasenet_pretrained_frozen__seed44/sample_journals/epoch0005_20261003T020449680417_rank14.jsonl,4581917,a6afef26f82f93b641168c448f7d8dd036dbfe8839d1d843ead918e6b079063c,SHA256_READ,sample_journal
formal__phasenet_pretrained_frozen__seed44/sample_journals/epoch0005_20261003T020449680611_rank11.jsonl,4577591,c39040661ec07cc4066588982ea71c437a01a0e0c8e11613646f7f737b67484c,SHA256_READ,sample_journal
formal__phasenet_pretrained_frozen__seed44/sample_journals/epoch0005_20261003T020449680660_rank8.jsonl,4558066,04a7991fd8a209561c3ab7a3dccccc4481d0f95c8c19503e8aee7bfaaca916a6,SHA256_READ,sample_journal
formal__phasenet_pretrained_frozen__seed44/sample_journals/epoch0005_20261003T020449682873_rank7.jsonl,4527306,e131db543f83ab10cf19f97ec70ee3c62bca19a17d71dbed293b9e4dd2697bd2,SHA256_READ,sample_journal
formal__phasenet_pretrained_frozen__seed44/sample_journals/epoch0005_20261003T020449682956_rank6.jsonl,4605401,4c8e7a5f81401bee8a30b29af8604b727a1782183e4b27ed07072d32c5058645,SHA256_READ,sample_journal
formal__phasenet_pretrained_frozen__seed44/sample_journals/epoch0005_20261003T020449683110_rank4.jsonl,4644556,57260d805e49e208e569b8a0b4e9d01c87b7647dbd3b6fb8dc75bf16583e562d,SHA256_READ,sample_journal
formal__phasenet_pretrained_frozen__seed44/sample_journals/epoch0005_20261003T020449683833_rank15.jsonl,4574331,e432f4ab13a3727b2cf449d8674f7361a7670435333d788016eb32f5c2598f0b,SHA256_READ,sample_journal
formal__phasenet_pretrained_frozen__seed44/sample_journals/epoch0005_20261003T020449687534_rank5.jsonl,4516054,209802565d7b9e856d4301e25db89d9eaf1039fe8c5f789368a6d9be5d6c654b,SHA256_READ,sample_journal
formal__phasenet_pretrained_frozen__seed44/sample_journals/epoch0005_20261003T020449687982_rank9.jsonl,4486395,32b6cdd85aec002756e0c394c7ba15faa60f1850ceecc3f30b6924c5029dd654,SHA256_READ,sample_journal
formal__phasenet_pretrained_frozen__seed44/sample_journals/epoch0005_20261003T020449692561_rank12.jsonl,4509512,c58357bbbb69700a55e6976282df0419d40e38b4da40066fdf2beaa241c421a4,SHA256_READ,sample_journal
formal__phasenet_pretrained_frozen__seed44/sample_journals/epoch0005_20261003T020450536502_rank0.jsonl,4473595,d82429597592ba16ee6f5d51fd3c516978a0c4145c47e08c21bc7f3a517f29fa,SHA256_READ,sample_journal
formal__phasenet_pretrained_frozen__seed44/sample_journals/epoch0006_20261003T020449674989_rank2.jsonl,4606411,d2147325487543c453b756224f64d54908c376cbc1ff87933b22793f1062c99c,SHA256_READ,sample_journal
formal__phasenet_pretrained_frozen__seed44/sample_journals/epoch0006_20261003T020449675545_rank1.jsonl,4570357,af7d8072c62849cb4d0ef22f4a19b5380a5a9293010c011b447985f6a3bb7fb0,SHA256_READ,sample_journal
formal__phasenet_pretrained_frozen__seed44/sample_journals/epoch0006_20261003T020449678938_rank3.jsonl,4575698,29e2d72255e2d96fad2a5af269596b0d2e09605e628843cecc698140facadd5b,SHA256_READ,sample_journal
formal__phasenet_pretrained_frozen__seed44/sample_journals/epoch0006_20261003T020449680179_rank13.jsonl,4561267,740b4ed66c81be5c92195b15693c462adedef2afb71fea8520a95adc3d9e1174,SHA256_READ,sample_journal
formal__phasenet_pretrained_frozen__seed44/sample_journals/epoch0006_20261003T020449680236_rank10.jsonl,4489346,9f5e6ab0058026306363f1ee9703f955ac8a36eb5ce293286a1a88ee2c3d2958,SHA256_READ,sample_journal
formal__phasenet_pretrained_frozen__seed44/sample_journals/epoch0006_20261003T020449680417_rank14.jsonl,4533044,f7f6ee2dcf0919b15231754bc8c23086859d82e4d041a29d1b9e389edc7cc1c4,SHA256_READ,sample_journal
formal__phasenet_pretrained_frozen__seed44/sample_journals/epoch0006_20261003T020449680611_rank11.jsonl,4586159,4662ee78b74f84056b1321fea585f649dcc61dc84fdf8cdd39e16dbfb291e01c,SHA256_READ,sample_journal
formal__phasenet_pretrained_frozen__seed44/sample_journals/epoch0006_20261003T020449680660_rank8.jsonl,4534009,71ecbf9fd1f4c1bfda8287cd259bbe523adaca6d25eb0eb20a483cdcce24a107,SHA256_READ,sample_journal
formal__phasenet_pretrained_frozen__seed44/sample_journals/epoch0006_20261003T020449682873_rank7.jsonl,4601496,466a2e0bfc3885cb8df8615726238c3353c299f91f712c2d447f9ee2e8f7aa1b,SHA256_READ,sample_journal
formal__phasenet_pretrained_frozen__seed44/sample_journals/epoch0006_20261003T020449682956_rank6.jsonl,4537703,ecb6b6981111aae06fe433079f12ded0a0e6e98815ff9fc807ebe254ed9b8fed,SHA256_READ,sample_journal
formal__phasenet_pretrained_frozen__seed44/sample_journals/epoch0006_20261003T020449683110_rank4.jsonl,4539498,c42650ce66396ed3c15850d27ac3cab0a2d634fad2e0d613a058fb5d9f6b3f0f,SHA256_READ,sample_journal
formal__phasenet_pretrained_frozen__seed44/sample_journals/epoch0006_20261003T020449683833_rank15.jsonl,4560182,4d82d76516a37e8f106548db80672a00f21dcc0853b98d0195046738263f2120,SHA256_READ,sample_journal
formal__phasenet_pretrained_frozen__seed44/sample_journals/epoch0006_20261003T020449687534_rank5.jsonl,4530187,0c8bfbe43bcdc930013dcd43c154b60074fd2bc0f6b975c111e00ea40eb5e439,SHA256_READ,sample_journal
formal__phasenet_pretrained_frozen__seed44/sample_journals/epoch0006_20261003T020449687982_rank9.jsonl,4547520,254760b71a7c127bb2a98021eca1f713e9d5cf7f18ffb2b799c7e8e2e37636b8,SHA256_READ,sample_journal
formal__phasenet_pretrained_frozen__seed44/sample_journals/epoch0006_20261003T020449692561_rank12.jsonl,4552761,732fd75a9039feec9ee351f3fc6ac2f6b1b316120a5fdb62aa9f95399300be60,SHA256_READ,sample_journal
formal__phasenet_pretrained_frozen__seed44/sample_journals/epoch0006_20261003T020450536502_rank0.jsonl,4555548,06a4a19e89b9613827a06ec15f733054c81e7d30600502b302a73050c91c14a1,SHA256_READ,sample_journal
formal__phasenet_pretrained_frozen__seed44/sample_journals/epoch0007_20261003T020449674989_rank2.jsonl,4559805,e64054af0129ba2e7f7699af4643534df89382b2d0cc132acf2434898f56d3f2,SHA256_READ,sample_journal
formal__phasenet_pretrained_frozen__seed44/sample_journals/epoch0007_20261003T020449675545_rank1.jsonl,4569060,5ca2619a355fda03170811db4634dcfc7089e51980b70c5dadfa83dd6c128ebe,SHA256_READ,sample_journal
formal__phasenet_pretrained_frozen__seed44/sample_journals/epoch0007_20261003T020449678938_rank3.jsonl,4485182,cf24ec8b24176f3f34ac8e1b50463a457c91fee691d2c3091700ee534f2881c0,SHA256_READ,sample_journal
formal__phasenet_pretrained_frozen__seed44/sample_journals/epoch0007_20261003T020449680179_rank13.jsonl,4528753,f45498370130de003e30d0e4032c45174127e1329cdcc2c883946f82bf112bd9,SHA256_READ,sample_journal
formal__phasenet_pretrained_frozen__seed44/sample_journals/epoch0007_20261003T020449680236_rank10.jsonl,4605258,f28c4d12174bbe187fdff98b7cd1f6f12f2ef4215acded9f5526c19dbf64de9e,SHA256_READ,sample_journal
formal__phasenet_pretrained_frozen__seed44/sample_journals/epoch0007_20261003T020449680417_rank14.jsonl,4608315,c68bd2bb5afa8ed50ac965645d65e77814c7890fd57bfb97b6f02abc44dac822,SHA256_READ,sample_journal
formal__phasenet_pretrained_frozen__seed44/sample_journals/epoch0007_20261003T020449680611_rank11.jsonl,4518928,4e28e53fdb806388ee46ecf676459a0a9ead6e9e9d8cce8051caec0741585e0a,SHA256_READ,sample_journal
formal__phasenet_pretrained_frozen__seed44/sample_journals/epoch0007_20261003T020449680660_rank8.jsonl,4528434,ed74fd4e82849c1d799a7bb1dd39fba86bd29ef5c7768a70a5124f46e53c37fa,SHA256_READ,sample_journal
formal__phasenet_pretrained_frozen__seed44/sample_journals/epoch0007_20261003T020449682873_rank7.jsonl,4549253,017a5d3773cb0fa4b10007d01ef9737b173967c9f7c1a600e7469a81a06ca606,SHA256_READ,sample_journal
formal__phasenet_pretrained_frozen__seed44/sample_journals/epoch0007_20261003T020449682956_rank6.jsonl,4561457,13ed54bc9e2346bd544359eed1d881ff88bd5a9adfa9c419a54aa56a771a82e8,SHA256_READ,sample_journal
formal__phasenet_pretrained_frozen__seed44/sample_journals/epoch0007_20261003T020449683110_rank4.jsonl,4610940,473d7f4b18c4618b8c30591ea36e9f5dedb8efea2f13fbdedf0c7993fc828a09,SHA256_READ,sample_journal
formal__phasenet_pretrained_frozen__seed44/sample_journals/epoch0007_20261003T020449683833_rank15.jsonl,4597849,819673a1100ff5750015a8425d8cbaf4fb08cc863d78f474619b6d2f114ce595,SHA256_READ,sample_journal
formal__phasenet_pretrained_frozen__seed44/sample_journals/epoch0007_20261003T020449687534_rank5.jsonl,4561059,a4fbf5e5650d3495ec96e4be790279a8cc95f2e4fb2eac2c8ca0d1809ea809f0,SHA256_READ,sample_journal
formal__phasenet_pretrained_frozen__seed44/sample_journals/epoch0007_20261003T020449687982_rank9.jsonl,4539721,e981f0914cbff2d93a026bfd13a9e008ad2b6d81acc568561ad75f98ee3bc6d4,SHA256_READ,sample_journal
formal__phasenet_pretrained_frozen__seed44/sample_journals/epoch0007_20261003T020449692561_rank12.jsonl,4662132,c793c0c82141fac4ce0101e7c434565f7f4c75fecc8bb84d99c45a1bc656126c,SHA256_READ,sample_journal
formal__phasenet_pretrained_frozen__seed44/sample_journals/epoch0007_20261003T020450536502_rank0.jsonl,4525117,597abf9138045cd8462b3de42f4d3c30d64db3a880e1952f7cc91ffe3f8e6792,SHA256_READ,sample_journal
formal__phasenet_pretrained_frozen__seed44/sample_journals/epoch0008_20261003T020449674989_rank2.jsonl,4483165,6a3a0dcf3a21ff8b02852571c30ee2e5f7b793d9b967486e3af75aa5aee42010,SHA256_READ,sample_journal
formal__phasenet_pretrained_frozen__seed44/sample_journals/epoch0008_20261003T020449675545_rank1.jsonl,4513948,3f8e5bf41b1b189213281d349880d3dbdae61888444cb24b72daccb4dfb047b9,SHA256_READ,sample_journal
formal__phasenet_pretrained_frozen__seed44/sample_journals/epoch0008_20261003T020449678938_rank3.jsonl,4586571,044f296db3bc601820fa11ad708d89428d6419fb374fd726bd351ab34106922d,SHA256_READ,sample_journal
formal__phasenet_pretrained_frozen__seed44/sample_journals/epoch0008_20261003T020449680179_rank13.jsonl,4561392,c299548e0aad78f15393bb763c60d1c7ae2179bdb0d2cc9e528efe4468279f39,SHA256_READ,sample_journal
formal__phasenet_pretrained_frozen__seed44/sample_journals/epoch0008_20261003T020449680236_rank10.jsonl,4626707,04ebad278ca2437d25474e074c9fb6c30ef64dfc12e8eab5c6b96329e2739b50,SHA256_READ,sample_journal
formal__phasenet_pretrained_frozen__seed44/sample_journals/epoch0008_20261003T020449680417_rank14.jsonl,4559819,794a0c7d1014642cd955152cbbfecb8d8a2588efcd130fc4c9f6d5f25bac6276,SHA256_READ,sample_journal
formal__phasenet_pretrained_frozen__seed44/sample_journals/epoch0008_20261003T020449680611_rank11.jsonl,4515265,dbea3de54e9ea5f1d272cb712cd5db0ec2ad14c720a3493e5777a4566e17088d,SHA256_READ,sample_journal
formal__phasenet_pretrained_frozen__seed44/sample_journals/epoch0008_20261003T020449680660_rank8.jsonl,4630724,d4072668350bba16eb03c1ddeefea7cea9a0b43ad7ea94d8117d0780a82f0c87,SHA256_READ,sample_journal
formal__phasenet_pretrained_frozen__seed44/sample_journals/epoch0008_20261003T020449682873_rank7.jsonl,4465432,9403d3ac10263c6fa777c13cc36da7287a0ae2a1e7d0b57d55bcb15029cdd94e,SHA256_READ,sample_journal
formal__phasenet_pretrained_frozen__seed44/sample_journals/epoch0008_20261003T020449682956_rank6.jsonl,4558655,deb7e10b591ee9603f6d959ca9f1e03911195fb7b3a43e0c843f93e5ed8c4877,SHA256_READ,sample_journal
formal__phasenet_pretrained_frozen__seed44/sample_journals/epoch0008_20261003T020449683110_rank4.jsonl,4615936,f0a9d96fdd1d7570091531d982442c0209ae8967056c111eed9ed78c46667539,SHA256_READ,sample_journal
formal__phasenet_pretrained_frozen__seed44/sample_journals/epoch0008_20261003T020449683833_rank15.jsonl,4543668,903c6554f4c27449deb6468c972f81bb29919e22c45a9f8c43ddcb9fd70bf7c9,SHA256_READ,sample_journal
formal__phasenet_pretrained_frozen__seed44/sample_journals/epoch0008_20261003T020449687534_rank5.jsonl,4613404,dfc1294659847977bd32ca73a78c5f26d37967cb67fa4546d54dfa06d2321360,SHA256_READ,sample_journal
formal__phasenet_pretrained_frozen__seed44/sample_journals/epoch0008_20261003T020449687982_rank9.jsonl,4546107,ef110ee1731e590ccb2709269edc7e090290f98507510c3926d8583a6381b6b9,SHA256_READ,sample_journal
formal__phasenet_pretrained_frozen__seed44/sample_journals/epoch0008_20261003T020449692561_rank12.jsonl,4453453,89ef8c3856b0c60ca4e416bebe1f2f8a619e08420955aa81a54850f6c8ca031c,SHA256_READ,sample_journal
formal__phasenet_pretrained_frozen__seed44/sample_journals/epoch0008_20261003T020450536502_rank0.jsonl,4603739,d3ce63bed851226da84f77965898da06fd16028ef738450c3cd4695e2269497f,SHA256_READ,sample_journal
formal__phasenet_pretrained_frozen__seed44/sample_journals/epoch0009_20261003T020449674989_rank2.jsonl,4594649,81f13bb9192a5b85e22000996dae85240cd712c1aa71c48243eff931e619d906,SHA256_READ,sample_journal
formal__phasenet_pretrained_frozen__seed44/sample_journals/epoch0009_20261003T020449675545_rank1.jsonl,4582068,336032c9bc37ae2aff10803aafd2d5b14cccda2ad01f42c7d5970f272cf7cfb7,SHA256_READ,sample_journal
formal__phasenet_pretrained_frozen__seed44/sample_journals/epoch0009_20261003T020449678938_rank3.jsonl,4583219,e58af7b4c6cb1a9c4268f15f104fe4543183a36730281c0cb507af937ebf1ee2,SHA256_READ,sample_journal
formal__phasenet_pretrained_frozen__seed44/sample_journals/epoch0009_20261003T020449680179_rank13.jsonl,4575046,a49be92818253c8b297544621445cc0938dc852fcca3e951900cc6dc2eedd4f9,SHA256_READ,sample_journal
formal__phasenet_pretrained_frozen__seed44/sample_journals/epoch0009_20261003T020449680236_rank10.jsonl,4608618,96f03625f15ab3016a29f808ca14a89d219521b6cd7d6d2dee0e4dd29f683f29,SHA256_READ,sample_journal
formal__phasenet_pretrained_frozen__seed44/sample_journals/epoch0009_20261003T020449680417_rank14.jsonl,4627557,0526d7ebf0484d13ca6badcb4b080352c4cbc5b9c26f312dd05250d5a8b90aa4,SHA256_READ,sample_journal
formal__phasenet_pretrained_frozen__seed44/sample_journals/epoch0009_20261003T020449680611_rank11.jsonl,4547440,0ad09b6a0cdc73e126069824befe0bdbefbaa8914f0c94f1fdde560f6c9fa218,SHA256_READ,sample_journal
formal__phasenet_pretrained_frozen__seed44/sample_journals/epoch0009_20261003T020449680660_rank8.jsonl,4503522,6e99979beda945c09e9cb778ccf0b1c26dd634e67a73917aa9156a6b8a7ff3a1,SHA256_READ,sample_journal
formal__phasenet_pretrained_frozen__seed44/sample_journals/epoch0009_20261003T020449682873_rank7.jsonl,4551243,c842c5a5484987ddac7c0424f5e8f1f1c3c40077f17feb1c1cb407a75af3616a,SHA256_READ,sample_journal
formal__phasenet_pretrained_frozen__seed44/sample_journals/epoch0009_20261003T020449682956_rank6.jsonl,4570451,a20f7490678baa5c472a687c19f67e8133e1f24943cbf94fe1379cd8aff8c9fb,SHA256_READ,sample_journal
formal__phasenet_pretrained_frozen__seed44/sample_journals/epoch0009_20261003T020449683110_rank4.jsonl,4515695,ce5ad6e4c88cdc5a1d415dde761476f4e2a34a0c300599e31a73fb05b406a1e8,SHA256_READ,sample_journal
formal__phasenet_pretrained_frozen__seed44/sample_journals/epoch0009_20261003T020449683833_rank15.jsonl,4543368,4469dd756e15bc99069b37dd9700c062963095202f3993195163d2d743c2883f,SHA256_READ,sample_journal
formal__phasenet_pretrained_frozen__seed44/sample_journals/epoch0009_20261003T020449687534_rank5.jsonl,4477559,3a135db448fd1b7da64bd766d06b0580b09d1cff546356884d2491cbed9575c8,SHA256_READ,sample_journal
formal__phasenet_pretrained_frozen__seed44/sample_journals/epoch0009_20261003T020449687982_rank9.jsonl,4507954,386dfc732d6875d85b7f8b8aec1dba3e57b772b9429e0ad93a9201fa854c3c80,SHA256_READ,sample_journal
formal__phasenet_pretrained_frozen__seed44/sample_journals/epoch0009_20261003T020449692561_rank12.jsonl,4538365,d8be5529ad1521cb492d790126a948565e3a5fb180c4f1569280634faa8f4967,SHA256_READ,sample_journal
formal__phasenet_pretrained_frozen__seed44/sample_journals/epoch0009_20261003T020450536502_rank0.jsonl,4529739,5bd15eda3f33ced170ccc66ac89e53ad253ceb3d5e8f7a373a3a108e83e12945,SHA256_READ,sample_journal
formal__phasenet_pretrained_frozen__seed44/sample_journals/epoch0010_20261003T020449674989_rank2.jsonl,4542372,73ff324b5d60da2fc4df4cd8db6912826b3ed6b0fd21c1d98435f05b91163dd7,SHA256_READ,sample_journal
formal__phasenet_pretrained_frozen__seed44/sample_journals/epoch0010_20261003T020449675545_rank1.jsonl,4560200,244dc67341ccea2e8f53f5606097bdd7b508c068bad3f2d7d79859a92377fb5e,SHA256_READ,sample_journal
formal__phasenet_pretrained_frozen__seed44/sample_journals/epoch0010_20261003T020449678938_rank3.jsonl,4542524,765e10c77587daa51888c5c973e6143537a9e1d57b2cdab1d2ed5645fc73705f,SHA256_READ,sample_journal
formal__phasenet_pretrained_frozen__seed44/sample_journals/epoch0010_20261003T020449680179_rank13.jsonl,4577541,63ca5c574d9dd65892fc2d2e593856ad642e9a36acfaba59ce2fdae3f90aad06,SHA256_READ,sample_journal
formal__phasenet_pretrained_frozen__seed44/sample_journals/epoch0010_20261003T020449680236_rank10.jsonl,4543519,07dfd9c6d9b363f4ca7269940e0f37eb6f0a0e3fbc981c3aed701a73a6ccb188,SHA256_READ,sample_journal
formal__phasenet_pretrained_frozen__seed44/sample_journals/epoch0010_20261003T020449680417_rank14.jsonl,4605057,920ed986c3d89e1af0435cc755be3b302a51c9d7aee83c059acc2604b885b9c3,SHA256_READ,sample_journal
formal__phasenet_pretrained_frozen__seed44/sample_journals/epoch0010_20261003T020449680611_rank11.jsonl,4552912,aa2adc31114aff3f9e6d0c68e107882fe7faa6c69d96820cf48ecd4bf0263240,SHA256_READ,sample_journal
formal__phasenet_pretrained_frozen__seed44/sample_journals/epoch0010_20261003T020449680660_rank8.jsonl,4586397,037a25bff4baf08735d2ce09125c788718101d3f26f73cacd6c807c7ee35f8c0,SHA256_READ,sample_journal
formal__phasenet_pretrained_frozen__seed44/sample_journals/epoch0010_20261003T020449682873_rank7.jsonl,4558098,955396f1309b49e4b1e8660349f646e51d5b4733a414b2ce707a31684dc544aa,SHA256_READ,sample_journal
formal__phasenet_pretrained_frozen__seed44/sample_journals/epoch0010_20261003T020449682956_rank6.jsonl,4499011,003a26de3a6eb282d092f4b6bca23db8461cf8868280909a78df1112c6e313c9,SHA256_READ,sample_journal
formal__phasenet_pretrained_frozen__seed44/sample_journals/epoch0010_20261003T020449683110_rank4.jsonl,4592774,d7a9a0f51fe40a070da57da319aed8068be454330eca39e90acbca365a449e8a,SHA256_READ,sample_journal
formal__phasenet_pretrained_frozen__seed44/sample_journals/epoch0010_20261003T020449683833_rank15.jsonl,4517466,42e480e69f06d8e0617d098b1b1e1974cddb36d2699fae3df0ff233f381ab87b,SHA256_READ,sample_journal
formal__phasenet_pretrained_frozen__seed44/sample_journals/epoch0010_20261003T020449687534_rank5.jsonl,4541232,8c216bd5d309990db987b8f399b102502fa0824c85acbbc78a454cfd92483866,SHA256_READ,sample_journal
formal__phasenet_pretrained_frozen__seed44/sample_journals/epoch0010_20261003T020449687982_rank9.jsonl,4622279,27051566f40390d39afc924d819a3c694bb3ab51e06d5ed15d4f8e390f505ee1,SHA256_READ,sample_journal
formal__phasenet_pretrained_frozen__seed44/sample_journals/epoch0010_20261003T020449692561_rank12.jsonl,4622310,18bdebca61d4db7fe31f561ea87ba3feee256659b2bef3a795a6cf93cb29f20a,SHA256_READ,sample_journal
formal__phasenet_pretrained_frozen__seed44/sample_journals/epoch0010_20261003T020450536502_rank0.jsonl,4531614,06b40e88cdd820be24190fd527e20901356a66ed033e82aa4a005e43f9fba530,SHA256_READ,sample_journal
formal__phasenet_pretrained_frozen__seed44/sample_journals/epoch0011_20261003T020449674989_rank2.jsonl,4499803,ea07bdd4cd3274b3c187faab2b84c48f548bc3f18bbfaf0d729ba5012afcf6bd,SHA256_READ,sample_journal
formal__phasenet_pretrained_frozen__seed44/sample_journals/epoch0011_20261003T020449675545_rank1.jsonl,4562312,c27db0974d082f8ff75be42ba1708469f3c27b1d4113a293b27934329e1319cb,SHA256_READ,sample_journal
formal__phasenet_pretrained_frozen__seed44/sample_journals/epoch0011_20261003T020449678938_rank3.jsonl,4553391,4b4b0b16732282736d1b8ce19f559dcf650df66c11d19891e1eb4c5f9d7d1692,SHA256_READ,sample_journal
formal__phasenet_pretrained_frozen__seed44/sample_journals/epoch0011_20261003T020449680179_rank13.jsonl,4599851,fd37bece9a0279398ff1b1baffdb6f5d79db28f2a4120517e6917cfbfd3f2844,SHA256_READ,sample_journal
formal__phasenet_pretrained_frozen__seed44/sample_journals/epoch0011_20261003T020449680236_rank10.jsonl,4553816,a52058c7488b58af14caa8e2814cd4430c78c265ab2b8455898b29b261152cce,SHA256_READ,sample_journal
formal__phasenet_pretrained_frozen__seed44/sample_journals/epoch0011_20261003T020449680417_rank14.jsonl,4570385,c6dbc492251bf9922c91632828507c91581fc6d5e61233a6cba0e41c9d1dc966,SHA256_READ,sample_journal
formal__phasenet_pretrained_frozen__seed44/sample_journals/epoch0011_20261003T020449680611_rank11.jsonl,4582769,bd9c2bae5bc9de4987e4a5e2a863a02dd0637aad97d1318e17ed5a66a0e472ee,SHA256_READ,sample_journal
formal__phasenet_pretrained_frozen__seed44/sample_journals/epoch0011_20261003T020449680660_rank8.jsonl,4576049,e0b8a3328f5be424f82288eb27fe35639a8cf43ab778acf851cbc6c4c83edced,SHA256_READ,sample_journal
formal__phasenet_pretrained_frozen__seed44/sample_journals/epoch0011_20261003T020449682873_rank7.jsonl,4532760,0746a433cb853d4c41d4eb378a3d32ea108ce0f9c84bbd3ffa84082aa8f925e6,SHA256_READ,sample_journal
formal__phasenet_pretrained_frozen__seed44/sample_journals/epoch0011_20261003T020449682956_rank6.jsonl,4563864,edbe7d0c7b6321949dc36a803bfb90be77834750b786888abb199fc2c453ce1a,SHA256_READ,sample_journal
formal__phasenet_pretrained_frozen__seed44/sample_journals/epoch0011_20261003T020449683110_rank4.jsonl,4597836,143d1b594f96d9724db2e706fd8adfb0761cdd8e371cf6136162f3610c482f62,SHA256_READ,sample_journal
formal__phasenet_pretrained_frozen__seed44/sample_journals/epoch0011_20261003T020449683833_rank15.jsonl,4560397,396145d307ee7c0f11c023d3f713ffa084c4302bdf67bf0e705b7a1690b45654,SHA256_READ,sample_journal
formal__phasenet_pretrained_frozen__seed44/sample_journals/epoch0011_20261003T020449687534_rank5.jsonl,4538012,7ec7b63a3f2656980174352d32c314c15fe5f3479bdeedd4167a903522bb41b3,SHA256_READ,sample_journal
formal__phasenet_pretrained_frozen__seed44/sample_journals/epoch0011_20261003T020449687982_rank9.jsonl,4584021,737d2c50066d438716f86ec148c27e7664cc5577960e308fdf7d105fffd1ed30,SHA256_READ,sample_journal
formal__phasenet_pretrained_frozen__seed44/sample_journals/epoch0011_20261003T020449692561_rank12.jsonl,4580893,921937f4afb339d13267b39a4e657c7dbb858b32e6f031e2b59edff50bd2c82e,SHA256_READ,sample_journal
formal__phasenet_pretrained_frozen__seed44/sample_journals/epoch0011_20261003T020450536502_rank0.jsonl,4533918,9203056f466b60bfca82a7d220f91320c04b028cc900515ed54b4c22c60add6b,SHA256_READ,sample_journal
formal__phasenet_pretrained_frozen__seed44/sample_journals/epoch0012_20261003T020449674989_rank2.jsonl,4524274,114dc6d8cfbb3459fd16118b4d68f32b88f8eae3366bc75c626e9be3518503e7,SHA256_READ,sample_journal
formal__phasenet_pretrained_frozen__seed44/sample_journals/epoch0012_20261003T020449675545_rank1.jsonl,4577024,556d8dd72e45080a37a769215e678a65317d2f691c8cc51631ec5c12aa398a46,SHA256_READ,sample_journal
formal__phasenet_pretrained_frozen__seed44/sample_journals/epoch0012_20261003T020449678938_rank3.jsonl,4588493,ded1fc1145242788eb50812bd210bfd7cb554d7389097d01ce069b313d58b044,SHA256_READ,sample_journal
formal__phasenet_pretrained_frozen__seed44/sample_journals/epoch0012_20261003T020449680179_rank13.jsonl,4639831,a80f14338895614a6b05c414bb684d0e0b545177155ffac2c5b02b922f34d35e,SHA256_READ,sample_journal
formal__phasenet_pretrained_frozen__seed44/sample_journals/epoch0012_20261003T020449680236_rank10.jsonl,4487305,92b69636ff98120f3ccd4c7e9068ed7cdfc014f20dcf3a4563e14d631e3e3ec8,SHA256_READ,sample_journal
formal__phasenet_pretrained_frozen__seed44/sample_journals/epoch0012_20261003T020449680417_rank14.jsonl,4582316,84ea50b83e372b248b6f66ec754dea916ce04b8a9e7774bf25159e77b8bff0dd,SHA256_READ,sample_journal
formal__phasenet_pretrained_frozen__seed44/sample_journals/epoch0012_20261003T020449680611_rank11.jsonl,4488861,5672b89cadcd55242d914a641b5d6d975c9e531632ffc2d94e5782f0561d41e9,SHA256_READ,sample_journal
formal__phasenet_pretrained_frozen__seed44/sample_journals/epoch0012_20261003T020449680660_rank8.jsonl,4616448,0c5e37b2b4f90435efb431486ce42ac3a97660c5683d14b3d08290d5c9b33e33,SHA256_READ,sample_journal
formal__phasenet_pretrained_frozen__seed44/sample_journals/epoch0012_20261003T020449682873_rank7.jsonl,4599386,2d9e8dbd3cf42d974d65112a9e055ce71075a66761c6f4debf703dba83ea1659,SHA256_READ,sample_journal
formal__phasenet_pretrained_frozen__seed44/sample_journals/epoch0012_20261003T020449682956_rank6.jsonl,4647541,2d9a45ee4f7ae58f12d0dad1170b6eb6b5ee70551b4c9e552c4e8a4c47c8adc0,SHA256_READ,sample_journal
formal__phasenet_pretrained_frozen__seed44/sample_journals/epoch0012_20261003T020449683110_rank4.jsonl,4504316,3045f5916a98719011e8fc4ee75fd1d0c460354891c303bcb211d3a1c9306c5b,SHA256_READ,sample_journal
formal__phasenet_pretrained_frozen__seed44/sample_journals/epoch0012_20261003T020449683833_rank15.jsonl,4548642,7bbc1cb1948573fb9027d2f7ccbc1cb6e06058802539c02741ab6e8907b84707,SHA256_READ,sample_journal
formal__phasenet_pretrained_frozen__seed44/sample_journals/epoch0012_20261003T020449687534_rank5.jsonl,4478495,2e5b30399558b9fd23570faf0e3b67e0e36fc857f069010eac62295d43664e85,SHA256_READ,sample_journal
formal__phasenet_pretrained_frozen__seed44/sample_journals/epoch0012_20261003T020449687982_rank9.jsonl,4525481,361cfad31d6517dc5fb0a792f6b08cc8e73278e85c0fbbdfa4704aa602440c31,SHA256_READ,sample_journal
formal__phasenet_pretrained_frozen__seed44/sample_journals/epoch0012_20261003T020449692561_rank12.jsonl,4511235,618a433be1a536fd8f1e8d9fc87c6badffdeb364b8360be95cdefe58c8c4f5f5,SHA256_READ,sample_journal
formal__phasenet_pretrained_frozen__seed44/sample_journals/epoch0012_20261003T020450536502_rank0.jsonl,4542220,e03f17e34d3f6ee182a63cefcb07053aa03919a3a186b68258ff39cba8fde8a4,SHA256_READ,sample_journal
formal__phasenet_pretrained_frozen__seed44/training_curves.csv,1401,f53bdcf41cdf3ae9b2a94157640f8c1dea732d3b09a381dffe4d0881d02fe6c9,SHA256_READ,metadata_or_audit
formal__phasenet_pretrained_frozen__seed44/validation_epoch1.csv.gz,53504369,9b6111cd4c2538ff9e5ecf580ad571f5babfc95a48aa7e25e92143d4324d9567,SHA256_READ,validation_prediction
formal__phasenet_pretrained_frozen__seed44/validation_epoch10.csv.gz,54174858,0590351adf27016a8753c514e093adb9858aa433a1a9feec13a621334c4cdf6d,SHA256_READ,validation_prediction
formal__phasenet_pretrained_frozen__seed44/validation_epoch11.csv.gz,54193994,216e510df1167a12262b0ec770af0d15e14097de9af0444144d2cb455f146cce,SHA256_READ,validation_prediction
formal__phasenet_pretrained_frozen__seed44/validation_epoch12.csv.gz,54206258,677c2e47f44bafb628f468915a2bf107af844cae1fab6435c5ba3b4d6aacf6b7,SHA256_READ,validation_prediction
formal__phasenet_pretrained_frozen__seed44/validation_epoch2.csv.gz,53842263,e045c9e624b5f46496a668d2a762421da39dc842b74b5593e83af47743d41d1f,SHA256_READ,validation_prediction
formal__phasenet_pretrained_frozen__seed44/validation_epoch3.csv.gz,53967172,63cd7ff2736013a05a0e296f722f59c5fe7f879fb377d7ee941318a97ab3f81d,SHA256_READ,validation_prediction
formal__phasenet_pretrained_frozen__seed44/validation_epoch4.csv.gz,54002363,98bd1b3c8be3e52f2cac53fbba3bc9565845a0d4a2bdf56f05d2874b4377e199,SHA256_READ,validation_prediction
formal__phasenet_pretrained_frozen__seed44/validation_epoch5.csv.gz,54038096,3e3c4ad8e0fb77506eaf51e94f6aa3e987309b77588d86e8ad314c5422787cc9,SHA256_READ,validation_prediction
formal__phasenet_pretrained_frozen__seed44/validation_epoch6.csv.gz,54056512,2da3dafc3f11fe4e9ac472bbc8ae3025281468209fbeb92820ecee1fce81bc12,SHA256_READ,validation_prediction
formal__phasenet_pretrained_frozen__seed44/validation_epoch7.csv.gz,54113968,b116512154741589f8f725f7fa6606051d3b5c153652968ce89e5af71f75d784,SHA256_READ,validation_prediction
formal__phasenet_pretrained_frozen__seed44/validation_epoch8.csv.gz,54132122,965d606068987e0be11e03d57410329491760b546db7393e259dc6051069f20b,SHA256_READ,validation_prediction
formal__phasenet_pretrained_frozen__seed44/validation_epoch9.csv.gz,54181901,bace68eb4216f918dbe2b90ab588bf50a05842aa7de3b90238f0d8f034d3d05b,SHA256_READ,validation_prediction
formal__team_original_scratch__seed42/epoch0001_20261002T064953958210_rank0.json,314,2fc28d8018749bd9bcc71895f48b6483adb95e883d6798b4b7730c4d6d293115,SHA256_READ,metadata_or_audit
formal__team_original_scratch__seed42/epoch0002_20261002T064953958210_rank0.json,314,2483962f23ab97b48cf783ed9848a9950e43dee7603003cf307c6c29273dd26c,SHA256_READ,metadata_or_audit
formal__team_original_scratch__seed42/epoch0003_20261002T064953958210_rank0.json,316,01c684982e662e34af8b091034893899b790e5778a54200a75d088e56796b6aa,SHA256_READ,metadata_or_audit
formal__team_original_scratch__seed42/epoch0004_20261002T064953958210_rank0.json,314,20e9b5e00a8bb1c34755fe7e25e1ee237ad744d8cd31ba54999bfac05331417c,SHA256_READ,metadata_or_audit
formal__team_original_scratch__seed42/epoch0005_20261002T064953958210_rank0.json,316,c4b947afb35b297f416359f5a41a730629f83341850e63adf2a52f904dadb2d6,SHA256_READ,metadata_or_audit
formal__team_original_scratch__seed42/epoch0006_20261002T064953958210_rank0.json,316,674a1609580856cce1a7159bc2f31d1a7b59b62c25702241674c0e84da932629,SHA256_READ,metadata_or_audit
formal__team_original_scratch__seed42/epoch0007_20261002T064953958210_rank0.json,316,278286a6f6a8ce58ca32607c2f9cee32c62b983acad4bb7bc459c5e304395439,SHA256_READ,metadata_or_audit
formal__team_original_scratch__seed42/epoch0008_20261002T064953958210_rank0.json,317,b039828af71e56d4d19d4af275587de1065f87ae8508a95237d072ee9f398e8d,SHA256_READ,metadata_or_audit
formal__team_original_scratch__seed42/epoch0009_20261002T064953958210_rank0.json,318,f7935a1e221928479f4b59e777032b461f668b1486258f3de3d2fad50ad59a99,SHA256_READ,metadata_or_audit
formal__team_original_scratch__seed42/epoch0010_20261002T064953958210_rank0.json,318,d50c3123ea7e030c2780cdcb47953d01c4c734ba93a090fe76acbb935dcf7be3,SHA256_READ,metadata_or_audit
formal__team_original_scratch__seed42/epoch0011_20261002T064953958210_rank0.json,319,cc43fd23f2494c7c83645b049565cbb642bad8ce1332237a45bcdf701d0ceedb,SHA256_READ,metadata_or_audit
formal__team_original_scratch__seed42/epoch0012_20261002T064953958210_rank0.json,299,46ebb59e9dcabdc688471c1e4d8c352678f6f0a74488fda7c3dc46ac5e5b2f26,SHA256_READ,metadata_or_audit
formal__team_original_scratch__seed42/model_interface_audit.json,7908,1d7b55c3773a986a117d9ae41a429ea7783c02facd5f849d4a947e663613b66e,SHA256_READ,metadata_or_audit
formal__team_original_scratch__seed42/protocol.lock.json,809235,15143a7c0cfc4dc0aacfd35ad489805f09476c75fdc6bbaa4168e97f9f394e54,SHA256_READ,metadata_or_audit
formal__team_original_scratch__seed42/resolved_config.json,724107,bd455f6bfed0be42d88e3d34e385db003fd271082a44d11d88174608e9979a6b,SHA256_READ,metadata_or_audit
formal__team_original_scratch__seed42/runtime.json,894,45e4f231b54a96cdddd4853d2f527b9e042501091f565a71d0cf0389139ab2ce,SHA256_READ,metadata_or_audit
formal__team_original_scratch__seed42/runtime_20261002T064953958210_rank0.json,894,d9b67a255bc1181c590ae850777707ee479ec89205a38dd5e097d8929447c943,SHA256_READ,metadata_or_audit
formal__team_original_scratch__seed42/sample_journals/epoch0001_20261002T064953131491_rank2.jsonl,4528591,c4478af413233d9bed2b568f37735d9c3a08cdb70e5abdd6fe02c8751b5e72c2,SHA256_READ,sample_journal
formal__team_original_scratch__seed42/sample_journals/epoch0001_20261002T064953131513_rank1.jsonl,4640620,13cb2065d34e4975c32f373403d7ccbfa69e65326079047c36d2008656166738,SHA256_READ,sample_journal
formal__team_original_scratch__seed42/sample_journals/epoch0001_20261002T064953131825_rank3.jsonl,4609412,4c7df87fc771fcb3cbabd97dffb03c952ae8cc090e0de787f66b05db899e29da,SHA256_READ,sample_journal
formal__team_original_scratch__seed42/sample_journals/epoch0001_20261002T064953134860_rank5.jsonl,4730976,4ba198cdaf6286baba2ac2abce1b94f9195938f19fce12023f3db5547c6c3fe4,SHA256_READ,sample_journal
formal__team_original_scratch__seed42/sample_journals/epoch0001_20261002T064953134948_rank7.jsonl,4674612,44b2fd68c0c0319a34881ac53370452a4ce10f46de0efee6cdc6b1362783a084,SHA256_READ,sample_journal
formal__team_original_scratch__seed42/sample_journals/epoch0001_20261002T064953135011_rank4.jsonl,4553192,650731128a0e76b045b5a5531e5c3d6fb44e54ccaf204c4c0119e5c5a0cd3b4d,SHA256_READ,sample_journal
formal__team_original_scratch__seed42/sample_journals/epoch0001_20261002T064953138346_rank6.jsonl,4619851,46ff355f288af6337872d1f1e35e7e2e167c341b8bb6bc9988eae16d5b090725,SHA256_READ,sample_journal
formal__team_original_scratch__seed42/sample_journals/epoch0001_20261002T064953138957_rank12.jsonl,4638819,2fa6d9b30957531e4e21290116bf869850d4f54735f513341dc34503dd7c9be6,SHA256_READ,sample_journal
formal__team_original_scratch__seed42/sample_journals/epoch0001_20261002T064953138988_rank14.jsonl,4572407,4248fc2e065554e9df6a00673a62d39ad3744fb25acbaeec590d854c8fa2771d,SHA256_READ,sample_journal
formal__team_original_scratch__seed42/sample_journals/epoch0001_20261002T064953139486_rank15.jsonl,4582379,40bb570d9a0e8fcd3289facdc164e59173ec6c9839dab9e894d02633ad6c6293,SHA256_READ,sample_journal
formal__team_original_scratch__seed42/sample_journals/epoch0001_20261002T064953140439_rank8.jsonl,4644809,e3866942e4442574b36a13fee0ee55c9fa29617b1c1f8dbb68938cd6c259f119,SHA256_READ,sample_journal
formal__team_original_scratch__seed42/sample_journals/epoch0001_20261002T064953140494_rank11.jsonl,4648548,850d5b205810c248cc3873f2f6d264501636d3f8a4a3b2426aa063e9e336ea7d,SHA256_READ,sample_journal
formal__team_original_scratch__seed42/sample_journals/epoch0001_20261002T064953140950_rank10.jsonl,4626782,a51e3d710eaf6219d278fe00cb26993dd8d57cd79c351696935c72c6cc059011,SHA256_READ,sample_journal
formal__team_original_scratch__seed42/sample_journals/epoch0001_20261002T064953142382_rank13.jsonl,4631906,3604e8500b3ecde3cca95a1999a5167a6070864f35915b475e8d35c7cbb800af,SHA256_READ,sample_journal
formal__team_original_scratch__seed42/sample_journals/epoch0001_20261002T064953143660_rank9.jsonl,4666019,70c359c51992f34b615dafe80b834cc6c23bc3ccaf540a3df54edaa59414b41f,SHA256_READ,sample_journal
formal__team_original_scratch__seed42/sample_journals/epoch0001_20261002T064953958210_rank0.jsonl,4651126,6a19781ab4ebb2ed51e5c87ba2306ea02761ae886ed850c1f5ccdb2e1cf89503,SHA256_READ,sample_journal
formal__team_original_scratch__seed42/sample_journals/epoch0002_20261002T064953131491_rank2.jsonl,4584940,4a8a045f95b0e6e902162b9306f268eadc0376c435d0b897413fd511bd2c50e8,SHA256_READ,sample_journal
formal__team_original_scratch__seed42/sample_journals/epoch0002_20261002T064953131513_rank1.jsonl,4694502,345b7f92bef44989debbb41c4b3e9c7d536fa318000352b4c649e7a1ea29c083,SHA256_READ,sample_journal
formal__team_original_scratch__seed42/sample_journals/epoch0002_20261002T064953131825_rank3.jsonl,4577619,d73ad14a90d785514ef341675a5a9a6e123f339331dfc66dddf6695768419c76,SHA256_READ,sample_journal
formal__team_original_scratch__seed42/sample_journals/epoch0002_20261002T064953134860_rank5.jsonl,4585329,112af70a32f2a9f8a07508a9b806f6b69a2e4837bb0779c38bfefa83665faaf6,SHA256_READ,sample_journal
formal__team_original_scratch__seed42/sample_journals/epoch0002_20261002T064953134948_rank7.jsonl,4717191,1c528d55105dd11675a27e0d433ed4fb0ae3b9330317300ec899dd10264c56e1,SHA256_READ,sample_journal
formal__team_original_scratch__seed42/sample_journals/epoch0002_20261002T064953135011_rank4.jsonl,4608289,80ee66c8bc8705637880cab7c4f3d3746a0f07771fc9ff972895f523bc32639c,SHA256_READ,sample_journal
formal__team_original_scratch__seed42/sample_journals/epoch0002_20261002T064953138346_rank6.jsonl,4610102,e519b107deebcdf2d7a291ec38ebdb9a34325b98572e63b683b3ddadda6e5ca3,SHA256_READ,sample_journal
formal__team_original_scratch__seed42/sample_journals/epoch0002_20261002T064953138957_rank12.jsonl,4572648,8d0d6297217254f21795ad46b95ca86a5f5d7513d17ca9e4c53edbbbcb2d654a,SHA256_READ,sample_journal
formal__team_original_scratch__seed42/sample_journals/epoch0002_20261002T064953138988_rank14.jsonl,4652616,a55868ba12ec6c56005cf83c1c58a7d4bb8ccf6e58bfa6cddbdd5717c3601e8e,SHA256_READ,sample_journal
formal__team_original_scratch__seed42/sample_journals/epoch0002_20261002T064953139486_rank15.jsonl,4655039,688d6c64e7b0a17d6703178d70ff0c9f83b7526b07045d344deb66deff5a6fb6,SHA256_READ,sample_journal
formal__team_original_scratch__seed42/sample_journals/epoch0002_20261002T064953140439_rank8.jsonl,4636521,8d2e41f62358e875643d8eab55c04cf59f12109b8a177b0cd9cce9c69ae26598,SHA256_READ,sample_journal
formal__team_original_scratch__seed42/sample_journals/epoch0002_20261002T064953140494_rank11.jsonl,4694372,facf6ad2929accf6197493666188282081ec250a363d1726a13a8ce5481c7153,SHA256_READ,sample_journal
formal__team_original_scratch__seed42/sample_journals/epoch0002_20261002T064953140950_rank10.jsonl,4660538,091871706296f46d108db3376499d5c2a3585ce7e87be74976709a55b8ea89cf,SHA256_READ,sample_journal
formal__team_original_scratch__seed42/sample_journals/epoch0002_20261002T064953142382_rank13.jsonl,4625582,fedce2a913981036f87f70abfad4804f9781027be49a01d3bdc3d15ae77b2343,SHA256_READ,sample_journal
formal__team_original_scratch__seed42/sample_journals/epoch0002_20261002T064953143660_rank9.jsonl,4621707,d902f4b6b96813b29fa9b0076dba45cd676002f35a7ffdce75053fc7a04bf399,SHA256_READ,sample_journal
formal__team_original_scratch__seed42/sample_journals/epoch0002_20261002T064953958210_rank0.jsonl,4575446,a841c4269c60082c4d7f4f86879c607454fcae787b0dee67b87e015a428f22b6,SHA256_READ,sample_journal
formal__team_original_scratch__seed42/sample_journals/epoch0003_20261002T064953131491_rank2.jsonl,4579979,2b191b2f830e28964546e07898b6f3d6959be1b0bda45df84bc04a88f73bc3bc,SHA256_READ,sample_journal
formal__team_original_scratch__seed42/sample_journals/epoch0003_20261002T064953131513_rank1.jsonl,4644580,922fe277a7066b8e4184aeeb8e576c79bde756124b9014b029333c9e39bae1f6,SHA256_READ,sample_journal
formal__team_original_scratch__seed42/sample_journals/epoch0003_20261002T064953131825_rank3.jsonl,4612714,dcf2ae9484e892ffe12bad364c2f4c82819a568bca913b5271f7d943fdf995dc,SHA256_READ,sample_journal
formal__team_original_scratch__seed42/sample_journals/epoch0003_20261002T064953134860_rank5.jsonl,4616097,e8ade1e87744067575e5947363060be6b0c943fde84de3cf26cb9f0a8b3c643a,SHA256_READ,sample_journal
formal__team_original_scratch__seed42/sample_journals/epoch0003_20261002T064953134948_rank7.jsonl,4704600,33d8f4e1a675bf8dda79ef06b7bb28286831280f41dd3a1784af3bd09b7d3ff2,SHA256_READ,sample_journal
formal__team_original_scratch__seed42/sample_journals/epoch0003_20261002T064953135011_rank4.jsonl,4654541,8f984e5cae6842722b19046f7af4545762dd00e057311d7db4ac21b8eab0cc8a,SHA256_READ,sample_journal
formal__team_original_scratch__seed42/sample_journals/epoch0003_20261002T064953138346_rank6.jsonl,4633162,ef2719c235bdcf849f67de77b2f022fb8a37ec6e007f3a149823be53495941b6,SHA256_READ,sample_journal
formal__team_original_scratch__seed42/sample_journals/epoch0003_20261002T064953138957_rank12.jsonl,4561043,babc04e8355524b8a964cb78e99c1dadddad333b777bd27cb0acdb15ccdcbb92,SHA256_READ,sample_journal
formal__team_original_scratch__seed42/sample_journals/epoch0003_20261002T064953138988_rank14.jsonl,4620881,d25d18ac1b46c95964262ae5bbf0056ba43399a1edd10d5c17af969b0c108855,SHA256_READ,sample_journal
formal__team_original_scratch__seed42/sample_journals/epoch0003_20261002T064953139486_rank15.jsonl,4607194,9be2afe4b9da44bf25d19842f111a1226d35f0ba7fe81c9df6b4ec30d28947c9,SHA256_READ,sample_journal
formal__team_original_scratch__seed42/sample_journals/epoch0003_20261002T064953140439_rank8.jsonl,4643059,c21eaf4b944f7844b7bdb41cd92c41d6ee8b1be122b820066e681b674f5bdcc4,SHA256_READ,sample_journal
formal__team_original_scratch__seed42/sample_journals/epoch0003_20261002T064953140494_rank11.jsonl,4587576,e9322feca98a321025fa1db52a578351787365e83882fe5cfdaf66cc1243eec6,SHA256_READ,sample_journal
formal__team_original_scratch__seed42/sample_journals/epoch0003_20261002T064953140950_rank10.jsonl,4646431,c5197b4414268e33ac6ea813234dd9adf1d95060359411c8de62ed518bbe3749,SHA256_READ,sample_journal
formal__team_original_scratch__seed42/sample_journals/epoch0003_20261002T064953142382_rank13.jsonl,4685947,41b8620a1c020a843a344dd50cab39d6418aa4c799cb09bb31176e7d80b753d2,SHA256_READ,sample_journal
formal__team_original_scratch__seed42/sample_journals/epoch0003_20261002T064953143660_rank9.jsonl,4627712,de407632e6065d72e4407475e0f9bffa9818a6f58e4f5ca67e90e14622d2e8ae,SHA256_READ,sample_journal
formal__team_original_scratch__seed42/sample_journals/epoch0003_20261002T064953958210_rank0.jsonl,4685190,0e0f049008157ae8d21fd90f9399befd64120f3c433bc84e77e3b11d4d0dcd4f,SHA256_READ,sample_journal
formal__team_original_scratch__seed42/sample_journals/epoch0004_20261002T064953131491_rank2.jsonl,4582342,ffb6f5e0ce5b76a3935486ab978cad730c397b1dbd572d4ff3052c3df2592127,SHA256_READ,sample_journal
formal__team_original_scratch__seed42/sample_journals/epoch0004_20261002T064953131513_rank1.jsonl,4708709,a299617b92140569f2708f32a6c9a9a3d4e9eb5f3b8c10121594654bc55f1a58,SHA256_READ,sample_journal
formal__team_original_scratch__seed42/sample_journals/epoch0004_20261002T064953131825_rank3.jsonl,4540448,8192bfcf40a49fdf016b157d73da883faa9e63863c01d41303f214e33e19c95c,SHA256_READ,sample_journal
formal__team_original_scratch__seed42/sample_journals/epoch0004_20261002T064953134860_rank5.jsonl,4690671,04a0f11b32774e3204381bf6fca2262c7cf2b3c04e7515030f0cdf1e4ab9e572,SHA256_READ,sample_journal
formal__team_original_scratch__seed42/sample_journals/epoch0004_20261002T064953134948_rank7.jsonl,4598187,14806f13c6960079338c27a5339bad15271b2cc783520dd03aad2dc10f335295,SHA256_READ,sample_journal
formal__team_original_scratch__seed42/sample_journals/epoch0004_20261002T064953135011_rank4.jsonl,4660502,b26cd54f28c0478eb5d11e81831238a39a7895d5fc37b8a2253ffa252737922d,SHA256_READ,sample_journal
formal__team_original_scratch__seed42/sample_journals/epoch0004_20261002T064953138346_rank6.jsonl,4634943,890e16a3f8d338b9c5f554cb29a4374139a15f37e2669b1261f79c6d25f8bcc4,SHA256_READ,sample_journal
formal__team_original_scratch__seed42/sample_journals/epoch0004_20261002T064953138957_rank12.jsonl,4639394,9b273b9f51b88777107568d74572a26ff634490c00f5d6f4bc92f6a85e57d229,SHA256_READ,sample_journal
formal__team_original_scratch__seed42/sample_journals/epoch0004_20261002T064953138988_rank14.jsonl,4668779,a431ce956ef7a7096fe04ef3687be61f6fe06a6ac220c20e1ec491e481dbbe2d,SHA256_READ,sample_journal
formal__team_original_scratch__seed42/sample_journals/epoch0004_20261002T064953139486_rank15.jsonl,4586686,4076b1d9586276a1cfa7e651e0ebeb8fa839764681de2da670341473a25a6b8a,SHA256_READ,sample_journal
formal__team_original_scratch__seed42/sample_journals/epoch0004_20261002T064953140439_rank8.jsonl,4672225,e1b24d3310c31e8e6a5036ff7310bb69386a1fd34f31a85d69949d575d0b01fa,SHA256_READ,sample_journal
formal__team_original_scratch__seed42/sample_journals/epoch0004_20261002T064953140494_rank11.jsonl,4583550,83fc44d5c90998382be4f3fcc9fa4b9dce86cc19bbaac83ab8e31a311b2d059b,SHA256_READ,sample_journal
formal__team_original_scratch__seed42/sample_journals/epoch0004_20261002T064953140950_rank10.jsonl,4702377,4f80e444213257747104c97e707ea6cd6887eb3c2157e76348a70db2eb6570c9,SHA256_READ,sample_journal
formal__team_original_scratch__seed42/sample_journals/epoch0004_20261002T064953142382_rank13.jsonl,4625240,b348358690630ac8b1abac17f8761e93c081f4082d75f1099544d7028eaa7fa2,SHA256_READ,sample_journal
formal__team_original_scratch__seed42/sample_journals/epoch0004_20261002T064953143660_rank9.jsonl,4567350,af3397cb37e1454512df440b0c46aff4765a8b8f850de89130354a541b6f4510,SHA256_READ,sample_journal
formal__team_original_scratch__seed42/sample_journals/epoch0004_20261002T064953958210_rank0.jsonl,4614942,6de9b6cb6a9a6650d349d8adb7ad70f5e87ad56e0d5c4ee75358fdb8cdaf2e0a,SHA256_READ,sample_journal
formal__team_original_scratch__seed42/sample_journals/epoch0005_20261002T064953131491_rank2.jsonl,4678401,89755ce2cd6809bc1fc7e55e0b411e02fc2a1ac68ab5eead16b54c79254749e6,SHA256_READ,sample_journal
formal__team_original_scratch__seed42/sample_journals/epoch0005_20261002T064953131513_rank1.jsonl,4588445,b2025d1f7af23077d05ce0d2c4335a88ae524d35a36a31481df2f4e227847a6d,SHA256_READ,sample_journal
formal__team_original_scratch__seed42/sample_journals/epoch0005_20261002T064953131825_rank3.jsonl,4657106,36ce143f411f3d5c96a6e5442f896eb8eff0b5018afdacc03ae8a9a8dcfb9943,SHA256_READ,sample_journal
formal__team_original_scratch__seed42/sample_journals/epoch0005_20261002T064953134860_rank5.jsonl,4592784,eb98e93086a9e116607ddfcea20b9085d33a74c9e711452651f61b79dcb6b4b1,SHA256_READ,sample_journal
formal__team_original_scratch__seed42/sample_journals/epoch0005_20261002T064953134948_rank7.jsonl,4589519,c0fae670724323159d702ae21b247f1c322fe2ee36ee622f96c8d3264831f9f3,SHA256_READ,sample_journal
formal__team_original_scratch__seed42/sample_journals/epoch0005_20261002T064953135011_rank4.jsonl,4720511,05eb452857699554a0827a7e2978e4488a5486ecd66dd1f5dba7480728f030d8,SHA256_READ,sample_journal
formal__team_original_scratch__seed42/sample_journals/epoch0005_20261002T064953138346_rank6.jsonl,4675534,62626d1e4181094268b2b9e8a30361f4750d02ce81a5263469666c0fbdc1615f,SHA256_READ,sample_journal
formal__team_original_scratch__seed42/sample_journals/epoch0005_20261002T064953138957_rank12.jsonl,4585599,e26f49dc86bcebf157849df46f3a4d67df4c9f904f4ea53d010debb102cdddb9,SHA256_READ,sample_journal
formal__team_original_scratch__seed42/sample_journals/epoch0005_20261002T064953138988_rank14.jsonl,4666621,5f78aa01fe4dd579980944bcaca1380d4f6a303ba747e8344c46892894792e1c,SHA256_READ,sample_journal
formal__team_original_scratch__seed42/sample_journals/epoch0005_20261002T064953139486_rank15.jsonl,4650117,1a9563298171eec26f27a3976fddbbd52278c70a3083dccbe89d37ab7a10c09c,SHA256_READ,sample_journal
formal__team_original_scratch__seed42/sample_journals/epoch0005_20261002T064953140439_rank8.jsonl,4635441,daf0738777adb62e9977379b783a94d56e461e6f833c65edea3a45a2bcef9a9c,SHA256_READ,sample_journal
formal__team_original_scratch__seed42/sample_journals/epoch0005_20261002T064953140494_rank11.jsonl,4652700,60ba30df4492f612e1cb24927dc76d917923911f3835e980e1a722e249b7e235,SHA256_READ,sample_journal
formal__team_original_scratch__seed42/sample_journals/epoch0005_20261002T064953140950_rank10.jsonl,4609052,8eaa508ed469ad7b17fe5ed3526bb57537ddaee4e273015eeee787becdfda985,SHA256_READ,sample_journal
formal__team_original_scratch__seed42/sample_journals/epoch0005_20261002T064953142382_rank13.jsonl,4598613,19a44c0d9ad605d32a005fc1f96dead3db0db8ea790c51d83816eb7630881eba,SHA256_READ,sample_journal
formal__team_original_scratch__seed42/sample_journals/epoch0005_20261002T064953143660_rank9.jsonl,4566374,69913bc8f7ced51f385f9ea022125185911dab71a5ff64bc4dace42d3774ce41,SHA256_READ,sample_journal
formal__team_original_scratch__seed42/sample_journals/epoch0005_20261002T064953958210_rank0.jsonl,4541284,e8d74ed3f0f29e33abb981810fb26df7d0088beb0a4fec4fda89cb4833bb9df4,SHA256_READ,sample_journal
formal__team_original_scratch__seed42/sample_journals/epoch0006_20261002T064953131491_rank2.jsonl,4684792,512718816cc8435be50524a891d6aedafe5aadd4c6372df009c2bc55d90fa1c4,SHA256_READ,sample_journal
formal__team_original_scratch__seed42/sample_journals/epoch0006_20261002T064953131513_rank1.jsonl,4639909,8f57127a6ec49b55e7440cc0eda571c58f193ed02320f6492b6ff28c76b4b36f,SHA256_READ,sample_journal
formal__team_original_scratch__seed42/sample_journals/epoch0006_20261002T064953131825_rank3.jsonl,4649655,923320f799a27278f4721e6011b12a8007da1bf86a41cde68c598a508cd0d8b1,SHA256_READ,sample_journal
formal__team_original_scratch__seed42/sample_journals/epoch0006_20261002T064953134860_rank5.jsonl,4607964,04304851698dd87c2e97e439a6524dd6b414d80aa84fe09c31761ddb78b5026e,SHA256_READ,sample_journal
formal__team_original_scratch__seed42/sample_journals/epoch0006_20261002T064953134948_rank7.jsonl,4683039,7e83cdc2cab17e59bdeafa9081515959c7c34ad8d7dae60e12cffccb583ee5dd,SHA256_READ,sample_journal
formal__team_original_scratch__seed42/sample_journals/epoch0006_20261002T064953135011_rank4.jsonl,4611379,99b7135b891fa545f7ef58769de57fad2e70e4206a108e74bc6deb0353f8d56d,SHA256_READ,sample_journal
formal__team_original_scratch__seed42/sample_journals/epoch0006_20261002T064953138346_rank6.jsonl,4609008,218691c2343f1378d9bec6d31894c0658fe1a0181f53b69ee2b60fd43f54d9b8,SHA256_READ,sample_journal
formal__team_original_scratch__seed42/sample_journals/epoch0006_20261002T064953138957_rank12.jsonl,4627221,d188cbecb321c45e7951fc07411137d538b33c50828823a0f4302e2f636c5c6c,SHA256_READ,sample_journal
formal__team_original_scratch__seed42/sample_journals/epoch0006_20261002T064953138988_rank14.jsonl,4599380,5a00fa11e3e674e7d332d33fa5fa8d0680d4ae09b03ed17ac09a682d4c12b58c,SHA256_READ,sample_journal
formal__team_original_scratch__seed42/sample_journals/epoch0006_20261002T064953139486_rank15.jsonl,4640465,7c3d642d8dc1f9b53af000e9f7a87c57365c18de18d0b2d3c0628d1d74714fca,SHA256_READ,sample_journal
formal__team_original_scratch__seed42/sample_journals/epoch0006_20261002T064953140439_rank8.jsonl,4612974,0e9c3c738fa6a38ae569dbaaf67a23978e713f782df2435d1a891f68658221b4,SHA256_READ,sample_journal
formal__team_original_scratch__seed42/sample_journals/epoch0006_20261002T064953140494_rank11.jsonl,4663266,3c843c0afcf6c167b24eb890f96c386f0f29328e7cc106f500f669c636965140,SHA256_READ,sample_journal
formal__team_original_scratch__seed42/sample_journals/epoch0006_20261002T064953140950_rank10.jsonl,4560378,9a5afea8cfbeebd4b9ab1b1120509420d1d007973bfe13e9b22cbf7ec659c30b,SHA256_READ,sample_journal
formal__team_original_scratch__seed42/sample_journals/epoch0006_20261002T064953142382_rank13.jsonl,4639061,92d63a553f1659962dbbf591c191cf945309e31691c88133a0c380071ef258e6,SHA256_READ,sample_journal
formal__team_original_scratch__seed42/sample_journals/epoch0006_20261002T064953143660_rank9.jsonl,4623794,00ccd73d386e53999b680f24e5669a29c82d4e342531910864f86823874c8576,SHA256_READ,sample_journal
formal__team_original_scratch__seed42/sample_journals/epoch0006_20261002T064953958210_rank0.jsonl,4628077,f993ac813e312b209a2028b9207185fce72e35b5d3551cc526a9f38376d3f4a1,SHA256_READ,sample_journal
formal__team_original_scratch__seed42/sample_journals/epoch0007_20261002T064953131491_rank2.jsonl,4628265,9ed4365b2b1113840199474d517db04150521a8019ea2b05876652910d55385a,SHA256_READ,sample_journal
formal__team_original_scratch__seed42/sample_journals/epoch0007_20261002T064953131513_rank1.jsonl,4657135,27915279259545fdfab97f19f1a3a87d973d148d860b75f6224e8f5020553eb0,SHA256_READ,sample_journal
formal__team_original_scratch__seed42/sample_journals/epoch0007_20261002T064953131825_rank3.jsonl,4561477,48fb63128fcc08c30e85f143c3e97d476cf15f5d8ecaa199317782a44a92891c,SHA256_READ,sample_journal
formal__team_original_scratch__seed42/sample_journals/epoch0007_20261002T064953134860_rank5.jsonl,4636527,533d74c93ef043e68cc8e7e693700a958a34bb22d481312a28090d7a6cd0c4e7,SHA256_READ,sample_journal
formal__team_original_scratch__seed42/sample_journals/epoch0007_20261002T064953134948_rank7.jsonl,4621874,0e3d50964fcf23150a069f744a8c218657f1b01ec64fdf725ac87693bfa6c30f,SHA256_READ,sample_journal
formal__team_original_scratch__seed42/sample_journals/epoch0007_20261002T064953135011_rank4.jsonl,4685531,84d3b167bd3ea281c4bbf5f3cb1419c8bcd64c5fe8be67458222438c21156473,SHA256_READ,sample_journal
formal__team_original_scratch__seed42/sample_journals/epoch0007_20261002T064953138346_rank6.jsonl,4636699,149ed4202195f3302a78d9f45708f035571ed214495a0a67297790b6516ef7e8,SHA256_READ,sample_journal
formal__team_original_scratch__seed42/sample_journals/epoch0007_20261002T064953138957_rank12.jsonl,4748741,a5f796f2512fe08eb4036b50badbb558b9278de99a55690b07f593555f288b16,SHA256_READ,sample_journal
formal__team_original_scratch__seed42/sample_journals/epoch0007_20261002T064953138988_rank14.jsonl,4682568,fdbcc05c0c53bd0f5748b034b7e5eeceea37926659563b9ce8167b528e715c6e,SHA256_READ,sample_journal
formal__team_original_scratch__seed42/sample_journals/epoch0007_20261002T064953139486_rank15.jsonl,4677163,c276341a1ca2ecd60432d54c4c06ccd88b8ba322302306dd93ecf9bde9b5ee04,SHA256_READ,sample_journal
formal__team_original_scratch__seed42/sample_journals/epoch0007_20261002T064953140439_rank8.jsonl,4606128,6ee66428e4fbfb6d1dba39b9d3609e7425d504585338650f5cd9ec1e5e5db2cd,SHA256_READ,sample_journal
formal__team_original_scratch__seed42/sample_journals/epoch0007_20261002T064953140494_rank11.jsonl,4593338,58cc36bb20441a0a1ae9da2239d9e8d949f9358b72b2f1971b8c3fd54a7afbe0,SHA256_READ,sample_journal
formal__team_original_scratch__seed42/sample_journals/epoch0007_20261002T064953140950_rank10.jsonl,4684973,292517a317410d978156a178d1d69b955356398fcc0af4bc7bcbe8706c7e1b8c,SHA256_READ,sample_journal
formal__team_original_scratch__seed42/sample_journals/epoch0007_20261002T064953142382_rank13.jsonl,4600641,925eee008e56c7c4b152d837c2c92591b23b0f4c2e97c5d0f3f78890a5e67484,SHA256_READ,sample_journal
formal__team_original_scratch__seed42/sample_journals/epoch0007_20261002T064953143660_rank9.jsonl,4613440,9018dcac0cb36ffc4eaeb06ad9ce9e64711cadd124f1f7653230519fe08222e8,SHA256_READ,sample_journal
formal__team_original_scratch__seed42/sample_journals/epoch0007_20261002T064953958210_rank0.jsonl,4603189,02f424821ec996e31fbde0f93109cd4ca96d8921c8614ffb4be876d58f685f2f,SHA256_READ,sample_journal
formal__team_original_scratch__seed42/sample_journals/epoch0008_20261002T064953131491_rank2.jsonl,4557277,b036dd0a49120a851855a4388bb1387becbce01c0786f3d80c973471943d79a8,SHA256_READ,sample_journal
formal__team_original_scratch__seed42/sample_journals/epoch0008_20261002T064953131513_rank1.jsonl,4589633,851ababca084f39b86be60ec3ed810495c00816e8b1f1d878150d988bb3413ca,SHA256_READ,sample_journal
formal__team_original_scratch__seed42/sample_journals/epoch0008_20261002T064953131825_rank3.jsonl,4657234,1f464bf5bc36f6fe5262e6e590943f5c156c36fbdf68a35e38aa727b1bf04fd3,SHA256_READ,sample_journal
formal__team_original_scratch__seed42/sample_journals/epoch0008_20261002T064953134860_rank5.jsonl,4692044,fc4013ff58092a3d68c40e821252beaf77fd4b90a0557f72fdfb8bd752988c9b,SHA256_READ,sample_journal
formal__team_original_scratch__seed42/sample_journals/epoch0008_20261002T064953134948_rank7.jsonl,4531301,6a64f94cc9d35785d5adf394af526215985f8cecfc3a13be25658baf43929499,SHA256_READ,sample_journal
formal__team_original_scratch__seed42/sample_journals/epoch0008_20261002T064953135011_rank4.jsonl,4686811,fa983bff97d1c8d4e9be5931f27d54741e1f2133b8def7c7304c70b3f1752a16,SHA256_READ,sample_journal
formal__team_original_scratch__seed42/sample_journals/epoch0008_20261002T064953138346_rank6.jsonl,4634618,fa5afbc6bf50a699a8394ef7a3c0431a29a46ae845fb494b01a46b3292349a6d,SHA256_READ,sample_journal
formal__team_original_scratch__seed42/sample_journals/epoch0008_20261002T064953138957_rank12.jsonl,4525041,86f9f293c12ffe05f7ac89d69befc753dab0a33570438b15e659a00843e83620,SHA256_READ,sample_journal
formal__team_original_scratch__seed42/sample_journals/epoch0008_20261002T064953138988_rank14.jsonl,4629311,1bdbec242c6ab05ec30117db584910fc7cc633d1c746fcca44ee38399b1af1e9,SHA256_READ,sample_journal
formal__team_original_scratch__seed42/sample_journals/epoch0008_20261002T064953139486_rank15.jsonl,4613004,8177552257b5bc711cd44b912e874b94a1cffc32814c624a546d04fc41180a03,SHA256_READ,sample_journal
formal__team_original_scratch__seed42/sample_journals/epoch0008_20261002T064953140439_rank8.jsonl,4705147,a3a0b25592e8c1753349db5f95f2e3884bea410b8a5e3987221586c257b589f1,SHA256_READ,sample_journal
formal__team_original_scratch__seed42/sample_journals/epoch0008_20261002T064953140494_rank11.jsonl,4588292,64d9b337a452d8575a86271db5c1a7c72eb1d02bf76f3199725f28b79cae2258,SHA256_READ,sample_journal
formal__team_original_scratch__seed42/sample_journals/epoch0008_20261002T064953140950_rank10.jsonl,4699750,834d4c643caff93288809f63761e278834eeea24366933fa6b4170ad1b1cddea,SHA256_READ,sample_journal
formal__team_original_scratch__seed42/sample_journals/epoch0008_20261002T064953142382_rank13.jsonl,4641220,7eb18f2296a392b1354e5a9c5b4dca8df6f5426de18253214b2c2dbd75a81677,SHA256_READ,sample_journal
formal__team_original_scratch__seed42/sample_journals/epoch0008_20261002T064953143660_rank9.jsonl,4615813,db3100d22367537f9a84d5c5cfea659cdab4bff90843f1d96c2ba1315a9ce737,SHA256_READ,sample_journal
formal__team_original_scratch__seed42/sample_journals/epoch0008_20261002T064953958210_rank0.jsonl,4679055,02f66bb5a85b3918c67c6c090aa1fbfc6da17021a304f091b09574ec1cb80e37,SHA256_READ,sample_journal
formal__team_original_scratch__seed42/sample_journals/epoch0009_20261002T064953131491_rank2.jsonl,4671886,748cf8c945567f978eb7058d211af2f3364ee6a1abfaebce471b2b0a37849760,SHA256_READ,sample_journal
formal__team_original_scratch__seed42/sample_journals/epoch0009_20261002T064953131513_rank1.jsonl,4661690,8d3f58daa592cf65387a92291deb2bee5ac248f4fe7fb1e6374f285c78e9eb1f,SHA256_READ,sample_journal
formal__team_original_scratch__seed42/sample_journals/epoch0009_20261002T064953131825_rank3.jsonl,4655421,c15a657a1309c89c9d505acafab3ac3d8cab0c3c5ef94dee025c8f55b8350895,SHA256_READ,sample_journal
formal__team_original_scratch__seed42/sample_journals/epoch0009_20261002T064953134860_rank5.jsonl,4543913,d32bcb265dea9e1c6d4941c7b89408aa1d93672b45810e2a6bc92779119bf8b3,SHA256_READ,sample_journal
formal__team_original_scratch__seed42/sample_journals/epoch0009_20261002T064953134948_rank7.jsonl,4624805,69c959cb32e2f8ddf844ef9963f7967ada40f9d8c3d591cd11637438a77807f7,SHA256_READ,sample_journal
formal__team_original_scratch__seed42/sample_journals/epoch0009_20261002T064953135011_rank4.jsonl,4590191,500b76d32fb3217c9cfdaf6a63c577cfc52423a24dbcdb32109fc44ce10d73e7,SHA256_READ,sample_journal
formal__team_original_scratch__seed42/sample_journals/epoch0009_20261002T064953138346_rank6.jsonl,4642271,d05610dc6ece2ac897a48989f38b6410d74106504bdf8560090081ad7e120d73,SHA256_READ,sample_journal
formal__team_original_scratch__seed42/sample_journals/epoch0009_20261002T064953138957_rank12.jsonl,4613804,a626f5048eacb33f39a3697087441b370c249a257539f1799f79f100b91e613d,SHA256_READ,sample_journal
formal__team_original_scratch__seed42/sample_journals/epoch0009_20261002T064953138988_rank14.jsonl,4706061,4cbba9a78aed6e3d4ab3bd2feb3c3a404d4eadd5275e7dcbb2fc8d82a7cae1f0,SHA256_READ,sample_journal
formal__team_original_scratch__seed42/sample_journals/epoch0009_20261002T064953139486_rank15.jsonl,4619844,11dc0477846821720b018b21d5926dd482ba65c544279fe622b480e223d9e214,SHA256_READ,sample_journal
formal__team_original_scratch__seed42/sample_journals/epoch0009_20261002T064953140439_rank8.jsonl,4573846,1027da43b12f54e538f2f831a24e39be0b6a94d1b4e53cf4bb29787e8ebf6fb3,SHA256_READ,sample_journal
formal__team_original_scratch__seed42/sample_journals/epoch0009_20261002T064953140494_rank11.jsonl,4625644,cb8a4067608b012612ea7fb7840fb4777d569059645109a8b86a7310f7c6916d,SHA256_READ,sample_journal
formal__team_original_scratch__seed42/sample_journals/epoch0009_20261002T064953140950_rank10.jsonl,4690908,de701f076058c91afe17c7b8e7ea6a820ad6b2db58e1e86e9155de5a974b7c69,SHA256_READ,sample_journal
formal__team_original_scratch__seed42/sample_journals/epoch0009_20261002T064953142382_rank13.jsonl,4641322,8ef99552e3da866c1771a9c8a735a55af2a43cdf8ace813119fe892672b6cda9,SHA256_READ,sample_journal
formal__team_original_scratch__seed42/sample_journals/epoch0009_20261002T064953143660_rank9.jsonl,4581912,6343c166f699b925ed213c86d2520b6a7380379e37862c5a348bbcdb245da704,SHA256_READ,sample_journal
formal__team_original_scratch__seed42/sample_journals/epoch0009_20261002T064953958210_rank0.jsonl,4608747,21fa38cfeabd3258c9addd10e4c8141bd45fda89b97fa10f034fb3b7de18dfbb,SHA256_READ,sample_journal
formal__team_original_scratch__seed42/sample_journals/epoch0010_20261002T064953131491_rank2.jsonl,4614669,17c877821ea50cfbefbbb631a7174baf36948a4fc7133b90b859146c91bd2c21,SHA256_READ,sample_journal
formal__team_original_scratch__seed42/sample_journals/epoch0010_20261002T064953131513_rank1.jsonl,4629079,95d2138c39c58fac4f43bf49b782d838a34b84472a37b010ddb924983a7eeeee,SHA256_READ,sample_journal
formal__team_original_scratch__seed42/sample_journals/epoch0010_20261002T064953131825_rank3.jsonl,4617466,16b65f8d4d54d6bfda345857cfb194a97f2d2d2fe4fd4abb2e178d54151d3b08,SHA256_READ,sample_journal
formal__team_original_scratch__seed42/sample_journals/epoch0010_20261002T064953134860_rank5.jsonl,4620468,8e35a83976bf8e891328c77f1a98a2bf8f0ff7f07668beb5c555912d885334a0,SHA256_READ,sample_journal
formal__team_original_scratch__seed42/sample_journals/epoch0010_20261002T064953134948_rank7.jsonl,4630204,fa5cf0980395d49c5ab87340267a6cad7b9c2ff5d3b683559873181d3126d651,SHA256_READ,sample_journal
formal__team_original_scratch__seed42/sample_journals/epoch0010_20261002T064953135011_rank4.jsonl,4672141,46ccb26ef5c71dfcb03f4a4c1c45659db4b913898c371c246588872965f77cc5,SHA256_READ,sample_journal
formal__team_original_scratch__seed42/sample_journals/epoch0010_20261002T064953138346_rank6.jsonl,4579368,a593e7de1b371160d2a2534b04a738e4003077352f4667421d7dcfcd6816a03c,SHA256_READ,sample_journal
formal__team_original_scratch__seed42/sample_journals/epoch0010_20261002T064953138957_rank12.jsonl,4700628,0ec66dff817b0248633a753e0b241a169d7533db6a5fb161d455b4669f8ee9aa,SHA256_READ,sample_journal
formal__team_original_scratch__seed42/sample_journals/epoch0010_20261002T064953138988_rank14.jsonl,4687064,a7e5327a0cd944be8acd082407099eae1f6e74fd1c013f889d6308dfebf3c724,SHA256_READ,sample_journal
formal__team_original_scratch__seed42/sample_journals/epoch0010_20261002T064953139486_rank15.jsonl,4587003,4ad7b4b8c71b224b7c437f156e4f43c43491b0ebaeffd96c12dd495a6d736fbf,SHA256_READ,sample_journal
formal__team_original_scratch__seed42/sample_journals/epoch0010_20261002T064953140439_rank8.jsonl,4664041,e82d71d5afc5c08291e7dd876baf1c906d47a80a3d4f68027f32a97f4303e038,SHA256_READ,sample_journal
formal__team_original_scratch__seed42/sample_journals/epoch0010_20261002T064953140494_rank11.jsonl,4624606,01e819e20149b07bfe38c44b78395af990549fb802b6cb00817d198a20a56ded,SHA256_READ,sample_journal
formal__team_original_scratch__seed42/sample_journals/epoch0010_20261002T064953140950_rank10.jsonl,4621275,d0f6566deb04e4a4657e840e5f8cb179cc7b117b886a02c89d6b07709a89d72b,SHA256_READ,sample_journal
formal__team_original_scratch__seed42/sample_journals/epoch0010_20261002T064953142382_rank13.jsonl,4650957,f07e76fd27009b78913474ad58ec34b127a52430042e28ecbe6b37397477b37b,SHA256_READ,sample_journal
formal__team_original_scratch__seed42/sample_journals/epoch0010_20261002T064953143660_rank9.jsonl,4693663,53aa4113e4b8e01f46930a7b93114b310089b1bbcc593f486d2d9839484afe94,SHA256_READ,sample_journal
formal__team_original_scratch__seed42/sample_journals/epoch0010_20261002T064953958210_rank0.jsonl,4602788,7388471e5121a55a05eb8e4e088a8bf4ba96c2321fa8529af617cef7a0243fab,SHA256_READ,sample_journal
formal__team_original_scratch__seed42/sample_journals/epoch0011_20261002T064953131491_rank2.jsonl,4572668,bc45c3672f6ff1ab7e3ee7afb650c614dbcb2b831d9bf7f9c616e685308c2fd3,SHA256_READ,sample_journal
formal__team_original_scratch__seed42/sample_journals/epoch0011_20261002T064953131513_rank1.jsonl,4639986,8ce3bcf363d651518fdff15afc4fa35b94bd85d6598288654d095e5185ecf9bc,SHA256_READ,sample_journal
formal__team_original_scratch__seed42/sample_journals/epoch0011_20261002T064953131825_rank3.jsonl,4628445,251ce9a698bdfd33f7d47c6399fb8a056647da440d280fac3fbe26b34496261a,SHA256_READ,sample_journal
formal__team_original_scratch__seed42/sample_journals/epoch0011_20261002T064953134860_rank5.jsonl,4600395,a764625001084c1fe06640bd92782928ca4adb3680e18465530378b636b6c009,SHA256_READ,sample_journal
formal__team_original_scratch__seed42/sample_journals/epoch0011_20261002T064953134948_rank7.jsonl,4610563,10f8e05ffdcdf73822137e85412c2353bae2d83dcb8fb50460d988af8c9986cb,SHA256_READ,sample_journal
formal__team_original_scratch__seed42/sample_journals/epoch0011_20261002T064953135011_rank4.jsonl,4679058,767c95fd6031ddc2b154bd4a3cc0660d0e2f80634fdbe78e699fab53034aa4c1,SHA256_READ,sample_journal
formal__team_original_scratch__seed42/sample_journals/epoch0011_20261002T064953138346_rank6.jsonl,4635210,a041cfbe8c53d3bf0ed63a27577cdf16a2265bfa67c16855e70514dbc02d2035,SHA256_READ,sample_journal
formal__team_original_scratch__seed42/sample_journals/epoch0011_20261002T064953138957_rank12.jsonl,4660884,7d91ec60dd99ce4be27873482601b7025816a5b14952f8564ed64aa6bbba60d7,SHA256_READ,sample_journal
formal__team_original_scratch__seed42/sample_journals/epoch0011_20261002T064953138988_rank14.jsonl,4642942,419d69f7b0432b828cacbfcc9553f87f4a302f110b916bc2c1794a7a29e72b72,SHA256_READ,sample_journal
formal__team_original_scratch__seed42/sample_journals/epoch0011_20261002T064953139486_rank15.jsonl,4642093,e7dbaa8683f9da9b8e0e2ef5e07f87815b78ef1ee8662cf161a725e03725e858,SHA256_READ,sample_journal
formal__team_original_scratch__seed42/sample_journals/epoch0011_20261002T064953140439_rank8.jsonl,4651891,9e53e5e790f04ae3645528a0cb3f12838ff60a357c0d4a774525c3cea9da0257,SHA256_READ,sample_journal
formal__team_original_scratch__seed42/sample_journals/epoch0011_20261002T064953140494_rank11.jsonl,4655124,19d01fa56bf3c51c9347c2a33ac0de1d3f3676bd3f2c11c423c6984e36ce9991,SHA256_READ,sample_journal
formal__team_original_scratch__seed42/sample_journals/epoch0011_20261002T064953140950_rank10.jsonl,4619723,912e928bd2e73b6cfafebedb182c97e71c4f9a73c0e14e68dae7e691a4dab535,SHA256_READ,sample_journal
formal__team_original_scratch__seed42/sample_journals/epoch0011_20261002T064953142382_rank13.jsonl,4667101,24cabf59e92ffa5c29da3dc0ef3fdd3f05f428670ad3a103ad0b673b4d623601,SHA256_READ,sample_journal
formal__team_original_scratch__seed42/sample_journals/epoch0011_20261002T064953143660_rank9.jsonl,4657805,9424e09136d1687752b3fbeff51fdadcb49d7e574e9665137e1389f4ab17a309,SHA256_READ,sample_journal
formal__team_original_scratch__seed42/sample_journals/epoch0011_20261002T064953958210_rank0.jsonl,4603890,c48a96c85995ad9be0856d64cf5a336fc05186560e491699ca9c4e6a0a32cd90,SHA256_READ,sample_journal
formal__team_original_scratch__seed42/sample_journals/epoch0012_20261002T064953131491_rank2.jsonl,4589817,cab6f3aef5b2e71f125509acc68e521c888ee7e187fbe971c0c8c9a69b9f6182,SHA256_READ,sample_journal
formal__team_original_scratch__seed42/sample_journals/epoch0012_20261002T064953131513_rank1.jsonl,4653147,60147d2b4b287630bd913a8d99c54ec2be510ecc654957f79eca236033cb08e7,SHA256_READ,sample_journal
formal__team_original_scratch__seed42/sample_journals/epoch0012_20261002T064953131825_rank3.jsonl,4657947,31a2b99f15fdf7d9e553bce8f5ea80217127a76621389c959f43b84aae192834,SHA256_READ,sample_journal
formal__team_original_scratch__seed42/sample_journals/epoch0012_20261002T064953134860_rank5.jsonl,4540580,c099101e2ef4986ac2f2fa9045adc8220df7ea66227858303182e1dff43a8013,SHA256_READ,sample_journal
formal__team_original_scratch__seed42/sample_journals/epoch0012_20261002T064953134948_rank7.jsonl,4674784,f04d1bab04d5ba4085b9c72c387f141edd7117c39bf97607b6852b832829352d,SHA256_READ,sample_journal
formal__team_original_scratch__seed42/sample_journals/epoch0012_20261002T064953135011_rank4.jsonl,4568988,607be5ee0892d9e5e134aefa46f804b003f56872e5e3b2b8f8fe97cf26ad6e20,SHA256_READ,sample_journal
formal__team_original_scratch__seed42/sample_journals/epoch0012_20261002T064953138346_rank6.jsonl,4732651,c2a84d01a941623c61ae0920b309c585a8b8b74996a96af293a4ad94ac232836,SHA256_READ,sample_journal
formal__team_original_scratch__seed42/sample_journals/epoch0012_20261002T064953138957_rank12.jsonl,4578378,fe776e8d3c8cd568d54b74e63425effc048260225ffdb69948d0dc974e8f9bf7,SHA256_READ,sample_journal
formal__team_original_scratch__seed42/sample_journals/epoch0012_20261002T064953138988_rank14.jsonl,4659424,0acecba7f80e13c9303e38c314ae4e77d119dae9489631b7532dc1b2cc57a1ad,SHA256_READ,sample_journal
formal__team_original_scratch__seed42/sample_journals/epoch0012_20261002T064953139486_rank15.jsonl,4617289,72f0f176bd454298e96ba569d9d122231ca6a32ffb240cb374dd25f9b24dd7c2,SHA256_READ,sample_journal
formal__team_original_scratch__seed42/sample_journals/epoch0012_20261002T064953140439_rank8.jsonl,4690344,2f5aa78e81fb9ba417827f00b5f92149684811e7ec28b3c4cd9cc82a9d0b95a2,SHA256_READ,sample_journal
formal__team_original_scratch__seed42/sample_journals/epoch0012_20261002T064953140494_rank11.jsonl,4552839,dcc4106d50767f88402d8ea4fd4bdd1f3d5aa62a2b888b745480124fa3ecabe5,SHA256_READ,sample_journal
formal__team_original_scratch__seed42/sample_journals/epoch0012_20261002T064953140950_rank10.jsonl,4567149,875bea972f26b9af785bdbc15a0313fcdea8c2382a0fb4b22798fb23f09a64f9,SHA256_READ,sample_journal
formal__team_original_scratch__seed42/sample_journals/epoch0012_20261002T064953142382_rank13.jsonl,4725357,dedc89542bf63f63a59c6b49a57792a08b767e43ca5d5e2d512aa4416d727197,SHA256_READ,sample_journal
formal__team_original_scratch__seed42/sample_journals/epoch0012_20261002T064953143660_rank9.jsonl,4597887,7cfc49453fe60cc54605c04cc43133f6292908190f86449d91b4d1ee47989d7e,SHA256_READ,sample_journal
formal__team_original_scratch__seed42/sample_journals/epoch0012_20261002T064953958210_rank0.jsonl,4608430,342e72886da29b24399fe36440236a80cc059f6e209073a904d1fa4d7de638b5,SHA256_READ,sample_journal
formal__team_original_scratch__seed42/training_curves.csv,1404,794ed2ae3c69187a63b1eeea57b2230a0522c2b23ebd6a5cc4882b02c10d2446,SHA256_READ,metadata_or_audit
formal__team_original_scratch__seed42/validation_epoch1.csv.gz,53808450,58e9cd574c2898cb16331bc61684bbcca342ed864e98e1120fc12505a929bd2b,SHA256_READ,validation_prediction
formal__team_original_scratch__seed42/validation_epoch10.csv.gz,54292867,10cebfb81c8e695b29b566d82e1343e7dd5b86ad2bb1ee6ae25bb45fc871ad92,SHA256_READ,validation_prediction
formal__team_original_scratch__seed42/validation_epoch11.csv.gz,54311960,d58a7b410e8d8df5bf46ba6e7022d07740b57bb9d932140c4754d2d57149c8bc,SHA256_READ,validation_prediction
formal__team_original_scratch__seed42/validation_epoch12.csv.gz,54304836,184dccf8719d508b429e08d123616f219df9ffb9068fb1488d4d98a5a6da5bc6,SHA256_READ,validation_prediction
formal__team_original_scratch__seed42/validation_epoch2.csv.gz,53968354,496d78dbf4d30f9014129cc8a5037752338d301cad2b5ffb42cc3bd2be8f702a,SHA256_READ,validation_prediction
formal__team_original_scratch__seed42/validation_epoch3.csv.gz,54048797,ee5bb931d4190e5d01695fa61f135d62641a3d9b48ee5c4a7b75a9e3268628f8,SHA256_READ,validation_prediction
formal__team_original_scratch__seed42/validation_epoch4.csv.gz,54129521,196d14d85e0f6a86a327cfe9fd27b195b5b14485c3f62fd4bd15062db06c8ae0,SHA256_READ,validation_prediction
formal__team_original_scratch__seed42/validation_epoch5.csv.gz,54201713,7490dfea7c83c58397b523e5ac5f5494a7aa20e24400be6e29740945a71917f8,SHA256_READ,validation_prediction
formal__team_original_scratch__seed42/validation_epoch6.csv.gz,54202530,a16b0c2f27ed1d52039915209c5f59539bb96d1177e6cf44bf768950e9bc6ce6,SHA256_READ,validation_prediction
formal__team_original_scratch__seed42/validation_epoch7.csv.gz,54238564,01d5c1305f8850bbf7e9ad8e4ebf36e48941474287823f0fb343c7215694e454,SHA256_READ,validation_prediction
formal__team_original_scratch__seed42/validation_epoch8.csv.gz,54263321,c63ab4eb92c282063712629229ff8eb1df561774e029a62c3f71b783504357b5,SHA256_READ,validation_prediction
formal__team_original_scratch__seed42/validation_epoch9.csv.gz,54266587,bcb9feb276a77faaf73e7adeb2ecf5f8f928c1b8b0835e9338d07b3a7dc3413b,SHA256_READ,validation_prediction
formal__team_original_scratch__seed43/epoch0001_20261003T020437405241_rank0.json,314,e1f19a50ae25faf7b873032adf5cd72d7b811348f0e3c3917b741df8937c1472,SHA256_READ,metadata_or_audit
formal__team_original_scratch__seed43/epoch0002_20261003T020437405241_rank0.json,316,6d982f6180a6e43f20cafba1e89208e9ce0941ce66e74f61b9d69d1c57e605ea,SHA256_READ,metadata_or_audit
formal__team_original_scratch__seed43/epoch0003_20261003T020437405241_rank0.json,314,9d645aa9d131c071af0bae212198d2f1a61f8727aee59daa71432a70013a2ceb,SHA256_READ,metadata_or_audit
formal__team_original_scratch__seed43/epoch0004_20261003T020437405241_rank0.json,314,afc35522e2e34df2c736b2f7f600f2bcd1ab9e5fe9e7484b61a700fc53e21200,SHA256_READ,metadata_or_audit
formal__team_original_scratch__seed43/epoch0005_20261003T020437405241_rank0.json,317,4356ab890beb9f7eb1371be76ca5a76b024187abf71e7a844e84feb901bcd2f7,SHA256_READ,metadata_or_audit
formal__team_original_scratch__seed43/epoch0006_20261003T020437405241_rank0.json,317,5658a1c257ab6f89685a4589d51c93283b318ef28040d0f5f162db25ec746181,SHA256_READ,metadata_or_audit
formal__team_original_scratch__seed43/epoch0007_20261003T020437405241_rank0.json,317,7f7b43740edb473c1d676af5d1c798319aedac0aa43ccbf73e63c9cb20279e1a,SHA256_READ,metadata_or_audit
formal__team_original_scratch__seed43/epoch0008_20261003T020437405241_rank0.json,317,c1afa0bede01b85a9d4b69e92a6ed56ec6af907a29a49e61e46583007410faef,SHA256_READ,metadata_or_audit
formal__team_original_scratch__seed43/epoch0009_20261003T020437405241_rank0.json,316,da02e896dcb4d15f2fb530d336906b740348707a28393da22bb8141fc7e067c7,SHA256_READ,metadata_or_audit
formal__team_original_scratch__seed43/epoch0010_20261003T020437405241_rank0.json,318,76abfd1d2815a7e361a62339d9534cf59a8aff311ab81182071972c9955ac8f0,SHA256_READ,metadata_or_audit
formal__team_original_scratch__seed43/epoch0011_20261003T020437405241_rank0.json,319,cb787fa39916125c1b82567b40d0e397bd2ec62e72de9c7cf1824768e93c57c6,SHA256_READ,metadata_or_audit
formal__team_original_scratch__seed43/epoch0012_20261003T020437405241_rank0.json,300,4d742d4b0975504c3fe11a3c29d0dbc06dcc7fbf5b7f060a3b8ce1ee984ad68f,SHA256_READ,metadata_or_audit
formal__team_original_scratch__seed43/model_interface_audit.json,7908,d57fb13b370d9fca16b5acdaa20a6ba613fa2db736d35324d32c584352660689,SHA256_READ,metadata_or_audit
formal__team_original_scratch__seed43/protocol.lock.json,809235,6dbdcfb652aa3e6779b82c29e86443ebd3853963b39da5d52e0f0b079834cfcd,SHA256_READ,metadata_or_audit
formal__team_original_scratch__seed43/resolved_config.json,724107,d5a22460e9e7524ead0824f810f721e332af12622c9cd72e73bee3d784884db0,SHA256_READ,metadata_or_audit
formal__team_original_scratch__seed43/runtime.json,894,d14545dd61042cd232268fc48dc752e4245c498aec38365d5eb1d1a3c3e48d61,SHA256_READ,metadata_or_audit
formal__team_original_scratch__seed43/runtime_20261003T020437405241_rank0.json,894,28b6a9e62c163640bd80318b84a474abce6b9c783452b0481359871a8871aa21,SHA256_READ,metadata_or_audit
formal__team_original_scratch__seed43/sample_journals/epoch0001_20261003T020436699210_rank1.jsonl,4640620,13cb2065d34e4975c32f373403d7ccbfa69e65326079047c36d2008656166738,SHA256_READ,sample_journal
formal__team_original_scratch__seed43/sample_journals/epoch0001_20261003T020436701473_rank3.jsonl,4609412,4c7df87fc771fcb3cbabd97dffb03c952ae8cc090e0de787f66b05db899e29da,SHA256_READ,sample_journal
formal__team_original_scratch__seed43/sample_journals/epoch0001_20261003T020436706083_rank4.jsonl,4553192,650731128a0e76b045b5a5531e5c3d6fb44e54ccaf204c4c0119e5c5a0cd3b4d,SHA256_READ,sample_journal
formal__team_original_scratch__seed43/sample_journals/epoch0001_20261003T020436706115_rank7.jsonl,4674612,44b2fd68c0c0319a34881ac53370452a4ce10f46de0efee6cdc6b1362783a084,SHA256_READ,sample_journal
formal__team_original_scratch__seed43/sample_journals/epoch0001_20261003T020436707137_rank2.jsonl,4528591,c4478af413233d9bed2b568f37735d9c3a08cdb70e5abdd6fe02c8751b5e72c2,SHA256_READ,sample_journal
formal__team_original_scratch__seed43/sample_journals/epoch0001_20261003T020436707579_rank5.jsonl,4730976,4ba198cdaf6286baba2ac2abce1b94f9195938f19fce12023f3db5547c6c3fe4,SHA256_READ,sample_journal
formal__team_original_scratch__seed43/sample_journals/epoch0001_20261003T020436707978_rank13.jsonl,4631906,3604e8500b3ecde3cca95a1999a5167a6070864f35915b475e8d35c7cbb800af,SHA256_READ,sample_journal
formal__team_original_scratch__seed43/sample_journals/epoch0001_20261003T020436708370_rank14.jsonl,4572407,4248fc2e065554e9df6a00673a62d39ad3744fb25acbaeec590d854c8fa2771d,SHA256_READ,sample_journal
formal__team_original_scratch__seed43/sample_journals/epoch0001_20261003T020436709465_rank6.jsonl,4619851,46ff355f288af6337872d1f1e35e7e2e167c341b8bb6bc9988eae16d5b090725,SHA256_READ,sample_journal
formal__team_original_scratch__seed43/sample_journals/epoch0001_20261003T020436709704_rank10.jsonl,4626782,a51e3d710eaf6219d278fe00cb26993dd8d57cd79c351696935c72c6cc059011,SHA256_READ,sample_journal
formal__team_original_scratch__seed43/sample_journals/epoch0001_20261003T020436712605_rank8.jsonl,4644809,e3866942e4442574b36a13fee0ee55c9fa29617b1c1f8dbb68938cd6c259f119,SHA256_READ,sample_journal
formal__team_original_scratch__seed43/sample_journals/epoch0001_20261003T020436712820_rank9.jsonl,4666019,70c359c51992f34b615dafe80b834cc6c23bc3ccaf540a3df54edaa59414b41f,SHA256_READ,sample_journal
formal__team_original_scratch__seed43/sample_journals/epoch0001_20261003T020436712850_rank11.jsonl,4648548,850d5b205810c248cc3873f2f6d264501636d3f8a4a3b2426aa063e9e336ea7d,SHA256_READ,sample_journal
formal__team_original_scratch__seed43/sample_journals/epoch0001_20261003T020436714291_rank12.jsonl,4638819,2fa6d9b30957531e4e21290116bf869850d4f54735f513341dc34503dd7c9be6,SHA256_READ,sample_journal
formal__team_original_scratch__seed43/sample_journals/epoch0001_20261003T020436736024_rank15.jsonl,4582379,40bb570d9a0e8fcd3289facdc164e59173ec6c9839dab9e894d02633ad6c6293,SHA256_READ,sample_journal
formal__team_original_scratch__seed43/sample_journals/epoch0001_20261003T020437405241_rank0.jsonl,4651126,6a19781ab4ebb2ed51e5c87ba2306ea02761ae886ed850c1f5ccdb2e1cf89503,SHA256_READ,sample_journal
formal__team_original_scratch__seed43/sample_journals/epoch0002_20261003T020436699210_rank1.jsonl,4694502,345b7f92bef44989debbb41c4b3e9c7d536fa318000352b4c649e7a1ea29c083,SHA256_READ,sample_journal
formal__team_original_scratch__seed43/sample_journals/epoch0002_20261003T020436701473_rank3.jsonl,4577619,d73ad14a90d785514ef341675a5a9a6e123f339331dfc66dddf6695768419c76,SHA256_READ,sample_journal
formal__team_original_scratch__seed43/sample_journals/epoch0002_20261003T020436706083_rank4.jsonl,4608289,80ee66c8bc8705637880cab7c4f3d3746a0f07771fc9ff972895f523bc32639c,SHA256_READ,sample_journal
formal__team_original_scratch__seed43/sample_journals/epoch0002_20261003T020436706115_rank7.jsonl,4717191,1c528d55105dd11675a27e0d433ed4fb0ae3b9330317300ec899dd10264c56e1,SHA256_READ,sample_journal
formal__team_original_scratch__seed43/sample_journals/epoch0002_20261003T020436707137_rank2.jsonl,4584940,4a8a045f95b0e6e902162b9306f268eadc0376c435d0b897413fd511bd2c50e8,SHA256_READ,sample_journal
formal__team_original_scratch__seed43/sample_journals/epoch0002_20261003T020436707579_rank5.jsonl,4585329,112af70a32f2a9f8a07508a9b806f6b69a2e4837bb0779c38bfefa83665faaf6,SHA256_READ,sample_journal
formal__team_original_scratch__seed43/sample_journals/epoch0002_20261003T020436707978_rank13.jsonl,4625582,fedce2a913981036f87f70abfad4804f9781027be49a01d3bdc3d15ae77b2343,SHA256_READ,sample_journal
formal__team_original_scratch__seed43/sample_journals/epoch0002_20261003T020436708370_rank14.jsonl,4652616,a55868ba12ec6c56005cf83c1c58a7d4bb8ccf6e58bfa6cddbdd5717c3601e8e,SHA256_READ,sample_journal
formal__team_original_scratch__seed43/sample_journals/epoch0002_20261003T020436709465_rank6.jsonl,4610102,e519b107deebcdf2d7a291ec38ebdb9a34325b98572e63b683b3ddadda6e5ca3,SHA256_READ,sample_journal
formal__team_original_scratch__seed43/sample_journals/epoch0002_20261003T020436709704_rank10.jsonl,4660538,091871706296f46d108db3376499d5c2a3585ce7e87be74976709a55b8ea89cf,SHA256_READ,sample_journal
formal__team_original_scratch__seed43/sample_journals/epoch0002_20261003T020436712605_rank8.jsonl,4636521,8d2e41f62358e875643d8eab55c04cf59f12109b8a177b0cd9cce9c69ae26598,SHA256_READ,sample_journal
formal__team_original_scratch__seed43/sample_journals/epoch0002_20261003T020436712820_rank9.jsonl,4621707,d902f4b6b96813b29fa9b0076dba45cd676002f35a7ffdce75053fc7a04bf399,SHA256_READ,sample_journal
formal__team_original_scratch__seed43/sample_journals/epoch0002_20261003T020436712850_rank11.jsonl,4694372,facf6ad2929accf6197493666188282081ec250a363d1726a13a8ce5481c7153,SHA256_READ,sample_journal
formal__team_original_scratch__seed43/sample_journals/epoch0002_20261003T020436714291_rank12.jsonl,4572648,8d0d6297217254f21795ad46b95ca86a5f5d7513d17ca9e4c53edbbbcb2d654a,SHA256_READ,sample_journal
formal__team_original_scratch__seed43/sample_journals/epoch0002_20261003T020436736024_rank15.jsonl,4655039,688d6c64e7b0a17d6703178d70ff0c9f83b7526b07045d344deb66deff5a6fb6,SHA256_READ,sample_journal
formal__team_original_scratch__seed43/sample_journals/epoch0002_20261003T020437405241_rank0.jsonl,4575446,a841c4269c60082c4d7f4f86879c607454fcae787b0dee67b87e015a428f22b6,SHA256_READ,sample_journal
formal__team_original_scratch__seed43/sample_journals/epoch0003_20261003T020436699210_rank1.jsonl,4644580,922fe277a7066b8e4184aeeb8e576c79bde756124b9014b029333c9e39bae1f6,SHA256_READ,sample_journal
formal__team_original_scratch__seed43/sample_journals/epoch0003_20261003T020436701473_rank3.jsonl,4612714,dcf2ae9484e892ffe12bad364c2f4c82819a568bca913b5271f7d943fdf995dc,SHA256_READ,sample_journal
formal__team_original_scratch__seed43/sample_journals/epoch0003_20261003T020436706083_rank4.jsonl,4654541,8f984e5cae6842722b19046f7af4545762dd00e057311d7db4ac21b8eab0cc8a,SHA256_READ,sample_journal
formal__team_original_scratch__seed43/sample_journals/epoch0003_20261003T020436706115_rank7.jsonl,4704600,33d8f4e1a675bf8dda79ef06b7bb28286831280f41dd3a1784af3bd09b7d3ff2,SHA256_READ,sample_journal
formal__team_original_scratch__seed43/sample_journals/epoch0003_20261003T020436707137_rank2.jsonl,4579979,2b191b2f830e28964546e07898b6f3d6959be1b0bda45df84bc04a88f73bc3bc,SHA256_READ,sample_journal
formal__team_original_scratch__seed43/sample_journals/epoch0003_20261003T020436707579_rank5.jsonl,4616097,e8ade1e87744067575e5947363060be6b0c943fde84de3cf26cb9f0a8b3c643a,SHA256_READ,sample_journal
formal__team_original_scratch__seed43/sample_journals/epoch0003_20261003T020436707978_rank13.jsonl,4685947,41b8620a1c020a843a344dd50cab39d6418aa4c799cb09bb31176e7d80b753d2,SHA256_READ,sample_journal
formal__team_original_scratch__seed43/sample_journals/epoch0003_20261003T020436708370_rank14.jsonl,4620881,d25d18ac1b46c95964262ae5bbf0056ba43399a1edd10d5c17af969b0c108855,SHA256_READ,sample_journal
formal__team_original_scratch__seed43/sample_journals/epoch0003_20261003T020436709465_rank6.jsonl,4633162,ef2719c235bdcf849f67de77b2f022fb8a37ec6e007f3a149823be53495941b6,SHA256_READ,sample_journal
formal__team_original_scratch__seed43/sample_journals/epoch0003_20261003T020436709704_rank10.jsonl,4646431,c5197b4414268e33ac6ea813234dd9adf1d95060359411c8de62ed518bbe3749,SHA256_READ,sample_journal
formal__team_original_scratch__seed43/sample_journals/epoch0003_20261003T020436712605_rank8.jsonl,4643059,c21eaf4b944f7844b7bdb41cd92c41d6ee8b1be122b820066e681b674f5bdcc4,SHA256_READ,sample_journal
formal__team_original_scratch__seed43/sample_journals/epoch0003_20261003T020436712820_rank9.jsonl,4627712,de407632e6065d72e4407475e0f9bffa9818a6f58e4f5ca67e90e14622d2e8ae,SHA256_READ,sample_journal
formal__team_original_scratch__seed43/sample_journals/epoch0003_20261003T020436712850_rank11.jsonl,4587576,e9322feca98a321025fa1db52a578351787365e83882fe5cfdaf66cc1243eec6,SHA256_READ,sample_journal
formal__team_original_scratch__seed43/sample_journals/epoch0003_20261003T020436714291_rank12.jsonl,4561043,babc04e8355524b8a964cb78e99c1dadddad333b777bd27cb0acdb15ccdcbb92,SHA256_READ,sample_journal
formal__team_original_scratch__seed43/sample_journals/epoch0003_20261003T020436736024_rank15.jsonl,4607194,9be2afe4b9da44bf25d19842f111a1226d35f0ba7fe81c9df6b4ec30d28947c9,SHA256_READ,sample_journal
formal__team_original_scratch__seed43/sample_journals/epoch0003_20261003T020437405241_rank0.jsonl,4685190,0e0f049008157ae8d21fd90f9399befd64120f3c433bc84e77e3b11d4d0dcd4f,SHA256_READ,sample_journal
formal__team_original_scratch__seed43/sample_journals/epoch0004_20261003T020436699210_rank1.jsonl,4708709,a299617b92140569f2708f32a6c9a9a3d4e9eb5f3b8c10121594654bc55f1a58,SHA256_READ,sample_journal
formal__team_original_scratch__seed43/sample_journals/epoch0004_20261003T020436701473_rank3.jsonl,4540448,8192bfcf40a49fdf016b157d73da883faa9e63863c01d41303f214e33e19c95c,SHA256_READ,sample_journal
formal__team_original_scratch__seed43/sample_journals/epoch0004_20261003T020436706083_rank4.jsonl,4660502,b26cd54f28c0478eb5d11e81831238a39a7895d5fc37b8a2253ffa252737922d,SHA256_READ,sample_journal
formal__team_original_scratch__seed43/sample_journals/epoch0004_20261003T020436706115_rank7.jsonl,4598187,14806f13c6960079338c27a5339bad15271b2cc783520dd03aad2dc10f335295,SHA256_READ,sample_journal
formal__team_original_scratch__seed43/sample_journals/epoch0004_20261003T020436707137_rank2.jsonl,4582342,ffb6f5e0ce5b76a3935486ab978cad730c397b1dbd572d4ff3052c3df2592127,SHA256_READ,sample_journal
formal__team_original_scratch__seed43/sample_journals/epoch0004_20261003T020436707579_rank5.jsonl,4690671,04a0f11b32774e3204381bf6fca2262c7cf2b3c04e7515030f0cdf1e4ab9e572,SHA256_READ,sample_journal
formal__team_original_scratch__seed43/sample_journals/epoch0004_20261003T020436707978_rank13.jsonl,4625240,b348358690630ac8b1abac17f8761e93c081f4082d75f1099544d7028eaa7fa2,SHA256_READ,sample_journal
formal__team_original_scratch__seed43/sample_journals/epoch0004_20261003T020436708370_rank14.jsonl,4668779,a431ce956ef7a7096fe04ef3687be61f6fe06a6ac220c20e1ec491e481dbbe2d,SHA256_READ,sample_journal
formal__team_original_scratch__seed43/sample_journals/epoch0004_20261003T020436709465_rank6.jsonl,4634943,890e16a3f8d338b9c5f554cb29a4374139a15f37e2669b1261f79c6d25f8bcc4,SHA256_READ,sample_journal
formal__team_original_scratch__seed43/sample_journals/epoch0004_20261003T020436709704_rank10.jsonl,4702377,4f80e444213257747104c97e707ea6cd6887eb3c2157e76348a70db2eb6570c9,SHA256_READ,sample_journal
formal__team_original_scratch__seed43/sample_journals/epoch0004_20261003T020436712605_rank8.jsonl,4672225,e1b24d3310c31e8e6a5036ff7310bb69386a1fd34f31a85d69949d575d0b01fa,SHA256_READ,sample_journal
formal__team_original_scratch__seed43/sample_journals/epoch0004_20261003T020436712820_rank9.jsonl,4567350,af3397cb37e1454512df440b0c46aff4765a8b8f850de89130354a541b6f4510,SHA256_READ,sample_journal
formal__team_original_scratch__seed43/sample_journals/epoch0004_20261003T020436712850_rank11.jsonl,4583550,83fc44d5c90998382be4f3fcc9fa4b9dce86cc19bbaac83ab8e31a311b2d059b,SHA256_READ,sample_journal
formal__team_original_scratch__seed43/sample_journals/epoch0004_20261003T020436714291_rank12.jsonl,4639394,9b273b9f51b88777107568d74572a26ff634490c00f5d6f4bc92f6a85e57d229,SHA256_READ,sample_journal
formal__team_original_scratch__seed43/sample_journals/epoch0004_20261003T020436736024_rank15.jsonl,4586686,4076b1d9586276a1cfa7e651e0ebeb8fa839764681de2da670341473a25a6b8a,SHA256_READ,sample_journal
formal__team_original_scratch__seed43/sample_journals/epoch0004_20261003T020437405241_rank0.jsonl,4614942,6de9b6cb6a9a6650d349d8adb7ad70f5e87ad56e0d5c4ee75358fdb8cdaf2e0a,SHA256_READ,sample_journal
formal__team_original_scratch__seed43/sample_journals/epoch0005_20261003T020436699210_rank1.jsonl,4588445,b2025d1f7af23077d05ce0d2c4335a88ae524d35a36a31481df2f4e227847a6d,SHA256_READ,sample_journal
formal__team_original_scratch__seed43/sample_journals/epoch0005_20261003T020436701473_rank3.jsonl,4657106,36ce143f411f3d5c96a6e5442f896eb8eff0b5018afdacc03ae8a9a8dcfb9943,SHA256_READ,sample_journal
formal__team_original_scratch__seed43/sample_journals/epoch0005_20261003T020436706083_rank4.jsonl,4720511,05eb452857699554a0827a7e2978e4488a5486ecd66dd1f5dba7480728f030d8,SHA256_READ,sample_journal
formal__team_original_scratch__seed43/sample_journals/epoch0005_20261003T020436706115_rank7.jsonl,4589519,c0fae670724323159d702ae21b247f1c322fe2ee36ee622f96c8d3264831f9f3,SHA256_READ,sample_journal
formal__team_original_scratch__seed43/sample_journals/epoch0005_20261003T020436707137_rank2.jsonl,4678401,89755ce2cd6809bc1fc7e55e0b411e02fc2a1ac68ab5eead16b54c79254749e6,SHA256_READ,sample_journal
formal__team_original_scratch__seed43/sample_journals/epoch0005_20261003T020436707579_rank5.jsonl,4592784,eb98e93086a9e116607ddfcea20b9085d33a74c9e711452651f61b79dcb6b4b1,SHA256_READ,sample_journal
formal__team_original_scratch__seed43/sample_journals/epoch0005_20261003T020436707978_rank13.jsonl,4598613,19a44c0d9ad605d32a005fc1f96dead3db0db8ea790c51d83816eb7630881eba,SHA256_READ,sample_journal
formal__team_original_scratch__seed43/sample_journals/epoch0005_20261003T020436708370_rank14.jsonl,4666621,5f78aa01fe4dd579980944bcaca1380d4f6a303ba747e8344c46892894792e1c,SHA256_READ,sample_journal
formal__team_original_scratch__seed43/sample_journals/epoch0005_20261003T020436709465_rank6.jsonl,4675534,62626d1e4181094268b2b9e8a30361f4750d02ce81a5263469666c0fbdc1615f,SHA256_READ,sample_journal
formal__team_original_scratch__seed43/sample_journals/epoch0005_20261003T020436709704_rank10.jsonl,4609052,8eaa508ed469ad7b17fe5ed3526bb57537ddaee4e273015eeee787becdfda985,SHA256_READ,sample_journal
formal__team_original_scratch__seed43/sample_journals/epoch0005_20261003T020436712605_rank8.jsonl,4635441,daf0738777adb62e9977379b783a94d56e461e6f833c65edea3a45a2bcef9a9c,SHA256_READ,sample_journal
formal__team_original_scratch__seed43/sample_journals/epoch0005_20261003T020436712820_rank9.jsonl,4566374,69913bc8f7ced51f385f9ea022125185911dab71a5ff64bc4dace42d3774ce41,SHA256_READ,sample_journal
formal__team_original_scratch__seed43/sample_journals/epoch0005_20261003T020436712850_rank11.jsonl,4652700,60ba30df4492f612e1cb24927dc76d917923911f3835e980e1a722e249b7e235,SHA256_READ,sample_journal
formal__team_original_scratch__seed43/sample_journals/epoch0005_20261003T020436714291_rank12.jsonl,4585599,e26f49dc86bcebf157849df46f3a4d67df4c9f904f4ea53d010debb102cdddb9,SHA256_READ,sample_journal
formal__team_original_scratch__seed43/sample_journals/epoch0005_20261003T020436736024_rank15.jsonl,4650117,1a9563298171eec26f27a3976fddbbd52278c70a3083dccbe89d37ab7a10c09c,SHA256_READ,sample_journal
formal__team_original_scratch__seed43/sample_journals/epoch0005_20261003T020437405241_rank0.jsonl,4541284,e8d74ed3f0f29e33abb981810fb26df7d0088beb0a4fec4fda89cb4833bb9df4,SHA256_READ,sample_journal
formal__team_original_scratch__seed43/sample_journals/epoch0006_20261003T020436699210_rank1.jsonl,4639909,8f57127a6ec49b55e7440cc0eda571c58f193ed02320f6492b6ff28c76b4b36f,SHA256_READ,sample_journal
formal__team_original_scratch__seed43/sample_journals/epoch0006_20261003T020436701473_rank3.jsonl,4649655,923320f799a27278f4721e6011b12a8007da1bf86a41cde68c598a508cd0d8b1,SHA256_READ,sample_journal
formal__team_original_scratch__seed43/sample_journals/epoch0006_20261003T020436706083_rank4.jsonl,4611379,99b7135b891fa545f7ef58769de57fad2e70e4206a108e74bc6deb0353f8d56d,SHA256_READ,sample_journal
formal__team_original_scratch__seed43/sample_journals/epoch0006_20261003T020436706115_rank7.jsonl,4683039,7e83cdc2cab17e59bdeafa9081515959c7c34ad8d7dae60e12cffccb583ee5dd,SHA256_READ,sample_journal
formal__team_original_scratch__seed43/sample_journals/epoch0006_20261003T020436707137_rank2.jsonl,4684792,512718816cc8435be50524a891d6aedafe5aadd4c6372df009c2bc55d90fa1c4,SHA256_READ,sample_journal
formal__team_original_scratch__seed43/sample_journals/epoch0006_20261003T020436707579_rank5.jsonl,4607964,04304851698dd87c2e97e439a6524dd6b414d80aa84fe09c31761ddb78b5026e,SHA256_READ,sample_journal
formal__team_original_scratch__seed43/sample_journals/epoch0006_20261003T020436707978_rank13.jsonl,4639061,92d63a553f1659962dbbf591c191cf945309e31691c88133a0c380071ef258e6,SHA256_READ,sample_journal
formal__team_original_scratch__seed43/sample_journals/epoch0006_20261003T020436708370_rank14.jsonl,4599380,5a00fa11e3e674e7d332d33fa5fa8d0680d4ae09b03ed17ac09a682d4c12b58c,SHA256_READ,sample_journal
formal__team_original_scratch__seed43/sample_journals/epoch0006_20261003T020436709465_rank6.jsonl,4609008,218691c2343f1378d9bec6d31894c0658fe1a0181f53b69ee2b60fd43f54d9b8,SHA256_READ,sample_journal
formal__team_original_scratch__seed43/sample_journals/epoch0006_20261003T020436709704_rank10.jsonl,4560378,9a5afea8cfbeebd4b9ab1b1120509420d1d007973bfe13e9b22cbf7ec659c30b,SHA256_READ,sample_journal
formal__team_original_scratch__seed43/sample_journals/epoch0006_20261003T020436712605_rank8.jsonl,4612974,0e9c3c738fa6a38ae569dbaaf67a23978e713f782df2435d1a891f68658221b4,SHA256_READ,sample_journal
formal__team_original_scratch__seed43/sample_journals/epoch0006_20261003T020436712820_rank9.jsonl,4623794,00ccd73d386e53999b680f24e5669a29c82d4e342531910864f86823874c8576,SHA256_READ,sample_journal
formal__team_original_scratch__seed43/sample_journals/epoch0006_20261003T020436712850_rank11.jsonl,4663266,3c843c0afcf6c167b24eb890f96c386f0f29328e7cc106f500f669c636965140,SHA256_READ,sample_journal
formal__team_original_scratch__seed43/sample_journals/epoch0006_20261003T020436714291_rank12.jsonl,4627221,d188cbecb321c45e7951fc07411137d538b33c50828823a0f4302e2f636c5c6c,SHA256_READ,sample_journal
formal__team_original_scratch__seed43/sample_journals/epoch0006_20261003T020436736024_rank15.jsonl,4640465,7c3d642d8dc1f9b53af000e9f7a87c57365c18de18d0b2d3c0628d1d74714fca,SHA256_READ,sample_journal
formal__team_original_scratch__seed43/sample_journals/epoch0006_20261003T020437405241_rank0.jsonl,4628077,f993ac813e312b209a2028b9207185fce72e35b5d3551cc526a9f38376d3f4a1,SHA256_READ,sample_journal
formal__team_original_scratch__seed43/sample_journals/epoch0007_20261003T020436699210_rank1.jsonl,4657135,27915279259545fdfab97f19f1a3a87d973d148d860b75f6224e8f5020553eb0,SHA256_READ,sample_journal
formal__team_original_scratch__seed43/sample_journals/epoch0007_20261003T020436701473_rank3.jsonl,4561477,48fb63128fcc08c30e85f143c3e97d476cf15f5d8ecaa199317782a44a92891c,SHA256_READ,sample_journal
formal__team_original_scratch__seed43/sample_journals/epoch0007_20261003T020436706083_rank4.jsonl,4685531,84d3b167bd3ea281c4bbf5f3cb1419c8bcd64c5fe8be67458222438c21156473,SHA256_READ,sample_journal
formal__team_original_scratch__seed43/sample_journals/epoch0007_20261003T020436706115_rank7.jsonl,4621874,0e3d50964fcf23150a069f744a8c218657f1b01ec64fdf725ac87693bfa6c30f,SHA256_READ,sample_journal
formal__team_original_scratch__seed43/sample_journals/epoch0007_20261003T020436707137_rank2.jsonl,4628265,9ed4365b2b1113840199474d517db04150521a8019ea2b05876652910d55385a,SHA256_READ,sample_journal
formal__team_original_scratch__seed43/sample_journals/epoch0007_20261003T020436707579_rank5.jsonl,4636527,533d74c93ef043e68cc8e7e693700a958a34bb22d481312a28090d7a6cd0c4e7,SHA256_READ,sample_journal
formal__team_original_scratch__seed43/sample_journals/epoch0007_20261003T020436707978_rank13.jsonl,4600641,925eee008e56c7c4b152d837c2c92591b23b0f4c2e97c5d0f3f78890a5e67484,SHA256_READ,sample_journal
formal__team_original_scratch__seed43/sample_journals/epoch0007_20261003T020436708370_rank14.jsonl,4682568,fdbcc05c0c53bd0f5748b034b7e5eeceea37926659563b9ce8167b528e715c6e,SHA256_READ,sample_journal
formal__team_original_scratch__seed43/sample_journals/epoch0007_20261003T020436709465_rank6.jsonl,4636699,149ed4202195f3302a78d9f45708f035571ed214495a0a67297790b6516ef7e8,SHA256_READ,sample_journal
formal__team_original_scratch__seed43/sample_journals/epoch0007_20261003T020436709704_rank10.jsonl,4684973,292517a317410d978156a178d1d69b955356398fcc0af4bc7bcbe8706c7e1b8c,SHA256_READ,sample_journal
formal__team_original_scratch__seed43/sample_journals/epoch0007_20261003T020436712605_rank8.jsonl,4606128,6ee66428e4fbfb6d1dba39b9d3609e7425d504585338650f5cd9ec1e5e5db2cd,SHA256_READ,sample_journal
formal__team_original_scratch__seed43/sample_journals/epoch0007_20261003T020436712820_rank9.jsonl,4613440,9018dcac0cb36ffc4eaeb06ad9ce9e64711cadd124f1f7653230519fe08222e8,SHA256_READ,sample_journal
formal__team_original_scratch__seed43/sample_journals/epoch0007_20261003T020436712850_rank11.jsonl,4593338,58cc36bb20441a0a1ae9da2239d9e8d949f9358b72b2f1971b8c3fd54a7afbe0,SHA256_READ,sample_journal
formal__team_original_scratch__seed43/sample_journals/epoch0007_20261003T020436714291_rank12.jsonl,4748741,a5f796f2512fe08eb4036b50badbb558b9278de99a55690b07f593555f288b16,SHA256_READ,sample_journal
formal__team_original_scratch__seed43/sample_journals/epoch0007_20261003T020436736024_rank15.jsonl,4677163,c276341a1ca2ecd60432d54c4c06ccd88b8ba322302306dd93ecf9bde9b5ee04,SHA256_READ,sample_journal
formal__team_original_scratch__seed43/sample_journals/epoch0007_20261003T020437405241_rank0.jsonl,4603189,02f424821ec996e31fbde0f93109cd4ca96d8921c8614ffb4be876d58f685f2f,SHA256_READ,sample_journal
formal__team_original_scratch__seed43/sample_journals/epoch0008_20261003T020436699210_rank1.jsonl,4589633,851ababca084f39b86be60ec3ed810495c00816e8b1f1d878150d988bb3413ca,SHA256_READ,sample_journal
formal__team_original_scratch__seed43/sample_journals/epoch0008_20261003T020436701473_rank3.jsonl,4657234,1f464bf5bc36f6fe5262e6e590943f5c156c36fbdf68a35e38aa727b1bf04fd3,SHA256_READ,sample_journal
formal__team_original_scratch__seed43/sample_journals/epoch0008_20261003T020436706083_rank4.jsonl,4686811,fa983bff97d1c8d4e9be5931f27d54741e1f2133b8def7c7304c70b3f1752a16,SHA256_READ,sample_journal
formal__team_original_scratch__seed43/sample_journals/epoch0008_20261003T020436706115_rank7.jsonl,4531301,6a64f94cc9d35785d5adf394af526215985f8cecfc3a13be25658baf43929499,SHA256_READ,sample_journal
formal__team_original_scratch__seed43/sample_journals/epoch0008_20261003T020436707137_rank2.jsonl,4557277,b036dd0a49120a851855a4388bb1387becbce01c0786f3d80c973471943d79a8,SHA256_READ,sample_journal
formal__team_original_scratch__seed43/sample_journals/epoch0008_20261003T020436707579_rank5.jsonl,4692044,fc4013ff58092a3d68c40e821252beaf77fd4b90a0557f72fdfb8bd752988c9b,SHA256_READ,sample_journal
formal__team_original_scratch__seed43/sample_journals/epoch0008_20261003T020436707978_rank13.jsonl,4641220,7eb18f2296a392b1354e5a9c5b4dca8df6f5426de18253214b2c2dbd75a81677,SHA256_READ,sample_journal
formal__team_original_scratch__seed43/sample_journals/epoch0008_20261003T020436708370_rank14.jsonl,4629311,1bdbec242c6ab05ec30117db584910fc7cc633d1c746fcca44ee38399b1af1e9,SHA256_READ,sample_journal
formal__team_original_scratch__seed43/sample_journals/epoch0008_20261003T020436709465_rank6.jsonl,4634618,fa5afbc6bf50a699a8394ef7a3c0431a29a46ae845fb494b01a46b3292349a6d,SHA256_READ,sample_journal
formal__team_original_scratch__seed43/sample_journals/epoch0008_20261003T020436709704_rank10.jsonl,4699750,834d4c643caff93288809f63761e278834eeea24366933fa6b4170ad1b1cddea,SHA256_READ,sample_journal
formal__team_original_scratch__seed43/sample_journals/epoch0008_20261003T020436712605_rank8.jsonl,4705147,a3a0b25592e8c1753349db5f95f2e3884bea410b8a5e3987221586c257b589f1,SHA256_READ,sample_journal
formal__team_original_scratch__seed43/sample_journals/epoch0008_20261003T020436712820_rank9.jsonl,4615813,db3100d22367537f9a84d5c5cfea659cdab4bff90843f1d96c2ba1315a9ce737,SHA256_READ,sample_journal
formal__team_original_scratch__seed43/sample_journals/epoch0008_20261003T020436712850_rank11.jsonl,4588292,64d9b337a452d8575a86271db5c1a7c72eb1d02bf76f3199725f28b79cae2258,SHA256_READ,sample_journal
formal__team_original_scratch__seed43/sample_journals/epoch0008_20261003T020436714291_rank12.jsonl,4525041,86f9f293c12ffe05f7ac89d69befc753dab0a33570438b15e659a00843e83620,SHA256_READ,sample_journal
formal__team_original_scratch__seed43/sample_journals/epoch0008_20261003T020436736024_rank15.jsonl,4613004,8177552257b5bc711cd44b912e874b94a1cffc32814c624a546d04fc41180a03,SHA256_READ,sample_journal
formal__team_original_scratch__seed43/sample_journals/epoch0008_20261003T020437405241_rank0.jsonl,4679055,02f66bb5a85b3918c67c6c090aa1fbfc6da17021a304f091b09574ec1cb80e37,SHA256_READ,sample_journal
formal__team_original_scratch__seed43/sample_journals/epoch0009_20261003T020436699210_rank1.jsonl,4661690,8d3f58daa592cf65387a92291deb2bee5ac248f4fe7fb1e6374f285c78e9eb1f,SHA256_READ,sample_journal
formal__team_original_scratch__seed43/sample_journals/epoch0009_20261003T020436701473_rank3.jsonl,4655421,c15a657a1309c89c9d505acafab3ac3d8cab0c3c5ef94dee025c8f55b8350895,SHA256_READ,sample_journal
formal__team_original_scratch__seed43/sample_journals/epoch0009_20261003T020436706083_rank4.jsonl,4590191,500b76d32fb3217c9cfdaf6a63c577cfc52423a24dbcdb32109fc44ce10d73e7,SHA256_READ,sample_journal
formal__team_original_scratch__seed43/sample_journals/epoch0009_20261003T020436706115_rank7.jsonl,4624805,69c959cb32e2f8ddf844ef9963f7967ada40f9d8c3d591cd11637438a77807f7,SHA256_READ,sample_journal
formal__team_original_scratch__seed43/sample_journals/epoch0009_20261003T020436707137_rank2.jsonl,4671886,748cf8c945567f978eb7058d211af2f3364ee6a1abfaebce471b2b0a37849760,SHA256_READ,sample_journal
formal__team_original_scratch__seed43/sample_journals/epoch0009_20261003T020436707579_rank5.jsonl,4543913,d32bcb265dea9e1c6d4941c7b89408aa1d93672b45810e2a6bc92779119bf8b3,SHA256_READ,sample_journal
formal__team_original_scratch__seed43/sample_journals/epoch0009_20261003T020436707978_rank13.jsonl,4641322,8ef99552e3da866c1771a9c8a735a55af2a43cdf8ace813119fe892672b6cda9,SHA256_READ,sample_journal
formal__team_original_scratch__seed43/sample_journals/epoch0009_20261003T020436708370_rank14.jsonl,4706061,4cbba9a78aed6e3d4ab3bd2feb3c3a404d4eadd5275e7dcbb2fc8d82a7cae1f0,SHA256_READ,sample_journal
formal__team_original_scratch__seed43/sample_journals/epoch0009_20261003T020436709465_rank6.jsonl,4642271,d05610dc6ece2ac897a48989f38b6410d74106504bdf8560090081ad7e120d73,SHA256_READ,sample_journal
formal__team_original_scratch__seed43/sample_journals/epoch0009_20261003T020436709704_rank10.jsonl,4690908,de701f076058c91afe17c7b8e7ea6a820ad6b2db58e1e86e9155de5a974b7c69,SHA256_READ,sample_journal
formal__team_original_scratch__seed43/sample_journals/epoch0009_20261003T020436712605_rank8.jsonl,4573846,1027da43b12f54e538f2f831a24e39be0b6a94d1b4e53cf4bb29787e8ebf6fb3,SHA256_READ,sample_journal
formal__team_original_scratch__seed43/sample_journals/epoch0009_20261003T020436712820_rank9.jsonl,4581912,6343c166f699b925ed213c86d2520b6a7380379e37862c5a348bbcdb245da704,SHA256_READ,sample_journal
formal__team_original_scratch__seed43/sample_journals/epoch0009_20261003T020436712850_rank11.jsonl,4625644,cb8a4067608b012612ea7fb7840fb4777d569059645109a8b86a7310f7c6916d,SHA256_READ,sample_journal
formal__team_original_scratch__seed43/sample_journals/epoch0009_20261003T020436714291_rank12.jsonl,4613804,a626f5048eacb33f39a3697087441b370c249a257539f1799f79f100b91e613d,SHA256_READ,sample_journal
formal__team_original_scratch__seed43/sample_journals/epoch0009_20261003T020436736024_rank15.jsonl,4619844,11dc0477846821720b018b21d5926dd482ba65c544279fe622b480e223d9e214,SHA256_READ,sample_journal
formal__team_original_scratch__seed43/sample_journals/epoch0009_20261003T020437405241_rank0.jsonl,4608747,21fa38cfeabd3258c9addd10e4c8141bd45fda89b97fa10f034fb3b7de18dfbb,SHA256_READ,sample_journal
formal__team_original_scratch__seed43/sample_journals/epoch0010_20261003T020436699210_rank1.jsonl,4629079,95d2138c39c58fac4f43bf49b782d838a34b84472a37b010ddb924983a7eeeee,SHA256_READ,sample_journal
formal__team_original_scratch__seed43/sample_journals/epoch0010_20261003T020436701473_rank3.jsonl,4617466,16b65f8d4d54d6bfda345857cfb194a97f2d2d2fe4fd4abb2e178d54151d3b08,SHA256_READ,sample_journal
formal__team_original_scratch__seed43/sample_journals/epoch0010_20261003T020436706083_rank4.jsonl,4672141,46ccb26ef5c71dfcb03f4a4c1c45659db4b913898c371c246588872965f77cc5,SHA256_READ,sample_journal
formal__team_original_scratch__seed43/sample_journals/epoch0010_20261003T020436706115_rank7.jsonl,4630204,fa5cf0980395d49c5ab87340267a6cad7b9c2ff5d3b683559873181d3126d651,SHA256_READ,sample_journal
formal__team_original_scratch__seed43/sample_journals/epoch0010_20261003T020436707137_rank2.jsonl,4614669,17c877821ea50cfbefbbb631a7174baf36948a4fc7133b90b859146c91bd2c21,SHA256_READ,sample_journal
formal__team_original_scratch__seed43/sample_journals/epoch0010_20261003T020436707579_rank5.jsonl,4620468,8e35a83976bf8e891328c77f1a98a2bf8f0ff7f07668beb5c555912d885334a0,SHA256_READ,sample_journal
formal__team_original_scratch__seed43/sample_journals/epoch0010_20261003T020436707978_rank13.jsonl,4650957,f07e76fd27009b78913474ad58ec34b127a52430042e28ecbe6b37397477b37b,SHA256_READ,sample_journal
formal__team_original_scratch__seed43/sample_journals/epoch0010_20261003T020436708370_rank14.jsonl,4687064,a7e5327a0cd944be8acd082407099eae1f6e74fd1c013f889d6308dfebf3c724,SHA256_READ,sample_journal
formal__team_original_scratch__seed43/sample_journals/epoch0010_20261003T020436709465_rank6.jsonl,4579368,a593e7de1b371160d2a2534b04a738e4003077352f4667421d7dcfcd6816a03c,SHA256_READ,sample_journal
formal__team_original_scratch__seed43/sample_journals/epoch0010_20261003T020436709704_rank10.jsonl,4621275,d0f6566deb04e4a4657e840e5f8cb179cc7b117b886a02c89d6b07709a89d72b,SHA256_READ,sample_journal
formal__team_original_scratch__seed43/sample_journals/epoch0010_20261003T020436712605_rank8.jsonl,4664041,e82d71d5afc5c08291e7dd876baf1c906d47a80a3d4f68027f32a97f4303e038,SHA256_READ,sample_journal
formal__team_original_scratch__seed43/sample_journals/epoch0010_20261003T020436712820_rank9.jsonl,4693663,53aa4113e4b8e01f46930a7b93114b310089b1bbcc593f486d2d9839484afe94,SHA256_READ,sample_journal
formal__team_original_scratch__seed43/sample_journals/epoch0010_20261003T020436712850_rank11.jsonl,4624606,01e819e20149b07bfe38c44b78395af990549fb802b6cb00817d198a20a56ded,SHA256_READ,sample_journal
formal__team_original_scratch__seed43/sample_journals/epoch0010_20261003T020436714291_rank12.jsonl,4700628,0ec66dff817b0248633a753e0b241a169d7533db6a5fb161d455b4669f8ee9aa,SHA256_READ,sample_journal
formal__team_original_scratch__seed43/sample_journals/epoch0010_20261003T020436736024_rank15.jsonl,4587003,4ad7b4b8c71b224b7c437f156e4f43c43491b0ebaeffd96c12dd495a6d736fbf,SHA256_READ,sample_journal
formal__team_original_scratch__seed43/sample_journals/epoch0010_20261003T020437405241_rank0.jsonl,4602788,7388471e5121a55a05eb8e4e088a8bf4ba96c2321fa8529af617cef7a0243fab,SHA256_READ,sample_journal
formal__team_original_scratch__seed43/sample_journals/epoch0011_20261003T020436699210_rank1.jsonl,4639986,8ce3bcf363d651518fdff15afc4fa35b94bd85d6598288654d095e5185ecf9bc,SHA256_READ,sample_journal
formal__team_original_scratch__seed43/sample_journals/epoch0011_20261003T020436701473_rank3.jsonl,4628445,251ce9a698bdfd33f7d47c6399fb8a056647da440d280fac3fbe26b34496261a,SHA256_READ,sample_journal
formal__team_original_scratch__seed43/sample_journals/epoch0011_20261003T020436706083_rank4.jsonl,4679058,767c95fd6031ddc2b154bd4a3cc0660d0e2f80634fdbe78e699fab53034aa4c1,SHA256_READ,sample_journal
formal__team_original_scratch__seed43/sample_journals/epoch0011_20261003T020436706115_rank7.jsonl,4610563,10f8e05ffdcdf73822137e85412c2353bae2d83dcb8fb50460d988af8c9986cb,SHA256_READ,sample_journal
formal__team_original_scratch__seed43/sample_journals/epoch0011_20261003T020436707137_rank2.jsonl,4572668,bc45c3672f6ff1ab7e3ee7afb650c614dbcb2b831d9bf7f9c616e685308c2fd3,SHA256_READ,sample_journal
formal__team_original_scratch__seed43/sample_journals/epoch0011_20261003T020436707579_rank5.jsonl,4600395,a764625001084c1fe06640bd92782928ca4adb3680e18465530378b636b6c009,SHA256_READ,sample_journal
formal__team_original_scratch__seed43/sample_journals/epoch0011_20261003T020436707978_rank13.jsonl,4667101,24cabf59e92ffa5c29da3dc0ef3fdd3f05f428670ad3a103ad0b673b4d623601,SHA256_READ,sample_journal
formal__team_original_scratch__seed43/sample_journals/epoch0011_20261003T020436708370_rank14.jsonl,4642942,419d69f7b0432b828cacbfcc9553f87f4a302f110b916bc2c1794a7a29e72b72,SHA256_READ,sample_journal
formal__team_original_scratch__seed43/sample_journals/epoch0011_20261003T020436709465_rank6.jsonl,4635210,a041cfbe8c53d3bf0ed63a27577cdf16a2265bfa67c16855e70514dbc02d2035,SHA256_READ,sample_journal
formal__team_original_scratch__seed43/sample_journals/epoch0011_20261003T020436709704_rank10.jsonl,4619723,912e928bd2e73b6cfafebedb182c97e71c4f9a73c0e14e68dae7e691a4dab535,SHA256_READ,sample_journal
formal__team_original_scratch__seed43/sample_journals/epoch0011_20261003T020436712605_rank8.jsonl,4651891,9e53e5e790f04ae3645528a0cb3f12838ff60a357c0d4a774525c3cea9da0257,SHA256_READ,sample_journal
formal__team_original_scratch__seed43/sample_journals/epoch0011_20261003T020436712820_rank9.jsonl,4657805,9424e09136d1687752b3fbeff51fdadcb49d7e574e9665137e1389f4ab17a309,SHA256_READ,sample_journal
formal__team_original_scratch__seed43/sample_journals/epoch0011_20261003T020436712850_rank11.jsonl,4655124,19d01fa56bf3c51c9347c2a33ac0de1d3f3676bd3f2c11c423c6984e36ce9991,SHA256_READ,sample_journal
formal__team_original_scratch__seed43/sample_journals/epoch0011_20261003T020436714291_rank12.jsonl,4660884,7d91ec60dd99ce4be27873482601b7025816a5b14952f8564ed64aa6bbba60d7,SHA256_READ,sample_journal
formal__team_original_scratch__seed43/sample_journals/epoch0011_20261003T020436736024_rank15.jsonl,4642093,e7dbaa8683f9da9b8e0e2ef5e07f87815b78ef1ee8662cf161a725e03725e858,SHA256_READ,sample_journal
formal__team_original_scratch__seed43/sample_journals/epoch0011_20261003T020437405241_rank0.jsonl,4603890,c48a96c85995ad9be0856d64cf5a336fc05186560e491699ca9c4e6a0a32cd90,SHA256_READ,sample_journal
formal__team_original_scratch__seed43/sample_journals/epoch0012_20261003T020436699210_rank1.jsonl,4653147,60147d2b4b287630bd913a8d99c54ec2be510ecc654957f79eca236033cb08e7,SHA256_READ,sample_journal
formal__team_original_scratch__seed43/sample_journals/epoch0012_20261003T020436701473_rank3.jsonl,4657947,31a2b99f15fdf7d9e553bce8f5ea80217127a76621389c959f43b84aae192834,SHA256_READ,sample_journal
formal__team_original_scratch__seed43/sample_journals/epoch0012_20261003T020436706083_rank4.jsonl,4568988,607be5ee0892d9e5e134aefa46f804b003f56872e5e3b2b8f8fe97cf26ad6e20,SHA256_READ,sample_journal
formal__team_original_scratch__seed43/sample_journals/epoch0012_20261003T020436706115_rank7.jsonl,4674784,f04d1bab04d5ba4085b9c72c387f141edd7117c39bf97607b6852b832829352d,SHA256_READ,sample_journal
formal__team_original_scratch__seed43/sample_journals/epoch0012_20261003T020436707137_rank2.jsonl,4589817,cab6f3aef5b2e71f125509acc68e521c888ee7e187fbe971c0c8c9a69b9f6182,SHA256_READ,sample_journal
formal__team_original_scratch__seed43/sample_journals/epoch0012_20261003T020436707579_rank5.jsonl,4540580,c099101e2ef4986ac2f2fa9045adc8220df7ea66227858303182e1dff43a8013,SHA256_READ,sample_journal
formal__team_original_scratch__seed43/sample_journals/epoch0012_20261003T020436707978_rank13.jsonl,4725357,dedc89542bf63f63a59c6b49a57792a08b767e43ca5d5e2d512aa4416d727197,SHA256_READ,sample_journal
formal__team_original_scratch__seed43/sample_journals/epoch0012_20261003T020436708370_rank14.jsonl,4659424,0acecba7f80e13c9303e38c314ae4e77d119dae9489631b7532dc1b2cc57a1ad,SHA256_READ,sample_journal
formal__team_original_scratch__seed43/sample_journals/epoch0012_20261003T020436709465_rank6.jsonl,4732651,c2a84d01a941623c61ae0920b309c585a8b8b74996a96af293a4ad94ac232836,SHA256_READ,sample_journal
formal__team_original_scratch__seed43/sample_journals/epoch0012_20261003T020436709704_rank10.jsonl,4567149,875bea972f26b9af785bdbc15a0313fcdea8c2382a0fb4b22798fb23f09a64f9,SHA256_READ,sample_journal
formal__team_original_scratch__seed43/sample_journals/epoch0012_20261003T020436712605_rank8.jsonl,4690344,2f5aa78e81fb9ba417827f00b5f92149684811e7ec28b3c4cd9cc82a9d0b95a2,SHA256_READ,sample_journal
formal__team_original_scratch__seed43/sample_journals/epoch0012_20261003T020436712820_rank9.jsonl,4597887,7cfc49453fe60cc54605c04cc43133f6292908190f86449d91b4d1ee47989d7e,SHA256_READ,sample_journal
formal__team_original_scratch__seed43/sample_journals/epoch0012_20261003T020436712850_rank11.jsonl,4552839,dcc4106d50767f88402d8ea4fd4bdd1f3d5aa62a2b888b745480124fa3ecabe5,SHA256_READ,sample_journal
formal__team_original_scratch__seed43/sample_journals/epoch0012_20261003T020436714291_rank12.jsonl,4578378,fe776e8d3c8cd568d54b74e63425effc048260225ffdb69948d0dc974e8f9bf7,SHA256_READ,sample_journal
formal__team_original_scratch__seed43/sample_journals/epoch0012_20261003T020436736024_rank15.jsonl,4617289,72f0f176bd454298e96ba569d9d122231ca6a32ffb240cb374dd25f9b24dd7c2,SHA256_READ,sample_journal
formal__team_original_scratch__seed43/sample_journals/epoch0012_20261003T020437405241_rank0.jsonl,4608430,342e72886da29b24399fe36440236a80cc059f6e209073a904d1fa4d7de638b5,SHA256_READ,sample_journal
formal__team_original_scratch__seed43/training_curves.csv,1406,23f4fe1ae08f907d686c78c241dc3c8cc35fbe1cb6aedcb6283420443cc15e4a,SHA256_READ,metadata_or_audit
formal__team_original_scratch__seed43/validation_epoch1.csv.gz,53760059,50b986f7b76720c1d2ea01fbba3d443b4e1b792ec6f03cec55063b3c61937219,SHA256_READ,validation_prediction
formal__team_original_scratch__seed43/validation_epoch10.csv.gz,54371385,f4a1a917929497abad61cef9eec819ac41f95fcfe275f9803b73aeb5bf139b87,SHA256_READ,validation_prediction
formal__team_original_scratch__seed43/validation_epoch11.csv.gz,54380609,e642bd71bd63136c9fcaeed4533feccbbf6e6e5b00a8dfa525f44effa1a724f6,SHA256_READ,validation_prediction
formal__team_original_scratch__seed43/validation_epoch12.csv.gz,54387974,986479a53d76214f248fc94907405bb6ac3831a2a1847e18588c2e2050c6619b,SHA256_READ,validation_prediction
formal__team_original_scratch__seed43/validation_epoch2.csv.gz,54060408,e2b134c9ffe45f184fc751333172effbe97fb2dce4fc43c98f882a62d8be0421,SHA256_READ,validation_prediction
formal__team_original_scratch__seed43/validation_epoch3.csv.gz,54109195,15dee6eb4d343fcbf9eab794fa73b8839fec719c8e09aafad0f646104aaeee7d,SHA256_READ,validation_prediction
formal__team_original_scratch__seed43/validation_epoch4.csv.gz,54211898,99b8127d96bee3e204cd9cb940f9a05e2c7ecb718e71a7c98f42c80ea8f3c778,SHA256_READ,validation_prediction
formal__team_original_scratch__seed43/validation_epoch5.csv.gz,54214621,52b777447a3e924181360e08639b74dd2610d8b8bebde9ed22c2bf3f03f95a93,SHA256_READ,validation_prediction
formal__team_original_scratch__seed43/validation_epoch6.csv.gz,54218614,07817da9902e756ab46180af5327e69cf98559d7b6631375718da35333693c40,SHA256_READ,validation_prediction
formal__team_original_scratch__seed43/validation_epoch7.csv.gz,54307387,465e48073520011d97282c0d636ee79205424ff5db09032a08815dcb09b96f95,SHA256_READ,validation_prediction
formal__team_original_scratch__seed43/validation_epoch8.csv.gz,54322452,7a92db9ac02a61b196e5590a72ddda37cdba8e568db9f22fd54164b9f24bdd3d,SHA256_READ,validation_prediction
formal__team_original_scratch__seed43/validation_epoch9.csv.gz,54354151,42371b813b8b9a106eeeac7ba4129dffd8b1affb7120c37bfdc5fef54e6f4617,SHA256_READ,validation_prediction
formal__team_original_scratch__seed44/epoch0001_20261003T020437389252_rank0.json,314,a27f895effa354af4ec422d134ee379b1a4ec5120b5d7a2bcf9d6412c42f541c,SHA256_READ,metadata_or_audit
formal__team_original_scratch__seed44/epoch0002_20261003T020437389252_rank0.json,313,bb51dbf8914686e72b0557607904554c74c5b4f54388142c65249ec33698ba76,SHA256_READ,metadata_or_audit
formal__team_original_scratch__seed44/epoch0003_20261003T020437389252_rank0.json,314,34a5441ee3a3dbb3de2bb473da4317c800a77bf92636ef5dd6b8510e508fa1f0,SHA256_READ,metadata_or_audit
formal__team_original_scratch__seed44/epoch0004_20261003T020437389252_rank0.json,315,508e8cbc583364437e280df8a9db26122364486abd010fe9345ef171182c3838,SHA256_READ,metadata_or_audit
formal__team_original_scratch__seed44/epoch0005_20261003T020437389252_rank0.json,316,602097e1a950602af9ae5b467a5489ed12d2e86fa43bb37ff860c54888dcc30b,SHA256_READ,metadata_or_audit
formal__team_original_scratch__seed44/epoch0006_20261003T020437389252_rank0.json,316,55741f441be11d30009dfa28929eda0b803f2a6afef78c10d70b5e3e83efaecb,SHA256_READ,metadata_or_audit
formal__team_original_scratch__seed44/epoch0007_20261003T020437389252_rank0.json,317,4c71580eb2926acc2e4445ba62f382e562beedd2f9f8d697ce06b8cabaec8ffb,SHA256_READ,metadata_or_audit
formal__team_original_scratch__seed44/epoch0008_20261003T020437389252_rank0.json,316,91e48b0a17c231821d64a603e47ed03eb3d381d3ee22e3235e2f320706c8f036,SHA256_READ,metadata_or_audit
formal__team_original_scratch__seed44/epoch0009_20261003T020437389252_rank0.json,318,c9e6b11fdb4a906c6e5e81005dd93ef224543eb7d2555b699d3b53411c5f2b28,SHA256_READ,metadata_or_audit
formal__team_original_scratch__seed44/epoch0010_20261003T020437389252_rank0.json,318,f052ef9ba34d02b232bcb936ddd7419655a2b97827395e79a347905abc7f6684,SHA256_READ,metadata_or_audit
formal__team_original_scratch__seed44/epoch0011_20261003T020437389252_rank0.json,319,e83ad45785b44448967bcc7936a1560547bd6c83ccb585f81cc1f3269bc790ed,SHA256_READ,metadata_or_audit
formal__team_original_scratch__seed44/epoch0012_20261003T020437389252_rank0.json,300,7763fc33fd7fb76158c45ac7f51d3e3fa9dbd9a2252f5c22bb97b587b77c0b03,SHA256_READ,metadata_or_audit
formal__team_original_scratch__seed44/model_interface_audit.json,7908,a117332c59529df1388a57f3bec9d36ed33d880cd15bd0bc2d546b992f39c9a9,SHA256_READ,metadata_or_audit
formal__team_original_scratch__seed44/protocol.lock.json,809235,a0f6458677076243ec1fbb319ccd20ee4bd69fbdf5471d9dbcb10e71f8cece88,SHA256_READ,metadata_or_audit
formal__team_original_scratch__seed44/resolved_config.json,724107,0f7610d1ea71553e1b9f1603612cdd86316209399346e313d6da1403e569bcc4,SHA256_READ,metadata_or_audit
formal__team_original_scratch__seed44/runtime.json,894,b33ba82b963a9cbe717f730533de25d199d87842065a0e0d37382ff1eb709832,SHA256_READ,metadata_or_audit
formal__team_original_scratch__seed44/runtime_20261003T020437389252_rank0.json,894,10f38dcb08fd22fb1c03589e52fc1917461f271b6375db6ba2359e258aff090e,SHA256_READ,metadata_or_audit
formal__team_original_scratch__seed44/sample_journals/epoch0001_20261003T020436679978_rank1.jsonl,4640620,13cb2065d34e4975c32f373403d7ccbfa69e65326079047c36d2008656166738,SHA256_READ,sample_journal
formal__team_original_scratch__seed44/sample_journals/epoch0001_20261003T020436683595_rank2.jsonl,4528591,c4478af413233d9bed2b568f37735d9c3a08cdb70e5abdd6fe02c8751b5e72c2,SHA256_READ,sample_journal
formal__team_original_scratch__seed44/sample_journals/epoch0001_20261003T020436685603_rank3.jsonl,4609412,4c7df87fc771fcb3cbabd97dffb03c952ae8cc090e0de787f66b05db899e29da,SHA256_READ,sample_journal
formal__team_original_scratch__seed44/sample_journals/epoch0001_20261003T020436685922_rank5.jsonl,4730976,4ba198cdaf6286baba2ac2abce1b94f9195938f19fce12023f3db5547c6c3fe4,SHA256_READ,sample_journal
formal__team_original_scratch__seed44/sample_journals/epoch0001_20261003T020436686377_rank9.jsonl,4666019,70c359c51992f34b615dafe80b834cc6c23bc3ccaf540a3df54edaa59414b41f,SHA256_READ,sample_journal
formal__team_original_scratch__seed44/sample_journals/epoch0001_20261003T020436686385_rank7.jsonl,4674612,44b2fd68c0c0319a34881ac53370452a4ce10f46de0efee6cdc6b1362783a084,SHA256_READ,sample_journal
formal__team_original_scratch__seed44/sample_journals/epoch0001_20261003T020436686400_rank4.jsonl,4553192,650731128a0e76b045b5a5531e5c3d6fb44e54ccaf204c4c0119e5c5a0cd3b4d,SHA256_READ,sample_journal
formal__team_original_scratch__seed44/sample_journals/epoch0001_20261003T020436686420_rank6.jsonl,4619851,46ff355f288af6337872d1f1e35e7e2e167c341b8bb6bc9988eae16d5b090725,SHA256_READ,sample_journal
formal__team_original_scratch__seed44/sample_journals/epoch0001_20261003T020436686566_rank8.jsonl,4644809,e3866942e4442574b36a13fee0ee55c9fa29617b1c1f8dbb68938cd6c259f119,SHA256_READ,sample_journal
formal__team_original_scratch__seed44/sample_journals/epoch0001_20261003T020436688980_rank15.jsonl,4582379,40bb570d9a0e8fcd3289facdc164e59173ec6c9839dab9e894d02633ad6c6293,SHA256_READ,sample_journal
formal__team_original_scratch__seed44/sample_journals/epoch0001_20261003T020436689051_rank10.jsonl,4626782,a51e3d710eaf6219d278fe00cb26993dd8d57cd79c351696935c72c6cc059011,SHA256_READ,sample_journal
formal__team_original_scratch__seed44/sample_journals/epoch0001_20261003T020436689079_rank12.jsonl,4638819,2fa6d9b30957531e4e21290116bf869850d4f54735f513341dc34503dd7c9be6,SHA256_READ,sample_journal
formal__team_original_scratch__seed44/sample_journals/epoch0001_20261003T020436689205_rank13.jsonl,4631906,3604e8500b3ecde3cca95a1999a5167a6070864f35915b475e8d35c7cbb800af,SHA256_READ,sample_journal
formal__team_original_scratch__seed44/sample_journals/epoch0001_20261003T020436689650_rank14.jsonl,4572407,4248fc2e065554e9df6a00673a62d39ad3744fb25acbaeec590d854c8fa2771d,SHA256_READ,sample_journal
formal__team_original_scratch__seed44/sample_journals/epoch0001_20261003T020436694430_rank11.jsonl,4648548,850d5b205810c248cc3873f2f6d264501636d3f8a4a3b2426aa063e9e336ea7d,SHA256_READ,sample_journal
formal__team_original_scratch__seed44/sample_journals/epoch0001_20261003T020437389252_rank0.jsonl,4651126,6a19781ab4ebb2ed51e5c87ba2306ea02761ae886ed850c1f5ccdb2e1cf89503,SHA256_READ,sample_journal
formal__team_original_scratch__seed44/sample_journals/epoch0002_20261003T020436679978_rank1.jsonl,4694502,345b7f92bef44989debbb41c4b3e9c7d536fa318000352b4c649e7a1ea29c083,SHA256_READ,sample_journal
formal__team_original_scratch__seed44/sample_journals/epoch0002_20261003T020436683595_rank2.jsonl,4584940,4a8a045f95b0e6e902162b9306f268eadc0376c435d0b897413fd511bd2c50e8,SHA256_READ,sample_journal
formal__team_original_scratch__seed44/sample_journals/epoch0002_20261003T020436685603_rank3.jsonl,4577619,d73ad14a90d785514ef341675a5a9a6e123f339331dfc66dddf6695768419c76,SHA256_READ,sample_journal
formal__team_original_scratch__seed44/sample_journals/epoch0002_20261003T020436685922_rank5.jsonl,4585329,112af70a32f2a9f8a07508a9b806f6b69a2e4837bb0779c38bfefa83665faaf6,SHA256_READ,sample_journal
formal__team_original_scratch__seed44/sample_journals/epoch0002_20261003T020436686377_rank9.jsonl,4621707,d902f4b6b96813b29fa9b0076dba45cd676002f35a7ffdce75053fc7a04bf399,SHA256_READ,sample_journal
formal__team_original_scratch__seed44/sample_journals/epoch0002_20261003T020436686385_rank7.jsonl,4717191,1c528d55105dd11675a27e0d433ed4fb0ae3b9330317300ec899dd10264c56e1,SHA256_READ,sample_journal
formal__team_original_scratch__seed44/sample_journals/epoch0002_20261003T020436686400_rank4.jsonl,4608289,80ee66c8bc8705637880cab7c4f3d3746a0f07771fc9ff972895f523bc32639c,SHA256_READ,sample_journal
formal__team_original_scratch__seed44/sample_journals/epoch0002_20261003T020436686420_rank6.jsonl,4610102,e519b107deebcdf2d7a291ec38ebdb9a34325b98572e63b683b3ddadda6e5ca3,SHA256_READ,sample_journal
formal__team_original_scratch__seed44/sample_journals/epoch0002_20261003T020436686566_rank8.jsonl,4636521,8d2e41f62358e875643d8eab55c04cf59f12109b8a177b0cd9cce9c69ae26598,SHA256_READ,sample_journal
formal__team_original_scratch__seed44/sample_journals/epoch0002_20261003T020436688980_rank15.jsonl,4655039,688d6c64e7b0a17d6703178d70ff0c9f83b7526b07045d344deb66deff5a6fb6,SHA256_READ,sample_journal
formal__team_original_scratch__seed44/sample_journals/epoch0002_20261003T020436689051_rank10.jsonl,4660538,091871706296f46d108db3376499d5c2a3585ce7e87be74976709a55b8ea89cf,SHA256_READ,sample_journal
formal__team_original_scratch__seed44/sample_journals/epoch0002_20261003T020436689079_rank12.jsonl,4572648,8d0d6297217254f21795ad46b95ca86a5f5d7513d17ca9e4c53edbbbcb2d654a,SHA256_READ,sample_journal
formal__team_original_scratch__seed44/sample_journals/epoch0002_20261003T020436689205_rank13.jsonl,4625582,fedce2a913981036f87f70abfad4804f9781027be49a01d3bdc3d15ae77b2343,SHA256_READ,sample_journal
formal__team_original_scratch__seed44/sample_journals/epoch0002_20261003T020436689650_rank14.jsonl,4652616,a55868ba12ec6c56005cf83c1c58a7d4bb8ccf6e58bfa6cddbdd5717c3601e8e,SHA256_READ,sample_journal
formal__team_original_scratch__seed44/sample_journals/epoch0002_20261003T020436694430_rank11.jsonl,4694372,facf6ad2929accf6197493666188282081ec250a363d1726a13a8ce5481c7153,SHA256_READ,sample_journal
formal__team_original_scratch__seed44/sample_journals/epoch0002_20261003T020437389252_rank0.jsonl,4575446,a841c4269c60082c4d7f4f86879c607454fcae787b0dee67b87e015a428f22b6,SHA256_READ,sample_journal
formal__team_original_scratch__seed44/sample_journals/epoch0003_20261003T020436679978_rank1.jsonl,4644580,922fe277a7066b8e4184aeeb8e576c79bde756124b9014b029333c9e39bae1f6,SHA256_READ,sample_journal
formal__team_original_scratch__seed44/sample_journals/epoch0003_20261003T020436683595_rank2.jsonl,4579979,2b191b2f830e28964546e07898b6f3d6959be1b0bda45df84bc04a88f73bc3bc,SHA256_READ,sample_journal
formal__team_original_scratch__seed44/sample_journals/epoch0003_20261003T020436685603_rank3.jsonl,4612714,dcf2ae9484e892ffe12bad364c2f4c82819a568bca913b5271f7d943fdf995dc,SHA256_READ,sample_journal
formal__team_original_scratch__seed44/sample_journals/epoch0003_20261003T020436685922_rank5.jsonl,4616097,e8ade1e87744067575e5947363060be6b0c943fde84de3cf26cb9f0a8b3c643a,SHA256_READ,sample_journal
formal__team_original_scratch__seed44/sample_journals/epoch0003_20261003T020436686377_rank9.jsonl,4627712,de407632e6065d72e4407475e0f9bffa9818a6f58e4f5ca67e90e14622d2e8ae,SHA256_READ,sample_journal
formal__team_original_scratch__seed44/sample_journals/epoch0003_20261003T020436686385_rank7.jsonl,4704600,33d8f4e1a675bf8dda79ef06b7bb28286831280f41dd3a1784af3bd09b7d3ff2,SHA256_READ,sample_journal
formal__team_original_scratch__seed44/sample_journals/epoch0003_20261003T020436686400_rank4.jsonl,4654541,8f984e5cae6842722b19046f7af4545762dd00e057311d7db4ac21b8eab0cc8a,SHA256_READ,sample_journal
formal__team_original_scratch__seed44/sample_journals/epoch0003_20261003T020436686420_rank6.jsonl,4633162,ef2719c235bdcf849f67de77b2f022fb8a37ec6e007f3a149823be53495941b6,SHA256_READ,sample_journal
formal__team_original_scratch__seed44/sample_journals/epoch0003_20261003T020436686566_rank8.jsonl,4643059,c21eaf4b944f7844b7bdb41cd92c41d6ee8b1be122b820066e681b674f5bdcc4,SHA256_READ,sample_journal
formal__team_original_scratch__seed44/sample_journals/epoch0003_20261003T020436688980_rank15.jsonl,4607194,9be2afe4b9da44bf25d19842f111a1226d35f0ba7fe81c9df6b4ec30d28947c9,SHA256_READ,sample_journal
formal__team_original_scratch__seed44/sample_journals/epoch0003_20261003T020436689051_rank10.jsonl,4646431,c5197b4414268e33ac6ea813234dd9adf1d95060359411c8de62ed518bbe3749,SHA256_READ,sample_journal
formal__team_original_scratch__seed44/sample_journals/epoch0003_20261003T020436689079_rank12.jsonl,4561043,babc04e8355524b8a964cb78e99c1dadddad333b777bd27cb0acdb15ccdcbb92,SHA256_READ,sample_journal
formal__team_original_scratch__seed44/sample_journals/epoch0003_20261003T020436689205_rank13.jsonl,4685947,41b8620a1c020a843a344dd50cab39d6418aa4c799cb09bb31176e7d80b753d2,SHA256_READ,sample_journal
formal__team_original_scratch__seed44/sample_journals/epoch0003_20261003T020436689650_rank14.jsonl,4620881,d25d18ac1b46c95964262ae5bbf0056ba43399a1edd10d5c17af969b0c108855,SHA256_READ,sample_journal
formal__team_original_scratch__seed44/sample_journals/epoch0003_20261003T020436694430_rank11.jsonl,4587576,e9322feca98a321025fa1db52a578351787365e83882fe5cfdaf66cc1243eec6,SHA256_READ,sample_journal
formal__team_original_scratch__seed44/sample_journals/epoch0003_20261003T020437389252_rank0.jsonl,4685190,0e0f049008157ae8d21fd90f9399befd64120f3c433bc84e77e3b11d4d0dcd4f,SHA256_READ,sample_journal
formal__team_original_scratch__seed44/sample_journals/epoch0004_20261003T020436679978_rank1.jsonl,4708709,a299617b92140569f2708f32a6c9a9a3d4e9eb5f3b8c10121594654bc55f1a58,SHA256_READ,sample_journal
formal__team_original_scratch__seed44/sample_journals/epoch0004_20261003T020436683595_rank2.jsonl,4582342,ffb6f5e0ce5b76a3935486ab978cad730c397b1dbd572d4ff3052c3df2592127,SHA256_READ,sample_journal
formal__team_original_scratch__seed44/sample_journals/epoch0004_20261003T020436685603_rank3.jsonl,4540448,8192bfcf40a49fdf016b157d73da883faa9e63863c01d41303f214e33e19c95c,SHA256_READ,sample_journal
formal__team_original_scratch__seed44/sample_journals/epoch0004_20261003T020436685922_rank5.jsonl,4690671,04a0f11b32774e3204381bf6fca2262c7cf2b3c04e7515030f0cdf1e4ab9e572,SHA256_READ,sample_journal
formal__team_original_scratch__seed44/sample_journals/epoch0004_20261003T020436686377_rank9.jsonl,4567350,af3397cb37e1454512df440b0c46aff4765a8b8f850de89130354a541b6f4510,SHA256_READ,sample_journal
formal__team_original_scratch__seed44/sample_journals/epoch0004_20261003T020436686385_rank7.jsonl,4598187,14806f13c6960079338c27a5339bad15271b2cc783520dd03aad2dc10f335295,SHA256_READ,sample_journal
formal__team_original_scratch__seed44/sample_journals/epoch0004_20261003T020436686400_rank4.jsonl,4660502,b26cd54f28c0478eb5d11e81831238a39a7895d5fc37b8a2253ffa252737922d,SHA256_READ,sample_journal
formal__team_original_scratch__seed44/sample_journals/epoch0004_20261003T020436686420_rank6.jsonl,4634943,890e16a3f8d338b9c5f554cb29a4374139a15f37e2669b1261f79c6d25f8bcc4,SHA256_READ,sample_journal
formal__team_original_scratch__seed44/sample_journals/epoch0004_20261003T020436686566_rank8.jsonl,4672225,e1b24d3310c31e8e6a5036ff7310bb69386a1fd34f31a85d69949d575d0b01fa,SHA256_READ,sample_journal
formal__team_original_scratch__seed44/sample_journals/epoch0004_20261003T020436688980_rank15.jsonl,4586686,4076b1d9586276a1cfa7e651e0ebeb8fa839764681de2da670341473a25a6b8a,SHA256_READ,sample_journal
formal__team_original_scratch__seed44/sample_journals/epoch0004_20261003T020436689051_rank10.jsonl,4702377,4f80e444213257747104c97e707ea6cd6887eb3c2157e76348a70db2eb6570c9,SHA256_READ,sample_journal
formal__team_original_scratch__seed44/sample_journals/epoch0004_20261003T020436689079_rank12.jsonl,4639394,9b273b9f51b88777107568d74572a26ff634490c00f5d6f4bc92f6a85e57d229,SHA256_READ,sample_journal
formal__team_original_scratch__seed44/sample_journals/epoch0004_20261003T020436689205_rank13.jsonl,4625240,b348358690630ac8b1abac17f8761e93c081f4082d75f1099544d7028eaa7fa2,SHA256_READ,sample_journal
formal__team_original_scratch__seed44/sample_journals/epoch0004_20261003T020436689650_rank14.jsonl,4668779,a431ce956ef7a7096fe04ef3687be61f6fe06a6ac220c20e1ec491e481dbbe2d,SHA256_READ,sample_journal
formal__team_original_scratch__seed44/sample_journals/epoch0004_20261003T020436694430_rank11.jsonl,4583550,83fc44d5c90998382be4f3fcc9fa4b9dce86cc19bbaac83ab8e31a311b2d059b,SHA256_READ,sample_journal
formal__team_original_scratch__seed44/sample_journals/epoch0004_20261003T020437389252_rank0.jsonl,4614942,6de9b6cb6a9a6650d349d8adb7ad70f5e87ad56e0d5c4ee75358fdb8cdaf2e0a,SHA256_READ,sample_journal
formal__team_original_scratch__seed44/sample_journals/epoch0005_20261003T020436679978_rank1.jsonl,4588445,b2025d1f7af23077d05ce0d2c4335a88ae524d35a36a31481df2f4e227847a6d,SHA256_READ,sample_journal
formal__team_original_scratch__seed44/sample_journals/epoch0005_20261003T020436683595_rank2.jsonl,4678401,89755ce2cd6809bc1fc7e55e0b411e02fc2a1ac68ab5eead16b54c79254749e6,SHA256_READ,sample_journal
formal__team_original_scratch__seed44/sample_journals/epoch0005_20261003T020436685603_rank3.jsonl,4657106,36ce143f411f3d5c96a6e5442f896eb8eff0b5018afdacc03ae8a9a8dcfb9943,SHA256_READ,sample_journal
formal__team_original_scratch__seed44/sample_journals/epoch0005_20261003T020436685922_rank5.jsonl,4592784,eb98e93086a9e116607ddfcea20b9085d33a74c9e711452651f61b79dcb6b4b1,SHA256_READ,sample_journal
formal__team_original_scratch__seed44/sample_journals/epoch0005_20261003T020436686377_rank9.jsonl,4566374,69913bc8f7ced51f385f9ea022125185911dab71a5ff64bc4dace42d3774ce41,SHA256_READ,sample_journal
formal__team_original_scratch__seed44/sample_journals/epoch0005_20261003T020436686385_rank7.jsonl,4589519,c0fae670724323159d702ae21b247f1c322fe2ee36ee622f96c8d3264831f9f3,SHA256_READ,sample_journal
formal__team_original_scratch__seed44/sample_journals/epoch0005_20261003T020436686400_rank4.jsonl,4720511,05eb452857699554a0827a7e2978e4488a5486ecd66dd1f5dba7480728f030d8,SHA256_READ,sample_journal
formal__team_original_scratch__seed44/sample_journals/epoch0005_20261003T020436686420_rank6.jsonl,4675534,62626d1e4181094268b2b9e8a30361f4750d02ce81a5263469666c0fbdc1615f,SHA256_READ,sample_journal
formal__team_original_scratch__seed44/sample_journals/epoch0005_20261003T020436686566_rank8.jsonl,4635441,daf0738777adb62e9977379b783a94d56e461e6f833c65edea3a45a2bcef9a9c,SHA256_READ,sample_journal
formal__team_original_scratch__seed44/sample_journals/epoch0005_20261003T020436688980_rank15.jsonl,4650117,1a9563298171eec26f27a3976fddbbd52278c70a3083dccbe89d37ab7a10c09c,SHA256_READ,sample_journal
formal__team_original_scratch__seed44/sample_journals/epoch0005_20261003T020436689051_rank10.jsonl,4609052,8eaa508ed469ad7b17fe5ed3526bb57537ddaee4e273015eeee787becdfda985,SHA256_READ,sample_journal
formal__team_original_scratch__seed44/sample_journals/epoch0005_20261003T020436689079_rank12.jsonl,4585599,e26f49dc86bcebf157849df46f3a4d67df4c9f904f4ea53d010debb102cdddb9,SHA256_READ,sample_journal
formal__team_original_scratch__seed44/sample_journals/epoch0005_20261003T020436689205_rank13.jsonl,4598613,19a44c0d9ad605d32a005fc1f96dead3db0db8ea790c51d83816eb7630881eba,SHA256_READ,sample_journal
formal__team_original_scratch__seed44/sample_journals/epoch0005_20261003T020436689650_rank14.jsonl,4666621,5f78aa01fe4dd579980944bcaca1380d4f6a303ba747e8344c46892894792e1c,SHA256_READ,sample_journal
formal__team_original_scratch__seed44/sample_journals/epoch0005_20261003T020436694430_rank11.jsonl,4652700,60ba30df4492f612e1cb24927dc76d917923911f3835e980e1a722e249b7e235,SHA256_READ,sample_journal
formal__team_original_scratch__seed44/sample_journals/epoch0005_20261003T020437389252_rank0.jsonl,4541284,e8d74ed3f0f29e33abb981810fb26df7d0088beb0a4fec4fda89cb4833bb9df4,SHA256_READ,sample_journal
formal__team_original_scratch__seed44/sample_journals/epoch0006_20261003T020436679978_rank1.jsonl,4639909,8f57127a6ec49b55e7440cc0eda571c58f193ed02320f6492b6ff28c76b4b36f,SHA256_READ,sample_journal
formal__team_original_scratch__seed44/sample_journals/epoch0006_20261003T020436683595_rank2.jsonl,4684792,512718816cc8435be50524a891d6aedafe5aadd4c6372df009c2bc55d90fa1c4,SHA256_READ,sample_journal
formal__team_original_scratch__seed44/sample_journals/epoch0006_20261003T020436685603_rank3.jsonl,4649655,923320f799a27278f4721e6011b12a8007da1bf86a41cde68c598a508cd0d8b1,SHA256_READ,sample_journal
formal__team_original_scratch__seed44/sample_journals/epoch0006_20261003T020436685922_rank5.jsonl,4607964,04304851698dd87c2e97e439a6524dd6b414d80aa84fe09c31761ddb78b5026e,SHA256_READ,sample_journal
formal__team_original_scratch__seed44/sample_journals/epoch0006_20261003T020436686377_rank9.jsonl,4623794,00ccd73d386e53999b680f24e5669a29c82d4e342531910864f86823874c8576,SHA256_READ,sample_journal
formal__team_original_scratch__seed44/sample_journals/epoch0006_20261003T020436686385_rank7.jsonl,4683039,7e83cdc2cab17e59bdeafa9081515959c7c34ad8d7dae60e12cffccb583ee5dd,SHA256_READ,sample_journal
formal__team_original_scratch__seed44/sample_journals/epoch0006_20261003T020436686400_rank4.jsonl,4611379,99b7135b891fa545f7ef58769de57fad2e70e4206a108e74bc6deb0353f8d56d,SHA256_READ,sample_journal
formal__team_original_scratch__seed44/sample_journals/epoch0006_20261003T020436686420_rank6.jsonl,4609008,218691c2343f1378d9bec6d31894c0658fe1a0181f53b69ee2b60fd43f54d9b8,SHA256_READ,sample_journal
formal__team_original_scratch__seed44/sample_journals/epoch0006_20261003T020436686566_rank8.jsonl,4612974,0e9c3c738fa6a38ae569dbaaf67a23978e713f782df2435d1a891f68658221b4,SHA256_READ,sample_journal
formal__team_original_scratch__seed44/sample_journals/epoch0006_20261003T020436688980_rank15.jsonl,4640465,7c3d642d8dc1f9b53af000e9f7a87c57365c18de18d0b2d3c0628d1d74714fca,SHA256_READ,sample_journal
formal__team_original_scratch__seed44/sample_journals/epoch0006_20261003T020436689051_rank10.jsonl,4560378,9a5afea8cfbeebd4b9ab1b1120509420d1d007973bfe13e9b22cbf7ec659c30b,SHA256_READ,sample_journal
formal__team_original_scratch__seed44/sample_journals/epoch0006_20261003T020436689079_rank12.jsonl,4627221,d188cbecb321c45e7951fc07411137d538b33c50828823a0f4302e2f636c5c6c,SHA256_READ,sample_journal
formal__team_original_scratch__seed44/sample_journals/epoch0006_20261003T020436689205_rank13.jsonl,4639061,92d63a553f1659962dbbf591c191cf945309e31691c88133a0c380071ef258e6,SHA256_READ,sample_journal
formal__team_original_scratch__seed44/sample_journals/epoch0006_20261003T020436689650_rank14.jsonl,4599380,5a00fa11e3e674e7d332d33fa5fa8d0680d4ae09b03ed17ac09a682d4c12b58c,SHA256_READ,sample_journal
formal__team_original_scratch__seed44/sample_journals/epoch0006_20261003T020436694430_rank11.jsonl,4663266,3c843c0afcf6c167b24eb890f96c386f0f29328e7cc106f500f669c636965140,SHA256_READ,sample_journal
formal__team_original_scratch__seed44/sample_journals/epoch0006_20261003T020437389252_rank0.jsonl,4628077,f993ac813e312b209a2028b9207185fce72e35b5d3551cc526a9f38376d3f4a1,SHA256_READ,sample_journal
formal__team_original_scratch__seed44/sample_journals/epoch0007_20261003T020436679978_rank1.jsonl,4657135,27915279259545fdfab97f19f1a3a87d973d148d860b75f6224e8f5020553eb0,SHA256_READ,sample_journal
formal__team_original_scratch__seed44/sample_journals/epoch0007_20261003T020436683595_rank2.jsonl,4628265,9ed4365b2b1113840199474d517db04150521a8019ea2b05876652910d55385a,SHA256_READ,sample_journal
formal__team_original_scratch__seed44/sample_journals/epoch0007_20261003T020436685603_rank3.jsonl,4561477,48fb63128fcc08c30e85f143c3e97d476cf15f5d8ecaa199317782a44a92891c,SHA256_READ,sample_journal
formal__team_original_scratch__seed44/sample_journals/epoch0007_20261003T020436685922_rank5.jsonl,4636527,533d74c93ef043e68cc8e7e693700a958a34bb22d481312a28090d7a6cd0c4e7,SHA256_READ,sample_journal
formal__team_original_scratch__seed44/sample_journals/epoch0007_20261003T020436686377_rank9.jsonl,4613440,9018dcac0cb36ffc4eaeb06ad9ce9e64711cadd124f1f7653230519fe08222e8,SHA256_READ,sample_journal
formal__team_original_scratch__seed44/sample_journals/epoch0007_20261003T020436686385_rank7.jsonl,4621874,0e3d50964fcf23150a069f744a8c218657f1b01ec64fdf725ac87693bfa6c30f,SHA256_READ,sample_journal
formal__team_original_scratch__seed44/sample_journals/epoch0007_20261003T020436686400_rank4.jsonl,4685531,84d3b167bd3ea281c4bbf5f3cb1419c8bcd64c5fe8be67458222438c21156473,SHA256_READ,sample_journal
formal__team_original_scratch__seed44/sample_journals/epoch0007_20261003T020436686420_rank6.jsonl,4636699,149ed4202195f3302a78d9f45708f035571ed214495a0a67297790b6516ef7e8,SHA256_READ,sample_journal
formal__team_original_scratch__seed44/sample_journals/epoch0007_20261003T020436686566_rank8.jsonl,4606128,6ee66428e4fbfb6d1dba39b9d3609e7425d504585338650f5cd9ec1e5e5db2cd,SHA256_READ,sample_journal
formal__team_original_scratch__seed44/sample_journals/epoch0007_20261003T020436688980_rank15.jsonl,4677163,c276341a1ca2ecd60432d54c4c06ccd88b8ba322302306dd93ecf9bde9b5ee04,SHA256_READ,sample_journal
formal__team_original_scratch__seed44/sample_journals/epoch0007_20261003T020436689051_rank10.jsonl,4684973,292517a317410d978156a178d1d69b955356398fcc0af4bc7bcbe8706c7e1b8c,SHA256_READ,sample_journal
formal__team_original_scratch__seed44/sample_journals/epoch0007_20261003T020436689079_rank12.jsonl,4748741,a5f796f2512fe08eb4036b50badbb558b9278de99a55690b07f593555f288b16,SHA256_READ,sample_journal
formal__team_original_scratch__seed44/sample_journals/epoch0007_20261003T020436689205_rank13.jsonl,4600641,925eee008e56c7c4b152d837c2c92591b23b0f4c2e97c5d0f3f78890a5e67484,SHA256_READ,sample_journal
formal__team_original_scratch__seed44/sample_journals/epoch0007_20261003T020436689650_rank14.jsonl,4682568,fdbcc05c0c53bd0f5748b034b7e5eeceea37926659563b9ce8167b528e715c6e,SHA256_READ,sample_journal
formal__team_original_scratch__seed44/sample_journals/epoch0007_20261003T020436694430_rank11.jsonl,4593338,58cc36bb20441a0a1ae9da2239d9e8d949f9358b72b2f1971b8c3fd54a7afbe0,SHA256_READ,sample_journal
formal__team_original_scratch__seed44/sample_journals/epoch0007_20261003T020437389252_rank0.jsonl,4603189,02f424821ec996e31fbde0f93109cd4ca96d8921c8614ffb4be876d58f685f2f,SHA256_READ,sample_journal
formal__team_original_scratch__seed44/sample_journals/epoch0008_20261003T020436679978_rank1.jsonl,4589633,851ababca084f39b86be60ec3ed810495c00816e8b1f1d878150d988bb3413ca,SHA256_READ,sample_journal
formal__team_original_scratch__seed44/sample_journals/epoch0008_20261003T020436683595_rank2.jsonl,4557277,b036dd0a49120a851855a4388bb1387becbce01c0786f3d80c973471943d79a8,SHA256_READ,sample_journal
formal__team_original_scratch__seed44/sample_journals/epoch0008_20261003T020436685603_rank3.jsonl,4657234,1f464bf5bc36f6fe5262e6e590943f5c156c36fbdf68a35e38aa727b1bf04fd3,SHA256_READ,sample_journal
formal__team_original_scratch__seed44/sample_journals/epoch0008_20261003T020436685922_rank5.jsonl,4692044,fc4013ff58092a3d68c40e821252beaf77fd4b90a0557f72fdfb8bd752988c9b,SHA256_READ,sample_journal
formal__team_original_scratch__seed44/sample_journals/epoch0008_20261003T020436686377_rank9.jsonl,4615813,db3100d22367537f9a84d5c5cfea659cdab4bff90843f1d96c2ba1315a9ce737,SHA256_READ,sample_journal
formal__team_original_scratch__seed44/sample_journals/epoch0008_20261003T020436686385_rank7.jsonl,4531301,6a64f94cc9d35785d5adf394af526215985f8cecfc3a13be25658baf43929499,SHA256_READ,sample_journal
formal__team_original_scratch__seed44/sample_journals/epoch0008_20261003T020436686400_rank4.jsonl,4686811,fa983bff97d1c8d4e9be5931f27d54741e1f2133b8def7c7304c70b3f1752a16,SHA256_READ,sample_journal
formal__team_original_scratch__seed44/sample_journals/epoch0008_20261003T020436686420_rank6.jsonl,4634618,fa5afbc6bf50a699a8394ef7a3c0431a29a46ae845fb494b01a46b3292349a6d,SHA256_READ,sample_journal
formal__team_original_scratch__seed44/sample_journals/epoch0008_20261003T020436686566_rank8.jsonl,4705147,a3a0b25592e8c1753349db5f95f2e3884bea410b8a5e3987221586c257b589f1,SHA256_READ,sample_journal
formal__team_original_scratch__seed44/sample_journals/epoch0008_20261003T020436688980_rank15.jsonl,4613004,8177552257b5bc711cd44b912e874b94a1cffc32814c624a546d04fc41180a03,SHA256_READ,sample_journal
formal__team_original_scratch__seed44/sample_journals/epoch0008_20261003T020436689051_rank10.jsonl,4699750,834d4c643caff93288809f63761e278834eeea24366933fa6b4170ad1b1cddea,SHA256_READ,sample_journal
formal__team_original_scratch__seed44/sample_journals/epoch0008_20261003T020436689079_rank12.jsonl,4525041,86f9f293c12ffe05f7ac89d69befc753dab0a33570438b15e659a00843e83620,SHA256_READ,sample_journal
formal__team_original_scratch__seed44/sample_journals/epoch0008_20261003T020436689205_rank13.jsonl,4641220,7eb18f2296a392b1354e5a9c5b4dca8df6f5426de18253214b2c2dbd75a81677,SHA256_READ,sample_journal
formal__team_original_scratch__seed44/sample_journals/epoch0008_20261003T020436689650_rank14.jsonl,4629311,1bdbec242c6ab05ec30117db584910fc7cc633d1c746fcca44ee38399b1af1e9,SHA256_READ,sample_journal
formal__team_original_scratch__seed44/sample_journals/epoch0008_20261003T020436694430_rank11.jsonl,4588292,64d9b337a452d8575a86271db5c1a7c72eb1d02bf76f3199725f28b79cae2258,SHA256_READ,sample_journal
formal__team_original_scratch__seed44/sample_journals/epoch0008_20261003T020437389252_rank0.jsonl,4679055,02f66bb5a85b3918c67c6c090aa1fbfc6da17021a304f091b09574ec1cb80e37,SHA256_READ,sample_journal
formal__team_original_scratch__seed44/sample_journals/epoch0009_20261003T020436679978_rank1.jsonl,4661690,8d3f58daa592cf65387a92291deb2bee5ac248f4fe7fb1e6374f285c78e9eb1f,SHA256_READ,sample_journal
formal__team_original_scratch__seed44/sample_journals/epoch0009_20261003T020436683595_rank2.jsonl,4671886,748cf8c945567f978eb7058d211af2f3364ee6a1abfaebce471b2b0a37849760,SHA256_READ,sample_journal
formal__team_original_scratch__seed44/sample_journals/epoch0009_20261003T020436685603_rank3.jsonl,4655421,c15a657a1309c89c9d505acafab3ac3d8cab0c3c5ef94dee025c8f55b8350895,SHA256_READ,sample_journal
formal__team_original_scratch__seed44/sample_journals/epoch0009_20261003T020436685922_rank5.jsonl,4543913,d32bcb265dea9e1c6d4941c7b89408aa1d93672b45810e2a6bc92779119bf8b3,SHA256_READ,sample_journal
formal__team_original_scratch__seed44/sample_journals/epoch0009_20261003T020436686377_rank9.jsonl,4581912,6343c166f699b925ed213c86d2520b6a7380379e37862c5a348bbcdb245da704,SHA256_READ,sample_journal
formal__team_original_scratch__seed44/sample_journals/epoch0009_20261003T020436686385_rank7.jsonl,4624805,69c959cb32e2f8ddf844ef9963f7967ada40f9d8c3d591cd11637438a77807f7,SHA256_READ,sample_journal
formal__team_original_scratch__seed44/sample_journals/epoch0009_20261003T020436686400_rank4.jsonl,4590191,500b76d32fb3217c9cfdaf6a63c577cfc52423a24dbcdb32109fc44ce10d73e7,SHA256_READ,sample_journal
formal__team_original_scratch__seed44/sample_journals/epoch0009_20261003T020436686420_rank6.jsonl,4642271,d05610dc6ece2ac897a48989f38b6410d74106504bdf8560090081ad7e120d73,SHA256_READ,sample_journal
formal__team_original_scratch__seed44/sample_journals/epoch0009_20261003T020436686566_rank8.jsonl,4573846,1027da43b12f54e538f2f831a24e39be0b6a94d1b4e53cf4bb29787e8ebf6fb3,SHA256_READ,sample_journal
formal__team_original_scratch__seed44/sample_journals/epoch0009_20261003T020436688980_rank15.jsonl,4619844,11dc0477846821720b018b21d5926dd482ba65c544279fe622b480e223d9e214,SHA256_READ,sample_journal
formal__team_original_scratch__seed44/sample_journals/epoch0009_20261003T020436689051_rank10.jsonl,4690908,de701f076058c91afe17c7b8e7ea6a820ad6b2db58e1e86e9155de5a974b7c69,SHA256_READ,sample_journal
formal__team_original_scratch__seed44/sample_journals/epoch0009_20261003T020436689079_rank12.jsonl,4613804,a626f5048eacb33f39a3697087441b370c249a257539f1799f79f100b91e613d,SHA256_READ,sample_journal
formal__team_original_scratch__seed44/sample_journals/epoch0009_20261003T020436689205_rank13.jsonl,4641322,8ef99552e3da866c1771a9c8a735a55af2a43cdf8ace813119fe892672b6cda9,SHA256_READ,sample_journal
formal__team_original_scratch__seed44/sample_journals/epoch0009_20261003T020436689650_rank14.jsonl,4706061,4cbba9a78aed6e3d4ab3bd2feb3c3a404d4eadd5275e7dcbb2fc8d82a7cae1f0,SHA256_READ,sample_journal
formal__team_original_scratch__seed44/sample_journals/epoch0009_20261003T020436694430_rank11.jsonl,4625644,cb8a4067608b012612ea7fb7840fb4777d569059645109a8b86a7310f7c6916d,SHA256_READ,sample_journal
formal__team_original_scratch__seed44/sample_journals/epoch0009_20261003T020437389252_rank0.jsonl,4608747,21fa38cfeabd3258c9addd10e4c8141bd45fda89b97fa10f034fb3b7de18dfbb,SHA256_READ,sample_journal
formal__team_original_scratch__seed44/sample_journals/epoch0010_20261003T020436679978_rank1.jsonl,4629079,95d2138c39c58fac4f43bf49b782d838a34b84472a37b010ddb924983a7eeeee,SHA256_READ,sample_journal
formal__team_original_scratch__seed44/sample_journals/epoch0010_20261003T020436683595_rank2.jsonl,4614669,17c877821ea50cfbefbbb631a7174baf36948a4fc7133b90b859146c91bd2c21,SHA256_READ,sample_journal
formal__team_original_scratch__seed44/sample_journals/epoch0010_20261003T020436685603_rank3.jsonl,4617466,16b65f8d4d54d6bfda345857cfb194a97f2d2d2fe4fd4abb2e178d54151d3b08,SHA256_READ,sample_journal
formal__team_original_scratch__seed44/sample_journals/epoch0010_20261003T020436685922_rank5.jsonl,4620468,8e35a83976bf8e891328c77f1a98a2bf8f0ff7f07668beb5c555912d885334a0,SHA256_READ,sample_journal
formal__team_original_scratch__seed44/sample_journals/epoch0010_20261003T020436686377_rank9.jsonl,4693663,53aa4113e4b8e01f46930a7b93114b310089b1bbcc593f486d2d9839484afe94,SHA256_READ,sample_journal
formal__team_original_scratch__seed44/sample_journals/epoch0010_20261003T020436686385_rank7.jsonl,4630204,fa5cf0980395d49c5ab87340267a6cad7b9c2ff5d3b683559873181d3126d651,SHA256_READ,sample_journal
formal__team_original_scratch__seed44/sample_journals/epoch0010_20261003T020436686400_rank4.jsonl,4672141,46ccb26ef5c71dfcb03f4a4c1c45659db4b913898c371c246588872965f77cc5,SHA256_READ,sample_journal
formal__team_original_scratch__seed44/sample_journals/epoch0010_20261003T020436686420_rank6.jsonl,4579368,a593e7de1b371160d2a2534b04a738e4003077352f4667421d7dcfcd6816a03c,SHA256_READ,sample_journal
formal__team_original_scratch__seed44/sample_journals/epoch0010_20261003T020436686566_rank8.jsonl,4664041,e82d71d5afc5c08291e7dd876baf1c906d47a80a3d4f68027f32a97f4303e038,SHA256_READ,sample_journal
formal__team_original_scratch__seed44/sample_journals/epoch0010_20261003T020436688980_rank15.jsonl,4587003,4ad7b4b8c71b224b7c437f156e4f43c43491b0ebaeffd96c12dd495a6d736fbf,SHA256_READ,sample_journal
formal__team_original_scratch__seed44/sample_journals/epoch0010_20261003T020436689051_rank10.jsonl,4621275,d0f6566deb04e4a4657e840e5f8cb179cc7b117b886a02c89d6b07709a89d72b,SHA256_READ,sample_journal
formal__team_original_scratch__seed44/sample_journals/epoch0010_20261003T020436689079_rank12.jsonl,4700628,0ec66dff817b0248633a753e0b241a169d7533db6a5fb161d455b4669f8ee9aa,SHA256_READ,sample_journal
formal__team_original_scratch__seed44/sample_journals/epoch0010_20261003T020436689205_rank13.jsonl,4650957,f07e76fd27009b78913474ad58ec34b127a52430042e28ecbe6b37397477b37b,SHA256_READ,sample_journal
formal__team_original_scratch__seed44/sample_journals/epoch0010_20261003T020436689650_rank14.jsonl,4687064,a7e5327a0cd944be8acd082407099eae1f6e74fd1c013f889d6308dfebf3c724,SHA256_READ,sample_journal
formal__team_original_scratch__seed44/sample_journals/epoch0010_20261003T020436694430_rank11.jsonl,4624606,01e819e20149b07bfe38c44b78395af990549fb802b6cb00817d198a20a56ded,SHA256_READ,sample_journal
formal__team_original_scratch__seed44/sample_journals/epoch0010_20261003T020437389252_rank0.jsonl,4602788,7388471e5121a55a05eb8e4e088a8bf4ba96c2321fa8529af617cef7a0243fab,SHA256_READ,sample_journal
formal__team_original_scratch__seed44/sample_journals/epoch0011_20261003T020436679978_rank1.jsonl,4639986,8ce3bcf363d651518fdff15afc4fa35b94bd85d6598288654d095e5185ecf9bc,SHA256_READ,sample_journal
formal__team_original_scratch__seed44/sample_journals/epoch0011_20261003T020436683595_rank2.jsonl,4572668,bc45c3672f6ff1ab7e3ee7afb650c614dbcb2b831d9bf7f9c616e685308c2fd3,SHA256_READ,sample_journal
formal__team_original_scratch__seed44/sample_journals/epoch0011_20261003T020436685603_rank3.jsonl,4628445,251ce9a698bdfd33f7d47c6399fb8a056647da440d280fac3fbe26b34496261a,SHA256_READ,sample_journal
formal__team_original_scratch__seed44/sample_journals/epoch0011_20261003T020436685922_rank5.jsonl,4600395,a764625001084c1fe06640bd92782928ca4adb3680e18465530378b636b6c009,SHA256_READ,sample_journal
formal__team_original_scratch__seed44/sample_journals/epoch0011_20261003T020436686377_rank9.jsonl,4657805,9424e09136d1687752b3fbeff51fdadcb49d7e574e9665137e1389f4ab17a309,SHA256_READ,sample_journal
formal__team_original_scratch__seed44/sample_journals/epoch0011_20261003T020436686385_rank7.jsonl,4610563,10f8e05ffdcdf73822137e85412c2353bae2d83dcb8fb50460d988af8c9986cb,SHA256_READ,sample_journal
formal__team_original_scratch__seed44/sample_journals/epoch0011_20261003T020436686400_rank4.jsonl,4679058,767c95fd6031ddc2b154bd4a3cc0660d0e2f80634fdbe78e699fab53034aa4c1,SHA256_READ,sample_journal
formal__team_original_scratch__seed44/sample_journals/epoch0011_20261003T020436686420_rank6.jsonl,4635210,a041cfbe8c53d3bf0ed63a27577cdf16a2265bfa67c16855e70514dbc02d2035,SHA256_READ,sample_journal
formal__team_original_scratch__seed44/sample_journals/epoch0011_20261003T020436686566_rank8.jsonl,4651891,9e53e5e790f04ae3645528a0cb3f12838ff60a357c0d4a774525c3cea9da0257,SHA256_READ,sample_journal
formal__team_original_scratch__seed44/sample_journals/epoch0011_20261003T020436688980_rank15.jsonl,4642093,e7dbaa8683f9da9b8e0e2ef5e07f87815b78ef1ee8662cf161a725e03725e858,SHA256_READ,sample_journal
formal__team_original_scratch__seed44/sample_journals/epoch0011_20261003T020436689051_rank10.jsonl,4619723,912e928bd2e73b6cfafebedb182c97e71c4f9a73c0e14e68dae7e691a4dab535,SHA256_READ,sample_journal
formal__team_original_scratch__seed44/sample_journals/epoch0011_20261003T020436689079_rank12.jsonl,4660884,7d91ec60dd99ce4be27873482601b7025816a5b14952f8564ed64aa6bbba60d7,SHA256_READ,sample_journal
formal__team_original_scratch__seed44/sample_journals/epoch0011_20261003T020436689205_rank13.jsonl,4667101,24cabf59e92ffa5c29da3dc0ef3fdd3f05f428670ad3a103ad0b673b4d623601,SHA256_READ,sample_journal
formal__team_original_scratch__seed44/sample_journals/epoch0011_20261003T020436689650_rank14.jsonl,4642942,419d69f7b0432b828cacbfcc9553f87f4a302f110b916bc2c1794a7a29e72b72,SHA256_READ,sample_journal
formal__team_original_scratch__seed44/sample_journals/epoch0011_20261003T020436694430_rank11.jsonl,4655124,19d01fa56bf3c51c9347c2a33ac0de1d3f3676bd3f2c11c423c6984e36ce9991,SHA256_READ,sample_journal
formal__team_original_scratch__seed44/sample_journals/epoch0011_20261003T020437389252_rank0.jsonl,4603890,c48a96c85995ad9be0856d64cf5a336fc05186560e491699ca9c4e6a0a32cd90,SHA256_READ,sample_journal
formal__team_original_scratch__seed44/sample_journals/epoch0012_20261003T020436679978_rank1.jsonl,4653147,60147d2b4b287630bd913a8d99c54ec2be510ecc654957f79eca236033cb08e7,SHA256_READ,sample_journal
formal__team_original_scratch__seed44/sample_journals/epoch0012_20261003T020436683595_rank2.jsonl,4589817,cab6f3aef5b2e71f125509acc68e521c888ee7e187fbe971c0c8c9a69b9f6182,SHA256_READ,sample_journal
formal__team_original_scratch__seed44/sample_journals/epoch0012_20261003T020436685603_rank3.jsonl,4657947,31a2b99f15fdf7d9e553bce8f5ea80217127a76621389c959f43b84aae192834,SHA256_READ,sample_journal
formal__team_original_scratch__seed44/sample_journals/epoch0012_20261003T020436685922_rank5.jsonl,4540580,c099101e2ef4986ac2f2fa9045adc8220df7ea66227858303182e1dff43a8013,SHA256_READ,sample_journal
formal__team_original_scratch__seed44/sample_journals/epoch0012_20261003T020436686377_rank9.jsonl,4597887,7cfc49453fe60cc54605c04cc43133f6292908190f86449d91b4d1ee47989d7e,SHA256_READ,sample_journal
formal__team_original_scratch__seed44/sample_journals/epoch0012_20261003T020436686385_rank7.jsonl,4674784,f04d1bab04d5ba4085b9c72c387f141edd7117c39bf97607b6852b832829352d,SHA256_READ,sample_journal
formal__team_original_scratch__seed44/sample_journals/epoch0012_20261003T020436686400_rank4.jsonl,4568988,607be5ee0892d9e5e134aefa46f804b003f56872e5e3b2b8f8fe97cf26ad6e20,SHA256_READ,sample_journal
formal__team_original_scratch__seed44/sample_journals/epoch0012_20261003T020436686420_rank6.jsonl,4732651,c2a84d01a941623c61ae0920b309c585a8b8b74996a96af293a4ad94ac232836,SHA256_READ,sample_journal
formal__team_original_scratch__seed44/sample_journals/epoch0012_20261003T020436686566_rank8.jsonl,4690344,2f5aa78e81fb9ba417827f00b5f92149684811e7ec28b3c4cd9cc82a9d0b95a2,SHA256_READ,sample_journal
formal__team_original_scratch__seed44/sample_journals/epoch0012_20261003T020436688980_rank15.jsonl,4617289,72f0f176bd454298e96ba569d9d122231ca6a32ffb240cb374dd25f9b24dd7c2,SHA256_READ,sample_journal
formal__team_original_scratch__seed44/sample_journals/epoch0012_20261003T020436689051_rank10.jsonl,4567149,875bea972f26b9af785bdbc15a0313fcdea8c2382a0fb4b22798fb23f09a64f9,SHA256_READ,sample_journal
formal__team_original_scratch__seed44/sample_journals/epoch0012_20261003T020436689079_rank12.jsonl,4578378,fe776e8d3c8cd568d54b74e63425effc048260225ffdb69948d0dc974e8f9bf7,SHA256_READ,sample_journal
formal__team_original_scratch__seed44/sample_journals/epoch0012_20261003T020436689205_rank13.jsonl,4725357,dedc89542bf63f63a59c6b49a57792a08b767e43ca5d5e2d512aa4416d727197,SHA256_READ,sample_journal
formal__team_original_scratch__seed44/sample_journals/epoch0012_20261003T020436689650_rank14.jsonl,4659424,0acecba7f80e13c9303e38c314ae4e77d119dae9489631b7532dc1b2cc57a1ad,SHA256_READ,sample_journal
formal__team_original_scratch__seed44/sample_journals/epoch0012_20261003T020436694430_rank11.jsonl,4552839,dcc4106d50767f88402d8ea4fd4bdd1f3d5aa62a2b888b745480124fa3ecabe5,SHA256_READ,sample_journal
formal__team_original_scratch__seed44/sample_journals/epoch0012_20261003T020437389252_rank0.jsonl,4608430,342e72886da29b24399fe36440236a80cc059f6e209073a904d1fa4d7de638b5,SHA256_READ,sample_journal
formal__team_original_scratch__seed44/training_curves.csv,1403,d93499806b7288331aa70f501bf6a639ba70df1a2b50a8ad666054222bb4a2f2,SHA256_READ,metadata_or_audit
formal__team_original_scratch__seed44/validation_epoch1.csv.gz,53781719,67c52f853f428309b27f2fb47f6c51bfb3096ff891a2c56830330a5ded0766c3,SHA256_READ,validation_prediction
formal__team_original_scratch__seed44/validation_epoch10.csv.gz,54363191,8f063f3eda4446cacd7829e1211486f8b586593e6b2e5e84ebe550886d90c4bd,SHA256_READ,validation_prediction
formal__team_original_scratch__seed44/validation_epoch11.csv.gz,54393465,22a4febf2b2d023ee643d5d303de2fc17084be141dce0aee747299789b94d791,SHA256_READ,validation_prediction
formal__team_original_scratch__seed44/validation_epoch12.csv.gz,54399805,28cef583c87bbdf909101ca19bf56bd6d343fd461ff0be7983754a081776f583,SHA256_READ,validation_prediction
formal__team_original_scratch__seed44/validation_epoch2.csv.gz,54010654,58507af6bd6fdf11e67d0fafcdb26d07d80b4e87a2490e53cb8584a2c07dff5a,SHA256_READ,validation_prediction
formal__team_original_scratch__seed44/validation_epoch3.csv.gz,54053656,bb9e0ebaa69bbadb8436210ce242df1e6ece837fe9aab1384280ca50e71499e8,SHA256_READ,validation_prediction
formal__team_original_scratch__seed44/validation_epoch4.csv.gz,54189681,0118837d16d20cc10c46928cdaf0209776efc00d2446c14d17e48b66277dcaa9,SHA256_READ,validation_prediction
formal__team_original_scratch__seed44/validation_epoch5.csv.gz,54262399,9394e69dcb4fe5d6cec861e5fde1cc8572729234f268a814a3caee2f4578dd60,SHA256_READ,validation_prediction
formal__team_original_scratch__seed44/validation_epoch6.csv.gz,54246171,377b56fe38ea2c92144b71a281c27d420f021f8d0bfe342e510963093a571cb2,SHA256_READ,validation_prediction
formal__team_original_scratch__seed44/validation_epoch7.csv.gz,54310495,0efde2b60e2f43794b8c901159dd937ca062ebfdae35b8280d88eb068de40bab,SHA256_READ,validation_prediction
formal__team_original_scratch__seed44/validation_epoch8.csv.gz,54316509,f31b1f5b7d75315a290a6cfa8f569876aee3e1931b61985ef41b9b858c308c88,SHA256_READ,validation_prediction
formal__team_original_scratch__seed44/validation_epoch9.csv.gz,54370286,3fc52ea7bcb464556a60da4ee40977382c49d8f55bf56752aef56284b8a8371c,SHA256_READ,validation_prediction
pilot__eqt_pretrained_frozen__seed42/epoch0001_20261002T061924985804_rank0.json,286,41fddbd89462a539223548bab012deb288aa8ce7beadefc9f8d8484924eb0664,SHA256_READ,metadata_or_audit
pilot__eqt_pretrained_frozen__seed42/model_interface_audit.json,7093,7902df271f24a684b37125e16755f39da517dc3a3dd29276e0549b1223461bb5,SHA256_READ,metadata_or_audit
pilot__eqt_pretrained_frozen__seed42/protocol.lock.json,10651,5a3fabb65841d643f6fe4f0d3d4ab13c604bf13d1cb06a96b28edbb7bc84f9c6,SHA256_READ,metadata_or_audit
pilot__eqt_pretrained_frozen__seed42/resolved_config.json,8499,f2907ad6e1b730d322396095182085268a07396be0fec1c2c3cde42aad729ab1,SHA256_READ,metadata_or_audit
pilot__eqt_pretrained_frozen__seed42/runtime.json,891,03e85ac35768515ee310b14ad430a315e524bd0fa5f710f11a8523452ad2749a,SHA256_READ,metadata_or_audit
pilot__eqt_pretrained_frozen__seed42/runtime_20261002T061924985804_rank0.json,891,59028405f0f27a409787faa153915594a4f5ffa8958968e359e58155f5a61060,SHA256_READ,metadata_or_audit
pilot__eqt_pretrained_frozen__seed42/sample_journals/epoch0001_20261002T061924235297_rank2.jsonl,22163,678d8d66986550aea7a511bb8594d96ea880690573097d3f63c435715d76eab1,SHA256_READ,sample_journal
pilot__eqt_pretrained_frozen__seed42/sample_journals/epoch0001_20261002T061924235432_rank1.jsonl,30565,1bd030eeb7be6c5cdd0798ef7960576964b75319c93a7e4f514e2ad3f30e4858,SHA256_READ,sample_journal
pilot__eqt_pretrained_frozen__seed42/sample_journals/epoch0001_20261002T061924235534_rank3.jsonl,34656,632f72f9f81ceec2b86d8a2d103c51e9ee45fa9a560a9b194fbdb04f0959f23e,SHA256_READ,sample_journal
pilot__eqt_pretrained_frozen__seed42/sample_journals/epoch0001_20261002T061924985804_rank0.jsonl,30798,ff7f28a4523791db171d83aea2f7fb4b43741ce3ea866561c357dbac178ad00a,SHA256_READ,sample_journal
pilot__eqt_pretrained_frozen__seed42/training_curves.csv,223,430065afef2d6a89945d1622c265add7df6c371bfe98f1f21806f45529419e13,SHA256_READ,metadata_or_audit
pilot__eqt_pretrained_frozen__seed42/validation_epoch1.csv.gz,231119,5f6e8f8c995d34abaeab60b66bfd8681a523b57a29ac3ce3dfd2301cdb710f62,SHA256_READ,validation_prediction
pilot__phasenet_pretrained_frozen__seed42/epoch0001_20261002T061923578794_rank0.json,283,573814ee195a73300455ac4e7dbaeed0b8e1b0afbc54e2d463124716c188e050,SHA256_READ,metadata_or_audit
pilot__phasenet_pretrained_frozen__seed42/model_interface_audit.json,7093,975936e28811a36f1dbcf9e9168b7015c56714647461f4f9439e9b5555701f10,SHA256_READ,metadata_or_audit
pilot__phasenet_pretrained_frozen__seed42/protocol.lock.json,10623,2b81db886d870e1063d119fbdbe1e8fb0321b6ec78267bf63704433c9ea30eb9,SHA256_READ,metadata_or_audit
pilot__phasenet_pretrained_frozen__seed42/resolved_config.json,8509,88de1565a518577c22d48de4b972f6fada5b1e03d9c25fb029749634d45d065f,SHA256_READ,metadata_or_audit
pilot__phasenet_pretrained_frozen__seed42/runtime.json,901,80211a57cc66cfc04ac6c1f1ab88312a6b86196fb1c02b613db3ffbd9e9c76b2,SHA256_READ,metadata_or_audit
pilot__phasenet_pretrained_frozen__seed42/runtime_20261002T061923578794_rank0.json,901,b0626cff8e83d37cd366e026e5806ab2cbb3956dca4e35e0256630a6d064b508,SHA256_READ,metadata_or_audit
pilot__phasenet_pretrained_frozen__seed42/sample_journals/epoch0001_20261002T061922971984_rank1.jsonl,29879,597fd8d85f86554c57c4063efc505e40ce6edb60ac9457c254bc920995c49948,SHA256_READ,sample_journal
pilot__phasenet_pretrained_frozen__seed42/sample_journals/epoch0001_20261002T061922976384_rank2.jsonl,22137,a487fc48de009fb6239e94610d3ba53d40f7ed7e2552ecee214353654761d3f3,SHA256_READ,sample_journal
pilot__phasenet_pretrained_frozen__seed42/sample_journals/epoch0001_20261002T061922986223_rank3.jsonl,33996,b26f9d59484ad3cd797017dbb98947d74ae1e3dae68e19f414f58ee8c8ec9f86,SHA256_READ,sample_journal
pilot__phasenet_pretrained_frozen__seed42/sample_journals/epoch0001_20261002T061923578794_rank0.jsonl,30316,9f75bb9a434e15a4f7d7b16ad93cf0879db72db1aea38c6e507d9e20044f3f4e,SHA256_READ,sample_journal
pilot__phasenet_pretrained_frozen__seed42/training_curves.csv,220,fcc7a49eed732bf02ab95c1af4f05fde752748a910bd2240d41efb0d35e95594,SHA256_READ,metadata_or_audit
pilot__phasenet_pretrained_frozen__seed42/validation_epoch1.csv.gz,231021,6e00ffdf1e053398a6b5cba7af7b011e1ce5c4add001c0b8451551ccca06c62b,SHA256_READ,validation_prediction
pilot__team_original_scratch__seed42/epoch0001_20261002T061925084556_rank0.json,285,139434e315a9b0030d0d0165179b2b08878c91204e523539d6acc773b3da6420,SHA256_READ,metadata_or_audit
pilot__team_original_scratch__seed42/model_interface_audit.json,7908,1d7b55c3773a986a117d9ae41a429ea7783c02facd5f849d4a947e663613b66e,SHA256_READ,metadata_or_audit
pilot__team_original_scratch__seed42/protocol.lock.json,10590,334810aa4843340c18127bb8ce129c44dcda7686c2807159b3caa0a737619b87,SHA256_READ,metadata_or_audit
pilot__team_original_scratch__seed42/resolved_config.json,8500,125021202b103132fe61715bf64a4aaa0e3cba31ed62e82e5a1cc17299d703a0,SHA256_READ,metadata_or_audit
pilot__team_original_scratch__seed42/runtime.json,891,33e6af803d19388b2fd306c01afa9cef080595d82fedd5be83900451086e698c,SHA256_READ,metadata_or_audit
pilot__team_original_scratch__seed42/runtime_20261002T061925084556_rank0.json,891,c1a2d1dfb21299c8954daceddb23c5198e743e62328794878c6e5770a03b08b2,SHA256_READ,metadata_or_audit
pilot__team_original_scratch__seed42/sample_journals/epoch0001_20261002T061925084556_rank0.jsonl,118999,2f074dd2a20dffda5aca70e680478a718accc29f695286e3d9b3030f11d66466,SHA256_READ,sample_journal
pilot__team_original_scratch__seed42/training_curves.csv,222,53ec5f966223566edc088b7edac43de531af784262ec3a488c8873ba07b2ff33,SHA256_READ,metadata_or_audit
pilot__team_original_scratch__seed42/validation_epoch1.csv.gz,230878,dba9e31ff9b6ffa31c7a181bba1eeec4296446f62d07d9977e5965fa430474f3,SHA256_READ,validation_prediction
slurm/fe01-pilot-audit-29175452_1.err,678,f4ea85ec77cecd4640f3dba0289571c0947b22b853fbfa6b7ee647fc8fa9d22c,SHA256_READ,metadata_or_audit
slurm/fe01-pilot-audit-29175452_1.out,472,7e344d313e3b02c9984f0bb26980c17a652ed4830f94131b8a3c4bd7f41276f4,SHA256_READ,metadata_or_audit
slurm/fe01-pilot-audit-29176161_1.err,722,aa6baed5b36b8b9a9bb9f44dbdc2493ba766de854442781cb271fc80ab50dfc3,SHA256_READ,metadata_or_audit
slurm/fe01-pilot-audit-29176161_1.out,712,94db06b0728e6dc20373b86da22e75eb3e15b8e74a17828f4626a9fc04b0775c,SHA256_READ,metadata_or_audit
