event_id,origin_time_jst_raw,origin_timestamp_raw,training_latitude,training_longitude,training_depth_km,training_magnitude,candidate_count,match_status,accepted,origin_time_jst_corrected,origin_timestamp_corrected,origin_time_correction_s,jma_event_id,jma_origin_time_jst,jma_origin_timestamp,jma_latitude,jma_longitude,jma_depth_km,jma_magnitude,jma_region,jma_source_url,jma_source_date,time_diff_s,abs_time_diff_s,horizontal_distance_km,depth_diff_km,magnitude_diff,match_score,second_match_score,score_margin,second_jma_event_id,second_jma_origin_time_jst,second_time_diff_s,second_horizontal_distance_km,second_depth_diff_km,second_magnitude_diff
20240101160600,2024-01-01T16:06:00+09:00,1704092760.0,37.51,137.245,12.0,5.5,2,matched,1,2024-01-01T16:06:06.100+09:00,1704092766.1,6.099999904632568,20240101160606100,2024-01-01T16:06:06.100+09:00,1704092766.1,37.51,137.245,12.0,5.5,石川県能登地方,https://www.data.jma.go.jp/eqev/data/daily_map/20240101.html,20240101,6.099999904632568,6.099999904632568,0.0,0.0,0.0,0.20333333015441896,2.8786176291123065,2.6752842989578873,20240101160715100,2024-01-01T16:07:15.100+09:00,75.09999990463257,1.8764214947894382,0.0,
20240101161000,2024-01-01T16:10:00+09:00,1704093000.0,37.495,137.27,16.0,7.6,4,matched,1,2024-01-01T16:10:22.500+09:00,1704093022.5,22.5,20240101161022500,2024-01-01T16:10:22.500+09:00,1704093022.5,37.495,137.27,16.0,7.6,石川県能登地方,https://www.data.jma.go.jp/eqev/data/daily_map/20240101.html,20240101,22.5,22.5,0.0,0.0,0.0,0.75,1.5924112218822755,0.8424112218822755,20240101161008300,2024-01-01T16:10:08.300+09:00,8.299999952316284,3.57872278402533,6.0,
20240101161700,2024-01-01T16:17:00+09:00,1704093420.0,37.318,136.943,12.0,5.1,4,matched,1,2024-01-01T16:17:49.400+09:00,1704093469.4,49.40000009536743,20240101161749400,2024-01-01T16:17:49.400+09:00,1704093469.4,37.31333333333333,136.94833333333332,12.0,5.0,石川県能登地方,https://www.data.jma.go.jp/eqev/data/daily_map/20240101.html,20240101,49.40000009536743,49.40000009536743,0.7012275024893857,0.0,0.09999999999999964,2.12024550367679,4.940639789933889,2.8203942862570988,20240101161718800,2024-01-01T16:17:18.800+09:00,18.799999952316284,15.069865624283402,3.0,0.2999999999999998
20240101161800,2024-01-01T16:18:00+09:00,1704093480.0,37.198,136.818,11.0,6.1,1,matched,1,2024-01-01T16:18:42.600+09:00,1704093522.6,42.59999990463257,20240101161842600,2024-01-01T16:18:42.600+09:00,1704093522.6,37.19833333333333,136.81833333333333,11.0,6.1,石川県能登地方,https://www.data.jma.go.jp/eqev/data/daily_map/20240101.html,20240101,42.59999990463257,42.59999990463257,0.04738653449427467,0.0,0.0,1.4294773037199406,,inf,,,,,,
20240101162000,2024-01-01T16:20:00+09:00,1704093600.0,37.195,136.88,7.0,4.1,2,matched,1,2024-01-01T16:20:35.300+09:00,1704093635.3,35.299999952316284,20240101162035300,2024-01-01T16:20:35.300+09:00,1704093635.3,37.20333333333333,136.89666666666668,9.0,4.2,石川県能登地方,https://www.data.jma.go.jp/eqev/data/daily_map/20240101.html,20240101,35.299999952316284,35.299999952316284,1.7429151168053882,2.0,0.10000000000000053,2.0585830217716223,8.02756001637589,5.968976994604268,20240101161834500,2024-01-01T16:18:34.500+09:00,-85.5,19.221133415212787,0.0,0.39999999999999947
20240101162100,2024-01-01T16:21:00+09:00,1704093660.0,37.295,136.928,10.0,4.2,4,ambiguous,0,2024-01-01T16:20:52.500+09:00,1704093652.5,-7.5,20240101162052500,2024-01-01T16:20:52.500+09:00,1704093652.5,37.36833333333333,137.02666666666667,10.0,4.3,石川県能登地方,https://www.data.jma.go.jp/eqev/data/daily_map/20240101.html,20240101,-7.5,7.5,11.94129536367211,0.0,0.09999999999999964,2.971592406067754,3.036021070388468,0.06442866432071392,20240101162035300,2024-01-01T16:20:35.300+09:00,-24.700000047683716,10.563438677328385,1.0,0.0
20240101162300,2024-01-01T16:23:00+09:00,1704093780.0,37.462,137.172,12.0,4.3,6,matched,1,2024-01-01T16:23:46.700+09:00,1704093826.7,46.700000047683716,20240101162346700,2024-01-01T16:23:46.700+09:00,1704093826.7,37.461666666666666,137.17166666666665,12.0,4.3,石川県能登地方,https://www.data.jma.go.jp/eqev/data/daily_map/20240101.html,20240101,46.700000047683716,46.700000047683716,0.047322160024779535,0.0,0.0,1.5661311002610798,2.80667277548047,1.24054167521939,20240101162303700,2024-01-01T16:23:03.700+09:00,3.700000047683716,5.7500305361217325,2.0,0.3999999999999999
20240101162500,2024-01-01T16:25:00+09:00,1704093900.0,37.47,137.098,18.0,4.1,5,matched,1,2024-01-01T16:25:42.900+09:00,1704093942.9,42.90000009536743,20240101162542900,2024-01-01T16:25:42.900+09:00,1704093942.9,37.43833333333333,137.15333333333334,12.0,4.1,石川県能登地方,https://www.data.jma.go.jp/eqev/data/daily_map/20240101.html,20240101,42.90000009536743,42.90000009536743,6.021238603588599,6.0,0.0,3.2342477238966345,4.961029029181794,1.7267813052851593,20240101162511400,2024-01-01T16:25:11.400+09:00,11.400000095367432,17.238478463347736,8.0,0.09999999999999964
20240101162800,2024-01-01T16:28:00+09:00,1704094080.0,37.227,137.042,2.0,4.5,1,matched,1,2024-01-01T16:27:30.100+09:00,1704094050.1,-29.90000009536743,20240101162730100,2024-01-01T16:27:30.100+09:00,1704094050.1,37.36833333333333,137.13833333333332,13.0,4.4,石川県能登地方,https://www.data.jma.go.jp/eqev/data/daily_map/20240101.html,20240101,-29.90000009536743,29.90000009536743,17.877058932107815,11.0,0.09999999999999964,6.005411789600476,,inf,,,,,,
20240101162900,2024-01-01T16:29:00+09:00,1704094140.0,37.512,137.093,10.0,4.7,5,matched,1,2024-01-01T16:29:02.800+09:00,1704094142.8,2.799999952316284,20240101162902800,2024-01-01T16:29:02.800+09:00,1704094142.8,37.51166666666666,137.09333333333333,10.0,4.7,能登半島沖,https://www.data.jma.go.jp/eqev/data/daily_map/20240101.html,20240101,2.799999952316284,2.799999952316284,0.047309924387557385,0.0,0.0,0.1027953166213876,5.583409910776924,5.480614594155536,20240101162948400,2024-01-01T16:29:48.400+09:00,48.40000009536743,8.350382871323372,3.0,0.6000000000000005
20240101163000,2024-01-01T16:30:00+09:00,1704094200.0,37.397,137.187,8.0,3.7,6,matched,1,2024-01-01T16:30:03.000+09:00,1704094203.0,3.0,20240101163003000,2024-01-01T16:30:03.000+09:00,1704094203.0,37.485,137.26166666666666,12.0,3.8,石川県能登地方,https://www.data.jma.go.jp/eqev/data/daily_map/20240101.html,20240101,3.0,3.0,11.79849420219303,4.0,0.09999999999999964,3.1930321737719383,3.834536805116936,0.6415046313449979,20240101162948400,2024-01-01T16:29:48.400+09:00,-11.599999904632568,8.072684041479262,5.0,0.39999999999999947
20240101163200,2024-01-01T16:32:00+09:00,1704094320.0,37.322,136.972,13.0,4.7,4,matched,1,2024-01-01T16:32:43.000+09:00,1704094363.0,43.0,20240101163243000,2024-01-01T16:32:43.000+09:00,1704094363.0,37.321666666666665,136.97166666666666,13.0,4.7,石川県能登地方,https://www.data.jma.go.jp/eqev/data/daily_map/20240101.html,20240101,43.0,43.0,0.04735637229911993,0.0,0.0,1.4428046077931573,4.1261045204241515,2.683299912630994,20240101163141300,2024-01-01T16:31:41.300+09:00,-18.700000047683716,5.347189260840134,1.0,0.7000000000000002
20240101163300,2024-01-01T16:33:00+09:00,1704094380.0,37.197,136.638,2.0,4.3,1,matched,1,2024-01-01T16:33:38.200+09:00,1704094418.2,38.200000047683716,20240101163338200,2024-01-01T16:33:38.200+09:00,1704094418.2,37.20666666666666,136.66666666666666,5.0,4.2,能登半島沖,https://www.data.jma.go.jp/eqev/data/daily_map/20240101.html,20240101,38.200000047683716,38.200000047683716,2.7571054289023977,3.0,0.09999999999999964,2.458087754036602,,inf,,,,,,
20240101163500,2024-01-01T16:35:00+09:00,1704094500.0,37.197,136.615,7.0,3.3,1,matched,1,2024-01-01T16:33:38.200+09:00,1704094418.2,-81.79999995231628,20240101163338200,2024-01-01T16:33:38.200+09:00,1704094418.2,37.20666666666666,136.66666666666666,5.0,4.2,能登半島沖,https://www.data.jma.go.jp/eqev/data/daily_map/20240101.html,20240101,-81.79999995231628,81.79999995231628,4.7005576998733005,2.0,0.9000000000000004,6.866778205051871,,inf,,,,,,
20240101163600,2024-01-01T16:36:00+09:00,1704094560.0,37.42,136.807,7.0,4.3,1,matched,1,2024-01-01T16:36:15.600+09:00,1704094575.6,15.599999904632568,20240101163615600,2024-01-01T16:36:15.600+09:00,1704094575.6,37.37166666666667,136.88666666666666,9.0,3.9,石川県能登地方,https://www.data.jma.go.jp/eqev/data/daily_map/20240101.html,20240101,15.599999904632568,15.599999904632568,8.855175192672387,2.0,0.3999999999999999,3.8243683686888965,,inf,,,,,,
20240101163700,2024-01-01T16:37:00+09:00,1704094620.0,37.265,136.87,14.0,4.6,2,matched,1,2024-01-01T16:37:33.600+09:00,1704094653.6,33.59999990463257,20240101163733600,2024-01-01T16:37:33.600+09:00,1704094653.6,37.315,136.91833333333332,9.0,4.7,石川県能登地方,https://www.data.jma.go.jp/eqev/data/daily_map/20240101.html,20240101,33.59999990463257,33.59999990463257,7.013776021585766,5.0,0.10000000000000053,3.356088534471574,6.703736027056017,3.3476474925844433,20240101163615600,2024-01-01T16:36:15.600+09:00,-44.40000009536743,11.95201345271885,5.0,0.6999999999999997
20240101163900,2024-01-01T16:39:00+09:00,1704094740.0,37.548,137.442,13.0,5.2,1,matched,1,2024-01-01T16:39:50.300+09:00,1704094790.3,50.299999952316284,20240101163950300,2024-01-01T16:39:50.300+09:00,1704094790.3,37.54833333333333,137.44166666666666,13.0,5.2,能登半島沖,https://www.data.jma.go.jp/eqev/data/daily_map/20240101.html,20240101,50.299999952316284,50.299999952316284,0.04730102758313737,0.0,0.0,1.686126870593837,,inf,,,,,,
20240101164000,2024-01-01T16:40:00+09:00,1704094800.0,37.242,136.823,12.0,4.1,2,matched,1,2024-01-01T16:40:42.100+09:00,1704094842.1,42.09999990463257,20240101164042100,2024-01-01T16:40:42.100+09:00,1704094842.1,37.245,136.82,13.0,4.2,石川県能登地方,https://www.data.jma.go.jp/eqev/data/daily_map/20240101.html,20240101,42.09999990463257,42.09999990463257,0.4263793573121453,1.0,0.10000000000000053,1.9219425349501833,5.110498620395825,3.188556085445642,20240101164125500,2024-01-01T16:41:25.500+09:00,85.5,0.46915976864579845,5.0,0.49999999999999956
20240101164100,2024-01-01T16:41:00+09:00,1704094860.0,37.24,136.818,7.0,3.6,3,matched,1,2024-01-01T16:41:25.500+09:00,1704094885.5,25.5,20240101164125500,2024-01-01T16:41:25.500+09:00,1704094885.5,37.24,136.81833333333333,7.0,3.6,石川県能登地方,https://www.data.jma.go.jp/eqev/data/daily_map/20240101.html,20240101,25.5,25.5,0.029507709991928133,0.0,0.0,0.8559015419983856,3.3133630436670165,2.457461501668631,20240101164042100,2024-01-01T16:40:42.100+09:00,-17.90000009536743,0.5834818691071746,6.0,0.6000000000000001
20240101164200,2024-01-01T16:42:00+09:00,1704094920.0,37.447,137.19,12.0,5.0,1,matched,1,2024-01-01T16:42:43.700+09:00,1704094963.7,43.700000047683716,20240101164243700,2024-01-01T16:42:43.700+09:00,1704094963.7,37.446666666666665,137.19,12.0,5.0,石川県能登地方,https://www.data.jma.go.jp/eqev/data/daily_map/20240101.html,20240101,43.700000047683716,43.700000047683716,0.03706497554879696,0.0,0.0,1.4640796633658832,,inf,,,,,,
20240101164500,2024-01-01T16:45:00+09:00,1704095100.0,37.857,137.835,14.0,4.7,1,matched,1,2024-01-01T16:45:32.100+09:00,1704095132.1,32.09999990463257,20240101164532100,2024-01-01T16:45:32.100+09:00,1704095132.1,37.85666666666667,137.835,14.0,4.7,佐渡付近,https://www.data.jma.go.jp/eqev/data/daily_map/20240101.html,20240101,32.09999990463257,32.09999990463257,0.037064975548089636,0.0,0.0,1.0774129919307036,,inf,,,,,,
20240101164800,2024-01-01T16:48:00+09:00,1704095280.0,37.252,136.843,13.0,4.9,1,matched,1,2024-01-01T16:48:15.300+09:00,1704095295.3,15.299999952316284,20240101164815300,2024-01-01T16:48:15.300+09:00,1704095295.3,37.251666666666665,136.84333333333333,13.0,4.9,石川県能登地方,https://www.data.jma.go.jp/eqev/data/daily_map/20240101.html,20240101,15.299999952316284,15.299999952316284,0.047373452030521644,0.0,0.0,0.5194746888166472,,inf,,,,,,
20240101164900,2024-01-01T16:49:00+09:00,1704095340.0,37.378,136.997,11.0,4.3,2,matched,1,2024-01-01T16:49:46.800+09:00,1704095386.8,46.799999952316284,20240101164946800,2024-01-01T16:49:46.800+09:00,1704095386.8,37.376666666666665,136.99833333333333,11.0,4.4,石川県能登地方,https://www.data.jma.go.jp/eqev/data/daily_map/20240101.html,20240101,46.799999952316284,46.799999952316284,0.1893712719041055,0.0,0.10000000000000053,1.9312075861246991,7.599020698361706,5.667813112237006,20240101164815300,2024-01-01T16:48:15.300+09:00,-44.700000047683716,19.545103483861233,2.0,0.6000000000000005
20240101165100,2024-01-01T16:51:00+09:00,1704095460.0,37.348,137.052,15.0,4.3,2,matched,1,2024-01-01T16:51:16.100+09:00,1704095476.1,16.09999990463257,20240101165116100,2024-01-01T16:51:16.100+09:00,1704095476.1,37.348333333333336,137.05166666666668,15.0,4.3,石川県能登地方,https://www.data.jma.go.jp/eqev/data/daily_map/20240101.html,20240101,16.09999990463257,16.09999990463257,0.047349942499144516,0.0,0.0,0.5461366519875812,4.316258599085163,3.770121947097582,20240101164946800,2024-01-01T16:49:46.800+09:00,-73.20000004768372,5.714626320811853,4.0,0.10000000000000053
20240101165200,2024-01-01T16:52:00+09:00,1704095520.0,37.775,137.662,23.0,4.2,2,matched,1,2024-01-01T16:52:25.800+09:00,1704095545.8,25.799999952316284,20240101165225800,2024-01-01T16:52:25.800+09:00,1704095545.8,37.781666666666666,137.645,22.0,4.2,佐渡付近,https://www.data.jma.go.jp/eqev/data/daily_map/20240101.html,20240101,25.799999952316284,25.799999952316284,1.6678719153835058,1.0,0.0,1.293574381487244,4.549338850537975,3.255764469050731,20240101165327800,2024-01-01T16:53:27.800+09:00,87.79999995231628,2.7800275939704937,4.0,0.20000000000000018
20240101165300,2024-01-01T16:53:00+09:00,1704095580.0,37.748,137.68,19.0,3.7,3,matched,1,2024-01-01T16:53:27.800+09:00,1704095607.8,27.799999952316284,20240101165327800,2024-01-01T16:53:27.800+09:00,1704095607.8,37.75,137.66166666666666,19.0,4.0,佐渡付近,https://www.data.jma.go.jp/eqev/data/daily_map/20240101.html,20240101,27.799999952316284,27.799999952316284,1.6271696772420774,0.0,0.2999999999999998,2.2521006005256243,4.075785173741425,1.8236845732158002,20240101165225800,2024-01-01T16:52:25.800+09:00,-34.200000047683716,4.845592527426505,3.0,0.5
20240101165500,2024-01-01T16:55:00+09:00,1704095700.0,37.273,136.723,6.0,4.1,3,matched,1,2024-01-01T16:55:00.200+09:00,1704095700.2,0.20000004768371582,20240101165500200,2024-01-01T16:55:00.200+09:00,1704095700.2,37.27333333333333,136.72333333333333,6.0,4.1,能登半島沖,https://www.data.jma.go.jp/eqev/data/daily_map/20240101.html,20240101,0.20000004768371582,0.20000004768371582,0.04736824865075895,0.0,0.0,0.016140317986275653,4.827156209897819,4.811015891911543,20240101165521100,2024-01-01T16:55:21.100+09:00,21.09999990463257,19.119114398717,3.0,0.0
20240101165600,2024-01-01T16:56:00+09:00,1704095760.0,37.262,136.857,14.0,5.8,1,matched,1,2024-01-01T16:56:48.700+09:00,1704095808.7,48.700000047683716,20240101165648700,2024-01-01T16:56:48.700+09:00,1704095808.7,37.26166666666666,136.85666666666665,14.0,5.8,石川県能登地方,https://www.data.jma.go.jp/eqev/data/daily_map/20240101.html,20240101,48.700000047683716,48.700000047683716,0.047371013151361045,0.0,0.0,1.6328075375530626,,inf,,,,,,
20240101165900,2024-01-01T16:59:00+09:00,1704095940.0,37.863,137.752,11.0,4.0,2,matched,1,2024-01-01T16:59:55.000+09:00,1704095995.0,55.0,20240101165955000,2024-01-01T16:59:55.000+09:00,1704095995.0,37.86666666666667,137.735,11.0,4.3,佐渡付近,https://www.data.jma.go.jp/eqev/data/daily_map/20240101.html,20240101,55.0,55.0,1.5470219512753,0.0,0.2999999999999998,3.1427377235883927,7.72113087221575,4.578393148627358,20240101170024600,2024-01-01T17:00:24.600+09:00,84.59999990463257,13.672321043639988,5.0,0.5
20240101170000,2024-01-01T17:00:00+09:00,1704096000.0,37.293,136.807,6.0,3.6,2,matched,1,2024-01-01T17:00:40.700+09:00,1704096040.7,40.700000047683716,20240101170040700,2024-01-01T17:00:40.700+09:00,1704096040.7,37.23833333333334,136.74666666666667,10.0,3.6,石川県能登地方,https://www.data.jma.go.jp/eqev/data/daily_map/20240101.html,20240101,40.700000047683716,40.700000047683716,8.090475106184462,4.0,0.0,3.3747616894930164,5.415713485105516,2.0409517956124996,20240101170012100,2024-01-01T17:00:12.100+09:00,12.099999904632568,8.728567441422145,6.0,0.8000000000000003
20240101170200,2024-01-01T17:02:00+09:00,1704096120.0,37.618,137.352,8.0,5.0,2,matched,1,2024-01-01T17:02:44.700+09:00,1704096164.7,44.700000047683716,20240101170244700,2024-01-01T17:02:44.700+09:00,1704096164.7,37.61833333333333,137.35166666666666,8.0,5.0,能登半島沖,https://www.data.jma.go.jp/eqev/data/daily_map/20240101.html,20240101,44.700000047683716,44.700000047683716,0.04728387377492552,0.0,0.0,1.4994567763444424,6.9981643382985865,5.498707561954144,20240101170240000,2024-01-01T17:02:40.000+09:00,40.0,16.49082169149293,7.0,0.5
20240101170400,2024-01-01T17:04:00+09:00,1704096240.0,37.37,136.982,14.0,3.8,2,matched,1,2024-01-01T17:04:29.500+09:00,1704096269.5,29.5,20240101170429500,2024-01-01T17:04:29.500+09:00,1704096269.5,37.346666666666664,136.98166666666665,12.0,3.8,石川県能登地方,https://www.data.jma.go.jp/eqev/data/daily_map/20240101.html,20240101,29.5,29.5,2.5947155509164492,2.0,0.0,1.702276443516623,7.224132874899918,5.521856431383295,20240101170418900,2024-01-01T17:04:18.900+09:00,18.90000009536743,16.97066435860502,12.0,0.5999999999999996
20240101170600,2024-01-01T17:06:00+09:00,1704096360.0,37.37,136.963,6.0,3.8,1,matched,1,2024-01-01T17:06:14.300+09:00,1704096374.3,14.299999952316284,20240101170614300,2024-01-01T17:06:14.300+09:00,1704096374.3,37.38166666666667,136.95333333333335,8.0,3.8,石川県能登地方,https://www.data.jma.go.jp/eqev/data/daily_map/20240101.html,20240101,14.299999952316284,14.299999952316284,1.5532360129824,2.0,0.0,0.9873138676736894,,inf,,,,,,
20240101170700,2024-01-01T17:07:00+09:00,1704096420.0,37.11,136.61,0.0,5.3,1,matched,1,2024-01-01T17:07:09.900+09:00,1704096429.9,9.900000095367432,20240101170709900,2024-01-01T17:07:09.900+09:00,1704096429.9,37.11,136.61,0.0,5.3,能登半島沖,https://www.data.jma.go.jp/eqev/data/daily_map/20240101.html,20240101,9.900000095367432,9.900000095367432,0.0,0.0,0.0,0.33000000317891437,,inf,,,,,,
20240101171000,2024-01-01T17:10:00+09:00,1704096600.0,37.395,137.102,11.0,4.0,1,matched,1,2024-01-01T17:10:16.700+09:00,1704096616.7,16.700000047683716,20240101171016700,2024-01-01T17:10:16.700+09:00,1704096616.7,37.395,137.10833333333332,11.0,4.1,石川県能登地方,https://www.data.jma.go.jp/eqev/data/daily_map/20240101.html,20240101,16.700000047683716,16.700000047683716,0.5594915359062154,0.0,0.09999999999999964,1.001898308770699,,inf,,,,,,
20240101171100,2024-01-01T17:11:00+09:00,1704096660.0,37.845,137.732,11.0,3.9,4,matched,1,2024-01-01T17:11:34.200+09:00,1704096694.2,34.200000047683716,20240101171134200,2024-01-01T17:11:34.200+09:00,1704096694.2,37.86666666666667,137.73166666666665,18.0,4.1,佐渡付近,https://www.data.jma.go.jp/eqev/data/daily_map/20240101.html,20240101,34.200000047683716,34.200000047683716,2.409401145125425,7.0,0.19999999999999973,2.988546897281208,3.4913076582419675,0.5027607609607596,20240101171026100,2024-01-01T17:10:26.100+09:00,-33.90000009536743,4.306538275315268,5.0,0.2999999999999998
20240101171300,2024-01-01T17:13:00+09:00,1704096780.0,37.433,137.083,8.0,3.8,2,matched,1,2024-01-01T17:13:08.800+09:00,1704096788.8,8.799999952316284,20240101171308800,2024-01-01T17:13:08.800+09:00,1704096788.8,37.431666666666665,137.09166666666667,9.0,3.8,石川県能登地方,https://www.data.jma.go.jp/eqev/data/daily_map/20240101.html,20240101,8.799999952316284,8.799999952316284,0.7794683713480738,1.0,0.0,0.549227006013491,5.188292572459321,4.63906556644583,20240101171213100,2024-01-01T17:12:13.100+09:00,-46.90000009536743,11.124796179735373,4.0,0.2999999999999998
20240101171400,2024-01-01T17:14:00+09:00,1704096840.0,37.358,136.87,8.0,3.9,2,matched,1,2024-01-01T17:14:25.400+09:00,1704096865.4,25.40000009536743,20240101171425400,2024-01-01T17:14:25.400+09:00,1704096865.4,37.355,136.86666666666667,7.0,3.9,石川県能登地方,https://www.data.jma.go.jp/eqev/data/daily_map/20240101.html,20240101,25.40000009536743,25.40000009536743,0.4450617890122346,1.0,0.0,1.0356790276480279,5.604988328685543,4.569309301037515,20240101171518600,2024-01-01T17:15:18.600+09:00,78.59999990463257,9.424941659322293,1.0,0.2999999999999998
20240101171500,2024-01-01T17:15:00+09:00,1704096900.0,37.313,136.85,10.0,4.3,4,matched,1,2024-01-01T17:15:47.100+09:00,1704096947.1,47.09999990463257,20240101171547100,2024-01-01T17:15:47.100+09:00,1704096947.1,37.288333333333334,136.83333333333334,11.0,4.2,石川県能登地方,https://www.data.jma.go.jp/eqev/data/daily_map/20240101.html,20240101,47.09999990463257,47.09999990463257,3.1138808620757805,1.0,0.09999999999999964,2.626109502569574,3.766094582824176,1.1399850802546019,20240101171425400,2024-01-01T17:14:25.400+09:00,-34.59999990463257,4.897139596682121,3.0,0.3999999999999999
20240101171700,2024-01-01T17:17:00+09:00,1704097020.0,37.467,137.158,12.0,4.7,1,matched,1,2024-01-01T17:17:47.900+09:00,1704097067.9,47.90000009536743,20240101171747900,2024-01-01T17:17:47.900+09:00,1704097067.9,37.46666666666667,137.15833333333333,12.0,4.7,石川県能登地方,https://www.data.jma.go.jp/eqev/data/daily_map/20240101.html,20240101,47.90000009536743,47.90000009536743,0.04732093686103673,0.0,0.0,1.6061308572177886,,inf,,,,,,
20240101171800,2024-01-01T17:18:00+09:00,1704097080.0,37.187,136.843,10.0,4.1,2,matched,1,2024-01-01T17:18:40.100+09:00,1704097120.1,40.09999990463257,20240101171840100,2024-01-01T17:18:40.100+09:00,1704097120.1,37.18,136.83666666666667,10.0,4.3,石川県能登地方,https://www.data.jma.go.jp/eqev/data/daily_map/20240101.html,20240101,40.09999990463257,40.09999990463257,0.9595034421801645,0.0,0.20000000000000018,2.1952340185904524,6.07457669890846,3.879342680318008,20240101171726700,2024-01-01T17:17:26.700+09:00,-33.299999952316284,11.489550169156255,0.0,0.7999999999999998
20240101172000,2024-01-01T17:20:00+09:00,1704097200.0,37.377,136.932,2.0,3.9,4,matched,1,2024-01-01T17:20:31.900+09:00,1704097231.9,31.90000009536743,20240101172031900,2024-01-01T17:20:31.900+09:00,1704097231.9,37.376666666666665,136.93166666666667,2.0,3.9,石川県能登地方,https://www.data.jma.go.jp/eqev/data/daily_map/20240101.html,20240101,31.90000009536743,31.90000009536743,0.0473429401376727,0.0,0.0,1.0728019245397822,5.629931328774704,4.557129404234923,20240101171939400,2024-01-01T17:19:39.400+09:00,-20.59999990463257,14.549656659768095,7.0,0.3999999999999999
20240101172100,2024-01-01T17:21:00+09:00,1704097260.0,37.168,136.702,3.0,3.5,4,ambiguous,0,2024-01-01T17:21:29.700+09:00,1704097289.7,29.700000047683716,20240101172129700,2024-01-01T17:21:29.700+09:00,1704097289.7,37.208333333333336,136.70666666666668,8.0,3.7,石川県能登地方,https://www.data.jma.go.jp/eqev/data/daily_map/20240101.html,20240101,29.700000047683716,29.700000047683716,4.503873925313762,5.0,0.20000000000000018,3.057441453318877,3.2794768489387853,0.22203539561990837,20240101172107600,2024-01-01T17:21:07.600+09:00,7.599999904632568,1.9640509272551623,3.0,0.7000000000000002
20240101172200,2024-01-01T17:22:00+09:00,1704097320.0,37.465,137.205,12.0,4.9,1,matched,1,2024-01-01T17:22:11.400+09:00,1704097331.4,11.400000095367432,20240101172211400,2024-01-01T17:22:11.400+09:00,1704097331.4,37.465,137.205,12.0,4.9,石川県能登地方,https://www.data.jma.go.jp/eqev/data/daily_map/20240101.html,20240101,11.400000095367432,11.400000095367432,0.0,0.0,0.0,0.3800000031789144,,inf,,,,,,
20240101172300,2024-01-01T17:23:00+09:00,1704097380.0,37.163,136.713,2.0,3.6,2,matched,1,2024-01-01T17:23:58.100+09:00,1704097438.1,58.09999990463257,20240101172358100,2024-01-01T17:23:58.100+09:00,1704097438.1,37.16833333333334,136.71833333333333,5.0,3.0,石川県能登地方,https://www.data.jma.go.jp/eqev/data/daily_map/20240101.html,20240101,58.09999990463257,58.09999990463257,0.7583112321222221,3.0,0.6000000000000001,4.388328909912197,6.259650774796782,1.8713218648845853,20240101172301500,2024-01-01T17:23:01.500+09:00,1.5,14.881587207317251,9.0,0.6999999999999997
20240101172400,2024-01-01T17:24:00+09:00,1704097440.0,37.497,137.3,9.0,4.1,2,matched,1,2024-01-01T17:24:59.700+09:00,1704097499.7,59.700000047683716,20240101172459700,2024-01-01T17:24:59.700+09:00,1704097499.7,37.49666666666667,137.29333333333332,10.0,4.0,石川県能登地方,https://www.data.jma.go.jp/eqev/data/daily_map/20240101.html,20240101,59.700000047683716,59.700000047683716,0.5893041611350205,1.0,0.09999999999999964,2.5411941671497935,5.793565775235064,3.2523716080852703,20240101172333300,2024-01-01T17:23:33.300+09:00,-26.700000047683716,14.684495534894708,3.0,0.49999999999999956
20240101172630,2024-01-01T17:26:30+09:00,1704097590.0,37.118,136.627,1.0,3.6,2,matched,1,2024-01-01T17:26:40.500+09:00,1704097600.5,10.5,20240101172640500,2024-01-01T17:26:40.500+09:00,1704097600.5,37.12833333333333,136.62333333333333,4.0,3.6,能登半島沖,https://www.data.jma.go.jp/eqev/data/daily_map/20240101.html,20240101,10.5,10.5,1.194117015798071,3.0,0.0,0.8888234031596143,5.12635027798531,4.237526874825695,20240101172541900,2024-01-01T17:25:41.900+09:00,-48.09999990463257,16.115084739154454,3.0,0.0
20240101172700,2024-01-01T17:27:00+09:00,1704097620.0,37.612,137.372,15.0,4.2,4,ambiguous,0,2024-01-01T17:26:41.100+09:00,1704097601.1,-18.90000009536743,20240101172641100,2024-01-01T17:26:41.100+09:00,1704097601.1,37.59,137.47333333333333,18.0,3.9,能登半島沖,https://www.data.jma.go.jp/eqev/data/daily_map/20240101.html,20240101,-18.90000009536743,18.90000009536743,9.256310376406802,3.0,0.30000000000000027,3.7812620784602755,4.27519643429544,0.4939343558351643,20240101172730900,2024-01-01T17:27:30.900+09:00,30.90000009536743,11.559315488915965,6.0,0.09999999999999964
20240101172900,2024-01-01T17:29:00+09:00,1704097740.0,37.632,137.537,16.0,4.5,2,matched,1,2024-01-01T17:29:03.400+09:00,1704097743.4,3.4000000953674316,20240101172903400,2024-01-01T17:29:03.400+09:00,1704097743.4,37.63333333333333,137.545,14.0,4.9,新潟県上中越沖,https://www.data.jma.go.jp/eqev/data/daily_map/20240101.html,20240101,3.4000000953674316,3.4000000953674316,0.7199110119096873,2.0,0.40000000000000036,1.7906488722275198,5.2213086481896225,3.430659775962103,20240101172730900,2024-01-01T17:27:30.900+09:00,-89.09999990463257,4.423209923509348,7.0,0.20000000000000018
20240101173000,2024-01-01T17:30:00+09:00,1704097800.0,37.195,136.817,15.0,4.1,1,matched,1,2024-01-01T17:30:24.100+09:00,1704097824.1,24.09999990463257,20240101173024100,2024-01-01T17:30:24.100+09:00,1704097824.1,37.19833333333333,136.815,14.0,4.0,石川県能登地方,https://www.data.jma.go.jp/eqev/data/daily_map/20240101.html,20240101,24.09999990463257,24.09999990463257,0.4108073184355929,1.0,0.09999999999999964,1.3188281271748696,,inf,,,,,,
20240101173300,2024-01-01T17:33:00+09:00,1704097980.0,37.673,137.453,6.0,3.8,2,matched,1,2024-01-01T17:33:37.100+09:00,1704098017.1,37.09999990463257,20240101173337100,2024-01-01T17:33:37.100+09:00,1704098017.1,37.69,137.48166666666665,1.0,4.0,能登半島沖,https://www.data.jma.go.jp/eqev/data/daily_map/20240101.html,20240101,37.09999990463257,37.09999990463257,3.1523675878831763,5.0,0.20000000000000018,3.033806847731055,4.558822551227677,1.525015703496622,20240101173412600,2024-01-01T17:34:12.600+09:00,72.59999990463257,8.194112772032959,5.0,
20240101173600,2024-01-01T17:36:00+09:00,1704098160.0,37.182,136.693,5.0,3.7,1,matched,1,2024-01-01T17:36:59.000+09:00,1704098219.0,59.0,20240101173659000,2024-01-01T17:36:59.000+09:00,1704098219.0,37.18833333333333,136.70666666666668,5.0,3.8,石川県能登地方,https://www.data.jma.go.jp/eqev/data/daily_map/20240101.html,20240101,59.0,59.0,1.4006178156077265,0.0,0.09999999999999964,2.580123563121544,,inf,,,,,,
20240101173800,2024-01-01T17:38:00+09:00,1704098280.0,37.463,137.153,11.0,3.2,3,matched,1,2024-01-01T17:38:20.200+09:00,1704098300.2,20.200000047683716,20240101173820200,2024-01-01T17:38:20.200+09:00,1704098300.2,37.46333333333333,137.155,11.0,3.3,石川県能登地方,https://www.data.jma.go.jp/eqev/data/daily_map/20240101.html,20240101,20.200000047683716,20.200000047683716,0.18037011976829312,0.0,0.09999999999999964,1.0427406922097813,3.62130958861444,2.5785688964046587,20240101173735200,2024-01-01T17:37:35.200+09:00,-24.799999952316284,5.806547951019487,3.0,0.3999999999999999
20240101173900,2024-01-01T17:39:00+09:00,1704098340.0,37.327,136.798,0.0,4.2,4,matched,1,2024-01-01T17:39:54.900+09:00,1704098394.9,54.90000009536743,20240101173954900,2024-01-01T17:39:54.900+09:00,1704098394.9,37.29833333333333,136.88666666666666,16.0,4.0,石川県能登地方,https://www.data.jma.go.jp/eqev/data/daily_map/20240101.html,20240101,54.90000009536743,54.90000009536743,8.464601494514216,16.0,0.20000000000000018,5.7895869687484245,6.294324777322119,0.5047378085736947,20240101173902000,2024-01-01T17:39:02.000+09:00,2.0,14.47162388661059,10.0,0.7000000000000002
20240101174000,2024-01-01T17:40:00+09:00,1704098400.0,37.642,137.353,10.0,4.1,2,matched,1,2024-01-01T17:40:42.000+09:00,1704098442.0,42.0,20240101174042000,2024-01-01T17:40:42.000+09:00,1704098442.0,37.585,137.34833333333333,12.0,4.0,能登半島沖,https://www.data.jma.go.jp/eqev/data/daily_map/20240101.html,20240101,42.0,42.0,6.351426026563089,2.0,0.09999999999999964,3.2036185386459497,6.575964026624651,3.372345487978701,20240101174047100,2024-01-01T17:40:47.100+09:00,47.09999990463257,18.529820149017834,3.0,0.2999999999999998
20240101174200,2024-01-01T17:42:00+09:00,1704098520.0,37.277,136.972,0.0,3.2,3,matched,1,2024-01-01T17:42:02.900+09:00,1704098522.9,2.9000000953674316,20240101174202900,2024-01-01T17:42:02.900+09:00,1704098522.9,37.306666666666665,136.93666666666667,9.0,3.2,石川県能登地方,https://www.data.jma.go.jp/eqev/data/daily_map/20240101.html,20240101,2.9000000953674316,2.9000000953674316,4.5444196019407626,9.0,0.0,1.9055505902337337,7.756310043784073,5.8507594535503396,20240101174257600,2024-01-01T17:42:57.600+09:00,57.59999990463257,18.8482169014816,14.0,0.20000000000000018
20240101174400,2024-01-01T17:44:00+09:00,1704098640.0,37.14,136.663,6.0,3.4,4,matched,1,2024-01-01T17:44:16.600+09:00,1704098656.6,16.59999990463257,20240101174416600,2024-01-01T17:44:16.600+09:00,1704098656.6,37.145,136.66333333333333,7.0,3.3,能登半島沖,https://www.data.jma.go.jp/eqev/data/daily_map/20240101.html,20240101,16.59999990463257,16.59999990463257,0.5567591483167298,1.0,0.10000000000000009,1.0980184931510986,6.150702509700301,5.052684016549203,20240101174435100,2024-01-01T17:44:35.100+09:00,35.09999990463257,17.736845897729413,1.0,0.3999999999999999
20240101174500,2024-01-01T17:45:00+09:00,1704098700.0,37.32,136.798,13.0,3.3,6,matched,1,2024-01-01T17:45:09.500+09:00,1704098709.5,9.5,20240101174509500,2024-01-01T17:45:09.500+09:00,1704098709.5,37.37833333333333,136.84333333333333,8.0,3.2,石川県能登地方,https://www.data.jma.go.jp/eqev/data/daily_map/20240101.html,20240101,9.5,9.5,7.624361370625531,5.0,0.09999999999999964,2.674872274125105,3.6981327554047425,1.0232604812796375,20240101174435100,2024-01-01T17:44:35.100+09:00,-24.90000009536743,6.340663761129143,6.0,0.2999999999999998
20240101174700,2024-01-01T17:47:00+09:00,1704098820.0,37.443,137.132,7.0,3.2,7,matched,1,2024-01-01T17:47:09.400+09:00,1704098829.4,9.400000095367432,20240101174709400,2024-01-01T17:47:09.400+09:00,1704098829.4,37.445,137.11666666666667,7.0,3.1,石川県能登地方,https://www.data.jma.go.jp/eqev/data/daily_map/20240101.html,20240101,9.400000095367432,9.400000095367432,1.3718186078808017,0.0,0.10000000000000009,0.9210303914217417,4.493822974293343,3.572792582871601,20240101174701600,2024-01-01T17:47:01.600+09:00,1.5999999046325684,10.20244822069462,4.0,0.6000000000000001
20240101174800,2024-01-01T17:48:00+09:00,1704098880.0,37.897,137.7,18.0,4.8,1,matched,1,2024-01-01T17:48:24.000+09:00,1704098904.0,24.0,20240101174824000,2024-01-01T17:48:24.000+09:00,1704098904.0,37.89333333333333,137.69833333333332,18.0,4.5,佐渡付近,https://www.data.jma.go.jp/eqev/data/daily_map/20240101.html,20240101,24.0,24.0,0.43315048756550345,0.0,0.2999999999999998,1.8866300975131,,inf,,,,,,
20240101174900,2024-01-01T17:49:00+09:00,1704098940.0,37.528,137.008,3.0,4.2,3,ambiguous,0,2024-01-01T17:50:05.700+09:00,1704099005.7,65.70000004768372,20240101175005700,2024-01-01T17:50:05.700+09:00,1704099005.7,37.45166666666667,137.19,13.0,4.0,石川県能登地方,https://www.data.jma.go.jp/eqev/data/daily_map/20240101.html,20240101,65.70000004768372,65.70000004768372,18.162935084248435,10.0,0.20000000000000018,7.489253685105811,7.578317500993745,0.08906381588793444,20240101174953700,2024-01-01T17:49:53.700+09:00,53.700000047683716,19.774920830354766,5.0,0.40000000000000036
20240101175000,2024-01-01T17:50:00+09:00,1704099000.0,37.452,137.195,13.0,4.1,1,matched,1,2024-01-01T17:50:05.700+09:00,1704099005.7,5.700000047683716,20240101175005700,2024-01-01T17:50:05.700+09:00,1704099005.7,37.45166666666667,137.19,13.0,4.0,石川県能登地方,https://www.data.jma.go.jp/eqev/data/daily_map/20240101.html,20240101,5.700000047683716,5.700000047683716,0.44292228017677576,0.0,0.09999999999999964,0.6119177909581446,,inf,,,,,,
20240101175100,2024-01-01T17:51:00+09:00,1704099060.0,37.113,136.66,8.0,3.3,1,matched,1,2024-01-01T17:51:11.800+09:00,1704099071.8,11.799999952316284,20240101175111800,2024-01-01T17:51:11.800+09:00,1704099071.8,37.111666666666665,136.64666666666668,11.0,3.4,能登半島沖,https://www.data.jma.go.jp/eqev/data/daily_map/20240101.html,20240101,11.799999952316284,11.799999952316284,1.191564183995975,3.0,0.10000000000000009,1.2649795018764047,,inf,,,,,,
20240101175300,2024-01-01T17:53:00+09:00,1704099180.0,37.295,136.827,11.0,3.7,4,matched,1,2024-01-01T17:53:12.900+09:00,1704099192.9,12.900000095367432,20240101175312900,2024-01-01T17:53:12.900+09:00,1704099192.9,37.295,136.82666666666665,11.0,3.7,石川県能登地方,https://www.data.jma.go.jp/eqev/data/daily_map/20240101.html,20240101,12.900000095367432,12.900000095367432,0.029486165093118154,0.0,0.0,0.435897236197538,6.106295512851879,5.670398276654342,20240101175408100,2024-01-01T17:54:08.100+09:00,68.09999990463257,5.681477580153969,7.0,0.6000000000000001
20240101175400,2024-01-01T17:54:00+09:00,1704099240.0,37.473,137.14,13.0,3.3,5,matched,1,2024-01-01T17:54:21.000+09:00,1704099261.0,21.0,20240101175421000,2024-01-01T17:54:21.000+09:00,1704099261.0,37.468333333333334,137.14,11.0,3.1,石川県能登地方,https://www.data.jma.go.jp/eqev/data/daily_map/20240101.html,20240101,21.0,21.0,0.5189096576746695,2.0,0.19999999999999973,1.6704485982015997,3.734467288151753,2.0640186899501534,20240101175459600,2024-01-01T17:54:59.600+09:00,59.59999990463257,4.405669789986667,2.0,0.20000000000000018
20240101175500,2024-01-01T17:55:00+09:00,1704099300.0,37.377,136.893,0.0,3.6,6,matched,1,2024-01-01T17:55:18.100+09:00,1704099318.1,18.09999990463257,20240101175518100,2024-01-01T17:55:18.100+09:00,1704099318.1,37.413333333333334,136.90166666666667,10.0,3.7,石川県能登地方,https://www.data.jma.go.jp/eqev/data/daily_map/20240101.html,20240101,18.09999990463257,18.09999990463257,4.111986939365425,10.0,0.10000000000000009,2.7590640513608373,6.130230374969467,3.3711663236086298,20240101175620900,2024-01-01T17:56:20.900+09:00,80.90000009536743,8.834485192286103,0.0,0.49999999999999956
20240101175600,2024-01-01T17:56:00+09:00,1704099360.0,37.29,136.912,14.0,3.8,6,matched,1,2024-01-01T17:57:17.100+09:00,1704099437.1,77.09999990463257,20240101175717100,2024-01-01T17:57:17.100+09:00,1704099437.1,37.29,136.91166666666666,14.0,3.8,石川県能登地方,https://www.data.jma.go.jp/eqev/data/daily_map/20240101.html,20240101,77.09999990463257,77.09999990463257,0.02948812484353582,0.0,0.0,2.575897621789793,4.507224047145115,1.9313264253553224,20240101175618200,2024-01-01T17:56:18.200+09:00,18.200000047683716,10.00278689444496,9.0,0.2999999999999998
20240101175800,2024-01-01T17:58:00+09:00,1704099480.0,37.23,136.73,8.0,3.7,5,matched,1,2024-01-01T17:58:45.400+09:00,1704099525.4,45.40000009536743,20240101175845400,2024-01-01T17:58:45.400+09:00,1704099525.4,37.26,136.70166666666665,9.0,3.7,能登半島沖,https://www.data.jma.go.jp/eqev/data/daily_map/20240101.html,20240101,45.40000009536743,45.40000009536743,4.173474419695178,1.0,0.0,2.4480282204512833,5.844685128228414,3.3966569077771305,20240101175717100,2024-01-01T17:57:17.100+09:00,-42.90000009536743,17.406758958580838,6.0,0.09999999999999964
20240101175900,2024-01-01T17:59:00+09:00,1704099540.0,37.288,136.685,6.0,3.5,4,matched,1,2024-01-01T17:58:45.400+09:00,1704099525.4,-14.599999904632568,20240101175845400,2024-01-01T17:58:45.400+09:00,1704099525.4,37.26,136.70166666666665,9.0,3.7,能登半島沖,https://www.data.jma.go.jp/eqev/data/daily_map/20240101.html,20240101,-14.599999904632568,14.599999904632568,3.4450571156514895,3.0,0.20000000000000018,2.1423447532847177,2.9609475919643593,0.8186028386796416,20240101175918700,2024-01-01T17:59:18.700+09:00,18.700000047683716,5.354737951874506,6.0,0.20000000000000018
20240101180000,2024-01-01T18:00:00+09:00,1704099600.0,37.345,136.937,9.0,3.8,3,matched,1,2024-01-01T18:00:10.000+09:00,1704099610.0,10.0,20240101180010000,2024-01-01T18:00:10.000+09:00,1704099610.0,37.343333333333334,136.93833333333333,9.0,3.9,石川県能登地方,https://www.data.jma.go.jp/eqev/data/daily_map/20240101.html,20240101,10.0,10.0,0.21963165687848352,0.0,0.10000000000000009,0.7105929980423636,5.621817555527453,4.91122455748509,20240101180050600,2024-01-01T18:00:50.600+09:00,50.59999990463257,5.5090877935318465,5.0,0.6999999999999997
20240101180100,2024-01-01T18:01:00+09:00,1704099660.0,37.127,136.682,6.0,3.6,2,matched,1,2024-01-01T18:01:28.300+09:00,1704099688.3,28.299999952316284,20240101180128300,2024-01-01T18:01:28.300+09:00,1704099688.3,37.126666666666665,136.685,7.0,3.6,能登半島沖,https://www.data.jma.go.jp/eqev/data/daily_map/20240101.html,20240101,28.299999952316284,28.299999952316284,0.26853784201624065,1.0,0.0,1.0970409001471242,7.499316312380243,6.402275412233118,20240101175937200,2024-01-01T17:59:37.200+09:00,-82.79999995231628,4.529914903181834,5.0,1.0
20240101180200,2024-01-01T18:02:00+09:00,1704099720.0,37.432,137.11,7.0,3.3,1,matched,1,2024-01-01T18:02:09.900+09:00,1704099729.9,9.900000095367432,20240101180209900,2024-01-01T18:02:09.900+09:00,1704099729.9,37.41833333333334,137.135,4.0,3.3,石川県能登地方,https://www.data.jma.go.jp/eqev/data/daily_map/20240101.html,20240101,9.900000095367432,9.900000095367432,2.6801136159608645,3.0,0.0,1.1660227263710874,,inf,,,,,,
20240101180300,2024-01-01T18:03:00+09:00,1704099780.0,37.592,137.407,14.0,5.5,1,matched,1,2024-01-01T18:03:50.100+09:00,1704099830.1,50.09999990463257,20240101180350100,2024-01-01T18:03:50.100+09:00,1704099830.1,37.59166666666667,137.40666666666667,14.0,5.5,能登半島沖,https://www.data.jma.go.jp/eqev/data/daily_map/20240101.html,20240101,50.09999990463257,50.09999990463257,0.04729032890602107,0.0,0.0,1.67945806260229,,inf,,,,,,
20240101180600,2024-01-01T18:06:00+09:00,1704099960.0,37.538,137.453,13.0,4.7,1,matched,1,2024-01-01T18:06:14.600+09:00,1704099974.6,14.599999904632568,20240101180614600,2024-01-01T18:06:14.600+09:00,1704099974.6,37.54333333333334,137.45333333333335,14.0,4.6,能登半島沖,https://www.data.jma.go.jp/eqev/data/daily_map/20240101.html,20240101,14.599999904632568,14.599999904632568,0.5937674007086069,1.0,0.10000000000000053,1.0387534769628088,,inf,,,,,,
20240101180800,2024-01-01T18:08:00+09:00,1704100080.0,37.578,137.382,14.0,5.8,1,matched,1,2024-01-01T18:08:18.400+09:00,1704100098.4,18.40000009536743,20240101180818400,2024-01-01T18:08:18.400+09:00,1704100098.4,37.57833333333333,137.38166666666666,14.0,5.8,能登半島沖,https://www.data.jma.go.jp/eqev/data/daily_map/20240101.html,20240101,18.40000009536743,18.40000009536743,0.047293678072750735,0.0,0.0,0.6227920721267979,,inf,,,,,,
20240101181000,2024-01-01T18:10:00+09:00,1704100200.0,37.49,137.208,10.0,3.9,4,matched,1,2024-01-01T18:10:10.400+09:00,1704100210.4,10.400000095367432,20240101181010400,2024-01-01T18:10:10.400+09:00,1704100210.4,37.485,137.215,10.0,3.6,石川県能登地方,https://www.data.jma.go.jp/eqev/data/daily_map/20240101.html,20240101,10.400000095367432,10.400000095367432,0.8310018158485293,0.0,0.2999999999999998,1.5128670330152865,4.993736255437371,3.4808692224220845,20240101181111500,2024-01-01T18:11:11.500+09:00,71.5,12.552014610520187,1.0,0.0
20240101181400,2024-01-01T18:14:00+09:00,1704100440.0,37.5,137.2,10.0,4.3,2,matched,1,2024-01-01T18:14:15.600+09:00,1704100455.6,15.599999904632568,20240101181415600,2024-01-01T18:14:15.600+09:00,1704100455.6,37.48,137.24666666666667,13.0,4.4,石川県能登地方,https://www.data.jma.go.jp/eqev/data/daily_map/20240101.html,20240101,15.599999904632568,15.599999904632568,4.679551170699791,3.0,0.10000000000000053,2.089243564294379,4.012577978792816,1.923334414498437,20240101181245500,2024-01-01T18:12:45.500+09:00,-74.5,4.146223227297414,7.0,
20240101182100,2024-01-01T18:21:00+09:00,1704100860.0,37.2,136.8,0.0,3.8,2,matched,1,2024-01-01T18:21:43.000+09:00,1704100903.0,43.0,20240101182143000,2024-01-01T18:21:43.000+09:00,1704100903.0,37.18666666666667,136.79,8.0,3.8,石川県能登地方,https://www.data.jma.go.jp/eqev/data/daily_map/20240101.html,20240101,43.0,43.0,1.7270507869064953,8.0,0.0,2.5787434907146327,3.3662553264847275,0.7875118357700948,20240101182012000,2024-01-01T18:20:12.000+09:00,-48.0,2.664609965756976,9.0,0.09999999999999964
20240101182300,2024-01-01T18:23:00+09:00,1704100980.0,37.3,137.2,10.0,4.4,0,no_candidate,0,,,,,,,,,,,,,,,,,,,,,,,,,,,
20240101182500,2024-01-01T18:25:00+09:00,1704101100.0,37.5,137.3,10.0,3.9,1,matched,1,2024-01-01T18:25:27.000+09:00,1704101127.0,27.0,20240101182527000,2024-01-01T18:25:27.000+09:00,1704101127.0,37.526666666666664,137.31166666666667,7.0,3.9,石川県能登地方,https://www.data.jma.go.jp/eqev/data/daily_map/20240101.html,20240101,27.0,27.0,3.13867282072076,3.0,0.0,1.827734564144152,,inf,,,,,,
20240101183000,2024-01-01T18:30:00+09:00,1704101400.0,37.552,137.372,12.0,4.9,1,matched,1,2024-01-01T18:30:22.400+09:00,1704101422.4,22.40000009536743,20240101183022400,2024-01-01T18:30:22.400+09:00,1704101422.4,37.55166666666667,137.37166666666667,12.0,4.9,能登半島沖,https://www.data.jma.go.jp/eqev/data/daily_map/20240101.html,20240101,22.40000009536743,22.40000009536743,0.04730012948108531,0.0,0.0,0.7561266957417981,,inf,,,,,,
20240101183300,2024-01-01T18:33:00+09:00,1704101580.0,37.5,137.2,10.0,3.6,3,ambiguous,0,2024-01-01T18:33:40.100+09:00,1704101620.1,40.09999990463257,20240101183340100,2024-01-01T18:33:40.100+09:00,1704101620.1,37.42666666666667,137.14,4.0,3.9,石川県能登地方,https://www.data.jma.go.jp/eqev/data/daily_map/20240101.html,20240101,40.09999990463257,40.09999990463257,9.722962261573324,6.0,0.2999999999999998,4.881259115802417,5.068914833571897,0.18765571776948065,20240101183223300,2024-01-01T18:32:23.300+09:00,-36.700000047683716,8.8945741599122,4.0,0.5
20240101184000,2024-01-01T18:40:00+09:00,1704102000.0,37.107,136.647,6.0,4.8,1,matched,1,2024-01-01T18:39:59.700+09:00,1704101999.7,-0.2999999523162842,20240101183959700,2024-01-01T18:39:59.700+09:00,1704101999.7,37.10666666666667,136.64666666666668,6.0,4.8,能登半島沖,https://www.data.jma.go.jp/eqev/data/daily_map/20240101.html,20240101,-0.2999999523162842,0.2999999523162842,0.04740877501638748,0.0,0.0,0.019481753413820302,,inf,,,,,,
20240101184400,2024-01-01T18:44:00+09:00,1704102240.0,37.302,136.835,8.0,3.8,2,matched,1,2024-01-01T18:43:59.400+09:00,1704102239.4,-0.5999999046325684,20240101184359400,2024-01-01T18:43:59.400+09:00,1704102239.4,37.18666666666667,136.83666666666667,10.0,4.0,石川県能登地方,https://www.data.jma.go.jp/eqev/data/daily_map/20240101.html,20240101,-0.5999999046325684,0.5999999046325684,12.825330087842636,2.0,0.20000000000000018,3.45173268105628,6.2943267340346285,2.8425940529783484,20240101184231500,2024-01-01T18:42:31.500+09:00,-88.5,6.8883003368398095,3.0,0.5
20240101184500,2024-01-01T18:45:00+09:00,1704102300.0,37.572,137.627,18.0,4.5,2,matched,1,2024-01-01T18:45:19.000+09:00,1704102319.0,19.0,20240101184519000,2024-01-01T18:45:19.000+09:00,1704102319.0,37.56666666666667,137.62166666666667,20.0,4.6,新潟県上中越沖,https://www.data.jma.go.jp/eqev/data/daily_map/20240101.html,20240101,19.0,19.0,0.7567334784820592,2.0,0.09999999999999964,1.3180133623630772,5.756314525558483,4.438301163195406,20240101184526700,2024-01-01T18:45:26.700+09:00,26.700000047683716,18.49823928651179,5.0,0.20000000000000018
20240101184600,2024-01-01T18:46:00+09:00,1704102360.0,37.738,137.613,11.0,3.3,3,matched,1,2024-01-01T18:46:27.400+09:00,1704102387.4,27.40000009536743,20240101184627400,2024-01-01T18:46:27.400+09:00,1704102387.4,37.72,137.61833333333334,11.0,3.1,佐渡付近,https://www.data.jma.go.jp/eqev/data/daily_map/20240101.html,20240101,27.40000009536743,27.40000009536743,2.0557331013358366,0.0,0.19999999999999973,1.9911466234460808,2.864402209441561,0.8732555859954803,20240101184657400,2024-01-01T18:46:57.400+09:00,57.40000009536743,0.9220110313132286,1.0,0.20000000000000018
20240101184900,2024-01-01T18:49:00+09:00,1704102540.0,37.58,137.353,3.0,4.3,1,matched,1,2024-01-01T18:49:15.100+09:00,1704102555.1,15.099999904632568,20240101184915100,2024-01-01T18:49:15.100+09:00,1704102555.1,37.586666666666666,137.35166666666666,6.0,4.6,能登半島沖,https://www.data.jma.go.jp/eqev/data/daily_map/20240101.html,20240101,15.099999904632568,15.099999904632568,0.7505525444904668,3.0,0.2999999999999998,1.953443839052512,,inf,,,,,,
20240101185000,2024-01-01T18:50:00+09:00,1704102600.0,37.363,136.965,5.0,3.0,2,ambiguous,0,2024-01-01T18:50:36.200+09:00,1704102636.2,36.200000047683716,20240101185036200,2024-01-01T18:50:36.200+09:00,1704102636.2,37.40833333333333,137.115,11.0,3.2,石川県能登地方,https://www.data.jma.go.jp/eqev/data/daily_map/20240101.html,20240101,36.200000047683716,36.200000047683716,14.179060539140211,6.0,0.20000000000000018,5.3091454427508324,5.608698437521438,0.2995529947706057,20240101184832400,2024-01-01T18:48:32.400+09:00,-87.59999990463257,10.776825536835092,2.0,0.10000000000000009
20240101185200,2024-01-01T18:52:00+09:00,1704102720.0,37.67,137.523,8.0,3.9,1,matched,1,2024-01-01T18:52:31.100+09:00,1704102751.1,31.09999990463257,20240101185231100,2024-01-01T18:52:31.100+09:00,1704102751.1,37.66833333333334,137.52166666666668,10.0,4.1,新潟県上中越沖,https://www.data.jma.go.jp/eqev/data/daily_map/20240101.html,20240101,31.09999990463257,31.09999990463257,0.2193572954405502,2.0,0.19999999999999973,1.9472047892425282,,inf,,,,,,
20240101185300,2024-01-01T18:53:00+09:00,1704102780.0,37.458,137.26,13.0,3.9,3,matched,1,2024-01-01T18:53:49.900+09:00,1704102829.9,49.90000009536743,20240101185349900,2024-01-01T18:53:49.900+09:00,1704102829.9,37.458333333333336,137.26,13.0,4.0,石川県能登地方,https://www.data.jma.go.jp/eqev/data/daily_map/20240101.html,20240101,49.90000009536743,49.90000009536743,0.03706497554879696,0.0,0.10000000000000009,2.004079664955341,4.80758475780992,2.803505092854579,20240101185158100,2024-01-01T18:51:58.100+09:00,-61.90000009536743,5.387923773155026,0.0,0.5
20240101185600,2024-01-01T18:56:00+09:00,1704102960.0,37.415,136.945,8.0,4.1,2,matched,1,2024-01-01T18:56:12.100+09:00,1704102972.1,12.099999904632568,20240101185612100,2024-01-01T18:56:12.100+09:00,1704102972.1,37.415,136.945,8.0,4.1,能登半島沖,https://www.data.jma.go.jp/eqev/data/daily_map/20240101.html,20240101,12.099999904632568,12.099999904632568,0.0,0.0,0.0,0.40333333015441897,5.338626728085861,4.935293397931441,20240101185710800,2024-01-01T18:57:10.800+09:00,70.79999995231628,12.726466981709919,1.0,0.10000000000000053
20240101185900,2024-01-01T18:59:00+09:00,1704103140.0,37.24,136.805,9.0,3.6,2,matched,1,2024-01-01T18:59:20.700+09:00,1704103160.7,20.700000047683716,20240101185920700,2024-01-01T18:59:20.700+09:00,1704103160.7,37.23166666666667,136.8,8.0,3.6,石川県能登地方,https://www.data.jma.go.jp/eqev/data/daily_map/20240101.html,20240101,20.700000047683716,20.700000047683716,1.0269191930991712,1.0,0.0,0.9953838402092914,8.135373727277408,7.139989887068117,20240101185743700,2024-01-01T18:57:43.700+09:00,-76.29999995231628,15.960201977667655,4.0,0.6000000000000001
20240101190000,2024-01-01T19:00:00+09:00,1704103200.0,37.85,137.743,12.0,3.6,2,matched,1,2024-01-01T19:00:14.500+09:00,1704103214.5,14.5,20240101190014500,2024-01-01T19:00:14.500+09:00,1704103214.5,37.736666666666665,137.64333333333335,18.0,3.6,佐渡付近,https://www.data.jma.go.jp/eqev/data/daily_map/20240101.html,20240101,14.5,14.5,15.346291144525658,6.0,0.0,4.152591562238465,6.8969815756789234,2.7443900134404586,20240101185847000,2024-01-01T18:58:47.000+09:00,-73.0,11.818241211727953,1.0,0.6000000000000001
20240101190200,2024-01-01T19:02:00+09:00,1704103320.0,37.342,136.97,12.0,3.6,5,matched,1,2024-01-01T19:02:37.900+09:00,1704103357.9,37.90000009536743,20240101190237900,2024-01-01T19:02:37.900+09:00,1704103357.9,37.33833333333333,136.97,11.0,3.6,石川県能登地方,https://www.data.jma.go.jp/eqev/data/daily_map/20240101.html,20240101,37.90000009536743,37.90000009536743,0.40771473103040057,1.0,0.0,1.444876282718328,3.7026376093079287,2.257761326589601,20240101190123600,2024-01-01T19:01:23.600+09:00,-36.40000009536743,3.1131880306450714,2.0,0.5
20240101190300,2024-01-01T19:03:00+09:00,1704103380.0,37.322,136.775,5.0,3.4,4,matched,1,2024-01-01T19:03:21.100+09:00,1704103401.1,21.09999990463257,20240101190321100,2024-01-01T19:03:21.100+09:00,1704103401.1,37.32833333333333,136.77666666666667,6.0,3.4,石川県能登地方,https://www.data.jma.go.jp/eqev/data/daily_map/20240101.html,20240101,21.09999990463257,21.09999990463257,0.7194891893653924,1.0,0.0,0.9472311680274973,2.799635798830373,1.8524046308028757,20240101190302900,2024-01-01T19:03:02.900+09:00,2.9000000953674316,7.1815123115906285,6.0,0.19999999999999973
20240101190400,2024-01-01T19:04:00+09:00,1704103440.0,37.175,136.872,12.0,3.4,6,matched,1,2024-01-01T19:04:56.500+09:00,1704103496.5,56.5,20240101190456500,2024-01-01T19:04:56.500+09:00,1704103496.5,37.175,136.87166666666667,12.0,3.4,石川県能登地方,https://www.data.jma.go.jp/eqev/data/daily_map/20240101.html,20240101,56.5,56.5,0.02953313709304092,0.0,0.0,1.8892399607519414,4.259543271642935,2.370303310890993,20240101190356500,2024-01-01T19:03:56.500+09:00,-3.5,8.214383024881334,5.0,0.6000000000000001
20240101190500,2024-01-01T19:05:00+09:00,1704103500.0,37.492,137.293,12.0,3.9,1,matched,1,2024-01-01T19:05:39.900+09:00,1704103539.9,39.90000009536743,20240101190539900,2024-01-01T19:05:39.900+09:00,1704103539.9,37.49166666666667,137.29333333333332,12.0,3.9,石川県能登地方,https://www.data.jma.go.jp/eqev/data/daily_map/20240101.html,20240101,39.90000009536743,39.90000009536743,0.04731481970797867,0.0,0.0,1.33946296712051,,inf,,,,,,
20240101190600,2024-01-01T19:06:00+09:00,1704103560.0,37.885,137.71,19.0,4.3,1,matched,1,2024-01-01T19:06:56.200+09:00,1704103616.2,56.200000047683716,20240101190656200,2024-01-01T19:06:56.200+09:00,1704103616.2,37.885,137.71,19.0,4.3,佐渡付近,https://www.data.jma.go.jp/eqev/data/daily_map/20240101.html,20240101,56.200000047683716,56.200000047683716,0.0,0.0,0.0,1.8733333349227905,,inf,,,,,,
20240101190800,2024-01-01T19:08:00+09:00,1704103680.0,37.255,136.747,4.0,3.5,3,matched,1,2024-01-01T19:08:37.600+09:00,1704103717.6,37.59999990463257,20240101190837600,2024-01-01T19:08:37.600+09:00,1704103717.6,37.24333333333333,136.72166666666666,6.0,3.4,石川県能登地方,https://www.data.jma.go.jp/eqev/data/daily_map/20240101.html,20240101,37.59999990463257,37.59999990463257,2.5905382873892973,2.0,0.10000000000000009,2.304774320965612,7.308908526294543,5.004134205328931,20240101190757500,2024-01-01T19:07:57.500+09:00,-2.5,19.127875964806044,4.0,0.8999999999999999
20240101190900,2024-01-01T19:09:00+09:00,1704103740.0,37.253,136.775,4.0,3.4,3,ambiguous,0,2024-01-01T19:09:42.400+09:00,1704103782.4,42.40000009536743,20240101190942400,2024-01-01T19:09:42.400+09:00,1704103782.4,37.25333333333333,136.775,4.0,3.4,石川県能登地方,https://www.data.jma.go.jp/eqev/data/daily_map/20240101.html,20240101,42.40000009536743,42.40000009536743,0.03706497554738231,0.0,0.0,1.4207463316217244,1.9149763700488645,0.4942300384271401,20240101190837600,2024-01-01T19:08:37.600+09:00,-22.40000009536743,4.841548501016417,2.0,0.0
20240101191000,2024-01-01T19:10:00+09:00,1704103800.0,37.215,136.852,12.0,3.7,5,matched,1,2024-01-01T19:10:38.800+09:00,1704103838.8,38.799999952316284,20240101191038800,2024-01-01T19:10:38.800+09:00,1704103838.8,37.218333333333334,136.86333333333334,11.0,3.8,石川県能登地方,https://www.data.jma.go.jp/eqev/data/daily_map/20240101.html,20240101,38.799999952316284,38.799999952316284,1.0698314174279628,1.0,0.09999999999999964,1.940632948562801,3.9946161632922,2.053983214729399,20240101190942400,2024-01-01T19:09:42.400+09:00,-17.59999990463257,8.039747499022234,8.0,0.30000000000000027
20240101191400,2024-01-01T19:14:00+09:00,1704104040.0,37.183,136.715,10.0,3.4,2,matched,1,2024-01-01T19:14:19.700+09:00,1704104059.7,19.700000047683716,20240101191419700,2024-01-01T19:14:19.700+09:00,1704104059.7,37.175,136.70166666666665,9.0,3.3,石川県能登地方,https://www.data.jma.go.jp/eqev/data/daily_map/20240101.html,20240101,19.700000047683716,19.700000047683716,1.4787488188498683,1.0,0.10000000000000009,1.3857497653594313,5.541919529108304,4.156169763748872,20240101191349800,2024-01-01T19:13:49.800+09:00,-10.200000047683716,5.342930970927569,8.0,1.0
20240101192100,2024-01-01T19:21:00+09:00,1704104460.0,37.208,136.692,5.0,3.5,4,matched,1,2024-01-01T19:21:36.100+09:00,1704104496.1,36.09999990463257,20240101192136100,2024-01-01T19:21:36.100+09:00,1704104496.1,37.20666666666666,136.69833333333332,4.0,3.5,能登半島沖,https://www.data.jma.go.jp/eqev/data/daily_map/20240101.html,20240101,36.09999990463257,36.09999990463257,0.580153333939808,1.0,0.0,1.4193639969423806,8.172280811062056,6.752916814119675,20240101192215000,2024-01-01T19:22:15.000+09:00,75.0,19.194737388643617,5.0,0.3999999999999999
20240101192500,2024-01-01T19:25:00+09:00,1704104700.0,37.457,137.198,13.0,4.3,1,matched,1,2024-01-01T19:25:57.900+09:00,1704104757.9,57.90000009536743,20240101192557900,2024-01-01T19:25:57.900+09:00,1704104757.9,37.45666666666666,137.19833333333332,13.0,4.3,石川県能登地方,https://www.data.jma.go.jp/eqev/data/daily_map/20240101.html,20240101,57.90000009536743,57.90000009536743,0.04732338309550282,0.0,0.0,1.939464679798015,,inf,,,,,,
20240101192800,2024-01-01T19:28:00+09:00,1704104880.0,37.407,136.775,8.0,3.8,3,matched,1,2024-01-01T19:28:29.800+09:00,1704104909.8,29.799999952316284,20240101192829800,2024-01-01T19:28:29.800+09:00,1704104909.8,37.406666666666666,136.775,8.0,3.8,能登半島沖,https://www.data.jma.go.jp/eqev/data/daily_map/20240101.html,20240101,29.799999952316284,29.799999952316284,0.037064975548089636,0.0,0.0,1.0007463268534942,6.188055329390274,5.18730900253678,20240101192734200,2024-01-01T19:27:34.200+09:00,-25.799999952316284,9.140276654898651,5.0,0.8999999999999999
20240101193800,2024-01-01T19:38:00+09:00,1704105480.0,37.302,136.877,9.0,3.7,3,matched,1,2024-01-01T19:38:34.700+09:00,1704105514.7,34.700000047683716,20240101193834700,2024-01-01T19:38:34.700+09:00,1704105514.7,37.30166666666667,136.87666666666667,9.0,3.7,石川県能登地方,https://www.data.jma.go.jp/eqev/data/daily_map/20240101.html,20240101,34.700000047683716,34.700000047683716,0.04736125402618032,0.0,0.0,1.16613891906136,4.608213689953011,3.4420747708916513,20240101193723800,2024-01-01T19:37:23.800+09:00,-36.200000047683716,3.174401775151098,1.0,0.8000000000000003
20240101194000,2024-01-01T19:40:00+09:00,1704105600.0,37.523,137.173,5.0,3.1,3,matched,1,2024-01-01T19:40:25.400+09:00,1704105625.4,25.40000009536743,20240101194025400,2024-01-01T19:40:25.400+09:00,1704105625.4,37.52166666666667,137.18666666666667,8.0,2.9,能登半島沖,https://www.data.jma.go.jp/eqev/data/daily_map/20240101.html,20240101,25.40000009536743,25.40000009536743,1.2143542842559534,3.0,0.20000000000000018,2.056204193363439,3.4196360614114214,1.3634318680479822,20240101193925200,2024-01-01T19:39:25.200+09:00,-34.799999952316284,9.298180315004393,4.0,0.0
20240101194500,2024-01-01T19:45:00+09:00,1704105900.0,37.167,136.7,6.0,3.4,2,matched,1,2024-01-01T19:45:06.400+09:00,1704105906.4,6.400000095367432,20240101194506400,2024-01-01T19:45:06.400+09:00,1704105906.4,37.16166666666667,136.71,4.0,3.2,石川県能登地方,https://www.data.jma.go.jp/eqev/data/daily_map/20240101.html,20240101,6.400000095367432,6.400000095367432,1.0662566213416147,2.0,0.19999999999999973,1.2932513274472366,5.681091574011503,4.3878402465642665,20240101194616000,2024-01-01T19:46:16.000+09:00,76.0,12.572124536724179,3.0,0.10000000000000009
20240101194900,2024-01-01T19:49:00+09:00,1704106140.0,37.132,136.62,9.0,3.8,3,matched,1,2024-01-01T19:49:59.800+09:00,1704106199.8,59.799999952316284,20240101194959800,2024-01-01T19:49:59.800+09:00,1704106199.8,37.13,136.61833333333334,8.0,3.6,能登半島沖,https://www.data.jma.go.jp/eqev/data/daily_map/20240101.html,20240101,59.799999952316284,59.799999952316284,0.26699774069107135,1.0,0.19999999999999973,2.813399546548756,5.247455828733551,2.4340562821847946,20240101195025300,2024-01-01T19:50:25.300+09:00,85.29999995231628,1.0206124849483766,2.0,0.5999999999999996
20240101195000,2024-01-01T19:50:00+09:00,1704106200.0,37.512,137.273,12.0,4.6,1,matched,1,2024-01-01T19:50:36.800+09:00,1704106236.8,36.799999952316284,20240101195036800,2024-01-01T19:50:36.800+09:00,1704106236.8,37.51166666666666,137.27333333333334,12.0,4.6,石川県能登地方,https://www.data.jma.go.jp/eqev/data/daily_map/20240101.html,20240101,36.799999952316284,36.799999952316284,0.047309924387557385,0.0,0.0,1.236128649954721,,inf,,,,,,
20240101195600,2024-01-01T19:56:00+09:00,1704106560.0,37.392,136.9,7.0,3.5,4,matched,1,2024-01-01T19:56:28.900+09:00,1704106588.9,28.90000009536743,20240101195628900,2024-01-01T19:56:28.900+09:00,1704106588.9,37.391666666666666,136.9,7.0,3.5,石川県能登地方,https://www.data.jma.go.jp/eqev/data/daily_map/20240101.html,20240101,28.90000009536743,28.90000009536743,0.03706497554879696,0.0,0.0,0.9707463316220071,6.730609110259582,5.759862778637575,20240101195512300,2024-01-01T19:55:12.300+09:00,-47.700000047683716,17.36971221001729,0.0,0.5
20240101200100,2024-01-01T20:01:00+09:00,1704106860.0,37.17,136.84,12.0,3.7,2,matched,1,2024-01-01T20:00:54.700+09:00,1704106854.7,-5.299999952316284,20240101200054700,2024-01-01T20:00:54.700+09:00,1704106854.7,37.17,136.84333333333333,11.0,3.6,石川県能登地方,https://www.data.jma.go.jp/eqev/data/daily_map/20240101.html,20240101,-5.299999952316284,5.299999952316284,0.29535091447152984,1.0,0.10000000000000009,0.6690701813048491,2.7296675141586677,2.0605973328538187,20240101200121900,2024-01-01T20:01:21.900+09:00,21.90000009536743,9.498337554898766,1.0,0.0
20240101200300,2024-01-01T20:03:00+09:00,1704106980.0,37.277,136.812,10.0,3.1,5,matched,1,2024-01-01T20:03:04.300+09:00,1704106984.3,4.299999952316284,20240101200304300,2024-01-01T20:03:04.300+09:00,1704106984.3,37.278333333333336,136.8,11.0,3.1,石川県能登地方,https://www.data.jma.go.jp/eqev/data/daily_map/20240101.html,20240101,4.299999952316284,4.299999952316284,1.0720478518387666,1.0,0.0,0.4577429021116295,3.3351561074800165,2.877413205368387,20240101200348000,2024-01-01T20:03:48.000+09:00,48.0,4.842447204066746,1.0,0.20000000000000018
20240101200500,2024-01-01T20:05:00+09:00,1704107100.0,37.19,136.818,10.0,3.5,3,matched,1,2024-01-01T20:05:53.500+09:00,1704107153.5,53.5,20240101200553500,2024-01-01T20:05:53.500+09:00,1704107153.5,37.18833333333333,136.82,10.0,3.5,石川県能登地方,https://www.data.jma.go.jp/eqev/data/daily_map/20240101.html,20240101,53.5,53.5,0.25638439303557653,0.0,0.0,1.8346102119404488,6.703890708197246,4.869280496256797,20240101200333200,2024-01-01T20:03:33.200+09:00,-86.79999995231628,10.886120215600187,3.0,0.3999999999999999
20240101200700,2024-01-01T20:07:00+09:00,1704107220.0,37.36,136.89,8.0,3.5,2,ambiguous,0,2024-01-01T20:06:51.000+09:00,1704107211.0,-9.0,20240101200651000,2024-01-01T20:06:51.000+09:00,1704107211.0,37.348333333333336,136.865,9.0,3.3,石川県能登地方,https://www.data.jma.go.jp/eqev/data/daily_map/20240101.html,20240101,-9.0,9.0,2.5623798847859893,1.0,0.20000000000000018,1.5791426436238651,1.9458403886568203,0.36669774503295516,20240101200741600,2024-01-01T20:07:41.600+09:00,41.59999990463257,0.6292019591786718,1.0,0.10000000000000009
20240101201500,2024-01-01T20:15:00+09:00,1704107700.0,37.202,136.692,4.0,3.3,3,matched,1,2024-01-01T20:15:43.400+09:00,1704107743.4,43.40000009536743,20240101201543400,2024-01-01T20:15:43.400+09:00,1704107743.4,37.20166666666667,136.69166666666666,4.0,3.3,能登半島沖,https://www.data.jma.go.jp/eqev/data/daily_map/20240101.html,20240101,43.40000009536743,43.40000009536743,0.047385640994256684,0.0,0.0,1.4561437980444323,4.773850176641314,3.317706378596882,20240101201346100,2024-01-01T20:13:46.100+09:00,-73.90000009536743,1.385917533978666,7.0,0.3999999999999999
20240101201700,2024-01-01T20:17:00+09:00,1704107820.0,37.157,136.725,6.0,3.0,3,matched,1,2024-01-01T20:17:02.000+09:00,1704107822.0,2.0,20240101201702000,2024-01-01T20:17:02.000+09:00,1704107822.0,37.156666666666666,136.725,6.0,3.0,石川県能登地方,https://www.data.jma.go.jp/eqev/data/daily_map/20240101.html,20240101,2.0,2.0,0.037064975548089636,0.0,0.0,0.0740796617762846,4.909001720635882,4.834922058859597,20240101201543400,2024-01-01T20:15:43.400+09:00,-76.59999990463257,5.7783419524073185,2.0,0.2999999999999998
20240101202100,2024-01-01T20:21:00+09:00,1704108060.0,37.675,137.507,20.0,4.1,1,matched,1,2024-01-01T20:21:27.300+09:00,1704108087.3,27.299999952316284,20240101202127300,2024-01-01T20:21:27.300+09:00,1704108087.3,37.693333333333335,137.50166666666667,24.0,4.1,新潟県上中越沖,https://www.data.jma.go.jp/eqev/data/daily_map/20240101.html,20240101,27.299999952316284,27.299999952316284,2.091901160321222,4.0,0.0,1.7283802304747873,,inf,,,,,,
20240101202200,2024-01-01T20:22:00+09:00,1704108120.0,37.375,137.025,8.0,3.3,2,matched,1,2024-01-01T20:22:18.700+09:00,1704108138.7,18.700000047683716,20240101202218700,2024-01-01T20:22:18.700+09:00,1704108138.7,37.37166666666667,137.03,8.0,3.2,石川県能登地方,https://www.data.jma.go.jp/eqev/data/daily_map/20240101.html,20240101,18.700000047683716,18.700000047683716,0.5767116362598169,0.0,0.09999999999999964,1.072008995508086,6.340451916205087,5.268442920697001,20240101202133100,2024-01-01T20:21:33.100+09:00,-26.90000009536743,15.718926231797525,3.0,0.6000000000000001
20240101202700,2024-01-01T20:27:00+09:00,1704108420.0,37.362,136.858,0.0,4.0,2,matched,1,2024-01-01T20:27:36.600+09:00,1704108456.6,36.59999990463257,20240101202736600,2024-01-01T20:27:36.600+09:00,1704108456.6,37.373333333333335,136.855,7.0,4.2,石川県能登地方,https://www.data.jma.go.jp/eqev/data/daily_map/20240101.html,20240101,36.59999990463257,36.59999990463257,1.2877947006852655,7.0,0.20000000000000018,2.844225603624806,8.02412475619412,5.179899152569313,20240101202541400,2024-01-01T20:25:41.400+09:00,-78.59999990463257,10.520623796865166,13.0,0.6000000000000001
20240101203200,2024-01-01T20:32:00+09:00,1704108720.0,37.388,136.955,7.0,3.7,2,matched,1,2024-01-01T20:32:42.500+09:00,1704108762.5,42.5,20240101203242500,2024-01-01T20:32:42.500+09:00,1704108762.5,37.4,136.95166666666665,7.0,3.7,石川県能登地方,https://www.data.jma.go.jp/eqev/data/daily_map/20240101.html,20240101,42.5,42.5,1.3664462398635708,0.0,0.0,1.689955914639381,7.597583220985852,5.9076273063464715,20240101203144300,2024-01-01T20:31:44.300+09:00,-15.700000047683716,19.871249430315306,1.0,0.9000000000000004
20240101203400,2024-01-01T20:34:00+09:00,1704108840.0,37.352,136.933,10.0,4.5,2,matched,1,2024-01-01T20:34:20.900+09:00,1704108860.9,20.90000009536743,20240101203420900,2024-01-01T20:34:20.900+09:00,1704108860.9,37.35166666666667,136.93333333333334,10.0,4.5,石川県能登地方,https://www.data.jma.go.jp/eqev/data/daily_map/20240101.html,20240101,20.90000009536743,20.90000009536743,0.04734904701363199,0.0,0.0,0.7061364792483074,6.667283214790018,5.9611467355417105,20240101203242500,2024-01-01T20:32:42.500+09:00,-77.5,5.586416073950092,3.0,0.7999999999999998
20240101203500,2024-01-01T20:35:00+09:00,1704108900.0,37.153,136.757,2.0,4.5,2,matched,1,2024-01-01T20:35:40.800+09:00,1704108940.8,40.799999952316284,20240101203540800,2024-01-01T20:35:40.800+09:00,1704108940.8,37.153333333333336,136.75666666666666,2.0,4.5,石川県能登地方,https://www.data.jma.go.jp/eqev/data/daily_map/20240101.html,20240101,40.799999952316284,40.799999952316284,0.04739749621185019,0.0,0.0,1.369479497652913,2.849621844853616,1.480142347200703,20240101203532100,2024-01-01T20:35:32.100+09:00,32.09999990463257,1.2314425734959786,2.0,0.40000000000000036
20240101204200,2024-01-01T20:42:00+09:00,1704109320.0,37.467,137.138,13.0,3.7,2,matched,1,2024-01-01T20:41:56.300+09:00,1704109316.3,-3.700000047683716,20240101204156300,2024-01-01T20:41:56.300+09:00,1704109316.3,37.46333333333333,137.14,13.0,3.7,石川県能登地方,https://www.data.jma.go.jp/eqev/data/daily_map/20240101.html,20240101,-3.700000047683716,3.700000047683716,0.44428504652380996,0.0,0.0,0.2121903442275525,4.954045817397526,4.741855473169974,20240101204124000,2024-01-01T20:41:24.000+09:00,-36.0,8.436895753654301,4.0,0.5
20240101204300,2024-01-01T20:43:00+09:00,1704109380.0,37.258,136.872,11.0,3.7,5,matched,1,2024-01-01T20:43:47.900+09:00,1704109427.9,47.90000009536743,20240101204347900,2024-01-01T20:43:47.900+09:00,1704109427.9,37.25833333333333,136.86833333333334,11.0,3.7,石川県能登地方,https://www.data.jma.go.jp/eqev/data/daily_map/20240101.html,20240101,47.90000009536743,47.90000009536743,0.3266164753193155,0.0,0.0,1.6619899649094443,3.6883823845485395,2.0263924196390954,20240101204312600,2024-01-01T20:43:12.600+09:00,12.599999904632568,5.841911938637267,1.0,0.6000000000000001
20240101204900,2024-01-01T20:49:00+09:00,1704109740.0,37.183,136.825,11.0,3.5,4,matched,1,2024-01-01T20:49:55.200+09:00,1704109795.2,55.200000047683716,20240101204955200,2024-01-01T20:49:55.200+09:00,1704109795.2,37.18333333333333,136.81833333333333,13.0,3.6,石川県能登地方,https://www.data.jma.go.jp/eqev/data/daily_map/20240101.html,20240101,55.200000047683716,55.200000047683716,0.5917608139712739,2.0,0.10000000000000009,2.4916854977170453,4.489698976196516,1.998013478479471,20240101204855500,2024-01-01T20:48:55.500+09:00,-4.5,6.198494880982579,11.0,0.6000000000000001
20240101205000,2024-01-01T20:50:00+09:00,1704109800.0,37.457,137.185,12.0,3.8,4,matched,1,2024-01-01T20:50:09.800+09:00,1704109809.8,9.799999952316284,20240101205009800,2024-01-01T20:50:09.800+09:00,1704109809.8,37.455,137.19,13.0,3.8,石川県能登地方,https://www.data.jma.go.jp/eqev/data/daily_map/20240101.html,20240101,9.799999952316284,9.799999952316284,0.4942083336420507,1.0,0.0,0.5255083318056196,5.670889367429942,5.145381035624323,20240101204837800,2024-01-01T20:48:37.800+09:00,-82.20000004768372,5.321113495869088,2.0,0.5
20240101205400,2024-01-01T20:54:00+09:00,1704110040.0,37.243,136.7,8.0,3.6,2,matched,1,2024-01-01T20:54:45.300+09:00,1704110085.3,45.299999952316284,20240101205445300,2024-01-01T20:54:45.300+09:00,1704110085.3,37.236666666666665,136.70166666666665,7.0,3.7,能登半島沖,https://www.data.jma.go.jp/eqev/data/daily_map/20240101.html,20240101,45.299999952316284,45.299999952316284,0.7195234539611922,1.0,0.10000000000000009,2.087238022536115,2.917549041303636,0.8303110187675209,20240101205403000,2024-01-01T20:54:03.000+09:00,3.0,14.087745206518179,0.0,0.0
20240101205700,2024-01-01T20:57:00+09:00,1704110220.0,37.592,137.452,9.0,4.2,1,matched,1,2024-01-01T20:57:34.400+09:00,1704110254.4,34.40000009536743,20240101205734400,2024-01-01T20:57:34.400+09:00,1704110254.4,37.623333333333335,137.435,14.0,4.1,能登半島沖,https://www.data.jma.go.jp/eqev/data/daily_map/20240101.html,20240101,34.40000009536743,34.40000009536743,3.792305031646072,5.0,0.10000000000000053,2.7384610095081308,,inf,,,,,,
20240101210000,2024-01-01T21:00:00+09:00,1704110400.0,37.112,136.662,4.0,3.1,6,matched,1,2024-01-01T21:00:09.200+09:00,1704110409.2,9.200000047683716,20240101210009200,2024-01-01T21:00:09.200+09:00,1704110409.2,37.115,136.66166666666666,5.0,3.0,能登半島沖,https://www.data.jma.go.jp/eqev/data/daily_map/20240101.html,20240101,9.200000047683716,9.200000047683716,0.334891670712725,1.0,0.10000000000000009,0.8069783357320026,3.9743506133422266,3.167372277610224,20240101210044800,2024-01-01T21:00:44.800+09:00,44.799999952316284,11.405086407991751,2.0,0.0
20240101210400,2024-01-01T21:04:00+09:00,1704110640.0,37.268,136.802,9.0,3.0,4,matched,1,2024-01-01T21:03:59.100+09:00,1704110639.1,-0.9000000953674316,20240101210359100,2024-01-01T21:03:59.100+09:00,1704110639.1,37.26833333333333,136.80166666666668,9.0,3.0,石川県能登地方,https://www.data.jma.go.jp/eqev/data/daily_map/20240101.html,20240101,-0.9000000953674316,0.9000000953674316,0.04736946833798934,0.0,0.0,0.03947389684651226,3.1746431227445395,3.1351692258980273,20240101210306000,2024-01-01T21:03:06.000+09:00,-54.0,1.3732156137226996,1.0,0.2999999999999998
20240101210700,2024-01-01T21:07:00+09:00,1704110820.0,37.61,137.482,15.0,3.1,2,matched,1,2024-01-01T21:07:39.700+09:00,1704110859.7,39.700000047683716,20240101210739700,2024-01-01T21:07:39.700+09:00,1704110859.7,37.62833333333333,137.51,11.0,3.1,新潟県上中越沖,https://www.data.jma.go.jp/eqev/data/daily_map/20240101.html,20240101,39.700000047683716,39.700000047683716,3.199617826178663,4.0,0.0,2.363256900158523,7.632852053478981,5.2695951533204575,20240101210800000,2024-01-01T21:08:00.000+09:00,60.0,16.33092693406157,17.0,0.20000000000000018
20240101211200,2024-01-01T21:12:00+09:00,1704111120.0,37.168,136.815,9.0,3.1,4,matched,1,2024-01-01T21:12:16.500+09:00,1704111136.5,16.5,20240101211216500,2024-01-01T21:12:16.500+09:00,1704111136.5,37.17166666666667,136.81333333333333,11.0,3.2,石川県能登地方,https://www.data.jma.go.jp/eqev/data/daily_map/20240101.html,20240101,16.5,16.5,0.43363514473272774,2.0,0.10000000000000009,1.1700603622798793,4.901462145499178,3.7314017832192983,20240101211104400,2024-01-01T21:11:04.400+09:00,-55.59999990463257,8.240644076723791,4.0,0.30000000000000027
20240101211300,2024-01-01T21:13:00+09:00,1704111180.0,37.397,137.065,10.0,4.1,1,matched,1,2024-01-01T21:13:30.600+09:00,1704111210.6,30.59999990463257,20240101211330600,2024-01-01T21:13:30.600+09:00,1704111210.6,37.39666666666667,137.06333333333333,10.0,4.0,石川県能登地方,https://www.data.jma.go.jp/eqev/data/daily_map/20240101.html,20240101,30.59999990463257,30.59999990463257,0.15182484548155054,0.0,0.09999999999999964,1.3836982992507278,,inf,,,,,,
20240101211600,2024-01-01T21:16:00+09:00,1704111360.0,37.248,136.695,11.0,3.0,5,matched,1,2024-01-01T21:16:20.900+09:00,1704111380.9,20.90000009536743,20240101211620900,2024-01-01T21:16:20.900+09:00,1704111380.9,37.178333333333335,136.62333333333333,1.0,2.7,能登半島沖,https://www.data.jma.go.jp/eqev/data/daily_map/20240101.html,20240101,20.90000009536743,20.90000009536743,10.014313439492929,10.0,0.2999999999999998,4.699529357744166,5.75859455140168,1.0590651936575144,20240101211442400,2024-01-01T21:14:42.400+09:00,-77.59999990463257,7.859639439569646,6.0,0.2999999999999998
20240101211700,2024-01-01T21:17:00+09:00,1704111420.0,37.33,136.782,10.0,4.2,1,matched,1,2024-01-01T21:17:10.400+09:00,1704111430.4,10.400000095367432,20240101211710400,2024-01-01T21:17:10.400+09:00,1704111430.4,37.33,136.785,9.0,4.1,石川県能登地方,https://www.data.jma.go.jp/eqev/data/daily_map/20240101.html,20240101,10.400000095367432,10.400000095367432,0.26525196496042436,1.0,0.10000000000000053,0.8330503961710011,,inf,,,,,,
20240101212000,2024-01-01T21:20:00+09:00,1704111600.0,37.472,137.222,11.0,4.5,1,matched,1,2024-01-01T21:20:45.700+09:00,1704111645.7,45.700000047683716,20240101212045700,2024-01-01T21:20:45.700+09:00,1704111645.7,37.471666666666664,137.22166666666666,11.0,4.5,石川県能登地方,https://www.data.jma.go.jp/eqev/data/daily_map/20240101.html,20240101,45.700000047683716,45.700000047683716,0.04731971360931358,0.0,0.0,1.5327972776446532,,inf,,,,,,
20240101212200,2024-01-01T21:22:00+09:00,1704111720.0,37.535,137.29,4.0,3.5,2,matched,1,2024-01-01T21:22:09.100+09:00,1704111729.1,9.099999904632568,20240101212209100,2024-01-01T21:22:09.100+09:00,1704111729.1,37.535,137.28166666666667,4.0,3.3,能登半島沖,https://www.data.jma.go.jp/eqev/data/daily_map/20240101.html,20240101,9.099999904632568,9.099999904632568,0.73479583167417,0.0,0.20000000000000018,1.1169591631559204,8.363968659156624,7.247009496000704,20240101212045700,2024-01-01T21:20:45.700+09:00,-74.29999995231628,9.26984330373041,7.0,1.0
20240101212300,2024-01-01T21:23:00+09:00,1704111780.0,37.443,137.06,7.0,3.8,2,matched,1,2024-01-01T21:23:42.700+09:00,1704111822.7,42.700000047683716,20240101212342700,2024-01-01T21:23:42.700+09:00,1704111822.7,37.44,137.065,8.0,3.8,石川県能登地方,https://www.data.jma.go.jp/eqev/data/daily_map/20240101.html,20240101,42.700000047683716,42.700000047683716,0.5532982563091138,1.0,0.0,1.6339929861846134,7.70654969582618,6.0725567096415665,20240101212228000,2024-01-01T21:22:28.000+09:00,-32.0,18.199415145797566,0.0,0.8999999999999999
20240101213100,2024-01-01T21:31:00+09:00,1704112260.0,37.298,136.803,16.0,3.4,3,matched,1,2024-01-01T21:31:51.600+09:00,1704112311.6,51.59999990463257,20240101213151600,2024-01-01T21:31:51.600+09:00,1704112311.6,37.28,136.82833333333335,11.0,3.3,石川県能登地方,https://www.data.jma.go.jp/eqev/data/daily_map/20240101.html,20240101,51.59999990463257,51.59999990463257,3.0047775808587818,5.0,0.10000000000000009,3.154288846326175,6.05485195935408,2.900563113027905,20240101213136800,2024-01-01T21:31:36.800+09:00,36.799999952316284,17.140926471384354,4.0,0.2999999999999998
20240101213600,2024-01-01T21:36:00+09:00,1704112560.0,37.345,136.965,12.0,3.5,7,matched,1,2024-01-01T21:36:30.000+09:00,1704112590.0,30.0,20240101213630000,2024-01-01T21:36:30.000+09:00,1704112590.0,37.33833333333333,136.965,11.0,3.6,石川県能登地方,https://www.data.jma.go.jp/eqev/data/daily_map/20240101.html,20240101,30.0,30.0,0.7412995109639147,1.0,0.10000000000000009,1.5815932355261166,3.960156317648337,2.3785630821222203,20240101213512500,2024-01-01T21:35:12.500+09:00,-47.5,7.550781588241679,2.0,0.20000000000000018
20240101213800,2024-01-01T21:38:00+09:00,1704112680.0,37.455,137.282,13.0,3.1,3,matched,1,2024-01-01T21:38:50.900+09:00,1704112730.9,50.90000009536743,20240101213850900,2024-01-01T21:38:50.900+09:00,1704112730.9,37.455,137.28333333333333,13.0,3.1,石川県能登地方,https://www.data.jma.go.jp/eqev/data/daily_map/20240101.html,20240101,50.90000009536743,50.90000009536743,0.11769333839005065,0.0,0.0,1.720205337523591,4.963663124620545,3.243457787096954,20240101213704100,2024-01-01T21:37:04.100+09:00,-55.90000009536743,11.83498227387482,4.0,0.10000000000000009
20240101214100,2024-01-01T21:41:00+09:00,1704112860.0,37.12,136.68,2.0,3.8,2,matched,1,2024-01-01T21:41:04.400+09:00,1704112864.4,4.400000095367432,20240101214104400,2024-01-01T21:41:04.400+09:00,1704112864.4,37.125,136.67666666666668,4.0,3.9,能登半島沖,https://www.data.jma.go.jp/eqev/data/daily_map/20240101.html,20240101,4.400000095367432,4.400000095367432,0.6296424346146674,2.0,0.10000000000000009,0.8059284901018482,5.539413845374464,4.733485355272617,20240101214212000,2024-01-01T21:42:12.000+09:00,72.0,0.8637358935389933,3.0,0.7999999999999998
20240101214200,2024-01-01T21:42:00+09:00,1704112920.0,37.13,136.68,6.0,3.0,2,matched,1,2024-01-01T21:42:12.000+09:00,1704112932.0,12.0,20240101214212000,2024-01-01T21:42:12.000+09:00,1704112932.0,37.126666666666665,136.675,5.0,3.0,能登半島沖,https://www.data.jma.go.jp/eqev/data/daily_map/20240101.html,20240101,12.0,12.0,0.5778148564438507,1.0,0.0,0.6155629712887701,5.1792599844908285,4.5636970132020585,20240101214104400,2024-01-01T21:41:04.400+09:00,-55.59999990463257,0.6296332716820497,2.0,0.8999999999999999
20240101214800,2024-01-01T21:48:00+09:00,1704113280.0,37.685,137.567,15.0,4.3,1,matched,1,2024-01-01T21:48:31.900+09:00,1704113311.9,31.90000009536743,20240101214831900,2024-01-01T21:48:31.900+09:00,1704113311.9,37.685,137.57333333333332,13.0,4.3,新潟県上中越沖,https://www.data.jma.go.jp/eqev/data/daily_map/20240101.html,20240101,31.90000009536743,31.90000009536743,0.5573196640655762,2.0,0.0,1.374797269325363,,inf,,,,,,
20240101215300,2024-01-01T21:53:00+09:00,1704113580.0,37.123,136.637,14.0,3.3,3,matched,1,2024-01-01T21:53:05.100+09:00,1704113585.1,5.099999904632568,20240101215305100,2024-01-01T21:53:05.100+09:00,1704113585.1,37.12166666666667,136.61333333333334,3.0,3.4,能登半島沖,https://www.data.jma.go.jp/eqev/data/daily_map/20240101.html,20240101,5.099999904632568,5.099999904632568,2.103544780776935,11.0,0.10000000000000009,2.024042286309806,5.224106893328993,3.2000646070191867,20240101215414100,2024-01-01T21:54:14.100+09:00,74.09999990463257,7.6038678158728645,9.0,0.10000000000000009
20240101215400,2024-01-01T21:54:00+09:00,1704113640.0,37.113,136.633,2.0,4.2,3,matched,1,2024-01-01T21:54:28.400+09:00,1704113668.4,28.40000009536743,20240101215428400,2024-01-01T21:54:28.400+09:00,1704113668.4,37.11333333333334,136.63333333333333,2.0,4.2,能登半島沖,https://www.data.jma.go.jp/eqev/data/daily_map/20240101.html,20240101,28.40000009536743,28.40000009536743,0.04740723377143941,0.0,0.0,0.9561481165998689,4.9951377653923545,4.0389896487924855,20240101215305100,2024-01-01T21:53:05.100+09:00,-54.90000009536743,1.9923554777338623,1.0,0.8000000000000003
20240101220200,2024-01-01T22:02:00+09:00,1704114120.0,37.467,137.268,12.0,3.4,4,matched,1,2024-01-01T22:02:34.600+09:00,1704114154.6,34.59999990463257,20240101220234600,2024-01-01T22:02:34.600+09:00,1704114154.6,37.46666666666667,137.27,12.0,3.5,石川県能登地方,https://www.data.jma.go.jp/eqev/data/daily_map/20240101.html,20240101,34.59999990463257,34.59999990463257,0.1803616475822496,0.0,0.10000000000000009,1.5227389930042026,3.177759425274709,1.6550204322705062,20240101220219800,2024-01-01T22:02:19.800+09:00,19.799999952316284,10.922130467654164,0.0,0.10000000000000009
20240101220300,2024-01-01T22:03:00+09:00,1704114180.0,37.323,136.937,13.0,4.2,3,matched,1,2024-01-01T22:03:00.300+09:00,1704114180.3,0.2999999523162842,20240101220300300,2024-01-01T22:03:00.300+09:00,1704114180.3,37.32333333333333,136.93666666666667,13.0,4.2,石川県能登地方,https://www.data.jma.go.jp/eqev/data/daily_map/20240101.html,20240101,0.2999999523162842,0.2999999523162842,0.047356046800940535,0.0,0.0,0.019471207770730914,3.894901866653056,3.875430658882325,20240101220324100,2024-01-01T22:03:24.100+09:00,24.09999990463257,2.7911760158265135,2.0,0.7000000000000002
20240101220600,2024-01-01T22:06:00+09:00,1704114360.0,37.373,136.838,9.0,3.4,1,matched,1,2024-01-01T22:06:08.200+09:00,1704114368.2,8.200000047683716,20240101220608200,2024-01-01T22:06:08.200+09:00,1704114368.2,37.373333333333335,136.83833333333334,8.0,3.4,石川県能登地方,https://www.data.jma.go.jp/eqev/data/daily_map/20240101.html,20240101,8.200000047683716,8.200000047683716,0.047343835954406194,1.0,0.0,0.3828021021136718,,inf,,,,,,
20240101220800,2024-01-01T22:08:00+09:00,1704114480.0,37.212,136.765,0.0,3.7,2,matched,1,2024-01-01T22:08:46.300+09:00,1704114526.3,46.299999952316284,20240101220846300,2024-01-01T22:08:46.300+09:00,1704114526.3,37.211666666666666,136.76666666666668,0.0,3.6,石川県能登地方,https://www.data.jma.go.jp/eqev/data/daily_map/20240101.html,20240101,46.299999952316284,46.299999952316284,0.15217655029585023,0.0,0.10000000000000009,1.90710197513638,6.148656792356405,4.241554817220026,20240101220757500,2024-01-01T22:07:57.500+09:00,-2.5,16.659950628448687,4.0,0.7000000000000002
20240101221000,2024-01-01T22:10:00+09:00,1704114600.0,37.397,137.062,9.0,4.4,1,matched,1,2024-01-01T22:10:57.600+09:00,1704114657.6,57.59999990463257,20240101221057600,2024-01-01T22:10:57.600+09:00,1704114657.6,37.39666666666667,137.06166666666667,9.0,4.4,石川県能登地方,https://www.data.jma.go.jp/eqev/data/daily_map/20240101.html,20240101,57.59999990463257,57.59999990463257,0.0473380530242784,0.0,0.0,1.9294676074259414,,inf,,,,,,
20240101221100,2024-01-01T22:11:00+09:00,1704114660.0,37.133,136.698,2.0,3.1,4,matched,1,2024-01-01T22:11:44.400+09:00,1704114704.4,44.40000009536743,20240101221144400,2024-01-01T22:11:44.400+09:00,1704114704.4,37.135,136.715,2.0,3.1,能登半島沖,https://www.data.jma.go.jp/eqev/data/daily_map/20240101.html,20240101,44.40000009536743,44.40000009536743,1.52332768396592,0.0,0.0,1.7846655399720985,2.9288128315997817,1.1441472916276831,20240101221016200,2024-01-01T22:10:16.200+09:00,-43.799999952316284,4.344064165946195,6.0,0.0
20240101221400,2024-01-01T22:14:00+09:00,1704114840.0,37.445,137.168,13.0,3.5,2,matched,1,2024-01-01T22:14:09.400+09:00,1704114849.4,9.400000095367432,20240101221409400,2024-01-01T22:14:09.400+09:00,1704114849.4,37.443333333333335,137.17333333333335,13.0,3.6,石川県能登地方,https://www.data.jma.go.jp/eqev/data/daily_map/20240101.html,20240101,9.400000095367432,9.400000095367432,0.5060010495339234,0.0,0.10000000000000009,0.747866879752366,6.835888819596345,6.088021939843979,20240101221333100,2024-01-01T22:13:33.100+09:00,-26.90000009536743,14.029444082087151,8.0,0.7000000000000002
20240101221700,2024-01-01T22:17:00+09:00,1704115020.0,37.373,137.005,7.0,3.5,3,matched,1,2024-01-01T22:17:56.700+09:00,1704115076.7,56.700000047683716,20240101221756700,2024-01-01T22:17:56.700+09:00,1704115076.7,37.37166666666667,137.00333333333333,7.0,3.6,石川県能登地方,https://www.data.jma.go.jp/eqev/data/daily_map/20240101.html,20240101,56.700000047683716,56.700000047683716,0.20897880343879038,0.0,0.10000000000000009,2.2651290956105488,6.270033257554709,4.00490416194416,20240101221601800,2024-01-01T22:16:01.800+09:00,-58.200000047683716,5.650166279826256,2.0,0.8999999999999999
20240101222800,2024-01-01T22:28:00+09:00,1704115680.0,37.118,136.652,9.0,3.8,1,matched,1,2024-01-01T22:28:24.600+09:00,1704115704.6,24.59999990463257,20240101222824600,2024-01-01T22:28:24.600+09:00,1704115704.6,37.12,136.65333333333334,10.0,3.8,能登半島沖,https://www.data.jma.go.jp/eqev/data/daily_map/20240101.html,20240101,24.59999990463257,24.59999990463257,0.251859539371228,1.0,0.0,0.9703719046953312,,inf,,,,,,
20240101223000,2024-01-01T22:30:00+09:00,1704115800.0,37.395,136.923,0.0,3.2,4,matched,1,2024-01-01T22:30:28.100+09:00,1704115828.1,28.09999990463257,20240101223028100,2024-01-01T22:30:28.100+09:00,1704115828.1,37.395,136.92333333333335,0.0,3.2,石川県能登地方,https://www.data.jma.go.jp/eqev/data/daily_map/20240101.html,20240101,28.09999990463257,28.09999990463257,0.029446922949129335,0.0,0.0,0.9425560480775782,5.285812422751913,4.343256374674335,20240101223007800,2024-01-01T22:30:07.800+09:00,7.799999952316284,10.62906212170685,9.0,0.6000000000000001
20240101223600,2024-01-01T22:36:00+09:00,1704116160.0,37.518,137.323,9.0,3.8,3,matched,1,2024-01-01T22:36:09.800+09:00,1704116169.8,9.799999952316284,20240101223609800,2024-01-01T22:36:09.800+09:00,1704116169.8,37.51833333333333,137.32333333333332,9.0,3.8,石川県能登地方,https://www.data.jma.go.jp/eqev/data/daily_map/20240101.html,20240101,9.799999952316284,9.799999952316284,0.047308373903851425,0.0,0.0,0.33612833985797974,6.477881050180093,6.1417527103221135,20240101223707500,2024-01-01T22:37:07.500+09:00,67.5,5.3060719175671345,5.0,0.7999999999999998
20240101224000,2024-01-01T22:40:00+09:00,1704116400.0,37.502,137.028,15.0,3.0,0,no_candidate,0,,,,,,,,,,,,,,,,,,,,,,,,,,,
20240101225600,2024-01-01T22:56:00+09:00,1704117360.0,37.203,136.752,0.0,3.6,2,matched,1,2024-01-01T22:56:05.900+09:00,1704117365.9,5.900000095367432,20240101225605900,2024-01-01T22:56:05.900+09:00,1704117365.9,37.20333333333333,136.75,0.0,3.7,石川県能登地方,https://www.data.jma.go.jp/eqev/data/daily_map/20240101.html,20240101,5.900000095367432,5.900000095367432,0.18096911344517452,0.0,0.10000000000000009,0.5661938258679496,6.7253186283091795,6.15912480244123,20240101225631000,2024-01-01T22:56:31.000+09:00,31.0,8.626593141545891,13.0,0.8000000000000003
20240101230000,2024-01-01T23:00:00+09:00,1704117600.0,37.303,136.88,13.0,3.9,3,matched,1,2024-01-01T23:00:52.700+09:00,1704117652.7,52.700000047683716,20240101230052700,2024-01-01T23:00:52.700+09:00,1704117652.7,37.303333333333335,136.88,13.0,3.9,石川県能登地方,https://www.data.jma.go.jp/eqev/data/daily_map/20240101.html,20240101,52.700000047683716,52.700000047683716,0.037064975548089636,0.0,0.0,1.7640796633657418,6.613904290199134,4.849824626833392,20240101230029300,2024-01-01T23:00:29.300+09:00,29.299999952316284,5.019521458942953,13.0,1.0
20240101230100,2024-01-01T23:01:00+09:00,1704117660.0,37.388,137.003,3.0,3.6,4,matched,1,2024-01-01T23:01:54.200+09:00,1704117714.2,54.200000047683716,20240101230154200,2024-01-01T23:01:54.200+09:00,1704117714.2,37.403333333333336,136.99666666666667,3.0,3.6,石川県能登地方,https://www.data.jma.go.jp/eqev/data/daily_map/20240101.html,20240101,54.200000047683716,54.200000047683716,1.794439263320593,0.0,0.0,2.1655545209202423,5.119833222958726,2.9542787020384838,20240101230052700,2024-01-01T23:00:52.700+09:00,-7.299999952316284,14.382499456074251,10.0,0.2999999999999998
20240101230300,2024-01-01T23:03:00+09:00,1704117780.0,37.723,137.608,18.0,4.4,2,matched,1,2024-01-01T23:03:48.100+09:00,1704117828.1,48.09999990463257,20240101230348100,2024-01-01T23:03:48.100+09:00,1704117828.1,37.723333333333336,137.60833333333332,18.0,4.4,佐渡付近,https://www.data.jma.go.jp/eqev/data/daily_map/20240101.html,20240101,48.09999990463257,48.09999990463257,0.047258110685492245,0.0,0.0,1.6127849522915174,5.726789858400716,4.114004906109199,20240101230326100,2024-01-01T23:03:26.100+09:00,26.09999990463257,8.117282641231483,9.0,0.7000000000000002
20240101230600,2024-01-01T23:06:00+09:00,1704117960.0,37.393,137.065,10.0,3.8,2,matched,1,2024-01-01T23:06:11.000+09:00,1704117971.0,11.0,20240101230611000,2024-01-01T23:06:11.000+09:00,1704117971.0,37.39333333333333,137.06333333333333,9.0,3.7,石川県能登地方,https://www.data.jma.go.jp/eqev/data/daily_map/20240101.html,20240101,11.0,11.0,0.15183183017829874,1.0,0.09999999999999964,0.8303663660356585,8.554023254402722,7.7236568883670635,20240101230518500,2024-01-01T23:05:18.500+09:00,-41.5,19.186782938680278,0.0,1.0
20240101230800,2024-01-01T23:08:00+09:00,1704118080.0,37.318,136.917,12.0,3.7,1,matched,1,2024-01-01T23:08:10.800+09:00,1704118090.8,10.799999952316284,20240101230810800,2024-01-01T23:08:10.800+09:00,1704118090.8,37.318333333333335,136.91666666666666,12.0,3.7,石川県能登地方,https://www.data.jma.go.jp/eqev/data/daily_map/20240101.html,20240101,10.799999952316284,10.799999952316284,0.04735726739192894,0.0,0.0,0.3694714518889286,,inf,,,,,,
20240101231200,2024-01-01T23:12:00+09:00,1704118320.0,37.55,137.218,0.0,3.2,2,matched,1,2024-01-01T23:12:59.100+09:00,1704118379.1,59.09999990463257,20240101231259100,2024-01-01T23:12:59.100+09:00,1704118379.1,37.55,137.21833333333333,0.0,3.2,能登半島沖,https://www.data.jma.go.jp/eqev/data/daily_map/20240101.html,20240101,59.09999990463257,59.09999990463257,0.029385920398861853,0.0,0.0,1.975877180900858,5.383287008999862,3.4074098280990044,20240101231246400,2024-01-01T23:12:46.400+09:00,46.40000009536743,3.516435029104736,8.0,0.7000000000000002
20240101231900,2024-01-01T23:19:00+09:00,1704118740.0,37.537,137.328,8.0,4.2,2,matched,1,2024-01-01T23:19:28.600+09:00,1704118768.6,28.59999990463257,20240101231928600,2024-01-01T23:19:28.600+09:00,1704118768.6,37.53666666666667,137.32833333333335,8.0,4.2,能登半島沖,https://www.data.jma.go.jp/eqev/data/daily_map/20240101.html,20240101,28.59999990463257,28.59999990463257,0.0473038032359293,0.0,0.0,0.9627940908016047,5.632293130334646,4.669499039533041,20240101231857600,2024-01-01T23:18:57.600+09:00,-2.4000000953674316,11.261465635778652,3.0,0.9000000000000004
20240101232100,2024-01-01T23:21:00+09:00,1704118860.0,37.138,136.642,3.0,3.2,3,matched,1,2024-01-01T23:21:17.800+09:00,1704118877.8,17.799999952316284,20240101232117800,2024-01-01T23:21:17.800+09:00,1704118877.8,37.14,136.63833333333332,5.0,3.2,能登半島沖,https://www.data.jma.go.jp/eqev/data/daily_map/20240101.html,20240101,17.799999952316284,17.799999952316284,0.39382071018161396,2.0,0.0,0.872097473780199,7.582101420977562,6.710003947197363,20240101232227200,2024-01-01T23:22:27.200+09:00,87.20000004768372,11.377173763607184,4.0,0.6000000000000001
20240101232400,2024-01-01T23:24:00+09:00,1704119040.0,37.217,136.717,4.0,3.1,4,matched,1,2024-01-01T23:24:21.700+09:00,1704119061.7,21.700000047683716,20240101232421700,2024-01-01T23:24:21.700+09:00,1704119061.7,37.21666666666667,136.71333333333334,4.0,3.2,石川県能登地方,https://www.data.jma.go.jp/eqev/data/daily_map/20240101.html,20240101,21.700000047683716,21.700000047683716,0.3267933081314764,0.0,0.10000000000000009,1.1220253298824194,3.4706255145467613,2.348600184664342,20240101232323000,2024-01-01T23:23:23.000+09:00,-37.0,4.186460906067136,4.0,0.30000000000000027
20240101232800,2024-01-01T23:28:00+09:00,1704119280.0,37.38,136.97,8.0,3.0,3,matched,1,2024-01-01T23:28:48.600+09:00,1704119328.6,48.59999990463257,20240101232848600,2024-01-01T23:28:48.600+09:00,1704119328.6,37.38,136.975,8.0,3.0,石川県能登地方,https://www.data.jma.go.jp/eqev/data/daily_map/20240101.html,20240101,48.59999990463257,48.59999990463257,0.44179222481364394,0.0,0.0,1.7083584417838145,3.4659899492525486,1.757631507468734,20240101232811300,2024-01-01T23:28:11.300+09:00,11.299999952316284,5.446616420876693,0.0,0.6000000000000001
20240101233000,2024-01-01T23:30:00+09:00,1704119400.0,37.198,136.69,6.0,4.3,2,matched,1,2024-01-01T23:30:36.000+09:00,1704119436.0,36.0,20240101233036000,2024-01-01T23:30:36.000+09:00,1704119436.0,37.19833333333333,136.69,6.0,4.3,石川県能登地方,https://www.data.jma.go.jp/eqev/data/daily_map/20240101.html,20240101,36.0,36.0,0.037064975548089636,0.0,0.0,1.207412995109618,5.335007773181088,4.127594778071471,20240101233121200,2024-01-01T23:31:21.200+09:00,81.20000004768372,0.9750388579581591,1.0,0.6999999999999997
20240101233500,2024-01-01T23:35:00+09:00,1704119700.0,37.147,136.658,0.0,3.3,1,matched,1,2024-01-01T23:35:47.000+09:00,1704119747.0,47.0,20240101233547000,2024-01-01T23:35:47.000+09:00,1704119747.0,37.178333333333335,136.81666666666666,10.0,2.9,石川県能登地方,https://www.data.jma.go.jp/eqev/data/daily_map/20240101.html,20240101,47.0,47.0,14.485318489408225,10.0,0.3999999999999999,6.7970636978816446,,inf,,,,,,
20240101235000,2024-01-01T23:50:00+09:00,1704120600.0,37.365,136.988,7.0,3.8,1,matched,1,2024-01-01T23:50:38.200+09:00,1704120638.2,38.200000047683716,20240101235038200,2024-01-01T23:50:38.200+09:00,1704120638.2,37.365,136.98833333333334,7.0,3.8,石川県能登地方,https://www.data.jma.go.jp/eqev/data/daily_map/20240101.html,20240101,38.200000047683716,38.200000047683716,0.029458705016315843,0.0,0.0,1.2792250759260535,,inf,,,,,,
20240101235400,2024-01-01T23:54:00+09:00,1704120840.0,37.147,136.638,6.0,3.3,2,matched,1,2024-01-01T23:54:22.400+09:00,1704120862.4,22.40000009536743,20240101235422400,2024-01-01T23:54:22.400+09:00,1704120862.4,37.14666666666667,136.63833333333332,6.0,3.3,能登半島沖,https://www.data.jma.go.jp/eqev/data/daily_map/20240101.html,20240101,22.40000009536743,22.40000009536743,0.047399038378774176,0.0,0.0,0.7561464775213359,4.053340074367737,3.2971935968464012,20240101235351700,2024-01-01T23:53:51.700+09:00,-8.299999952316284,10.716700379785973,3.0,0.3999999999999999
20240101235800,2024-01-01T23:58:00+09:00,1704121080.0,37.492,137.317,10.0,3.7,1,matched,1,2024-01-01T23:58:26.300+09:00,1704121106.3,26.299999952316284,20240101235826300,2024-01-01T23:58:26.300+09:00,1704121106.3,37.49166666666667,137.31666666666666,10.0,3.7,石川県能登地方,https://www.data.jma.go.jp/eqev/data/daily_map/20240101.html,20240101,26.299999952316284,26.299999952316284,0.047314819709373984,0.0,0.0,0.8861296290190843,,inf,,,,,,
20240102000100,2024-01-02T00:01:00+09:00,1704121260.0,37.485,137.262,12.0,3.2,3,matched,1,2024-01-02T00:01:51.200+09:00,1704121311.2,51.200000047683716,20240102000151200,2024-01-02T00:01:51.200+09:00,1704121311.2,37.485,137.26166666666666,12.0,3.2,石川県能登地方,https://www.data.jma.go.jp/eqev/data/daily_map/20240102.html,20240102,51.200000047683716,51.200000047683716,0.029411528322255735,0.0,0.0,1.712548973920575,4.7438069640801395,3.031257990159564,20240102000213700,2024-01-02T00:02:13.700+09:00,73.70000004768372,11.435701479120077,0.0,0.0
20240102000800,2024-01-02T00:08:00+09:00,1704121680.0,37.505,137.295,10.0,4.3,1,matched,1,2024-01-02T00:08:35.500+09:00,1704121715.5,35.5,20240102000835500,2024-01-02T00:08:35.500+09:00,1704121715.5,37.505,137.295,10.0,4.3,石川県能登地方,https://www.data.jma.go.jp/eqev/data/daily_map/20240102.html,20240102,35.5,35.5,0.0,0.0,0.0,1.1833333333333333,,inf,,,,,,
20240102000900,2024-01-02T00:09:00+09:00,1704121740.0,37.4,136.922,0.0,3.1,2,matched,1,2024-01-02T00:09:49.000+09:00,1704121789.0,49.0,20240102000949000,2024-01-02T00:09:49.000+09:00,1704121789.0,37.388333333333335,136.92333333333335,0.0,3.1,石川県能登地方,https://www.data.jma.go.jp/eqev/data/daily_map/20240102.html,20240102,49.0,49.0,1.3026106301891849,0.0,0.0,1.8938554593711703,5.64843137508461,3.7545759157134397,20240102000754000,2024-01-02T00:07:54.000+09:00,-66.0,10.90882354208972,6.0,0.19999999999999973
20240102001400,2024-01-02T00:14:00+09:00,1704122040.0,37.545,137.205,7.0,3.6,3,matched,1,2024-01-02T00:13:40.700+09:00,1704122020.7,-19.299999952316284,20240102001340700,2024-01-02T00:13:40.700+09:00,1704122020.7,37.46333333333333,137.11166666666668,8.0,3.5,石川県能登地方,https://www.data.jma.go.jp/eqev/data/daily_map/20240102.html,20240102,-19.299999952316284,19.299999952316284,12.25753772189934,1.0,0.10000000000000009,3.5281742094570774,5.658495711777871,2.1303215023207933,20240102001418400,2024-01-02T00:14:18.400+09:00,18.40000009536743,7.059145209661451,3.0,1.0
20240102002400,2024-01-02T00:24:00+09:00,1704122640.0,37.212,136.607,0.0,3.9,1,matched,1,2024-01-02T00:24:41.700+09:00,1704122681.7,41.700000047683716,20240102002441700,2024-01-02T00:24:41.700+09:00,1704122681.7,37.211666666666666,136.60666666666665,0.0,3.9,能登半島沖,https://www.data.jma.go.jp/eqev/data/daily_map/20240102.html,20240102,41.700000047683716,41.700000047683716,0.04738320392640475,0.0,0.0,1.399476642374738,,inf,,,,,,
20240102002800,2024-01-02T00:28:00+09:00,1704122880.0,37.587,137.445,13.0,3.2,3,matched,1,2024-01-02T00:28:20.800+09:00,1704122900.8,20.799999952316284,20240102002820800,2024-01-02T00:28:20.800+09:00,1704122900.8,37.59166666666667,137.44,14.0,3.2,能登半島沖,https://www.data.jma.go.jp/eqev/data/daily_map/20240102.html,20240102,20.799999952316284,20.799999952316284,0.6807032395108045,1.0,0.0,0.9294739796460371,4.147203721221899,3.2177297415758623,20240102002839900,2024-01-02T00:28:39.900+09:00,39.90000009536743,4.752685256881589,2.0,0.5
20240102005200,2024-01-02T00:52:00+09:00,1704124320.0,37.123,136.623,7.0,3.5,2,matched,1,2024-01-02T00:52:04.100+09:00,1704124324.1,4.099999904632568,20240102005204100,2024-01-02T00:52:04.100+09:00,1704124324.1,37.12166666666667,136.62333333333333,7.0,3.2,能登半島沖,https://www.data.jma.go.jp/eqev/data/daily_map/20240102.html,20240102,4.099999904632568,4.099999904632568,0.151176785494449,0.0,0.2999999999999998,1.1669020205866416,8.101932024742418,6.9350300041557755,20240102005138300,2024-01-02T00:51:38.300+09:00,-21.700000047683716,19.226326782431467,2.0,1.0
20240102005700,2024-01-02T00:57:00+09:00,1704124620.0,37.377,136.883,8.0,3.6,1,matched,1,2024-01-02T00:57:01.800+09:00,1704124621.8,1.7999999523162842,20240102005701800,2024-01-02T00:57:01.800+09:00,1704124621.8,37.376666666666665,136.88333333333333,8.0,3.6,石川県能登地方,https://www.data.jma.go.jp/eqev/data/daily_map/20240102.html,20240102,1.7999999523162842,1.7999999523162842,0.0473429401376727,0.0,0.0,0.06946858643807735,,inf,,,,,,
20240102010100,2024-01-02T01:01:00+09:00,1704124860.0,37.38,136.875,8.0,3.6,1,matched,1,2024-01-02T01:01:51.400+09:00,1704124911.4,51.40000009536743,20240102010151400,2024-01-02T01:01:51.400+09:00,1704124911.4,37.38,136.875,8.0,3.6,石川県能登地方,https://www.data.jma.go.jp/eqev/data/daily_map/20240102.html,20240102,51.40000009536743,51.40000009536743,0.0,0.0,0.0,1.7133333365122476,,inf,,,,,,
20240102011500,2024-01-02T01:15:00+09:00,1704125700.0,37.373,136.938,11.0,3.9,2,matched,1,2024-01-02T01:15:57.600+09:00,1704125757.6,57.59999990463257,20240102011557600,2024-01-02T01:15:57.600+09:00,1704125757.6,37.375,136.93666666666667,11.0,3.9,石川県能登地方,https://www.data.jma.go.jp/eqev/data/daily_map/20240102.html,20240102,57.59999990463257,57.59999990463257,0.25167232793630295,0.0,0.0,1.9703344624083463,6.433691894974343,4.463357432565997,20240102011455600,2024-01-02T01:14:55.600+09:00,-4.400000095367432,14.768459458977146,0.0,1.0
20240102012500,2024-01-02T01:25:00+09:00,1704126300.0,37.38,136.58,7.0,3.7,0,no_candidate,0,,,,,,,,,,,,,,,,,,,,,,,,,,,
20240102012900,2024-01-02T01:29:00+09:00,1704126540.0,37.505,137.213,13.0,3.4,2,matched,1,2024-01-02T01:29:34.100+09:00,1704126574.1,34.09999990463257,20240102012934100,2024-01-02T01:29:34.100+09:00,1704126574.1,37.501666666666665,137.19833333333332,12.0,3.4,能登半島沖,https://www.data.jma.go.jp/eqev/data/daily_map/20240102.html,20240102,34.09999990463257,34.09999990463257,1.3458353544724198,1.0,0.0,1.5058337343822363,5.3303370724022106,3.824503338019974,20240102012900000,2024-01-02T01:29:00.000+09:00,0.0,11.31835202867772,4.0,0.7999999999999998
20240102013400,2024-01-02T01:34:00+09:00,1704126840.0,37.798,137.683,21.0,3.4,2,matched,1,2024-01-02T01:34:35.000+09:00,1704126875.0,35.0,20240102013435000,2024-01-02T01:34:35.000+09:00,1704126875.0,37.805,137.67666666666668,21.0,3.5,佐渡付近,https://www.data.jma.go.jp/eqev/data/daily_map/20240102.html,20240102,35.0,35.0,0.9568073209355309,0.0,0.10000000000000009,1.6913614641871066,6.278046857640965,4.586685393453859,20240102013319600,2024-01-02T01:33:19.600+09:00,-40.40000009536743,15.323567605643584,2.0,0.5
20240102014300,2024-01-02T01:43:00+09:00,1704127380.0,37.55,137.367,13.0,4.1,1,matched,1,2024-01-02T01:43:19.700+09:00,1704127399.7,19.700000047683716,20240102014319700,2024-01-02T01:43:19.700+09:00,1704127399.7,37.54666666666667,137.36666666666667,12.0,4.1,能登半島沖,https://www.data.jma.go.jp/eqev/data/daily_map/20240102.html,20240102,19.700000047683716,19.700000047683716,0.3718128725233154,1.0,0.0,0.8310292427607869,,inf,,,,,,
20240102014600,2024-01-02T01:46:00+09:00,1704127560.0,37.453,137.278,12.0,3.2,2,matched,1,2024-01-02T01:46:44.200+09:00,1704127604.2,44.200000047683716,20240102014644200,2024-01-02T01:46:44.200+09:00,1704127604.2,37.45666666666666,137.27833333333334,12.0,3.3,石川県能登地方,https://www.data.jma.go.jp/eqev/data/daily_map/20240102.html,20240102,44.200000047683716,44.200000047683716,0.40877504617475474,0.0,0.09999999999999964,1.8884216774910738,5.9031264214226615,4.0147047439315875,20240102014611500,2024-01-02T01:46:11.500+09:00,11.5,11.098965440446635,3.0,0.9000000000000004
20240102015500,2024-01-02T01:55:00+09:00,1704128100.0,37.367,137.075,10.0,4.1,1,matched,1,2024-01-02T01:55:42.300+09:00,1704128142.3,42.299999952316284,20240102015542300,2024-01-02T01:55:42.300+09:00,1704128142.3,37.36666666666667,137.075,10.0,4.1,石川県能登地方,https://www.data.jma.go.jp/eqev/data/daily_map/20240102.html,20240102,42.299999952316284,42.299999952316284,0.037064975548089636,0.0,0.0,1.417412993520161,,inf,,,,,,
20240102015800,2024-01-02T01:58:00+09:00,1704128280.0,37.548,137.275,0.0,3.5,1,matched,1,2024-01-02T01:59:01.400+09:00,1704128341.4,61.40000009536743,20240102015901400,2024-01-02T01:59:01.400+09:00,1704128341.4,37.461666666666666,137.215,13.0,3.4,石川県能登地方,https://www.data.jma.go.jp/eqev/data/daily_map/20240102.html,20240102,61.40000009536743,61.40000009536743,10.962164189210938,13.0,0.10000000000000009,5.872432841021102,,inf,,,,,,
20240102020000,2024-01-02T02:00:00+09:00,1704128400.0,37.183,136.683,9.0,3.8,1,matched,1,2024-01-02T02:00:34.500+09:00,1704128434.5,34.5,20240102020034500,2024-01-02T02:00:34.500+09:00,1704128434.5,37.18,136.695,9.0,3.9,石川県能登地方,https://www.data.jma.go.jp/eqev/data/daily_map/20240102.html,20240102,34.5,34.5,1.1142098168572123,0.0,0.10000000000000009,1.706175296704776,,inf,,,,,,
20240102020600,2024-01-02T02:06:00+09:00,1704128760.0,37.387,136.733,7.0,3.8,1,matched,1,2024-01-02T02:06:59.200+09:00,1704128819.2,59.200000047683716,20240102020659200,2024-01-02T02:06:59.200+09:00,1704128819.2,37.385,136.735,8.0,3.8,能登半島沖,https://www.data.jma.go.jp/eqev/data/daily_map/20240102.html,20240102,59.200000047683716,59.200000047683716,0.28404420231728744,1.0,0.0,2.1301421753862484,,inf,,,,,,
20240102021600,2024-01-02T02:16:00+09:00,1704129360.0,37.392,136.888,10.0,3.0,1,matched,1,2024-01-02T02:16:43.900+09:00,1704129403.9,43.90000009536743,20240102021643900,2024-01-02T02:16:43.900+09:00,1704129403.9,37.391666666666666,136.88833333333332,10.0,3.0,石川県能登地方,https://www.data.jma.go.jp/eqev/data/daily_map/20240102.html,20240102,43.90000009536743,43.90000009536743,0.04733927493675415,0.0,0.0,1.4728011914995984,,inf,,,,,,
20240102021800,2024-01-02T02:18:00+09:00,1704129480.0,37.388,136.863,0.0,3.3,3,matched,1,2024-01-02T02:18:48.900+09:00,1704129528.9,48.90000009536743,20240102021848900,2024-01-02T02:18:48.900+09:00,1704129528.9,37.376666666666665,136.885,0.0,2.9,石川県能登地方,https://www.data.jma.go.jp/eqev/data/daily_map/20240102.html,20240102,48.90000009536743,48.90000009536743,2.316588854321042,0.0,0.3999999999999999,3.426651107376456,4.321467142104385,0.8948160347279295,20240102021832800,2024-01-02T02:18:32.800+09:00,32.799999952316284,9.474002385135886,10.0,0.09999999999999964
20240102022900,2024-01-02T02:29:00+09:00,1704130140.0,37.37,136.935,11.0,3.7,2,matched,1,2024-01-02T02:29:55.900+09:00,1704130195.9,55.90000009536743,20240102022955900,2024-01-02T02:29:55.900+09:00,1704130195.9,37.37166666666667,136.93666666666667,10.0,3.7,石川県能登地方,https://www.data.jma.go.jp/eqev/data/daily_map/20240102.html,20240102,55.90000009536743,55.90000009536743,0.2367220299539047,1.0,0.0,2.0106777425030287,4.577390970110514,2.5667132276074853,20240102022911800,2024-01-02T02:29:11.800+09:00,11.799999952316284,11.586954858499855,2.0,0.5
20240102023200,2024-01-02T02:32:00+09:00,1704130320.0,37.142,136.695,4.0,3.0,1,matched,1,2024-01-02T02:32:59.500+09:00,1704130379.5,59.5,20240102023259500,2024-01-02T02:32:59.500+09:00,1704130379.5,37.141666666666666,136.695,4.0,3.0,能登半島沖,https://www.data.jma.go.jp/eqev/data/daily_map/20240102.html,20240102,59.5,59.5,0.03706497554879696,0.0,0.0,1.9907463284430928,,inf,,,,,,
20240102023300,2024-01-02T02:33:00+09:00,1704130380.0,37.637,137.425,11.0,4.6,1,matched,1,2024-01-02T02:33:30.600+09:00,1704130410.6,30.59999990463257,20240102023330600,2024-01-02T02:33:30.600+09:00,1704130410.6,37.63666666666667,137.425,11.0,4.6,能登半島沖,https://www.data.jma.go.jp/eqev/data/daily_map/20240102.html,20240102,30.59999990463257,30.59999990463257,0.037064975548089636,0.0,0.0,1.0274129919307036,,inf,,,,,,
20240102024700,2024-01-02T02:47:00+09:00,1704131220.0,37.158,136.772,5.0,3.2,2,matched,1,2024-01-02T02:47:25.300+09:00,1704131245.3,25.299999952316284,20240102024725300,2024-01-02T02:47:25.300+09:00,1704131245.3,37.16,136.77166666666668,7.0,3.2,石川県能登地方,https://www.data.jma.go.jp/eqev/data/daily_map/20240102.html,20240102,25.299999952316284,25.299999952316284,0.22434309087030901,2.0,0.0,1.088201949917938,7.516340682016889,6.428138732098951,20240102024802400,2024-01-02T02:48:02.400+09:00,62.40000009536743,10.848370060856531,6.0,0.8000000000000003
20240102024800,2024-01-02T02:48:00+09:00,1704131280.0,37.862,137.82,18.0,4.2,1,matched,1,2024-01-02T02:48:24.600+09:00,1704131304.6,24.59999990463257,20240102024824600,2024-01-02T02:48:24.600+09:00,1704131304.6,37.86,137.82333333333332,20.0,4.0,佐渡付近,https://www.data.jma.go.jp/eqev/data/daily_map/20240102.html,20240102,24.59999990463257,24.59999990463257,0.3675443151134719,2.0,0.20000000000000018,1.760175526510447,,inf,,,,,,
20240102025200,2024-01-02T02:52:00+09:00,1704131520.0,37.218,136.74,5.0,4.2,2,matched,1,2024-01-02T02:52:09.200+09:00,1704131529.2,9.200000047683716,20240102025209200,2024-01-02T02:52:09.200+09:00,1704131529.2,37.218333333333334,136.74,5.0,4.2,石川県能登地方,https://www.data.jma.go.jp/eqev/data/daily_map/20240102.html,20240102,9.200000047683716,9.200000047683716,0.03706497554738231,0.0,0.0,0.31407966336560034,5.53616279741512,5.2220831340495195,20240102025314300,2024-01-02T02:53:14.300+09:00,74.29999995231628,0.29748066168954623,0.0,0.9000000000000004
20240102025300,2024-01-02T02:53:00+09:00,1704131580.0,37.512,137.192,8.0,3.4,2,matched,1,2024-01-02T02:53:12.800+09:00,1704131592.8,12.799999952316284,20240102025312800,2024-01-02T02:53:12.800+09:00,1704131592.8,37.51166666666666,137.19166666666666,8.0,3.4,能登半島沖,https://www.data.jma.go.jp/eqev/data/daily_map/20240102.html,20240102,12.799999952316284,12.799999952316284,0.047309924387557385,0.0,0.0,0.43612864995472095,4.70668680993365,4.270558159978929,20240102025409600,2024-01-02T02:54:09.600+09:00,69.59999990463257,8.933434065562826,6.0,
20240102030100,2024-01-02T03:01:00+09:00,1704132060.0,37.247,136.692,7.0,3.9,1,matched,1,2024-01-02T03:01:58.600+09:00,1704132118.6,58.59999990463257,20240102030158600,2024-01-02T03:01:58.600+09:00,1704132118.6,37.24333333333333,136.695,6.0,4.0,能登半島沖,https://www.data.jma.go.jp/eqev/data/daily_map/20240102.html,20240102,58.59999990463257,58.59999990463257,0.486568323817643,1.0,0.10000000000000009,2.483980328251281,,inf,,,,,,
20240102030600,2024-01-02T03:06:00+09:00,1704132360.0,37.368,136.853,10.0,3.4,1,matched,1,2024-01-02T03:06:00.100+09:00,1704132360.1,0.09999990463256836,20240102030600100,2024-01-02T03:06:00.100+09:00,1704132360.1,37.365,136.855,9.0,3.4,石川県能登地方,https://www.data.jma.go.jp/eqev/data/daily_map/20240102.html,20240102,0.09999990463256836,0.09999990463256836,0.3775167640505612,1.0,0.0,0.1788366829645312,,inf,,,,,,
20240102032000,2024-01-02T03:20:00+09:00,1704133200.0,37.468,137.295,11.0,3.0,2,matched,1,2024-01-02T03:20:11.900+09:00,1704133211.9,11.900000095367432,20240102032011900,2024-01-02T03:20:11.900+09:00,1704133211.9,37.468333333333334,137.28833333333333,11.0,2.9,石川県能登地方,https://www.data.jma.go.jp/eqev/data/daily_map/20240102.html,20240102,11.900000095367432,11.900000095367432,0.5895294097241415,0.0,0.10000000000000009,0.8479058851237431,5.003665354463214,4.155759469339471,20240102032042500,2024-01-02T03:20:42.500+09:00,42.5,10.76832677231607,1.0,0.3999999999999999
20240102032300,2024-01-02T03:23:00+09:00,1704133380.0,37.195,136.752,10.0,3.1,3,ambiguous,0,2024-01-02T03:23:45.800+09:00,1704133425.8,45.799999952316284,20240102032345800,2024-01-02T03:23:45.800+09:00,1704133425.8,37.165,136.70166666666665,6.0,3.1,石川県能登地方,https://www.data.jma.go.jp/eqev/data/daily_map/20240102.html,20240102,45.799999952316284,45.799999952316284,5.568879582844055,4.0,0.0,3.0404425816460203,3.4978196658208525,0.45737708417483214,20240102032238900,2024-01-02T03:22:38.900+09:00,-21.09999990463257,7.472431678332165,3.0,0.30000000000000027
20240102032700,2024-01-02T03:27:00+09:00,1704133620.0,37.388,137.0,5.0,3.2,2,matched,1,2024-01-02T03:27:20.600+09:00,1704133640.6,20.59999990463257,20240102032720600,2024-01-02T03:27:20.600+09:00,1704133640.6,37.38666666666666,137.00166666666667,6.0,3.2,石川県能登地方,https://www.data.jma.go.jp/eqev/data/daily_map/20240102.html,20240102,20.59999990463257,20.59999990463257,0.2089580458483274,1.0,0.0,0.8284582726574178,6.0927682410289075,5.26430996837149,20240102032547300,2024-01-02T03:25:47.300+09:00,-72.70000004768372,9.68050786386391,4.0,0.40000000000000036
20240102032900,2024-01-02T03:29:00+09:00,1704133740.0,37.143,136.743,2.0,3.9,1,matched,1,2024-01-02T03:29:38.800+09:00,1704133778.8,38.799999952316284,20240102032938800,2024-01-02T03:29:38.800+09:00,1704133778.8,37.14333333333333,136.74333333333334,2.0,3.9,石川県能登地方,https://www.data.jma.go.jp/eqev/data/daily_map/20240102.html,20240102,38.799999952316284,38.799999952316284,0.04739993114749759,0.0,0.0,1.3028133179733756,,inf,,,,,,
20240102033200,2024-01-02T03:32:00+09:00,1704133920.0,37.168,136.68,7.0,3.0,3,matched,1,2024-01-02T03:31:43.100+09:00,1704133903.1,-16.90000009536743,20240102033143100,2024-01-02T03:31:43.100+09:00,1704133903.1,37.181666666666665,136.74,7.0,2.8,石川県能登地方,https://www.data.jma.go.jp/eqev/data/daily_map/20240102.html,20240102,-16.90000009536743,16.90000009536743,5.528922361381492,0.0,0.20000000000000018,2.3357844754552133,3.6034381526952597,1.2676536772400464,20240102033256300,2024-01-02T03:32:56.300+09:00,56.299999952316284,0.4671907714235863,3.0,0.3999999999999999
20240102033400,2024-01-02T03:34:00+09:00,1704134040.0,37.363,136.955,10.0,4.0,1,matched,1,2024-01-02T03:33:56.100+09:00,1704134036.1,-3.9000000953674316,20240102033356100,2024-01-02T03:33:56.100+09:00,1704134036.1,37.36333333333334,136.955,10.0,4.0,石川県能登地方,https://www.data.jma.go.jp/eqev/data/daily_map/20240102.html,20240102,-3.9000000953674316,3.9000000953674316,0.037064975548089636,0.0,0.0,0.13741299828853232,,inf,,,,,,
20240102034700,2024-01-02T03:47:00+09:00,1704134820.0,36.963,136.752,9.0,3.9,1,matched,1,2024-01-02T03:47:06.400+09:00,1704134826.4,6.400000095367432,20240102034706400,2024-01-02T03:47:06.400+09:00,1704134826.4,36.96333333333333,136.75166666666667,9.0,3.9,石川県西方沖,https://www.data.jma.go.jp/eqev/data/daily_map/20240102.html,20240102,6.400000095367432,6.400000095367432,0.04744369750271916,0.0,0.0,0.22282207601279155,,inf,,,,,,
20240102035400,2024-01-02T03:54:00+09:00,1704135240.0,37.183,136.758,1.0,3.4,2,matched,1,2024-01-02T03:54:39.200+09:00,1704135279.2,39.200000047683716,20240102035439200,2024-01-02T03:54:39.200+09:00,1704135279.2,37.18333333333333,136.75833333333333,1.0,3.4,石川県能登地方,https://www.data.jma.go.jp/eqev/data/daily_map/20240102.html,20240102,39.200000047683716,39.200000047683716,0.04739018921557656,0.0,0.0,1.3161447060992393,4.439347580458565,3.1232028743593263,20240102035304300,2024-01-02T03:53:04.300+09:00,-55.700000047683716,6.913404561012208,2.0,0.2999999999999998
20240102035700,2024-01-02T03:57:00+09:00,1704135420.0,37.15,136.692,6.0,3.0,2,matched,1,2024-01-02T03:57:22.300+09:00,1704135442.3,22.299999952316284,20240102035722300,2024-01-02T03:57:22.300+09:00,1704135442.3,37.153333333333336,136.68666666666667,7.0,2.9,石川県能登地方,https://www.data.jma.go.jp/eqev/data/daily_map/20240102.html,20240102,22.299999952316284,22.299999952316284,0.6006695640383084,1.0,0.10000000000000009,1.2968005778848715,5.427602298524262,4.13080172063939,20240102035604800,2024-01-02T03:56:04.800+09:00,-55.200000047683716,1.4380114846740213,3.0,0.8999999999999999
20240102040200,2024-01-02T04:02:00+09:00,1704135720.0,37.315,136.827,11.0,4.0,1,matched,1,2024-01-02T04:02:22.500+09:00,1704135742.5,22.5,20240102040222500,2024-01-02T04:02:22.500+09:00,1704135742.5,37.31,136.83,11.0,4.0,石川県能登地方,https://www.data.jma.go.jp/eqev/data/daily_map/20240102.html,20240102,22.5,22.5,0.6160350413019784,0.0,0.0,0.8732070082603957,,inf,,,,,,
20240102040500,2024-01-02T04:05:00+09:00,1704135900.0,37.457,137.142,10.0,4.0,1,matched,1,2024-01-02T04:05:40.100+09:00,1704135940.1,40.09999990463257,20240102040540100,2024-01-02T04:05:40.100+09:00,1704135940.1,37.45666666666666,137.14166666666668,10.0,4.0,石川県能登地方,https://www.data.jma.go.jp/eqev/data/daily_map/20240102.html,20240102,40.09999990463257,40.09999990463257,0.04732338309550282,0.0,0.0,1.3461313401068529,,inf,,,,,,
20240102040600,2024-01-02T04:06:00+09:00,1704135960.0,37.393,136.91,2.0,3.5,3,matched,1,2024-01-02T04:06:04.800+09:00,1704135964.8,4.799999952316284,20240102040604800,2024-01-02T04:06:04.800+09:00,1704135964.8,37.375,136.935,7.0,3.3,石川県能登地方,https://www.data.jma.go.jp/eqev/data/daily_map/20240102.html,20240102,4.799999952316284,4.799999952316284,2.9807760016282385,5.0,0.20000000000000018,1.9228218654028577,6.674740345275211,4.751918479872353,20240102040508800,2024-01-02T04:05:08.800+09:00,-51.200000047683716,5.673701718428767,5.0,1.0
20240102041500,2024-01-02T04:15:00+09:00,1704136500.0,37.125,136.637,8.0,3.1,1,matched,1,2024-01-02T04:15:21.800+09:00,1704136521.8,21.799999952316284,20240102041521800,2024-01-02T04:15:21.800+09:00,1704136521.8,37.12,136.61666666666667,7.0,3.1,能登半島沖,https://www.data.jma.go.jp/eqev/data/daily_map/20240102.html,20240102,21.799999952316284,21.799999952316284,1.8865567201766043,1.0,0.0,1.2039780091125305,,inf,,,,,,
20240102042400,2024-01-02T04:24:00+09:00,1704137040.0,37.547,137.373,8.0,3.5,2,matched,1,2024-01-02T04:24:03.600+09:00,1704137043.6,3.5999999046325684,20240102042403600,2024-01-02T04:24:03.600+09:00,1704137043.6,37.555,137.39166666666668,7.0,3.5,能登半島沖,https://www.data.jma.go.jp/eqev/data/daily_map/20240102.html,20240102,3.5999999046325684,3.5999999046325684,1.8706364186813085,1.0,0.0,0.5941272805573473,7.037461278852636,6.443333998295288,20240102042448600,2024-01-02T04:24:48.600+09:00,48.59999990463257,12.92063974349108,5.0,0.7000000000000002
20240102042700,2024-01-02T04:27:00+09:00,1704137220.0,37.072,136.575,9.0,4.7,1,matched,1,2024-01-02T04:27:14.400+09:00,1704137234.4,14.400000095367432,20240102042714400,2024-01-02T04:27:14.400+09:00,1704137234.4,37.071666666666665,136.575,9.0,4.7,石川県西方沖,https://www.data.jma.go.jp/eqev/data/daily_map/20240102.html,20240102,14.400000095367432,14.400000095367432,0.03706497554879696,0.0,0.0,0.4874129982886738,,inf,,,,,,
20240102044200,2024-01-02T04:42:00+09:00,1704138120.0,37.257,136.677,12.0,4.9,1,matched,1,2024-01-02T04:42:07.400+09:00,1704138127.4,7.400000095367432,20240102044207400,2024-01-02T04:42:07.400+09:00,1704138127.4,37.25666666666667,136.67666666666668,12.0,4.9,能登半島沖,https://www.data.jma.go.jp/eqev/data/daily_map/20240102.html,20240102,7.400000095367432,7.400000095367432,0.04737223263444192,0.0,0.0,0.25614111637246945,,inf,,,,,,
20240102044400,2024-01-02T04:44:00+09:00,1704138240.0,37.083,136.54,8.0,3.6,1,matched,1,2024-01-02T04:44:53.400+09:00,1704138293.4,53.40000009536743,20240102044453400,2024-01-02T04:44:53.400+09:00,1704138293.4,37.08166666666666,136.54166666666666,8.0,3.6,石川県西方沖,https://www.data.jma.go.jp/eqev/data/daily_map/20240102.html,20240102,53.40000009536743,53.40000009536743,0.20937912412062326,0.0,0.0,1.8218758280030392,,inf,,,,,,
20240102044900,2024-01-02T04:49:00+09:00,1704138540.0,37.385,137.05,11.0,4.1,2,matched,1,2024-01-02T04:49:58.700+09:00,1704138598.7,58.700000047683716,20240102044958700,2024-01-02T04:49:58.700+09:00,1704138598.7,37.385,137.05,10.0,3.9,石川県能登地方,https://www.data.jma.go.jp/eqev/data/daily_map/20240102.html,20240102,58.700000047683716,58.700000047683716,0.0,1.0,0.19999999999999973,2.7233333349227893,6.173139330607325,3.4498059956845353,20240102044933300,2024-01-02T04:49:33.300+09:00,33.299999952316284,10.982363327650576,2.0,0.7999999999999998
20240102045500,2024-01-02T04:55:00+09:00,1704138900.0,37.377,136.955,11.0,3.6,1,matched,1,2024-01-02T04:55:44.200+09:00,1704138944.2,44.200000047683716,20240102045544200,2024-01-02T04:55:44.200+09:00,1704138944.2,37.37833333333333,136.95166666666665,11.0,3.6,石川県能登地方,https://www.data.jma.go.jp/eqev/data/daily_map/20240102.html,20240102,44.200000047683716,44.200000047683716,0.32974721776002885,0.0,0.0,1.5392827784747964,,inf,,,,,,
20240102050300,2024-01-02T05:03:00+09:00,1704139380.0,37.33,136.997,12.0,3.9,1,matched,1,2024-01-02T05:03:36.200+09:00,1704139416.2,36.200000047683716,20240102050336200,2024-01-02T05:03:36.200+09:00,1704139416.2,37.33,136.99666666666667,12.0,3.9,石川県能登地方,https://www.data.jma.go.jp/eqev/data/daily_map/20240102.html,20240102,36.200000047683716,36.200000047683716,0.029472440553630845,0.0,0.0,1.21256115636685,,inf,,,,,,
20240102051800,2024-01-02T05:18:00+09:00,1704140280.0,37.122,136.683,6.0,3.5,2,matched,1,2024-01-02T05:18:26.800+09:00,1704140306.8,26.799999952316284,20240102051826800,2024-01-02T05:18:26.800+09:00,1704140306.8,37.12166666666667,136.68833333333333,6.0,3.5,能登半島沖,https://www.data.jma.go.jp/eqev/data/daily_map/20240102.html,20240102,26.799999952316284,26.799999952316284,0.4743129410457488,0.0,0.0,0.9881959199530259,5.975051233865537,4.986855313912511,20240102051838700,2024-01-02T05:18:38.700+09:00,38.700000047683716,18.758589494713732,6.0,0.10000000000000009
20240102052100,2024-01-02T05:21:00+09:00,1704140460.0,37.167,136.665,11.0,3.9,1,matched,1,2024-01-02T05:21:24.000+09:00,1704140484.0,24.0,20240102052124000,2024-01-02T05:21:24.000+09:00,1704140484.0,37.166666666666664,136.665,11.0,3.9,能登半島沖,https://www.data.jma.go.jp/eqev/data/daily_map/20240102.html,20240102,24.0,24.0,0.03706497554879696,0.0,0.0,0.8074129951097594,,inf,,,,,,
20240102052300,2024-01-02T05:23:00+09:00,1704140580.0,37.395,136.883,0.0,3.0,2,matched,1,2024-01-02T05:23:10.200+09:00,1704140590.2,10.200000047683716,20240102052310200,2024-01-02T05:23:10.200+09:00,1704140590.2,37.39333333333333,136.89,7.0,3.0,石川県能登地方,https://www.data.jma.go.jp/eqev/data/daily_map/20240102.html,20240102,10.200000047683716,10.200000047683716,0.6455650963795047,7.0,0.0,1.1691130208653582,7.143872606901661,5.974759586036303,20240102052211800,2024-01-02T05:22:11.800+09:00,-48.200000047683716,12.519363026561017,7.0,0.7000000000000002
20240102052700,2024-01-02T05:27:00+09:00,1704140820.0,37.382,136.743,3.0,3.4,0,no_candidate,0,,,,,,,,,,,,,,,,,,,,,,,,,,,
20240102055600,2024-01-02T05:56:00+09:00,1704142560.0,37.373,137.155,12.0,3.6,1,matched,1,2024-01-02T05:56:36.100+09:00,1704142596.1,36.09999990463257,20240102055636100,2024-01-02T05:56:36.100+09:00,1704142596.1,37.373333333333335,137.155,12.0,3.7,石川県能登地方,https://www.data.jma.go.jp/eqev/data/daily_map/20240102.html,20240102,36.09999990463257,36.09999990463257,0.03706497554879696,0.0,0.10000000000000009,1.544079658597512,,inf,,,,,,
20240102061300,2024-01-02T06:13:00+09:00,1704143580.0,37.382,136.89,7.0,3.1,2,matched,1,2024-01-02T06:13:01.600+09:00,1704143581.6,1.5999999046325684,20240102061301600,2024-01-02T06:13:01.600+09:00,1704143581.6,37.38166666666667,136.89,7.0,3.1,石川県能登地方,https://www.data.jma.go.jp/eqev/data/daily_map/20240102.html,20240102,1.5999999046325684,1.5999999046325684,0.037064975548089636,0.0,0.0,0.06074632526403687,5.263171643781424,5.202425318517387,20240102061238400,2024-01-02T06:12:38.400+09:00,-21.59999990463257,7.215858234801692,1.0,0.8999999999999999
20240102063000,2024-01-02T06:30:00+09:00,1704144600.0,37.337,136.757,10.0,3.7,1,matched,1,2024-01-02T06:30:27.900+09:00,1704144627.9,27.90000009536743,20240102063027900,2024-01-02T06:30:27.900+09:00,1704144627.9,37.321666666666665,136.775,8.0,3.6,石川県能登地方,https://www.data.jma.go.jp/eqev/data/daily_map/20240102.html,20240102,27.90000009536743,27.90000009536743,2.332368269424079,2.0,0.10000000000000009,1.9298069903970638,,inf,,,,,,
20240102063300,2024-01-02T06:33:00+09:00,1704144780.0,37.178,136.698,10.0,3.1,2,matched,1,2024-01-02T06:33:45.300+09:00,1704144825.3,45.299999952316284,20240102063345300,2024-01-02T06:33:45.300+09:00,1704144825.3,37.16833333333334,136.685,7.0,3.2,石川県能登地方,https://www.data.jma.go.jp/eqev/data/daily_map/20240102.html,20240102,45.299999952316284,45.299999952316284,1.575457463699366,3.0,0.10000000000000009,2.458424824483749,3.770495851302178,1.3120710268184288,20240102063309600,2024-01-02T06:33:09.600+09:00,9.599999904632568,8.085812605738797,5.0,0.3999999999999999
20240102063400,2024-01-02T06:34:00+09:00,1704144840.0,37.35,136.905,12.0,4.2,1,matched,1,2024-01-02T06:34:28.400+09:00,1704144868.4,28.40000009536743,20240102063428400,2024-01-02T06:34:28.400+09:00,1704144868.4,37.35,136.905,12.0,4.2,石川県能登地方,https://www.data.jma.go.jp/eqev/data/daily_map/20240102.html,20240102,28.40000009536743,28.40000009536743,0.0,0.0,0.0,0.946666669845581,,inf,,,,,,
20240102064700,2024-01-02T06:47:00+09:00,1704145620.0,37.435,137.015,3.0,3.7,1,matched,1,2024-01-02T06:47:53.700+09:00,1704145673.7,53.700000047683716,20240102064753700,2024-01-02T06:47:53.700+09:00,1704145673.7,37.43333333333333,137.02333333333334,6.0,3.7,能登半島沖,https://www.data.jma.go.jp/eqev/data/daily_map/20240102.html,20240102,53.700000047683716,53.700000047683716,0.7587684819630697,3.0,0.0,2.241753697982071,,inf,,,,,,
20240102065300,2024-01-02T06:53:00+09:00,1704145980.0,37.562,137.615,20.0,4.2,1,matched,1,2024-01-02T06:53:46.600+09:00,1704146026.6,46.59999990463257,20240102065346600,2024-01-02T06:53:46.600+09:00,1704146026.6,37.555,137.62333333333333,19.0,4.1,新潟県上中越沖,https://www.data.jma.go.jp/eqev/data/daily_map/20240102.html,20240102,46.59999990463257,46.59999990463257,1.0702503761329116,1.0,0.10000000000000053,2.2007167387143367,,inf,,,,,,
20240102070900,2024-01-02T07:09:00+09:00,1704146940.0,37.375,136.953,11.0,3.7,1,matched,1,2024-01-02T07:09:19.400+09:00,1704146959.4,19.40000009536743,20240102070919400,2024-01-02T07:09:19.400+09:00,1704146959.4,37.375,136.95333333333335,11.0,3.7,石川県能登地方,https://www.data.jma.go.jp/eqev/data/daily_map/20240102.html,20240102,19.40000009536743,19.40000009536743,0.02945477855779099,0.0,0.0,0.6525576255571393,,inf,,,,,,
20240102071300,2024-01-02T07:13:00+09:00,1704147180.0,37.32,136.923,11.0,4.5,3,matched,1,2024-01-02T07:13:30.300+09:00,1704147210.3,30.299999952316284,20240102071330300,2024-01-02T07:13:30.300+09:00,1704147210.3,37.32,136.92333333333335,11.0,4.5,石川県能登地方,https://www.data.jma.go.jp/eqev/data/daily_map/20240102.html,20240102,30.299999952316284,30.299999952316284,0.02947636297307858,0.0,0.0,1.0158952710051585,3.3312200908147895,2.3153248198096312,20240102071316000,2024-01-02T07:13:16.000+09:00,16.0,13.98943378740728,0.0,
20240102072500,2024-01-02T07:25:00+09:00,1704147900.0,37.417,136.93,0.0,3.1,1,matched,1,2024-01-02T07:25:43.200+09:00,1704147943.2,43.200000047683716,20240102072543200,2024-01-02T07:25:43.200+09:00,1704147943.2,37.416666666666664,136.93666666666667,0.0,3.2,能登半島沖,https://www.data.jma.go.jp/eqev/data/daily_map/20240102.html,20240102,43.200000047683716,43.200000047683716,0.5899323953882935,0.0,0.10000000000000009,1.8913198140004497,,inf,,,,,,
20240102072700,2024-01-02T07:27:00+09:00,1704148020.0,37.417,137.002,6.0,4.3,1,matched,1,2024-01-02T07:27:01.100+09:00,1704148021.1,1.0999999046325684,20240102072701100,2024-01-02T07:27:01.100+09:00,1704148021.1,37.416666666666664,137.00166666666667,6.0,4.3,石川県能登地方,https://www.data.jma.go.jp/eqev/data/daily_map/20240102.html,20240102,1.0999999046325684,1.0999999046325684,0.047333164479494275,0.0,0.0,0.04613329638365113,,inf,,,,,,
20240102073700,2024-01-02T07:37:00+09:00,1704148620.0,37.498,137.277,13.0,4.2,2,matched,1,2024-01-02T07:37:49.500+09:00,1704148669.5,49.5,20240102073749500,2024-01-02T07:37:49.500+09:00,1704148669.5,37.498333333333335,137.27666666666667,13.0,4.2,石川県能登地方,https://www.data.jma.go.jp/eqev/data/daily_map/20240102.html,20240102,49.5,49.5,0.047313269675033104,0.0,0.0,1.6594626539350066,2.4147315247877854,0.7552688708527788,20240102073732800,2024-01-02T07:37:32.800+09:00,32.799999952316284,1.106990965219541,1.0,0.30000000000000027
20240102074000,2024-01-02T07:40:00+09:00,1704148800.0,37.2,136.687,5.0,3.6,2,matched,1,2024-01-02T07:40:30.900+09:00,1704148830.9,30.90000009536743,20240102074030900,2024-01-02T07:40:30.900+09:00,1704148830.9,37.2,136.68666666666667,5.0,3.6,能登半島沖,https://www.data.jma.go.jp/eqev/data/daily_map/20240102.html,20240102,30.90000009536743,30.90000009536743,0.02952336193600026,0.0,0.0,1.0359046755661145,2.879928875467116,1.8440241999010016,20240102073906000,2024-01-02T07:39:06.000+09:00,-54.0,4.399644377335579,2.0,
20240102074200,2024-01-02T07:42:00+09:00,1704148920.0,37.342,136.965,12.0,3.2,1,matched,1,2024-01-02T07:42:56.400+09:00,1704148976.4,56.40000009536743,20240102074256400,2024-01-02T07:42:56.400+09:00,1704148976.4,37.34166666666667,136.965,12.0,3.2,石川県能登地方,https://www.data.jma.go.jp/eqev/data/daily_map/20240102.html,20240102,56.40000009536743,56.40000009536743,0.037064975548089636,0.0,0.0,1.8874129982885324,,inf,,,,,,
20240102081500,2024-01-02T08:15:00+09:00,1704150900.0,37.49,137.303,11.0,3.6,2,matched,1,2024-01-02T08:16:07.600+09:00,1704150967.6,67.59999990463257,20240102081607600,2024-01-02T08:16:07.600+09:00,1704150967.6,37.49,137.30333333333334,11.0,3.6,石川県能登地方,https://www.data.jma.go.jp/eqev/data/daily_map/20240102.html,20240102,67.59999990463257,67.59999990463257,0.029409559825464365,0.0,0.0,2.2592152421195117,6.858679238121011,4.5994639960015,20240102081519900,2024-01-02T08:15:19.900+09:00,19.90000009536743,16.643396174710478,2.0,0.8000000000000003
20240102082100,2024-01-02T08:21:00+09:00,1704151260.0,37.372,137.018,13.0,3.5,1,matched,1,2024-01-02T08:21:05.100+09:00,1704151265.1,5.099999904632568,20240102082105100,2024-01-02T08:21:05.100+09:00,1704151265.1,37.37166666666667,137.015,12.0,3.7,石川県能登地方,https://www.data.jma.go.jp/eqev/data/daily_map/20240102.html,20240102,5.099999904632568,5.099999904632568,0.2676827382514714,1.0,0.20000000000000018,0.9902032111380472,,inf,,,,,,
20240102083500,2024-01-02T08:35:00+09:00,1704152100.0,37.185,136.743,0.0,3.3,1,matched,1,2024-01-02T08:35:09.400+09:00,1704152109.4,9.400000095367432,20240102083509400,2024-01-02T08:35:09.400+09:00,1704152109.4,37.19166666666667,136.70333333333335,6.0,3.4,石川県能登地方,https://www.data.jma.go.jp/eqev/data/daily_map/20240102.html,20240102,9.400000095367432,9.400000095367432,3.5911664993566386,6.0,0.10000000000000009,1.9648999697169092,,inf,,,,,,
20240102084200,2024-01-02T08:42:00+09:00,1704152520.0,37.355,136.927,11.0,3.8,1,matched,1,2024-01-02T08:42:26.700+09:00,1704152546.7,26.700000047683716,20240102084226700,2024-01-02T08:42:26.700+09:00,1704152546.7,37.358333333333334,136.92166666666665,11.0,3.8,石川県能登地方,https://www.data.jma.go.jp/eqev/data/daily_map/20240102.html,20240102,26.700000047683716,26.700000047683716,0.5996593219107303,0.0,0.0,1.0099318659716032,,inf,,,,,,
20240102084700,2024-01-02T08:47:00+09:00,1704152820.0,37.397,136.903,7.0,3.1,5,matched,1,2024-01-02T08:47:58.300+09:00,1704152878.3,58.299999952316284,20240102084758300,2024-01-02T08:47:58.300+09:00,1704152878.3,37.4,136.89833333333334,8.0,3.2,石川県能登地方,https://www.data.jma.go.jp/eqev/data/daily_map/20240102.html,20240102,58.299999952316284,58.299999952316284,0.5303005767665246,1.0,0.10000000000000009,2.4827267804305144,4.317491242674432,1.8347644622439176,20240102084638500,2024-01-02T08:46:38.500+09:00,-21.5,16.004122880038825,4.0,
20240102085400,2024-01-02T08:54:00+09:00,1704153240.0,37.108,136.613,6.0,3.4,1,matched,1,2024-01-02T08:54:32.500+09:00,1704153272.5,32.5,20240102085432500,2024-01-02T08:54:32.500+09:00,1704153272.5,37.11,136.61,7.0,3.4,能登半島沖,https://www.data.jma.go.jp/eqev/data/daily_map/20240102.html,20240102,32.5,32.5,0.34674102709166266,1.0,0.0,1.2526815387516659,,inf,,,,,,
20240102085800,2024-01-02T08:58:00+09:00,1704153480.0,37.377,136.985,9.0,3.0,1,matched,1,2024-01-02T08:58:33.700+09:00,1704153513.7,33.700000047683716,20240102085833700,2024-01-02T08:58:33.700+09:00,1704153513.7,37.37833333333333,136.98833333333334,9.0,3.0,石川県能登地方,https://www.data.jma.go.jp/eqev/data/daily_map/20240102.html,20240102,33.700000047683716,33.700000047683716,0.3297472177580206,0.0,0.0,1.1892827784743947,,inf,,,,,,
20240102090100,2024-01-02T09:01:00+09:00,1704153660.0,37.39,136.882,7.0,4.1,1,matched,1,2024-01-02T09:01:34.600+09:00,1704153694.6,34.59999990463257,20240102090134600,2024-01-02T09:01:34.600+09:00,1704153694.6,37.39,136.88166666666666,7.0,4.1,石川県能登地方,https://www.data.jma.go.jp/eqev/data/daily_map/20240102.html,20240102,34.59999990463257,34.59999990463257,0.029448887187708855,0.0,0.0,1.1592231075919606,,inf,,,,,,
20240102091300,2024-01-02T09:13:00+09:00,1704154380.0,37.493,137.287,12.0,3.6,2,matched,1,2024-01-02T09:13:19.800+09:00,1704154399.8,19.799999952316284,20240102091319800,2024-01-02T09:13:19.800+09:00,1704154399.8,37.49166666666667,137.29333333333332,12.0,3.6,石川県能登地方,https://www.data.jma.go.jp/eqev/data/daily_map/20240102.html,20240102,19.799999952316284,19.799999952316284,0.5780989609372426,0.0,0.0,0.7756197905979914,7.907139842116285,7.131520051518294,20240102091425000,2024-01-02T09:14:25.000+09:00,85.0,9.369032543914756,2.0,0.8999999999999999
20240102091400,2024-01-02T09:14:00+09:00,1704154440.0,37.435,137.21,14.0,4.5,2,matched,1,2024-01-02T09:14:25.000+09:00,1704154465.0,25.0,20240102091425000,2024-01-02T09:14:25.000+09:00,1704154465.0,37.435,137.21,14.0,4.5,石川県能登地方,https://www.data.jma.go.jp/eqev/data/daily_map/20240102.html,20240102,25.0,25.0,0.0,0.0,0.0,0.8333333333333334,6.477001741715598,5.643668408382265,20240102091319800,2024-01-02T09:13:19.800+09:00,-40.200000047683716,9.685008700630702,2.0,0.8999999999999999
20240102091500,2024-01-02T09:15:00+09:00,1704154500.0,37.5,137.267,9.0,3.2,2,matched,1,2024-01-02T09:15:46.900+09:00,1704154546.9,46.90000009536743,20240102091546900,2024-01-02T09:15:46.900+09:00,1704154546.9,37.498333333333335,137.24833333333333,10.0,3.1,石川県能登地方,https://www.data.jma.go.jp/eqev/data/daily_map/20240102.html,20240102,46.90000009536743,46.90000009536743,1.6571287198349107,1.0,0.10000000000000009,2.3280924138125636,3.267734518502569,0.9396421046900052,20240102091543800,2024-01-02T09:15:43.800+09:00,43.799999952316284,5.205339267126794,1.0,0.20000000000000018
20240102095500,2024-01-02T09:55:00+09:00,1704156900.0,37.212,136.835,12.0,3.7,3,matched,1,2024-01-02T09:55:04.700+09:00,1704156904.7,4.700000047683716,20240102095504700,2024-01-02T09:55:04.700+09:00,1704156904.7,37.21,136.83833333333334,12.0,3.9,石川県能登地方,https://www.data.jma.go.jp/eqev/data/daily_map/20240102.html,20240102,4.700000047683716,4.700000047683716,0.36958724509816526,0.0,0.19999999999999973,0.8972507839424227,5.998409469369063,5.101158685426641,20240102095439600,2024-01-02T09:54:39.600+09:00,-20.40000009536743,11.425380664284075,7.0,0.7000000000000002
20240102095900,2024-01-02T09:59:00+09:00,1704157140.0,37.155,136.748,7.0,3.4,2,matched,1,2024-01-02T09:59:40.100+09:00,1704157180.1,40.09999990463257,20240102095940100,2024-01-02T09:59:40.100+09:00,1704157180.1,37.156666666666666,136.765,6.0,,石川県能登地方,https://www.data.jma.go.jp/eqev/data/daily_map/20240102.html,20240102,40.09999990463257,40.09999990463257,1.5179277036406633,1.0,,1.740252204215885,6.366332180623966,4.626079976408081,20240102095941700,2024-01-02T09:59:41.700+09:00,41.700000047683716,17.71499422850588,1.0,0.3999999999999999
20240102101700,2024-01-02T10:17:00+09:00,1704158220.0,37.222,136.722,10.0,5.6,1,matched,1,2024-01-02T10:17:32.600+09:00,1704158252.6,32.59999990463257,20240102101732600,2024-01-02T10:17:32.600+09:00,1704158252.6,37.221666666666664,136.72166666666666,10.0,5.6,石川県能登地方,https://www.data.jma.go.jp/eqev/data/daily_map/20240102.html,20240102,32.59999990463257,32.59999990463257,0.0473807664960302,0.0,0.0,1.0961428167869582,,inf,,,,,,
20240102110300,2024-01-02T11:03:00+09:00,1704160980.0,37.127,136.708,1.0,3.7,2,matched,1,2024-01-02T11:03:56.200+09:00,1704161036.2,56.200000047683716,20240102110356200,2024-01-02T11:03:56.200+09:00,1704161036.2,37.126666666666665,136.70666666666668,1.0,3.7,能登半島沖,https://www.data.jma.go.jp/eqev/data/daily_map/20240102.html,20240102,56.200000047683716,56.200000047683716,0.12388260912766767,0.0,0.0,1.898109856748324,5.167545176975862,3.269435320227538,20240102110327100,2024-01-02T11:03:27.100+09:00,27.09999990463257,9.987725900773883,6.0,0.5
20240102110400,2024-01-02T11:04:00+09:00,1704161040.0,37.227,136.812,10.0,3.4,3,matched,1,2024-01-02T11:04:43.700+09:00,1704161083.7,43.700000047683716,20240102110443700,2024-01-02T11:04:43.700+09:00,1704161083.7,37.22666666666667,136.81166666666667,10.0,3.4,石川県能登地方,https://www.data.jma.go.jp/eqev/data/daily_map/20240102.html,20240102,43.700000047683716,43.700000047683716,0.04737954764358893,0.0,0.0,1.4661425777848416,2.986797119926555,1.5206545421417135,20240102110327100,2024-01-02T11:03:27.100+09:00,-32.90000009536743,4.617318917071542,3.0,0.19999999999999973
20240102110500,2024-01-02T11:05:00+09:00,1704161100.0,37.363,137.085,11.0,4.0,1,matched,1,2024-01-02T11:05:10.600+09:00,1704161110.6,10.599999904632568,20240102110510600,2024-01-02T11:05:10.600+09:00,1704161110.6,37.36333333333334,137.085,11.0,4.0,石川県能登地方,https://www.data.jma.go.jp/eqev/data/daily_map/20240102.html,20240102,10.599999904632568,10.599999904632568,0.037064975548089636,0.0,0.0,0.3607463252640368,,inf,,,,,,
20240102111600,2024-01-02T11:16:00+09:00,1704161760.0,37.493,137.247,11.0,3.8,1,matched,1,2024-01-02T11:16:01.600+09:00,1704161761.6,1.5999999046325684,20240102111601600,2024-01-02T11:16:01.600+09:00,1704161761.6,37.49333333333333,137.24666666666667,11.0,3.8,石川県能登地方,https://www.data.jma.go.jp/eqev/data/daily_map/20240102.html,20240102,1.5999999046325684,1.5999999046325684,0.04731449339879841,0.0,0.0,0.06279622883417862,,inf,,,,,,
20240102111900,2024-01-02T11:19:00+09:00,1704161940.0,37.198,136.745,7.0,4.0,1,matched,1,2024-01-02T11:19:43.200+09:00,1704161983.2,43.200000047683716,20240102111943200,2024-01-02T11:19:43.200+09:00,1704161983.2,37.19833333333333,136.745,7.0,4.0,石川県能登地方,https://www.data.jma.go.jp/eqev/data/daily_map/20240102.html,20240102,43.200000047683716,43.200000047683716,0.037064975548089636,0.0,0.0,1.4474129966990752,,inf,,,,,,
20240102114100,2024-01-02T11:41:00+09:00,1704163260.0,37.453,137.13,11.0,3.9,1,matched,1,2024-01-02T11:41:59.800+09:00,1704163319.8,59.799999952316284,20240102114159800,2024-01-02T11:41:59.800+09:00,1704163319.8,37.455,137.12833333333333,11.0,3.9,石川県能登地方,https://www.data.jma.go.jp/eqev/data/daily_map/20240102.html,20240102,59.799999952316284,59.799999952316284,0.26664797219602676,0.0,0.0,2.0466629261830813,,inf,,,,,,
20240102130900,2024-01-02T13:09:00+09:00,1704168540.0,37.457,137.168,12.0,3.6,2,matched,1,2024-01-02T13:09:07.600+09:00,1704168547.6,7.599999904632568,20240102130907600,2024-01-02T13:09:07.600+09:00,1704168547.6,37.45666666666666,137.16666666666666,11.0,3.5,石川県能登地方,https://www.data.jma.go.jp/eqev/data/daily_map/20240102.html,20240102,7.599999904632568,7.599999904632568,0.12338904010854236,1.0,0.10000000000000009,0.711344471509461,5.483651514888564,4.772307043379103,20240102130939500,2024-01-02T13:09:39.500+09:00,39.5,8.834924241109482,4.0,0.6000000000000001
20240102134100,2024-01-02T13:41:00+09:00,1704170460.0,37.487,137.275,12.0,3.0,2,matched,1,2024-01-02T13:41:20.000+09:00,1704170480.0,20.0,20240102134120000,2024-01-02T13:41:20.000+09:00,1704170480.0,37.486666666666665,137.27833333333334,12.0,3.0,石川県能登地方,https://www.data.jma.go.jp/eqev/data/daily_map/20240102.html,20240102,20.0,20.0,0.29643442223043803,0.0,0.0,0.7259535511127543,4.839988433776865,4.114034882664111,20240102134229600,2024-01-02T13:42:29.600+09:00,89.59999990463257,8.766608851445563,1.0,0.0
20240102134300,2024-01-02T13:43:00+09:00,1704170580.0,37.33,136.905,11.0,3.7,2,matched,1,2024-01-02T13:43:15.500+09:00,1704170595.5,15.5,20240102134315500,2024-01-02T13:43:15.500+09:00,1704170595.5,37.32666666666667,136.90833333333333,9.0,3.7,石川県能登地方,https://www.data.jma.go.jp/eqev/data/daily_map/20240102.html,20240102,15.5,15.5,0.4735478542103609,2.0,0.0,0.811376237508739,6.636436716080449,5.82506047857171,20240102134143900,2024-01-02T13:41:43.900+09:00,-76.09999990463257,7.1655169296301455,0.0,0.8000000000000003
20240102135400,2024-01-02T13:54:00+09:00,1704171240.0,37.2,136.688,0.0,3.1,1,matched,1,2024-01-02T13:54:24.800+09:00,1704171264.8,24.799999952316284,20240102135424800,2024-01-02T13:54:24.800+09:00,1704171264.8,37.13666666666666,136.685,5.0,3.1,能登半島沖,https://www.data.jma.go.jp/eqev/data/daily_map/20240102.html,20240102,24.799999952316284,24.799999952316284,7.047360444603595,5.0,0.0,2.7361387539979285,,inf,,,,,,
20240102140200,2024-01-02T14:02:00+09:00,1704171720.0,37.375,136.785,7.0,4.4,1,matched,1,2024-01-02T14:01:58.800+09:00,1704171718.8,-1.2000000476837158,20240102140158800,2024-01-02T14:01:58.800+09:00,1704171718.8,37.375,136.785,7.0,4.4,石川県能登地方,https://www.data.jma.go.jp/eqev/data/daily_map/20240102.html,20240102,-1.2000000476837158,1.2000000476837158,0.0,0.0,0.0,0.04000000158945719,,inf,,,,,,
20240102150100,2024-01-02T15:01:00+09:00,1704175260.0,37.378,136.86,6.0,3.5,1,matched,1,2024-01-02T15:01:00.200+09:00,1704175260.2,0.20000004768371582,20240102150100200,2024-01-02T15:01:00.200+09:00,1704175260.2,37.37833333333333,136.86,6.0,3.5,石川県能登地方,https://www.data.jma.go.jp/eqev/data/daily_map/20240102.html,20240102,0.20000004768371582,0.20000004768371582,0.03706497554738231,0.0,0.0,0.014079663365600324,,inf,,,,,,
20240102150200,2024-01-02T15:02:00+09:00,1704175320.0,37.79,137.752,20.0,4.1,1,matched,1,2024-01-02T15:02:37.500+09:00,1704175357.5,37.5,20240102150237500,2024-01-02T15:02:37.500+09:00,1704175357.5,37.79,137.75166666666667,20.0,4.1,佐渡付近,https://www.data.jma.go.jp/eqev/data/daily_map/20240102.html,20240102,37.5,37.5,0.02929104069956946,0.0,0.0,1.255858208139914,,inf,,,,,,
20240102153500,2024-01-02T15:35:00+09:00,1704177300.0,37.37,136.892,0.0,3.2,1,matched,1,2024-01-02T15:35:18.700+09:00,1704177318.7,18.700000047683716,20240102153518700,2024-01-02T15:35:18.700+09:00,1704177318.7,37.37,136.89166666666668,0.0,3.2,石川県能登地方,https://www.data.jma.go.jp/eqev/data/daily_map/20240102.html,20240102,18.700000047683716,18.700000047683716,0.029456741896967852,0.0,0.0,0.6292246833021841,,inf,,,,,,
20240102155700,2024-01-02T15:57:00+09:00,1704178620.0,37.198,136.697,6.0,4.5,2,matched,1,2024-01-02T15:57:54.200+09:00,1704178674.2,54.200000047683716,20240102155754200,2024-01-02T15:57:54.200+09:00,1704178674.2,37.19833333333333,136.69666666666666,6.0,4.5,石川県能登地方,https://www.data.jma.go.jp/eqev/data/daily_map/20240102.html,20240102,54.200000047683716,54.200000047683716,0.04738653449567882,0.0,0.0,1.8161439751552597,4.140573665188762,2.3244296900335017,20240102155537300,2024-01-02T15:55:37.300+09:00,-82.70000004768372,5.419534984663191,3.0,
20240102164100,2024-01-02T16:41:00+09:00,1704181260.0,37.558,137.375,10.0,3.6,1,matched,1,2024-01-02T16:41:55.000+09:00,1704181315.0,55.0,20240102164155000,2024-01-02T16:41:55.000+09:00,1704181315.0,37.55833333333333,137.38333333333333,11.0,3.6,能登半島沖,https://www.data.jma.go.jp/eqev/data/daily_map/20240102.html,20240102,55.0,55.0,0.7355020297411492,1.0,0.0,2.0804337392815633,,inf,,,,,,
20240102164500,2024-01-02T16:45:00+09:00,1704181500.0,37.163,136.702,3.0,3.0,1,matched,1,2024-01-02T16:45:46.700+09:00,1704181546.7,46.700000047683716,20240102164546700,2024-01-02T16:45:46.700+09:00,1704181546.7,37.163333333333334,136.70166666666665,3.0,3.0,石川県能登地方,https://www.data.jma.go.jp/eqev/data/daily_map/20240102.html,20240102,46.700000047683716,46.700000047683716,0.04739506091116106,0.0,0.0,1.566145680438356,,inf,,,,,,
20240102171300,2024-01-02T17:13:00+09:00,1704183180.0,37.138,136.633,6.0,4.6,2,matched,1,2024-01-02T17:13:40.800+09:00,1704183220.8,40.799999952316284,20240102171340800,2024-01-02T17:13:40.800+09:00,1704183220.8,37.138333333333335,136.63333333333333,6.0,4.6,能登半島沖,https://www.data.jma.go.jp/eqev/data/daily_map/20240102.html,20240102,40.799999952316284,40.799999952316284,0.047401148479023665,0.0,0.0,1.3694802281063476,4.307524616828692,2.9380443887223446,20240102171151200,2024-01-02T17:11:51.200+09:00,-68.79999995231628,9.070956425424079,2.0,
20240102175600,2024-01-02T17:56:00+09:00,1704185760.0,37.292,136.76,7.0,3.8,1,matched,1,2024-01-02T17:56:11.400+09:00,1704185771.4,11.400000095367432,20240102175611400,2024-01-02T17:56:11.400+09:00,1704185771.4,37.291666666666664,136.75833333333333,7.0,4.1,石川県能登地方,https://www.data.jma.go.jp/eqev/data/daily_map/20240102.html,20240102,11.400000095367432,11.400000095367432,0.1520246383312782,0.0,0.2999999999999998,1.4104049308451696,,inf,,,,,,
20240102180700,2024-01-02T18:07:00+09:00,1704186420.0,37.182,136.74,4.0,3.0,2,matched,1,2024-01-02T18:07:36.000+09:00,1704186456.0,36.0,20240102180736000,2024-01-02T18:07:36.000+09:00,1704186456.0,37.18,136.74166666666667,4.0,3.1,石川県能登地方,https://www.data.jma.go.jp/eqev/data/daily_map/20240102.html,20240102,36.0,36.0,0.26694369837732057,0.0,0.10000000000000009,1.5867220730087979,4.569594028364673,2.9828719553558747,20240102180608900,2024-01-02T18:06:08.900+09:00,-51.09999990463257,4.997970157717933,2.0,0.5
20240102182900,2024-01-02T18:29:00+09:00,1704187740.0,37.458,137.257,13.0,4.3,1,matched,1,2024-01-02T18:29:36.900+09:00,1704187776.9,36.90000009536743,20240102182936900,2024-01-02T18:29:36.900+09:00,1704187776.9,37.458333333333336,137.25666666666666,13.0,4.3,石川県能登地方,https://www.data.jma.go.jp/eqev/data/daily_map/20240102.html,20240102,36.90000009536743,36.90000009536743,0.04732305695447977,0.0,0.0,1.2394646145698105,,inf,,,,,,
20240102184600,2024-01-02T18:46:00+09:00,1704188760.0,37.365,137.113,10.0,3.6,1,matched,1,2024-01-02T18:46:34.000+09:00,1704188794.0,34.0,20240102184634000,2024-01-02T18:46:34.000+09:00,1704188794.0,37.36333333333334,137.115,11.0,3.7,石川県能登地方,https://www.data.jma.go.jp/eqev/data/daily_map/20240102.html,20240102,34.0,34.0,0.2561002832364983,1.0,0.10000000000000009,1.6178867233139667,,inf,,,,,,
20240102185000,2024-01-02T18:50:00+09:00,1704189000.0,37.742,137.588,18.0,4.3,1,matched,1,2024-01-02T18:50:21.700+09:00,1704189021.7,21.700000047683716,20240102185021700,2024-01-02T18:50:21.700+09:00,1704189021.7,37.733333333333334,137.59166666666667,22.0,4.1,佐渡付近,https://www.data.jma.go.jp/eqev/data/daily_map/20240102.html,20240102,21.700000047683716,21.700000047683716,1.016197805049459,4.0,0.20000000000000018,1.9932395625993498,,inf,,,,,,
20240102185900,2024-01-02T18:59:00+09:00,1704189540.0,37.202,136.642,1.0,3.6,1,matched,1,2024-01-02T18:59:37.800+09:00,1704189577.8,37.799999952316284,20240102185937800,2024-01-02T18:59:37.800+09:00,1704189577.8,37.20333333333333,136.65333333333334,3.0,3.5,能登半島沖,https://www.data.jma.go.jp/eqev/data/daily_map/20240102.html,20240102,37.799999952316284,37.799999952316284,1.0146491081765918,2.0,0.10000000000000009,1.9962631533791948,,inf,,,,,,
20240102201600,2024-01-02T20:16:00+09:00,1704194160.0,37.122,136.658,6.0,3.7,1,matched,1,2024-01-02T20:16:39.900+09:00,1704194199.9,39.90000009536743,20240102201639900,2024-01-02T20:16:39.900+09:00,1704194199.9,37.123333333333335,136.66,7.0,3.8,能登半島沖,https://www.data.jma.go.jp/eqev/data/daily_map/20240102.html,20240102,39.90000009536743,39.90000009536743,0.231136126894632,1.0,0.09999999999999964,1.809560561891173,,inf,,,,,,
20240102205200,2024-01-02T20:52:00+09:00,1704196320.0,37.45,137.27,13.0,3.6,1,matched,1,2024-01-02T20:52:38.700+09:00,1704196358.7,38.700000047683716,20240102205238700,2024-01-02T20:52:38.700+09:00,1704196358.7,37.45,137.26833333333335,14.0,3.6,石川県能登地方,https://www.data.jma.go.jp/eqev/data/daily_map/20240102.html,20240102,38.700000047683716,38.700000047683716,0.14712650763102308,1.0,0.0,1.419425303115662,,inf,,,,,,
20240102211300,2024-01-02T21:13:00+09:00,1704197580.0,37.305,136.93,17.0,4.4,1,matched,1,2024-01-02T21:13:21.000+09:00,1704197601.0,21.0,20240102211321000,2024-01-02T21:13:21.000+09:00,1704197601.0,37.305,136.93,17.0,4.4,石川県能登地方,https://www.data.jma.go.jp/eqev/data/daily_map/20240102.html,20240102,21.0,21.0,0.0,0.0,0.0,0.7,,inf,,,,,,
20240102220300,2024-01-02T22:03:00+09:00,1704200580.0,37.307,136.837,13.0,3.8,1,matched,1,2024-01-02T22:03:25.600+09:00,1704200605.6,25.59999990463257,20240102220325600,2024-01-02T22:03:25.600+09:00,1704200605.6,37.30833333333333,136.83,13.0,3.9,石川県能登地方,https://www.data.jma.go.jp/eqev/data/daily_map/20240102.html,20240102,25.59999990463257,25.59999990463257,0.6366099520708425,0.0,0.10000000000000009,1.313988653901921,,inf,,,,,,
20240102220400,2024-01-02T22:04:00+09:00,1704200640.0,37.148,136.717,5.0,3.2,1,matched,1,2024-01-02T22:04:42.600+09:00,1704200682.6,42.59999990463257,20240102220442600,2024-01-02T22:04:42.600+09:00,1704200682.6,37.14833333333333,136.71666666666667,5.0,3.2,能登半島沖,https://www.data.jma.go.jp/eqev/data/daily_map/20240102.html,20240102,42.59999990463257,42.59999990463257,0.04739871372518085,0.0,0.0,1.4294797395661218,,inf,,,,,,
20240102221900,2024-01-02T22:19:00+09:00,1704201540.0,37.168,136.672,4.0,3.5,1,matched,1,2024-01-02T22:19:45.700+09:00,1704201585.7,45.700000047683716,20240102221945700,2024-01-02T22:19:45.700+09:00,1704201585.7,37.16833333333334,136.67166666666665,4.0,3.5,能登半島沖,https://www.data.jma.go.jp/eqev/data/daily_map/20240102.html,20240102,45.700000047683716,45.700000047683716,0.04739384312386271,0.0,0.0,1.532812103547563,,inf,,,,,,
20240102225000,2024-01-02T22:50:00+09:00,1704203400.0,37.477,137.002,5.0,3.1,1,matched,1,2024-01-02T22:50:21.600+09:00,1704203421.6,21.59999990463257,20240102225021600,2024-01-02T22:50:21.600+09:00,1704203421.6,37.376666666666665,136.93833333333333,9.0,3.1,石川県能登地方,https://www.data.jma.go.jp/eqev/data/daily_map/20240102.html,20240102,21.59999990463257,21.59999990463257,12.493011323762289,4.0,0.0,3.6186022615735434,,inf,,,,,,
20240102231700,2024-01-02T23:17:00+09:00,1704205020.0,37.195,136.8,9.0,3.6,1,matched,1,2024-01-02T23:17:23.000+09:00,1704205043.0,23.0,20240102231723000,2024-01-02T23:17:23.000+09:00,1704205043.0,37.193333333333335,136.80333333333334,8.0,3.7,石川県能登地方,https://www.data.jma.go.jp/eqev/data/daily_map/20240102.html,20240102,23.0,23.0,0.34859958628387316,1.0,0.10000000000000009,1.269719917256775,,inf,,,,,,
20240103011300,2024-01-03T01:13:00+09:00,1704211980.0,37.205,136.713,3.0,3.3,1,matched,1,2024-01-03T01:13:30.300+09:00,1704212010.3,30.299999952316284,20240103011330300,2024-01-03T01:13:30.300+09:00,1704212010.3,37.208333333333336,136.71166666666667,3.0,3.3,石川県能登地方,https://www.data.jma.go.jp/eqev/data/daily_map/20240103.html,20240103,30.299999952316284,30.299999952316284,0.3890049359036909,0.0,0.0,1.087800985591281,,inf,,,,,,
20240103012100,2024-01-03T01:21:00+09:00,1704212460.0,37.15,136.648,3.0,3.5,1,matched,1,2024-01-03T01:21:10.100+09:00,1704212470.1,10.099999904632568,20240103012110100,2024-01-03T01:21:10.100+09:00,1704212470.1,37.15,136.64833333333334,3.0,3.5,能登半島沖,https://www.data.jma.go.jp/eqev/data/daily_map/20240103.html,20240103,10.099999904632568,10.099999904632568,0.02954290662738915,0.0,0.0,0.3425752448132301,,inf,,,,,,
20240103022100,2024-01-03T02:21:00+09:00,1704216060.0,37.482,137.303,12.0,4.9,1,matched,1,2024-01-03T02:21:48.000+09:00,1704216108.0,48.0,20240103022148000,2024-01-03T02:21:48.000+09:00,1704216108.0,37.48166666666667,137.30333333333334,12.0,4.9,石川県能登地方,https://www.data.jma.go.jp/eqev/data/daily_map/20240103.html,20240103,48.0,48.0,0.04731726683650734,0.0,0.0,1.6094634533673016,,inf,,,,,,
20240103023000,2024-01-03T02:30:00+09:00,1704216600.0,37.487,137.3,13.0,4.4,1,matched,1,2024-01-03T02:30:31.400+09:00,1704216631.4,31.40000009536743,20240103023031400,2024-01-03T02:30:31.400+09:00,1704216631.4,37.486666666666665,137.3,13.0,4.4,石川県能登地方,https://www.data.jma.go.jp/eqev/data/daily_map/20240103.html,20240103,31.40000009536743,31.40000009536743,0.03706497554879696,0.0,0.0,1.0540796649553406,,inf,,,,,,
20240103023100,2024-01-03T02:31:00+09:00,1704216660.0,37.485,137.3,12.0,3.5,2,matched,1,2024-01-03T02:31:38.000+09:00,1704216698.0,38.0,20240103023138000,2024-01-03T02:31:38.000+09:00,1704216698.0,37.485,137.3,12.0,3.5,石川県能登地方,https://www.data.jma.go.jp/eqev/data/daily_map/20240103.html,20240103,38.0,38.0,0.0,0.0,0.0,1.2666666666666666,4.09039830570251,2.8237316390358433,20240103023031400,2024-01-03T02:30:31.400+09:00,-28.59999990463257,0.18532487774044815,1.0,0.9000000000000004
20240103025400,2024-01-03T02:54:00+09:00,1704218040.0,37.427,137.122,8.0,3.8,1,matched,1,2024-01-03T02:54:37.900+09:00,1704218077.9,37.90000009536743,20240103025437900,2024-01-03T02:54:37.900+09:00,1704218077.9,37.42666666666667,137.12166666666667,8.0,3.8,石川県能登地方,https://www.data.jma.go.jp/eqev/data/daily_map/20240103.html,20240103,37.90000009536743,37.90000009536743,0.04733071966952305,0.0,0.0,1.2727994804461522,,inf,,,,,,
20240103025800,2024-01-03T02:58:00+09:00,1704218280.0,37.485,137.305,12.0,3.1,3,matched,1,2024-01-03T02:58:46.000+09:00,1704218326.0,46.0,20240103025846000,2024-01-03T02:58:46.000+09:00,1704218326.0,37.49333333333333,137.32666666666665,12.0,3.2,石川県能登地方,https://www.data.jma.go.jp/eqev/data/daily_map/20240103.html,20240103,46.0,46.0,2.1243847564725677,0.0,0.10000000000000009,2.2915436179611803,3.2600121604055703,0.96846854244439,20240103025728900,2024-01-03T02:57:28.900+09:00,-31.09999990463257,0.6167274845890865,1.0,0.6000000000000001
20240103031800,2024-01-03T03:18:00+09:00,1704219480.0,37.377,136.94,10.0,3.2,1,matched,1,2024-01-03T03:18:11.300+09:00,1704219491.3,11.299999952316284,20240103031811300,2024-01-03T03:18:11.300+09:00,1704219491.3,37.375,136.94,9.0,3.2,石川県能登地方,https://www.data.jma.go.jp/eqev/data/daily_map/20240103.html,20240103,11.299999952316284,11.299999952316284,0.2223898532892451,1.0,0.0,0.5211446357350585,,inf,,,,,,
20240103034500,2024-01-03T03:45:00+09:00,1704221100.0,37.16,136.723,5.0,3.7,2,matched,1,2024-01-03T03:45:01.200+09:00,1704221101.2,1.2000000476837158,20240103034501200,2024-01-03T03:45:01.200+09:00,1704221101.2,37.16,136.72333333333333,5.0,3.7,石川県能登地方,https://www.data.jma.go.jp/eqev/data/daily_map/20240103.html,20240103,1.2000000476837158,1.2000000476837158,0.0295389994862372,0.0,0.0,0.04590780148670463,1.3412131800258846,1.29530537853918,20240103034457900,2024-01-03T03:44:57.900+09:00,-2.0999999046325684,5.356065916023995,2.0,
20240103045000,2024-01-03T04:50:00+09:00,1704225000.0,37.17,136.722,6.0,3.4,1,matched,1,2024-01-03T04:50:08.000+09:00,1704225008.0,8.0,20240103045008000,2024-01-03T04:50:08.000+09:00,1704225008.0,37.17,136.72333333333333,5.0,3.5,石川県能登地方,https://www.data.jma.go.jp/eqev/data/daily_map/20240103.html,20240103,8.0,8.0,0.11814036579372066,1.0,0.10000000000000009,0.7236280731587446,,inf,,,,,,
20240103053600,2024-01-03T05:36:00+09:00,1704227760.0,37.203,136.72,7.0,3.7,1,matched,1,2024-01-03T05:36:40.500+09:00,1704227800.5,40.5,20240103053640500,2024-01-03T05:36:40.500+09:00,1704227800.5,37.20333333333333,136.72333333333333,7.0,3.8,石川県能登地方,https://www.data.jma.go.jp/eqev/data/daily_map/20240103.html,20240103,40.5,40.5,0.29753888669686956,0.0,0.09999999999999964,1.7428411106727062,,inf,,,,,,
20240103054700,2024-01-03T05:47:00+09:00,1704228420.0,37.173,136.693,7.0,3.3,1,matched,1,2024-01-03T05:47:31.700+09:00,1704228451.7,31.700000047683716,20240103054731700,2024-01-03T05:47:31.700+09:00,1704228451.7,37.195,136.725,8.0,3.5,石川県能登地方,https://www.data.jma.go.jp/eqev/data/daily_map/20240103.html,20240103,31.700000047683716,31.700000047683716,3.744417656853723,1.0,0.20000000000000018,2.572216866293536,,inf,,,,,,
20240103063200,2024-01-03T06:32:00+09:00,1704231120.0,37.172,136.728,5.0,4.3,1,matched,1,2024-01-03T06:32:38.500+09:00,1704231158.5,38.5,20240103063238500,2024-01-03T06:32:38.500+09:00,1704231158.5,37.17166666666667,136.72833333333332,5.0,4.3,石川県能登地方,https://www.data.jma.go.jp/eqev/data/daily_map/20240103.html,20240103,38.5,38.5,0.047392950021075,0.0,0.0,1.2928119233375484,,inf,,,,,,
20240103063800,2024-01-03T06:38:00+09:00,1704231480.0,37.497,137.365,13.0,3.3,1,matched,1,2024-01-03T06:38:01.300+09:00,1704231481.3,1.2999999523162842,20240103063801300,2024-01-03T06:38:01.300+09:00,1704231481.3,37.498333333333335,137.36166666666668,14.0,3.5,能登半島沖,https://www.data.jma.go.jp/eqev/data/daily_map/20240103.html,20240103,1.2999999523162842,1.2999999523162842,0.32932577199360225,1.0,0.20000000000000018,0.8758651528092639,,inf,,,,,,
20240103065300,2024-01-03T06:53:00+09:00,1704232380.0,37.167,136.737,5.0,3.0,3,matched,1,2024-01-03T06:53:39.900+09:00,1704232419.9,39.90000009536743,20240103065339900,2024-01-03T06:53:39.900+09:00,1704232419.9,37.16833333333334,136.73333333333332,5.0,3.3,石川県能登地方,https://www.data.jma.go.jp/eqev/data/daily_map/20240103.html,20240103,39.90000009536743,39.90000009536743,0.3571252353524873,0.0,0.2999999999999998,2.4014250502494114,3.1621776048540466,0.7607525546046352,20240103065232300,2024-01-03T06:52:32.300+09:00,-27.700000047683716,4.694221349656283,3.0,0.2999999999999998
20240103075100,2024-01-03T07:51:00+09:00,1704235860.0,37.082,136.488,6.0,4.0,1,matched,1,2024-01-03T07:51:46.600+09:00,1704235906.6,46.59999990463257,20240103075146600,2024-01-03T07:51:46.600+09:00,1704235906.6,37.083333333333336,136.49166666666667,8.0,4.0,石川県西方沖,https://www.data.jma.go.jp/eqev/data/daily_map/20240103.html,20240103,46.59999990463257,46.59999990463257,0.3574573880175673,2.0,0.0,1.8248248077579323,,inf,,,,,,
20240103083400,2024-01-03T08:34:00+09:00,1704238440.0,37.36,136.995,13.0,4.0,1,matched,1,2024-01-03T08:34:19.000+09:00,1704238459.0,19.0,20240103083419000,2024-01-03T08:34:19.000+09:00,1704238459.0,37.36,136.995,13.0,4.0,石川県能登地方,https://www.data.jma.go.jp/eqev/data/daily_map/20240103.html,20240103,19.0,19.0,0.0,0.0,0.0,0.6333333333333333,,inf,,,,,,
20240103095800,2024-01-03T09:58:00+09:00,1704243480.0,37.177,136.752,0.0,3.1,2,matched,1,2024-01-03T09:58:27.200+09:00,1704243507.2,27.200000047683716,20240103095827200,2024-01-03T09:58:27.200+09:00,1704243507.2,37.19833333333333,136.68833333333333,10.0,3.2,石川県能登地方,https://www.data.jma.go.jp/eqev/data/daily_map/20240103.html,20240103,27.200000047683716,27.200000047683716,6.1184489521423515,10.0,0.10000000000000009,3.4636897920179277,4.718036035573007,1.2543462435550796,20240103095825800,2024-01-03T09:58:25.800+09:00,25.799999952316284,11.790180185812325,15.0,
20240103105400,2024-01-03T10:54:00+09:00,1704246840.0,37.373,136.872,13.0,5.6,1,matched,1,2024-01-03T10:54:35.000+09:00,1704246875.0,35.0,20240103105435000,2024-01-03T10:54:35.000+09:00,1704246875.0,37.373333333333335,136.87166666666667,13.0,5.6,石川県能登地方,https://www.data.jma.go.jp/eqev/data/daily_map/20240103.html,20240103,35.0,35.0,0.047343835954406194,0.0,0.0,1.176135433857548,,inf,,,,,,
20240103114800,2024-01-03T11:48:00+09:00,1704250080.0,37.458,137.202,12.0,4.2,1,matched,1,2024-01-03T11:48:28.000+09:00,1704250108.0,28.0,20240103114828000,2024-01-03T11:48:28.000+09:00,1704250108.0,37.458333333333336,137.20166666666665,12.0,4.2,石川県能登地方,https://www.data.jma.go.jp/eqev/data/daily_map/20240103.html,20240103,28.0,28.0,0.04732305695447977,0.0,0.0,0.9427979447242293,,inf,,,,,,
20240103115700,2024-01-03T11:57:00+09:00,1704250620.0,37.432,137.1,6.0,3.7,1,matched,1,2024-01-03T11:57:49.300+09:00,1704250669.3,49.299999952316284,20240103115749300,2024-01-03T11:57:49.300+09:00,1704250669.3,37.431666666666665,137.1,6.0,3.7,石川県能登地方,https://www.data.jma.go.jp/eqev/data/daily_map/20240103.html,20240103,49.299999952316284,49.299999952316284,0.037064975548089636,0.0,0.0,1.650746326853494,,inf,,,,,,
20240103123700,2024-01-03T12:37:00+09:00,1704253020.0,37.237,136.64,5.0,4.3,1,matched,1,2024-01-03T12:37:23.100+09:00,1704253043.1,23.09999990463257,20240103123723100,2024-01-03T12:37:23.100+09:00,1704253043.1,37.236666666666665,136.64,5.0,4.3,能登半島沖,https://www.data.jma.go.jp/eqev/data/daily_map/20240103.html,20240103,23.09999990463257,23.09999990463257,0.037064975548089636,0.0,0.0,0.7774129919307036,,inf,,,,,,
20240103125400,2024-01-03T12:54:00+09:00,1704254040.0,37.647,137.607,23.0,5.0,2,ambiguous,0,2024-01-03T12:54:15.000+09:00,1704254055.0,15.0,20240103125415000,2024-01-03T12:54:15.000+09:00,1704254055.0,37.64666666666667,137.60666666666665,23.0,5.0,新潟県上中越沖,https://www.data.jma.go.jp/eqev/data/daily_map/20240103.html,20240103,15.0,15.0,0.04727684388951281,0.0,0.0,0.5094553687779025,0.5970595515098338,0.08760418273193127,20240103125411200,2024-01-03T12:54:11.200+09:00,11.200000047683716,0.6186310829352165,1.0,
20240103132600,2024-01-03T13:26:00+09:00,1704255960.0,37.13,136.687,6.0,3.1,1,matched,1,2024-01-03T13:26:44.400+09:00,1704256004.4,44.40000009536743,20240103132644400,2024-01-03T13:26:44.400+09:00,1704256004.4,37.13166666666667,136.69333333333333,6.0,3.1,能登半島沖,https://www.data.jma.go.jp/eqev/data/daily_map/20240103.html,20240103,44.40000009536743,44.40000009536743,0.5912527318990062,0.0,0.0,1.5982505495587156,,inf,,,,,,
20240103134400,2024-01-03T13:44:00+09:00,1704257040.0,37.563,137.38,11.0,4.1,1,matched,1,2024-01-03T13:44:09.000+09:00,1704257049.0,9.0,20240103134409000,2024-01-03T13:44:09.000+09:00,1704257049.0,37.56666666666667,137.37833333333333,12.0,4.1,能登半島沖,https://www.data.jma.go.jp/eqev/data/daily_map/20240103.html,20240103,9.0,9.0,0.4333716840378308,1.0,0.0,0.4866743368075661,,inf,,,,,,
20240103145100,2024-01-03T14:51:00+09:00,1704261060.0,37.38,136.833,10.0,3.0,2,matched,1,2024-01-03T14:51:02.400+09:00,1704261062.4,2.4000000953674316,20240103145102400,2024-01-03T14:51:02.400+09:00,1704261062.4,37.38666666666666,136.84666666666666,7.0,3.0,石川県能登地方,https://www.data.jma.go.jp/eqev/data/daily_map/20240103.html,20240103,2.4000000953674316,2.4000000953674316,1.4169013928433762,3.0,0.0,0.6633802817475896,8.121750859644308,7.458370577896718,20240103145220900,2024-01-03T14:52:20.900+09:00,80.90000009536743,16.625420948993636,1.0,0.6000000000000001
20240103145500,2024-01-03T14:55:00+09:00,1704261300.0,37.113,136.61,4.0,3.4,1,matched,1,2024-01-03T14:55:36.500+09:00,1704261336.5,36.5,20240103145536500,2024-01-03T14:55:36.500+09:00,1704261336.5,37.11833333333333,136.60833333333332,7.0,3.4,能登半島沖,https://www.data.jma.go.jp/eqev/data/daily_map/20240103.html,20240103,36.5,36.5,0.6111754006700241,3.0,0.0,1.6389017468006715,,inf,,,,,,
20240103154400,2024-01-03T15:44:00+09:00,1704264240.0,37.37,136.817,8.0,3.6,1,matched,1,2024-01-03T15:44:02.300+09:00,1704264242.3,2.299999952316284,20240103154402300,2024-01-03T15:44:02.300+09:00,1704264242.3,37.37,136.81666666666666,8.0,3.6,石川県能登地方,https://www.data.jma.go.jp/eqev/data/daily_map/20240103.html,20240103,2.299999952316284,2.299999952316284,0.02945674189921638,0.0,0.0,0.08255801345705274,,inf,,,,,,
20240103160800,2024-01-03T16:08:00+09:00,1704265680.0,37.388,136.857,11.0,4.2,1,matched,1,2024-01-03T16:08:11.900+09:00,1704265691.9,11.900000095367432,20240103160811900,2024-01-03T16:08:11.900+09:00,1704265691.9,37.388333333333335,136.85666666666665,11.0,4.2,石川県能登地方,https://www.data.jma.go.jp/eqev/data/daily_map/20240103.html,20240103,11.900000095367432,11.900000095367432,0.04734017095005276,0.0,0.0,0.40613470403559165,,inf,,,,,,
20240103161900,2024-01-03T16:19:00+09:00,1704266340.0,37.513,137.17,10.0,3.0,1,matched,1,2024-01-03T16:19:31.000+09:00,1704266371.0,31.0,20240103161931000,2024-01-03T16:19:31.000+09:00,1704266371.0,37.513333333333335,137.17,10.0,3.0,能登半島沖,https://www.data.jma.go.jp/eqev/data/daily_map/20240103.html,20240103,31.0,31.0,0.03706497554879696,0.0,0.0,1.040746328443093,,inf,,,,,,
20240103172000,2024-01-03T17:20:00+09:00,1704270000.0,37.222,136.642,6.0,3.5,1,matched,1,2024-01-03T17:20:45.700+09:00,1704270045.7,45.700000047683716,20240103172045700,2024-01-03T17:20:45.700+09:00,1704270045.7,37.22,136.64333333333335,6.0,3.5,能登半島沖,https://www.data.jma.go.jp/eqev/data/daily_map/20240103.html,20240103,45.700000047683716,45.700000047683716,0.25178472703978905,0.0,0.0,1.5736902803307482,,inf,,,,,,
20240103172200,2024-01-03T17:22:00+09:00,1704270120.0,37.175,136.69,4.0,3.6,2,matched,1,2024-01-03T17:22:52.400+09:00,1704270172.4,52.40000009536743,20240103172252400,2024-01-03T17:22:52.400+09:00,1704270172.4,37.175,136.69,4.0,3.6,石川県能登地方,https://www.data.jma.go.jp/eqev/data/daily_map/20240103.html,20240103,52.40000009536743,52.40000009536743,0.0,0.0,0.0,1.746666669845581,4.308041392501343,2.5613747226557617,20240103172045700,2024-01-03T17:20:45.700+09:00,-74.29999995231628,6.490206970453998,2.0,0.10000000000000009
20240103175100,2024-01-03T17:51:00+09:00,1704271860.0,37.175,136.733,8.0,3.1,1,matched,1,2024-01-03T17:51:22.400+09:00,1704271882.4,22.40000009536743,20240103175122400,2024-01-03T17:51:22.400+09:00,1704271882.4,37.175,136.73333333333332,8.0,3.1,石川県能登地方,https://www.data.jma.go.jp/eqev/data/daily_map/20240103.html,20240103,22.40000009536743,22.40000009536743,0.02953313709078656,0.0,0.0,0.7525732972637383,,inf,,,,,,
20240103175400,2024-01-03T17:54:00+09:00,1704272040.0,37.223,136.735,10.0,3.5,1,matched,1,2024-01-03T17:54:06.700+09:00,1704272046.7,6.700000047683716,20240103175406700,2024-01-03T17:54:06.700+09:00,1704272046.7,37.225,136.74,9.0,3.6,石川県能登地方,https://www.data.jma.go.jp/eqev/data/daily_map/20240103.html,20240103,6.700000047683716,6.700000047683716,0.4954281235041153,1.0,0.10000000000000009,0.7557522929569473,,inf,,,,,,
20240103184800,2024-01-03T18:48:00+09:00,1704275280.0,37.322,136.803,12.0,4.8,1,matched,1,2024-01-03T18:48:00.700+09:00,1704275280.7,0.7000000476837158,20240103184800700,2024-01-03T18:48:00.700+09:00,1704275280.7,37.321666666666665,136.80333333333334,12.0,4.8,石川県能登地方,https://www.data.jma.go.jp/eqev/data/daily_map/20240103.html,20240103,0.7000000476837158,0.7000000476837158,0.047356372300520366,0.0,0.0,0.0328046093828946,,inf,,,,,,
20240103190100,2024-01-03T19:01:00+09:00,1704276060.0,37.18,136.635,3.0,3.8,1,matched,1,2024-01-03T19:01:01.300+09:00,1704276061.3,1.2999999523162842,20240103190101300,2024-01-03T19:01:01.300+09:00,1704276061.3,37.181666666666665,136.63333333333333,3.0,3.9,能登半島沖,https://www.data.jma.go.jp/eqev/data/daily_map/20240103.html,20240103,1.2999999523162842,1.2999999523162842,0.23695378827445196,0.0,0.10000000000000009,0.4240574227321002,,inf,,,,,,
20240103190700,2024-01-03T19:07:00+09:00,1704276420.0,37.462,137.132,12.0,3.6,1,matched,1,2024-01-03T19:07:50.400+09:00,1704276470.4,50.40000009536743,20240103190750400,2024-01-03T19:07:50.400+09:00,1704276470.4,37.46,137.13,12.0,3.6,石川県能登地方,https://www.data.jma.go.jp/eqev/data/daily_map/20240103.html,20240103,50.40000009536743,50.40000009536743,0.28393418323735964,0.0,0.0,1.7367868398263864,,inf,,,,,,
20240103193400,2024-01-03T19:34:00+09:00,1704278040.0,37.21,136.713,5.0,3.6,1,matched,1,2024-01-03T19:34:46.400+09:00,1704278086.4,46.40000009536743,20240103193446400,2024-01-03T19:34:46.400+09:00,1704278086.4,37.21,136.72666666666666,4.0,3.6,石川県能登地方,https://www.data.jma.go.jp/eqev/data/daily_map/20240103.html,20240103,46.40000009536743,46.40000009536743,1.2102974611776467,1.0,0.0,1.8887261620811104,,inf,,,,,,
20240103194200,2024-01-03T19:42:00+09:00,1704278520.0,37.17,136.737,8.0,4.1,1,matched,1,2024-01-03T19:42:14.400+09:00,1704278534.4,14.400000095367432,20240103194214400,2024-01-03T19:42:14.400+09:00,1704278534.4,37.17,136.73666666666668,8.0,4.1,石川県能登地方,https://www.data.jma.go.jp/eqev/data/daily_map/20240103.html,20240103,14.400000095367432,14.400000095367432,0.029535091445276464,0.0,0.0,0.48590702146796966,,inf,,,,,,
20240103194900,2024-01-03T19:49:00+09:00,1704278940.0,37.585,137.443,14.0,4.1,1,matched,1,2024-01-03T19:49:11.800+09:00,1704278951.8,11.799999952316284,20240103194911800,2024-01-03T19:49:11.800+09:00,1704278951.8,37.58166666666666,137.44333333333333,14.0,4.1,能登半島沖,https://www.data.jma.go.jp/eqev/data/daily_map/20240103.html,20240103,11.799999952316284,11.799999952316284,0.3718117817645105,0.0,0.0,0.46769568809677825,,inf,,,,,,
20240103204600,2024-01-03T20:46:00+09:00,1704282360.0,37.218,136.837,11.0,3.0,2,matched,1,2024-01-03T20:46:11.700+09:00,1704282371.7,11.700000047683716,20240103204611700,2024-01-03T20:46:11.700+09:00,1704282371.7,37.211666666666666,136.84333333333333,10.0,3.3,石川県能登地方,https://www.data.jma.go.jp/eqev/data/daily_map/20240103.html,20240103,11.700000047683716,11.700000047683716,0.9002669814096795,1.0,0.2999999999999998,1.6700533978713925,2.973243251013204,1.3031898531418116,20240103204631600,2024-01-03T20:46:31.600+09:00,31.59999990463257,5.932882937627257,4.0,0.10000000000000009
20240103204800,2024-01-03T20:48:00+09:00,1704282480.0,37.463,137.212,12.0,3.8,1,matched,1,2024-01-03T20:48:37.500+09:00,1704282517.5,37.5,20240103204837500,2024-01-03T20:48:37.500+09:00,1704282517.5,37.46333333333333,137.21166666666667,12.0,3.8,石川県能登地方,https://www.data.jma.go.jp/eqev/data/daily_map/20240103.html,20240103,37.5,37.5,0.047321833854137574,0.0,0.0,1.2594643667708274,,inf,,,,,,
20240103205500,2024-01-03T20:55:00+09:00,1704282900.0,37.113,136.595,7.0,3.7,1,matched,1,2024-01-03T20:54:57.400+09:00,1704282897.4,-2.5999999046325684,20240103205457400,2024-01-03T20:54:57.400+09:00,1704282897.4,37.11333333333334,136.595,7.0,3.7,能登半島沖,https://www.data.jma.go.jp/eqev/data/daily_map/20240103.html,20240103,-2.5999999046325684,2.5999999046325684,0.03706497554879696,0.0,0.0,0.09407965859751166,,inf,,,,,,
20240103214200,2024-01-03T21:42:00+09:00,1704285720.0,37.18,136.747,6.0,3.1,1,matched,1,2024-01-03T21:42:47.200+09:00,1704285767.2,47.200000047683716,20240103214247200,2024-01-03T21:42:47.200+09:00,1704285767.2,37.18,136.75166666666667,5.0,3.3,石川県能登地方,https://www.data.jma.go.jp/eqev/data/daily_map/20240103.html,20240103,47.200000047683716,47.200000047683716,0.4134365551021393,1.0,0.19999999999999973,2.4226873126098845,,inf,,,,,,
20240103215000,2024-01-03T21:50:00+09:00,1704286200.0,37.383,136.867,11.0,3.3,2,matched,1,2024-01-03T21:50:03.800+09:00,1704286203.8,3.799999952316284,20240103215003800,2024-01-03T21:50:03.800+09:00,1704286203.8,37.38333333333333,136.865,11.0,3.4,石川県能登地方,https://www.data.jma.go.jp/eqev/data/daily_map/20240103.html,20240103,3.799999952316284,3.799999952316284,0.1805547956941822,0.0,0.10000000000000009,0.49611095754937956,6.628117096714924,6.1320061391655445,20240103214902000,2024-01-03T21:49:02.000+09:00,-58.0,6.807252150241282,0.0,1.0
20240103222600,2024-01-03T22:26:00+09:00,1704288360.0,37.487,137.3,11.0,3.2,1,matched,1,2024-01-03T22:26:27.100+09:00,1704288387.1,27.09999990463257,20240103222627100,2024-01-03T22:26:27.100+09:00,1704288387.1,37.486666666666665,137.3,11.0,3.2,石川県能登地方,https://www.data.jma.go.jp/eqev/data/daily_map/20240103.html,20240103,27.09999990463257,27.09999990463257,0.03706497554879696,0.0,0.0,0.9107463252641783,,inf,,,,,,
20240103233300,2024-01-03T23:33:00+09:00,1704292380.0,37.32,136.983,13.0,4.2,1,matched,1,2024-01-03T23:33:17.300+09:00,1704292397.3,17.299999952316284,20240103233317300,2024-01-03T23:33:17.300+09:00,1704292397.3,37.32,136.98333333333332,13.0,4.2,石川県能登地方,https://www.data.jma.go.jp/eqev/data/daily_map/20240103.html,20240103,17.299999952316284,17.299999952316284,0.029476362970828552,0.0,0.0,0.5825619376713751,,inf,,,,,,
20240104001200,2024-01-04T00:12:00+09:00,1704294720.0,37.375,136.87,12.0,3.8,1,matched,1,2024-01-04T00:12:23.900+09:00,1704294743.9,23.90000009536743,20240104001223900,2024-01-04T00:12:23.900+09:00,1704294743.9,37.375,136.87,12.0,3.8,石川県能登地方,https://www.data.jma.go.jp/eqev/data/daily_map/20240104.html,20240104,23.90000009536743,23.90000009536743,0.0,0.0,0.0,0.7966666698455811,,inf,,,,,,
20240104003600,2024-01-04T00:36:00+09:00,1704296160.0,37.46,137.127,11.0,4.9,1,matched,1,2024-01-04T00:36:53.800+09:00,1704296213.8,53.799999952316284,20240104003653800,2024-01-04T00:36:53.800+09:00,1704296213.8,37.46,137.12666666666667,11.0,4.9,石川県能登地方,https://www.data.jma.go.jp/eqev/data/daily_map/20240104.html,20240104,53.799999952316284,53.799999952316284,0.02942136744618886,0.0,0.0,1.799217605233114,,inf,,,,,,
20240104031800,2024-01-04T03:18:00+09:00,1704305880.0,37.37,136.86,9.0,3.1,2,matched,1,2024-01-04T03:18:33.300+09:00,1704305913.3,33.299999952316284,20240104031833300,2024-01-04T03:18:33.300+09:00,1704305913.3,37.376666666666665,136.85666666666665,9.0,3.2,石川県能登地方,https://www.data.jma.go.jp/eqev/data/daily_map/20240104.html,20240104,33.299999952316284,33.299999952316284,0.7976761361414417,0.0,0.10000000000000009,1.602868558972165,4.708958317562034,3.1060897585898695,20240104031817900,2024-01-04T03:18:17.900+09:00,17.90000009536743,2.894791571915602,2.0,1.0
20240104032700,2024-01-04T03:27:00+09:00,1704306420.0,37.502,137.295,12.0,3.3,2,matched,1,2024-01-04T03:27:21.400+09:00,1704306441.4,21.40000009536743,20240104032721400,2024-01-04T03:27:21.400+09:00,1704306441.4,37.505,137.30166666666668,11.0,3.3,石川県能登地方,https://www.data.jma.go.jp/eqev/data/daily_map/20240104.html,20240104,21.40000009536743,21.40000009536743,0.6761084421797013,1.0,0.0,0.948555024948188,7.1025492634455105,6.153994238497322,20240104032808400,2024-01-04T03:28:08.400+09:00,68.40000009536743,7.446079634666311,0.0,1.0
20240104043800,2024-01-04T04:38:00+09:00,1704310680.0,37.817,137.848,18.0,4.9,1,matched,1,2024-01-04T04:38:42.400+09:00,1704310722.4,42.40000009536743,20240104043842400,2024-01-04T04:38:42.400+09:00,1704310722.4,37.82333333333333,137.84333333333333,19.0,4.9,佐渡付近,https://www.data.jma.go.jp/eqev/data/daily_map/20240104.html,20240104,42.40000009536743,42.40000009536743,0.8148436105377365,1.0,0.0,1.6763020586197952,,inf,,,,,,
20240104051600,2024-01-04T05:16:00+09:00,1704312960.0,37.162,136.698,8.0,3.6,1,matched,1,2024-01-04T05:16:47.400+09:00,1704313007.4,47.40000009536743,20240104051647400,2024-01-04T05:16:47.400+09:00,1704313007.4,37.15833333333333,136.705,8.0,3.6,石川県能登地方,https://www.data.jma.go.jp/eqev/data/daily_map/20240104.html,20240104,47.40000009536743,47.40000009536743,0.7423107523194915,0.0,0.0,1.7284621536428126,,inf,,,,,,
20240104060200,2024-01-04T06:02:00+09:00,1704315720.0,37.548,137.34,8.0,3.0,1,matched,1,2024-01-04T06:02:48.500+09:00,1704315768.5,48.5,20240104060248500,2024-01-04T06:02:48.500+09:00,1704315768.5,37.50333333333333,137.19,8.0,2.6,能登半島沖,https://www.data.jma.go.jp/eqev/data/daily_map/20240104.html,20240104,48.5,48.5,14.129669924930218,0.0,0.3999999999999999,5.775933984986043,,inf,,,,,,
20240104074700,2024-01-04T07:47:00+09:00,1704322020.0,37.205,136.668,8.0,3.3,2,matched,1,2024-01-04T07:47:11.600+09:00,1704322031.6,11.599999904632568,20240104074711600,2024-01-04T07:47:11.600+09:00,1704322031.6,37.20333333333333,136.67666666666668,8.0,3.4,能登半島沖,https://www.data.jma.go.jp/eqev/data/daily_map/20240104.html,20240104,11.599999904632568,11.599999904632568,0.7896210457824262,0.0,0.10000000000000009,0.8779242059775711,4.768111966658681,3.89018776068111,20240104074605200,2024-01-04T07:46:05.200+09:00,-54.799999952316284,0.3738931745740291,2.0,0.7999999999999998
20240104101000,2024-01-04T10:10:00+09:00,1704330600.0,37.403,137.207,13.0,4.1,1,matched,1,2024-01-04T10:10:00.000+09:00,1704330600.0,0.0,20240104101000000,2024-01-04T10:10:00.000+09:00,1704330600.0,37.403333333333336,137.20666666666668,13.0,4.1,石川県能登地方,https://www.data.jma.go.jp/eqev/data/daily_map/20240104.html,20240104,0.0,0.0,0.04733650513792238,0.0,0.0,0.009467301027584477,,inf,,,,,,
20240104105100,2024-01-04T10:51:00+09:00,1704333060.0,37.225,136.628,4.0,3.6,1,matched,1,2024-01-04T10:51:44.800+09:00,1704333104.8,44.799999952316284,20240104105144800,2024-01-04T10:51:44.800+09:00,1704333104.8,37.225,136.625,4.0,4.1,能登半島沖,https://www.data.jma.go.jp/eqev/data/daily_map/20240104.html,20240104,44.799999952316284,44.799999952316284,0.2656222304009227,0.0,0.49999999999999956,3.2131244444907257,,inf,,,,,,
20240104122600,2024-01-04T12:26:00+09:00,1704338760.0,37.475,137.255,11.0,3.4,1,matched,1,2024-01-04T12:26:43.000+09:00,1704338803.0,43.0,20240104122643000,2024-01-04T12:26:43.000+09:00,1704338803.0,37.475,137.255,11.0,3.4,石川県能登地方,https://www.data.jma.go.jp/eqev/data/daily_map/20240104.html,20240104,43.0,43.0,0.0,0.0,0.0,1.4333333333333333,,inf,,,,,,
20240104154600,2024-01-04T15:46:00+09:00,1704350760.0,37.502,137.287,12.0,4.4,1,matched,1,2024-01-04T15:46:47.100+09:00,1704350807.1,47.09999990463257,20240104154647100,2024-01-04T15:46:47.100+09:00,1704350807.1,37.501666666666665,137.28666666666666,12.0,4.4,石川県能登地方,https://www.data.jma.go.jp/eqev/data/daily_map/20240104.html,20240104,47.09999990463257,47.09999990463257,0.04731237222649437,0.0,0.0,1.5794624712663845,,inf,,,,,,
20240104155600,2024-01-04T15:56:00+09:00,1704351360.0,37.148,136.697,7.0,3.7,1,matched,1,2024-01-04T15:56:39.000+09:00,1704351399.0,39.0,20240104155639000,2024-01-04T15:56:39.000+09:00,1704351399.0,37.14833333333333,136.69666666666666,7.0,3.7,能登半島沖,https://www.data.jma.go.jp/eqev/data/daily_map/20240104.html,20240104,39.0,39.0,0.04739871372518085,0.0,0.0,1.3094797427450362,,inf,,,,,,
20240104171600,2024-01-04T17:16:00+09:00,1704356160.0,37.712,137.525,20.0,5.0,1,matched,1,2024-01-04T17:16:24.600+09:00,1704356184.6,24.59999990463257,20240104171624600,2024-01-04T17:16:24.600+09:00,1704356184.6,37.711666666666666,137.525,20.0,5.0,佐渡付近,https://www.data.jma.go.jp/eqev/data/daily_map/20240104.html,20240104,24.59999990463257,24.59999990463257,0.03706497554879696,0.0,0.0,0.8274129919308449,,inf,,,,,,
20240104194400,2024-01-04T19:44:00+09:00,1704365040.0,37.187,136.687,4.0,3.3,1,matched,1,2024-01-04T19:44:16.400+09:00,1704365056.4,16.40000009536743,20240104194416400,2024-01-04T19:44:16.400+09:00,1704365056.4,37.18666666666667,136.68666666666667,4.0,3.3,石川県能登地方,https://www.data.jma.go.jp/eqev/data/daily_map/20240104.html,20240104,16.40000009536743,16.40000009536743,0.047389295916607364,0.0,0.0,0.5561445290289025,,inf,,,,,,
20240104202500,2024-01-04T20:25:00+09:00,1704367500.0,37.518,137.185,11.0,4.1,1,matched,1,2024-01-04T20:25:26.800+09:00,1704367526.8,26.799999952316284,20240104202526800,2024-01-04T20:25:26.800+09:00,1704367526.8,37.51833333333333,137.185,11.0,4.1,能登半島沖,https://www.data.jma.go.jp/eqev/data/daily_map/20240104.html,20240104,26.799999952316284,26.799999952316284,0.037064975548089636,0.0,0.0,0.9007463268534941,,inf,,,,,,
20240104210700,2024-01-04T21:07:00+09:00,1704370020.0,37.367,136.842,9.0,3.1,2,matched,1,2024-01-04T21:07:03.200+09:00,1704370023.2,3.200000047683716,20240104210703200,2024-01-04T21:07:03.200+09:00,1704370023.2,37.365,136.83833333333334,8.0,3.1,石川県能登地方,https://www.data.jma.go.jp/eqev/data/daily_map/20240104.html,20240104,3.200000047683716,3.200000047683716,0.39301412109169753,1.0,0.0,0.28526949247446337,7.882081466954494,7.596811974480031,20240104210530500,2024-01-04T21:05:30.500+09:00,-89.5,18.493740668105797,2.0,0.30000000000000027
20240104213000,2024-01-04T21:30:00+09:00,1704371400.0,37.157,136.663,8.0,3.4,1,matched,1,2024-01-04T21:30:43.200+09:00,1704371443.2,43.200000047683716,20240104213043200,2024-01-04T21:30:43.200+09:00,1704371443.2,37.16,136.685,8.0,3.4,石川県能登地方,https://www.data.jma.go.jp/eqev/data/daily_map/20240104.html,20240104,43.200000047683716,43.200000047683716,1.9779454677790824,0.0,0.0,1.8355890951452736,,inf,,,,,,
20240105000400,2024-01-05T00:04:00+09:00,1704380640.0,37.187,136.832,12.0,4.4,2,matched,1,2024-01-05T00:04:13.700+09:00,1704380653.7,13.700000047683716,20240105000413700,2024-01-05T00:04:13.700+09:00,1704380653.7,37.18666666666667,136.83166666666668,12.0,4.4,石川県能登地方,https://www.data.jma.go.jp/eqev/data/daily_map/20240105.html,20240105,13.700000047683716,13.700000047683716,0.04738929591520288,0.0,0.0,0.4661445274391644,4.920188758598056,4.454044231158892,20240105000519700,2024-01-05T00:05:19.700+09:00,79.70000004768372,0.8176104517096517,1.0,0.6000000000000005
20240105000500,2024-01-05T00:05:00+09:00,1704380700.0,37.183,136.84,11.0,3.8,2,matched,1,2024-01-05T00:05:19.700+09:00,1704380719.7,19.700000047683716,20240105000519700,2024-01-05T00:05:19.700+09:00,1704380719.7,37.18333333333333,136.84,11.0,3.8,石川県能登地方,https://www.data.jma.go.jp/eqev/data/daily_map/20240105.html,20240105,19.700000047683716,19.700000047683716,0.037064975548089636,0.0,0.0,0.6640796633657418,3.8120008463196977,3.147921182953956,20240105000413700,2024-01-05T00:04:13.700+09:00,-46.299999952316284,0.843337572879098,1.0,0.6000000000000005
20240105001700,2024-01-05T00:17:00+09:00,1704381420.0,38.662,141.507,68.0,3.7,1,matched,1,2024-01-05T00:17:57.600+09:00,1704381477.6,57.59999990463257,20240105001757600,2024-01-05T00:17:57.600+09:00,1704381477.6,38.66166666666667,141.50666666666666,68.0,3.7,宮城県沖,https://www.data.jma.go.jp/eqev/data/daily_map/20240105.html,20240105,57.59999990463257,57.59999990463257,0.04702611546022742,0.0,0.0,1.929405219913131,,inf,,,,,,
20240105013700,2024-01-05T01:37:00+09:00,1704386220.0,37.292,136.798,11.0,3.9,1,matched,1,2024-01-05T01:37:29.200+09:00,1704386249.2,29.200000047683716,20240105013729200,2024-01-05T01:37:29.200+09:00,1704386249.2,37.291666666666664,136.79833333333335,11.0,3.9,石川県能登地方,https://www.data.jma.go.jp/eqev/data/daily_map/20240105.html,20240105,29.200000047683716,29.200000047683716,0.047363694349158846,0.0,0.0,0.9828060737926223,,inf,,,,,,
20240105052400,2024-01-05T05:24:00+09:00,1704399840.0,37.355,136.853,13.0,3.4,1,matched,1,2024-01-05T05:24:00.500+09:00,1704399840.5,0.5,20240105052400500,2024-01-05T05:24:00.500+09:00,1704399840.5,37.355,136.85166666666666,13.0,3.4,石川県能登地方,https://www.data.jma.go.jp/eqev/data/daily_map/20240105.html,20240105,0.5,0.5,0.11785052230674217,0.0,0.0,0.0402367711280151,,inf,,,,,,
20240105092700,2024-01-05T09:27:00+09:00,1704414420.0,37.188,136.727,4.0,4.0,2,matched,1,2024-01-05T09:27:28.500+09:00,1704414448.5,28.5,20240105092728500,2024-01-05T09:27:28.500+09:00,1704414448.5,37.18833333333333,136.72666666666666,4.0,4.0,石川県能登地方,https://www.data.jma.go.jp/eqev/data/daily_map/20240105.html,20240105,28.5,28.5,0.04738897106824663,0.0,0.0,0.9594777942136493,4.7221649857151,3.762687191501451,20240105092719600,2024-01-05T09:27:19.600+09:00,19.59999990463257,17.844158277803405,5.0,
20240105093900,2024-01-05T09:39:00+09:00,1704415140.0,37.408,137.213,13.0,4.2,1,matched,1,2024-01-05T09:39:51.300+09:00,1704415191.3,51.299999952316284,20240105093951300,2024-01-05T09:39:51.300+09:00,1704415191.3,37.40833333333333,137.21333333333334,13.0,4.2,石川県能登地方,https://www.data.jma.go.jp/eqev/data/daily_map/20240105.html,20240105,51.299999952316284,51.299999952316284,0.04733528302454565,0.0,0.0,1.7194670550154518,,inf,,,,,,
20240105094200,2024-01-05T09:42:00+09:00,1704415320.0,37.17,136.69,10.0,3.0,2,matched,1,2024-01-05T09:42:35.200+09:00,1704415355.2,35.200000047683716,20240105094235200,2024-01-05T09:42:35.200+09:00,1704415355.2,37.16833333333334,136.68333333333334,10.0,3.0,石川県能登地方,https://www.data.jma.go.jp/eqev/data/daily_map/20240105.html,20240105,35.200000047683716,35.200000047683716,0.6190974532802447,0.0,0.0,1.2971528255788396,4.697670789314967,3.400517963736127,20240105094127000,2024-01-05T09:41:27.000+09:00,-33.0,1.4883539465748334,3.0,0.8999999999999999
20240105095300,2024-01-05T09:53:00+09:00,1704415980.0,37.172,136.695,6.0,3.9,1,matched,1,2024-01-05T09:53:34.400+09:00,1704416014.4,34.40000009536743,20240105095334400,2024-01-05T09:53:34.400+09:00,1704416014.4,37.17166666666667,136.695,6.0,3.9,石川県能登地方,https://www.data.jma.go.jp/eqev/data/daily_map/20240105.html,20240105,34.40000009536743,34.40000009536743,0.037064975548089636,0.0,0.0,1.154079664955199,,inf,,,,,,
20240105102100,2024-01-05T10:21:00+09:00,1704417660.0,37.517,137.242,12.0,3.7,1,matched,1,2024-01-05T10:21:11.800+09:00,1704417671.8,11.799999952316284,20240105102111800,2024-01-05T10:21:11.800+09:00,1704417671.8,37.516666666666666,137.24166666666667,12.0,3.7,能登半島沖,https://www.data.jma.go.jp/eqev/data/daily_map/20240105.html,20240105,11.799999952316284,11.799999952316284,0.047308700332061984,0.0,0.0,0.4027950718102885,,inf,,,,,,
20240105114200,2024-01-05T11:42:00+09:00,1704422520.0,37.382,136.822,12.0,3.1,1,matched,1,2024-01-05T11:42:15.700+09:00,1704422535.7,15.700000047683716,20240105114215700,2024-01-05T11:42:15.700+09:00,1704422535.7,37.38,136.82,13.0,3.1,石川県能登地方,https://www.data.jma.go.jp/eqev/data/daily_map/20240105.html,20240105,15.700000047683716,15.700000047683716,0.2840515326284891,1.0,0.0,0.6801436414484884,,inf,,,,,,
20240105124600,2024-01-05T12:46:00+09:00,1704426360.0,37.353,136.815,15.0,3.6,1,matched,1,2024-01-05T12:46:12.100+09:00,1704426372.1,12.099999904632568,20240105124612100,2024-01-05T12:46:12.100+09:00,1704426372.1,37.35333333333333,136.81666666666666,14.0,3.8,石川県能登地方,https://www.data.jma.go.jp/eqev/data/daily_map/20240105.html,20240105,12.099999904632568,12.099999904632568,0.15190799019770312,1.0,0.19999999999999973,1.2003815948606253,,inf,,,,,,
20240105133200,2024-01-05T13:32:00+09:00,1704429120.0,37.17,136.747,3.0,3.5,1,matched,1,2024-01-05T13:32:24.600+09:00,1704429144.6,24.59999990463257,20240105133224600,2024-01-05T13:32:24.600+09:00,1704429144.6,37.17333333333333,136.74166666666667,4.0,3.5,石川県能登地方,https://www.data.jma.go.jp/eqev/data/daily_map/20240105.html,20240105,24.59999990463257,24.59999990463257,0.6005711670894159,1.0,0.0,1.0401142302389688,,inf,,,,,,
20240105141500,2024-01-05T14:15:00+09:00,1704431700.0,37.458,137.238,14.0,4.2,1,matched,1,2024-01-05T14:15:03.300+09:00,1704431703.3,3.299999952316284,20240105141503300,2024-01-05T14:15:03.300+09:00,1704431703.3,37.458333333333336,137.23833333333334,14.0,4.2,石川県能登地方,https://www.data.jma.go.jp/eqev/data/daily_map/20240105.html,20240105,3.299999952316284,3.299999952316284,0.04732305695447977,0.0,0.0,0.11946460980143876,,inf,,,,,,
20240105153100,2024-01-05T15:31:00+09:00,1704436260.0,37.422,137.07,13.0,3.8,1,matched,1,2024-01-05T15:31:13.500+09:00,1704436273.5,13.5,20240105153113500,2024-01-05T15:31:13.500+09:00,1704436273.5,37.42166666666667,137.07,13.0,3.8,石川県能登地方,https://www.data.jma.go.jp/eqev/data/daily_map/20240105.html,20240105,13.5,13.5,0.03706497554738231,0.0,0.0,0.4574129951094765,,inf,,,,,,
20240105153900,2024-01-05T15:39:00+09:00,1704436740.0,37.19,136.73,6.0,3.2,1,matched,1,2024-01-05T15:39:40.900+09:00,1704436780.9,40.90000009536743,20240105153940900,2024-01-05T15:39:40.900+09:00,1704436780.9,37.19,136.73,6.0,3.2,石川県能登地方,https://www.data.jma.go.jp/eqev/data/daily_map/20240105.html,20240105,40.90000009536743,40.90000009536743,0.0,0.0,0.0,1.3633333365122478,,inf,,,,,,
20240105174300,2024-01-05T17:43:00+09:00,1704444180.0,37.142,136.723,6.0,3.5,1,matched,1,2024-01-05T17:43:28.400+09:00,1704444208.4,28.40000009536743,20240105174328400,2024-01-05T17:43:28.400+09:00,1704444208.4,37.141666666666666,136.72333333333333,6.0,3.5,能登半島沖,https://www.data.jma.go.jp/eqev/data/daily_map/20240105.html,20240105,28.40000009536743,28.40000009536743,0.0474002557779215,0.0,0.0,0.9561467210011653,,inf,,,,,,
20240105175000,2024-01-05T17:50:00+09:00,1704444600.0,37.17,136.697,6.0,3.1,1,matched,1,2024-01-05T17:50:30.700+09:00,1704444630.7,30.700000047683716,20240105175030700,2024-01-05T17:50:30.700+09:00,1704444630.7,37.175,136.69833333333332,6.0,3.1,石川県能登地方,https://www.data.jma.go.jp/eqev/data/daily_map/20240105.html,20240105,30.700000047683716,30.700000047683716,0.5683872054152587,0.0,0.0,1.137010776005842,,inf,,,,,,
20240105191000,2024-01-05T19:10:00+09:00,1704449400.0,37.463,137.138,14.0,4.1,2,matched,1,2024-01-05T19:10:49.400+09:00,1704449449.4,49.40000009536743,20240105191049400,2024-01-05T19:10:49.400+09:00,1704449449.4,37.46333333333333,137.13833333333332,14.0,4.1,石川県能登地方,https://www.data.jma.go.jp/eqev/data/daily_map/20240105.html,20240105,49.40000009536743,49.40000009536743,0.047321833854137574,0.0,0.0,1.6561310366164084,3.2551473980363577,1.5990163614199493,20240105190914300,2024-01-05T19:09:14.300+09:00,-45.700000047683716,0.3257369822345093,0.0,0.49999999999999956
20240105220900,2024-01-05T22:09:00+09:00,1704460140.0,37.367,136.95,14.0,4.3,1,matched,1,2024-01-05T22:09:25.600+09:00,1704460165.6,25.59999990463257,20240105220925600,2024-01-05T22:09:25.600+09:00,1704460165.6,37.36666666666667,136.95,14.0,4.3,石川県能登地方,https://www.data.jma.go.jp/eqev/data/daily_map/20240105.html,20240105,25.59999990463257,25.59999990463257,0.037064975548089636,0.0,0.0,0.8607463252640368,,inf,,,,,,
20240105234800,2024-01-05T23:48:00+09:00,1704466080.0,37.51,137.312,11.0,3.7,1,matched,1,2024-01-05T23:48:33.100+09:00,1704466113.1,33.09999990463257,20240105234833100,2024-01-05T23:48:33.100+09:00,1704466113.1,37.51,137.31166666666667,11.0,3.7,石川県能登地方,https://www.data.jma.go.jp/eqev/data/daily_map/20240105.html,20240105,33.09999990463257,33.09999990463257,0.02940168359878278,0.0,0.0,1.1092136668741757,,inf,,,,,,
20240106010500,2024-01-06T01:05:00+09:00,1704470700.0,37.362,136.907,12.0,3.9,1,matched,1,2024-01-06T01:05:58.200+09:00,1704470758.2,58.200000047683716,20240106010558200,2024-01-06T01:05:58.200+09:00,1704470758.2,37.361666666666665,136.90666666666667,12.0,3.9,石川県能登地方,https://www.data.jma.go.jp/eqev/data/daily_map/20240106.html,20240106,58.200000047683716,58.200000047683716,0.04734660453328423,0.0,0.0,1.949469322496114,,inf,,,,,,
20240106015900,2024-01-06T01:59:00+09:00,1704473940.0,37.362,136.725,12.0,4.6,1,matched,1,2024-01-06T01:59:05.400+09:00,1704473945.4,5.400000095367432,20240106015905400,2024-01-06T01:59:05.400+09:00,1704473945.4,37.361666666666665,136.725,12.0,4.6,能登半島沖,https://www.data.jma.go.jp/eqev/data/daily_map/20240106.html,20240106,5.400000095367432,5.400000095367432,0.03706497554879696,0.0,0.0,0.18741299828867378,,inf,,,,,,
20240106052600,2024-01-06T05:26:00+09:00,1704486360.0,37.217,136.832,12.0,5.4,1,matched,1,2024-01-06T05:26:51.600+09:00,1704486411.6,51.59999990463257,20240106052651600,2024-01-06T05:26:51.600+09:00,1704486411.6,37.21666666666667,136.83166666666668,12.0,5.4,石川県能登地方,https://www.data.jma.go.jp/eqev/data/daily_map/20240106.html,20240106,51.59999990463257,51.59999990463257,0.0473819852548375,0.0,0.0,1.729476393872053,,inf,,,,,,
20240106053200,2024-01-06T05:32:00+09:00,1704486720.0,37.193,136.837,13.0,3.5,1,matched,1,2024-01-06T05:32:50.000+09:00,1704486770.0,50.0,20240106053250000,2024-01-06T05:32:50.000+09:00,1704486770.0,37.196666666666665,136.835,12.0,3.5,石川県能登地方,https://www.data.jma.go.jp/eqev/data/daily_map/20240106.html,20240106,50.0,50.0,0.44453822973153667,1.0,0.0,1.8555743126129742,,inf,,,,,,
20240106053500,2024-01-06T05:35:00+09:00,1704486900.0,37.21,136.825,14.0,3.9,1,matched,1,2024-01-06T05:35:49.900+09:00,1704486949.9,49.90000009536743,20240106053549900,2024-01-06T05:35:49.900+09:00,1704486949.9,37.208333333333336,136.83,13.0,4.1,石川県能登地方,https://www.data.jma.go.jp/eqev/data/daily_map/20240106.html,20240106,49.90000009536743,49.90000009536743,0.480014769188514,1.0,0.19999999999999973,2.5260029570166163,,inf,,,,,,
20240106065700,2024-01-06T06:57:00+09:00,1704491820.0,37.34,136.958,14.0,4.4,1,matched,1,2024-01-06T06:57:16.300+09:00,1704491836.3,16.299999952316284,20240106065716300,2024-01-06T06:57:16.300+09:00,1704491836.3,37.34,136.95833333333334,14.0,4.4,石川県能登地方,https://www.data.jma.go.jp/eqev/data/daily_map/20240106.html,20240106,16.299999952316284,16.299999952316284,0.029468517236401228,0.0,0.0,0.5492270351911563,,inf,,,,,,
20240106101500,2024-01-06T10:15:00+09:00,1704503700.0,36.63,141.012,45.0,4.2,1,matched,1,2024-01-06T10:15:29.800+09:00,1704503729.8,29.799999952316284,20240106101529800,2024-01-06T10:15:29.800+09:00,1704503729.8,36.63,141.01166666666666,45.0,4.2,茨城県沖,https://www.data.jma.go.jp/eqev/data/daily_map/20240106.html,20240106,29.799999952316284,29.799999952316284,0.029744834969268982,0.0,0.0,0.99928229873773,,inf,,,,,,
20240106104300,2024-01-06T10:43:00+09:00,1704505380.0,37.2,136.755,6.0,3.1,1,matched,1,2024-01-06T10:43:03.500+09:00,1704505383.5,3.5,20240106104303500,2024-01-06T10:43:03.500+09:00,1704505383.5,37.19833333333333,136.75166666666667,7.0,3.3,石川県能登地方,https://www.data.jma.go.jp/eqev/data/daily_map/20240106.html,20240106,3.5,3.5,0.3485830242471017,1.0,0.19999999999999973,0.9530499381827529,,inf,,,,,,
20240106131300,2024-01-06T13:13:00+09:00,1704514380.0,37.165,136.747,6.0,3.1,1,matched,1,2024-01-06T13:13:43.400+09:00,1704514423.4,43.40000009536743,20240106131343400,2024-01-06T13:13:43.400+09:00,1704514423.4,37.16833333333334,136.74,6.0,3.2,石川県能登地方,https://www.data.jma.go.jp/eqev/data/daily_map/20240106.html,20240106,43.40000009536743,43.40000009536743,0.7225711150580137,0.0,0.10000000000000009,1.9245142261905175,,inf,,,,,,
20240106135200,2024-01-06T13:52:00+09:00,1704516720.0,37.168,136.728,6.0,3.6,1,matched,1,2024-01-06T13:52:17.100+09:00,1704516737.1,17.09999990463257,20240106135217100,2024-01-06T13:52:17.100+09:00,1704516737.1,37.16833333333334,136.72833333333332,6.0,3.6,石川県能登地方,https://www.data.jma.go.jp/eqev/data/daily_map/20240106.html,20240106,17.09999990463257,17.09999990463257,0.047393843122457674,0.0,0.0,0.5794787654455771,,inf,,,,,,
20240106150900,2024-01-06T15:09:00+09:00,1704521340.0,37.458,137.142,14.0,3.6,1,matched,1,2024-01-06T15:09:39.000+09:00,1704521379.0,39.0,20240106150939000,2024-01-06T15:09:39.000+09:00,1704521379.0,37.458333333333336,137.14166666666668,14.0,3.6,石川県能登地方,https://www.data.jma.go.jp/eqev/data/daily_map/20240106.html,20240106,39.0,39.0,0.047323056951687106,0.0,0.0,1.3094646113903374,,inf,,,,,,
20240106154400,2024-01-06T15:44:00+09:00,1704523440.0,37.415,136.958,12.0,3.3,1,matched,1,2024-01-06T15:44:30.100+09:00,1704523470.1,30.09999990463257,20240106154430100,2024-01-06T15:44:30.100+09:00,1704523470.1,37.415,136.95833333333334,12.0,3.3,石川県能登地方,https://www.data.jma.go.jp/eqev/data/daily_map/20240106.html,20240106,30.09999990463257,30.09999990463257,0.029439063752449438,0.0,0.0,1.009221142904909,,inf,,,,,,
20240106182300,2024-01-06T18:23:00+09:00,1704532980.0,37.375,136.928,14.0,4.0,1,matched,1,2024-01-06T18:23:24.800+09:00,1704533004.8,24.799999952316284,20240106182324800,2024-01-06T18:23:24.800+09:00,1704533004.8,37.373333333333335,136.93166666666667,13.0,3.9,石川県能登地方,https://www.data.jma.go.jp/eqev/data/daily_map/20240106.html,20240106,24.799999952316284,24.799999952316284,0.37326304990932807,1.0,0.10000000000000009,1.3346526083924088,,inf,,,,,,
20240106215200,2024-01-06T21:52:00+09:00,1704545520.0,37.478,137.352,13.0,3.6,1,matched,1,2024-01-06T21:52:09.300+09:00,1704545529.3,9.299999952316284,20240106215209300,2024-01-06T21:52:09.300+09:00,1704545529.3,37.47666666666667,137.35666666666665,14.0,3.6,石川県能登地方,https://www.data.jma.go.jp/eqev/data/daily_map/20240106.html,20240106,9.299999952316284,9.299999952316284,0.4376793833528865,1.0,0.0,0.49753587508112007,,inf,,,,,,
20240106232000,2024-01-06T23:20:00+09:00,1704550800.0,37.172,136.645,5.0,4.3,1,matched,1,2024-01-06T23:20:23.000+09:00,1704550823.0,23.0,20240106232023000,2024-01-06T23:20:23.000+09:00,1704550823.0,37.17166666666667,136.645,5.0,4.3,能登半島沖,https://www.data.jma.go.jp/eqev/data/daily_map/20240106.html,20240106,23.0,23.0,0.037064975548089636,0.0,0.0,0.7740796617762846,,inf,,,,,,
20240106234300,2024-01-06T23:43:00+09:00,1704552180.0,37.048,137.755,0.0,3.2,1,matched,1,2024-01-06T23:43:17.900+09:00,1704552197.9,17.90000009536743,20240106234317900,2024-01-06T23:43:17.900+09:00,1704552197.9,37.04833333333333,137.755,0.0,3.2,新潟県上中越沖,https://www.data.jma.go.jp/eqev/data/daily_map/20240106.html,20240106,17.90000009536743,17.90000009536743,0.037064975548089636,0.0,0.0,0.6040796649551989,,inf,,,,,,
20240107005700,2024-01-07T00:57:00+09:00,1704556620.0,37.163,136.652,5.0,3.3,1,matched,1,2024-01-07T00:57:06.500+09:00,1704556626.5,6.5,20240107005706500,2024-01-07T00:57:06.500+09:00,1704556626.5,37.163333333333334,136.65166666666667,5.0,3.3,能登半島沖,https://www.data.jma.go.jp/eqev/data/daily_map/20240107.html,20240107,6.5,6.5,0.047395060909755864,0.0,0.0,0.22614567884861786,,inf,,,,,,
20240107011200,2024-01-07T01:12:00+09:00,1704557520.0,37.368,136.947,13.0,3.2,1,matched,1,2024-01-07T01:12:33.100+09:00,1704557553.1,33.09999990463257,20240107011233100,2024-01-07T01:12:33.100+09:00,1704557553.1,37.36833333333333,136.94666666666666,13.0,3.2,石川県能登地方,https://www.data.jma.go.jp/eqev/data/daily_map/20240107.html,20240107,33.09999990463257,33.09999990463257,0.04734505744251356,0.0,0.0,1.1128023416429218,,inf,,,,,,
20240107051900,2024-01-07T05:19:00+09:00,1704572340.0,37.477,137.258,12.0,3.7,2,matched,1,2024-01-07T05:19:00.900+09:00,1704572340.9,0.9000000953674316,20240107051900900,2024-01-07T05:19:00.900+09:00,1704572340.9,37.473333333333336,137.26,12.0,3.7,石川県能登地方,https://www.data.jma.go.jp/eqev/data/daily_map/20240107.html,20240107,0.9000000953674316,0.9000000953674316,0.4442756656648112,0.0,0.0,0.11885513631187664,4.843374886663152,4.724519750351275,20240107051822900,2024-01-07T05:18:22.900+09:00,-37.09999990463257,7.533541115876993,1.0,0.6000000000000001
20240107052600,2024-01-07T05:26:00+09:00,1704572760.0,37.403,137.015,13.0,3.5,1,matched,1,2024-01-07T05:26:54.800+09:00,1704572814.8,54.799999952316284,20240107052654800,2024-01-07T05:26:54.800+09:00,1704572814.8,37.403333333333336,137.015,13.0,3.5,石川県能登地方,https://www.data.jma.go.jp/eqev/data/daily_map/20240107.html,20240107,54.799999952316284,54.799999952316284,0.03706497554879696,0.0,0.0,1.8340796601869689,,inf,,,,,,
20240107065700,2024-01-07T06:57:00+09:00,1704578220.0,37.26,136.818,16.0,3.2,1,matched,1,2024-01-07T06:57:25.000+09:00,1704578245.0,25.0,20240107065725000,2024-01-07T06:57:25.000+09:00,1704578245.0,37.26,136.81833333333333,16.0,3.2,石川県能登地方,https://www.data.jma.go.jp/eqev/data/daily_map/20240107.html,20240107,25.0,25.0,0.029499878627404566,0.0,0.0,0.8392333090588143,,inf,,,,,,
20240107073800,2024-01-07T07:38:00+09:00,1704580680.0,37.163,136.678,5.0,3.4,1,matched,1,2024-01-07T07:38:28.300+09:00,1704580708.3,28.299999952316284,20240107073828300,2024-01-07T07:38:28.300+09:00,1704580708.3,37.163333333333334,136.67833333333334,5.0,3.4,能登半島沖,https://www.data.jma.go.jp/eqev/data/daily_map/20240107.html,20240107,28.299999952316284,28.299999952316284,0.04739506091116106,0.0,0.0,0.9528123439261084,,inf,,,,,,
20240107133900,2024-01-07T13:39:00+09:00,1704602340.0,37.363,136.99,11.0,3.2,1,matched,1,2024-01-07T13:39:09.000+09:00,1704602349.0,9.0,20240107133909000,2024-01-07T13:39:09.000+09:00,1704602349.0,37.36333333333334,136.99,11.0,3.2,石川県能登地方,https://www.data.jma.go.jp/eqev/data/daily_map/20240107.html,20240107,9.0,9.0,0.037064975548089636,0.0,0.0,0.3074129951096179,,inf,,,,,,
20240107143800,2024-01-07T14:38:00+09:00,1704605880.0,37.453,137.28,14.0,4.6,1,matched,1,2024-01-07T14:37:59.200+09:00,1704605879.2,-0.7999999523162842,20240107143759200,2024-01-07T14:37:59.200+09:00,1704605879.2,37.45333333333333,137.28,14.0,4.6,石川県能登地方,https://www.data.jma.go.jp/eqev/data/daily_map/20240107.html,20240107,-0.7999999523162842,0.7999999523162842,0.037064975548089636,0.0,0.0,0.0340796601868274,,inf,,,,,,
20240107152600,2024-01-07T15:26:00+09:00,1704608760.0,37.212,136.718,11.0,4.5,1,matched,1,2024-01-07T15:26:56.700+09:00,1704608816.7,56.700000047683716,20240107152656700,2024-01-07T15:26:56.700+09:00,1704608816.7,37.211666666666666,136.71833333333333,11.0,4.5,石川県能登地方,https://www.data.jma.go.jp/eqev/data/daily_map/20240107.html,20240107,56.700000047683716,56.700000047683716,0.04738320392640475,0.0,0.0,1.899476642374738,,inf,,,,,,
20240107183800,2024-01-07T18:38:00+09:00,1704620280.0,37.192,136.717,4.0,3.0,1,matched,1,2024-01-07T18:38:19.800+09:00,1704620299.8,19.799999952316284,20240107183819800,2024-01-07T18:38:19.800+09:00,1704620299.8,37.196666666666665,136.705,5.0,3.0,石川県能登地方,https://www.data.jma.go.jp/eqev/data/daily_map/20240107.html,20240107,19.799999952316284,19.799999952316284,1.1828219999797918,1.0,0.0,0.9965643984065011,,inf,,,,,,
20240107213200,2024-01-07T21:32:00+09:00,1704630720.0,37.378,136.917,12.0,3.1,1,matched,1,2024-01-07T21:32:12.400+09:00,1704630732.4,12.400000095367432,20240107213212400,2024-01-07T21:32:12.400+09:00,1704630732.4,37.37833333333333,136.91666666666666,12.0,3.1,石川県能登地方,https://www.data.jma.go.jp/eqev/data/daily_map/20240107.html,20240107,12.400000095367432,12.400000095367432,0.04734261437498131,0.0,0.0,0.422801859387244,,inf,,,,,,
20240107213800,2024-01-07T21:38:00+09:00,1704631080.0,37.178,136.813,12.0,4.7,1,matched,1,2024-01-07T21:38:19.400+09:00,1704631099.4,19.40000009536743,20240107213819400,2024-01-07T21:38:19.400+09:00,1704631099.4,37.178333333333335,136.81333333333333,12.0,4.7,石川県能登地方,https://www.data.jma.go.jp/eqev/data/daily_map/20240107.html,20240107,19.40000009536743,19.40000009536743,0.04739140727827475,0.0,0.0,0.6561449513012361,,inf,,,,,,
20240107213900,2024-01-07T21:39:00+09:00,1704631140.0,37.367,136.948,11.0,3.6,1,matched,1,2024-01-07T21:39:31.000+09:00,1704631171.0,31.0,20240107213931000,2024-01-07T21:39:31.000+09:00,1704631171.0,37.36666666666667,136.95,11.0,3.7,石川県能登地方,https://www.data.jma.go.jp/eqev/data/daily_map/20240107.html,20240107,31.0,31.0,0.1805924599502144,0.0,0.10000000000000009,1.40278515865671,,inf,,,,,,
20240107220500,2024-01-07T22:05:00+09:00,1704632700.0,37.357,137.042,15.0,3.5,1,matched,1,2024-01-07T22:05:24.900+09:00,1704632724.9,24.90000009536743,20240107220524900,2024-01-07T22:05:24.900+09:00,1704632724.9,37.35666666666667,137.04166666666666,15.0,3.5,石川県能登地方,https://www.data.jma.go.jp/eqev/data/daily_map/20240107.html,20240107,24.90000009536743,24.90000009536743,0.0473478258180588,0.0,0.0,0.8394695683425262,,inf,,,,,,
20240107234400,2024-01-07T23:44:00+09:00,1704638640.0,37.368,136.852,12.0,3.9,1,matched,1,2024-01-07T23:43:58.200+09:00,1704638638.2,-1.7999999523162842,20240107234358200,2024-01-07T23:43:58.200+09:00,1704638638.2,37.36833333333333,136.85166666666666,12.0,3.9,石川県能登地方,https://www.data.jma.go.jp/eqev/data/daily_map/20240107.html,20240107,-1.7999999523162842,1.7999999523162842,0.04734505744251356,0.0,0.0,0.06946900989904552,,inf,,,,,,
20240108021400,2024-01-08T02:14:00+09:00,1704647640.0,37.288,137.133,13.0,3.5,1,matched,1,2024-01-08T02:14:59.400+09:00,1704647699.4,59.40000009536743,20240108021459400,2024-01-08T02:14:59.400+09:00,1704647699.4,37.288333333333334,137.13333333333333,13.0,3.5,富山湾,https://www.data.jma.go.jp/eqev/data/daily_map/20240108.html,20240108,59.40000009536743,59.40000009536743,0.04736458904090951,0.0,0.0,1.9894729209870963,,inf,,,,,,
20240108025900,2024-01-08T02:59:00+09:00,1704650340.0,37.38,137.1,13.0,3.8,1,matched,1,2024-01-08T02:59:20.300+09:00,1704650360.3,20.299999952316284,20240108025920300,2024-01-08T02:59:20.300+09:00,1704650360.3,37.38,137.1,13.0,3.8,石川県能登地方,https://www.data.jma.go.jp/eqev/data/daily_map/20240108.html,20240108,20.299999952316284,20.299999952316284,0.0,0.0,0.0,0.6766666650772095,,inf,,,,,,
20240108031500,2024-01-08T03:15:00+09:00,1704651300.0,37.255,136.768,9.0,3.8,1,matched,1,2024-01-08T03:15:41.000+09:00,1704651341.0,41.0,20240108031541000,2024-01-08T03:15:41.000+09:00,1704651341.0,37.255,136.76833333333335,9.0,3.8,石川県能登地方,https://www.data.jma.go.jp/eqev/data/daily_map/20240108.html,20240108,41.0,41.0,0.029501836807806346,0.0,0.0,1.3725670340282279,,inf,,,,,,
20240108094900,2024-01-08T09:49:00+09:00,1704674940.0,37.348,136.807,11.0,3.4,1,matched,1,2024-01-08T09:49:18.500+09:00,1704674958.5,18.5,20240108094918500,2024-01-08T09:49:18.500+09:00,1704674958.5,37.346666666666664,136.81166666666667,10.0,3.5,石川県能登地方,https://www.data.jma.go.jp/eqev/data/daily_map/20240108.html,20240108,18.5,18.5,0.4383524676383674,1.0,0.10000000000000009,1.1376704935276738,,inf,,,,,,
20240108110500,2024-01-08T11:05:00+09:00,1704679500.0,37.13,136.752,4.0,3.7,1,matched,1,2024-01-08T11:05:04.200+09:00,1704679504.2,4.200000047683716,20240108110504200,2024-01-08T11:05:04.200+09:00,1704679504.2,37.13,136.75166666666667,4.0,3.7,石川県能登地方,https://www.data.jma.go.jp/eqev/data/daily_map/20240108.html,20240108,4.200000047683716,4.200000047683716,0.029550718205279245,0.0,0.0,0.14591014523051304,,inf,,,,,,
20240108131100,2024-01-08T13:11:00+09:00,1704687060.0,40.477,140.882,5.0,3.7,1,matched,1,2024-01-08T13:11:14.700+09:00,1704687074.7,14.700000047683716,20240108131114700,2024-01-08T13:11:14.700+09:00,1704687074.7,40.47666666666667,140.88166666666666,5.0,3.7,秋田県内陸北部,https://www.data.jma.go.jp/eqev/data/daily_map/20240108.html,20240108,14.700000047683716,14.700000047683716,0.04656955045199338,0.0,0.0,0.49931391167985584,,inf,,,,,,
20240108214800,2024-01-08T21:48:00+09:00,1704718080.0,37.135,136.635,8.0,3.1,1,matched,1,2024-01-08T21:48:05.400+09:00,1704718085.4,5.400000095367432,20240108214805400,2024-01-08T21:48:05.400+09:00,1704718085.4,37.135,136.635,8.0,3.1,能登半島沖,https://www.data.jma.go.jp/eqev/data/daily_map/20240108.html,20240108,5.400000095367432,5.400000095367432,0.0,0.0,0.0,0.18000000317891438,,inf,,,,,,
20240109012000,2024-01-09T01:20:00+09:00,1704730800.0,37.263,136.81,11.0,3.9,1,matched,1,2024-01-09T01:20:01.100+09:00,1704730801.1,1.0999999046325684,20240109012001100,2024-01-09T01:20:01.100+09:00,1704730801.1,37.263333333333335,136.81,11.0,3.9,石川県能登地方,https://www.data.jma.go.jp/eqev/data/daily_map/20240109.html,20240109,1.0999999046325684,1.0999999046325684,0.03706497554879696,0.0,0.0,0.04407965859751167,,inf,,,,,,
20240109131300,2024-01-09T13:13:00+09:00,1704773580.0,37.167,136.693,3.0,3.8,1,matched,1,2024-01-09T13:12:54.900+09:00,1704773574.9,-5.099999904632568,20240109131254900,2024-01-09T13:12:54.900+09:00,1704773574.9,37.166666666666664,136.69333333333333,3.0,3.8,石川県能登地方,https://www.data.jma.go.jp/eqev/data/daily_map/20240109.html,20240109,-5.099999904632568,5.099999904632568,0.04739416787362638,0.0,0.0,0.1794788303958109,,inf,,,,,,
20240109175900,2024-01-09T17:59:00+09:00,1704790740.0,37.91,137.763,27.0,6.1,1,matched,1,2024-01-09T17:59:11.400+09:00,1704790751.4,11.400000095367432,20240109175911400,2024-01-09T17:59:11.400+09:00,1704790751.4,37.91,137.76333333333332,27.0,6.1,佐渡付近,https://www.data.jma.go.jp/eqev/data/daily_map/20240109.html,20240109,11.400000095367432,11.400000095367432,0.029243408016250347,0.0,0.0,0.3858486847821645,,inf,,,,,,
20240109185500,2024-01-09T18:55:00+09:00,1704794100.0,37.87,137.775,23.0,4.3,1,matched,1,2024-01-09T18:55:10.400+09:00,1704794110.4,10.400000095367432,20240109185510400,2024-01-09T18:55:10.400+09:00,1704794110.4,37.87,137.775,23.0,4.3,佐渡付近,https://www.data.jma.go.jp/eqev/data/daily_map/20240109.html,20240109,10.400000095367432,10.400000095367432,0.0,0.0,0.0,0.34666666984558103,,inf,,,,,,
20240109201000,2024-01-09T20:10:00+09:00,1704798600.0,37.863,137.773,24.0,4.3,1,matched,1,2024-01-09T20:10:48.300+09:00,1704798648.3,48.299999952316284,20240109201048300,2024-01-09T20:10:48.300+09:00,1704798648.3,37.86333333333333,137.77333333333334,24.0,4.3,佐渡付近,https://www.data.jma.go.jp/eqev/data/daily_map/20240109.html,20240109,48.299999952316284,48.299999952316284,0.04722369990740614,0.0,0.0,1.619444738392024,,inf,,,,,,
20240110010400,2024-01-10T01:04:00+09:00,1704816240.0,37.168,136.748,6.0,3.4,1,matched,1,2024-01-10T01:04:14.600+09:00,1704816254.6,14.599999904632568,20240110010414600,2024-01-10T01:04:14.600+09:00,1704816254.6,37.16833333333334,136.74833333333333,6.0,3.4,石川県能登地方,https://www.data.jma.go.jp/eqev/data/daily_map/20240110.html,20240110,14.599999904632568,14.599999904632568,0.04739384312386271,0.0,0.0,0.4961454321125248,,inf,,,,,,
20240110060000,2024-01-10T06:00:00+09:00,1704834000.0,40.102,140.637,6.0,3.5,1,matched,1,2024-01-10T06:00:40.900+09:00,1704834040.9,40.90000009536743,20240110060040900,2024-01-10T06:00:40.900+09:00,1704834040.9,40.10166666666667,140.63666666666666,6.0,3.5,秋田県内陸北部,https://www.data.jma.go.jp/eqev/data/daily_map/20240110.html,20240110,40.90000009536743,40.90000009536743,0.04666468967350728,0.0,0.0,1.372666274446949,,inf,,,,,,
20240110144300,2024-01-10T14:43:00+09:00,1704865380.0,40.098,140.628,6.0,4.3,1,matched,1,2024-01-10T14:43:33.900+09:00,1704865413.9,33.90000009536743,20240110144333900,2024-01-10T14:43:33.900+09:00,1704865413.9,40.098333333333336,140.62833333333333,6.0,4.3,秋田県内陸北部,https://www.data.jma.go.jp/eqev/data/daily_map/20240110.html,20240110,33.90000009536743,33.90000009536743,0.04666561793393861,0.0,0.0,1.139333126765702,,inf,,,,,,
20240110175700,2024-01-10T17:57:00+09:00,1704877020.0,40.098,140.633,6.0,3.2,1,matched,1,2024-01-10T17:57:50.200+09:00,1704877070.2,50.200000047683716,20240110175750200,2024-01-10T17:57:50.200+09:00,1704877070.2,40.098333333333336,140.63333333333333,6.0,3.2,秋田県内陸北部,https://www.data.jma.go.jp/eqev/data/daily_map/20240110.html,20240110,50.200000047683716,50.200000047683716,0.046665617932623686,0.0,0.0,1.6826664585093154,,inf,,,,,,
20240110200000,2024-01-10T20:00:00+09:00,1704884400.0,37.37,136.962,12.0,4.1,1,matched,1,2024-01-10T20:00:33.300+09:00,1704884433.3,33.299999952316284,20240110200033300,2024-01-10T20:00:33.300+09:00,1704884433.3,37.37,136.96166666666667,12.0,4.1,石川県能登地方,https://www.data.jma.go.jp/eqev/data/daily_map/20240110.html,20240110,33.299999952316284,33.299999952316284,0.029456741896967852,0.0,0.0,1.1158913467899365,,inf,,,,,,
20240110212600,2024-01-10T21:26:00+09:00,1704889560.0,37.54,137.347,10.0,3.1,1,matched,1,2024-01-10T21:26:31.500+09:00,1704889591.5,31.5,20240110212631500,2024-01-10T21:26:31.500+09:00,1704889591.5,37.54,137.34666666666666,10.0,3.1,能登半島沖,https://www.data.jma.go.jp/eqev/data/daily_map/20240110.html,20240110,31.5,31.5,0.029389862541861746,0.0,0.0,1.0558779725083725,,inf,,,,,,
20240111004200,2024-01-11T00:42:00+09:00,1704901320.0,37.317,136.98,13.0,3.4,1,matched,1,2024-01-11T00:42:19.200+09:00,1704901339.2,19.200000047683716,20240111004219200,2024-01-11T00:42:19.200+09:00,1704901339.2,37.31666666666667,136.98,13.0,3.4,石川県能登地方,https://www.data.jma.go.jp/eqev/data/daily_map/20240111.html,20240111,19.200000047683716,19.200000047683716,0.037064975548089636,0.0,0.0,0.6474129966990751,,inf,,,,,,
20240111133000,2024-01-11T13:30:00+09:00,1704947400.0,37.352,136.82,8.0,3.6,1,matched,1,2024-01-11T13:30:49.500+09:00,1704947449.5,49.5,20240111133049500,2024-01-11T13:30:49.500+09:00,1704947449.5,37.35166666666667,136.82,8.0,3.6,石川県能登地方,https://www.data.jma.go.jp/eqev/data/daily_map/20240111.html,20240111,49.5,49.5,0.037064975548089636,0.0,0.0,1.657412995109618,,inf,,,,,,
20240111163300,2024-01-11T16:33:00+09:00,1704958380.0,37.39,136.863,12.0,3.6,1,matched,1,2024-01-11T16:33:20.200+09:00,1704958400.2,20.200000047683716,20240111163320200,2024-01-11T16:33:20.200+09:00,1704958400.2,37.39,136.86333333333334,12.0,3.6,石川県能登地方,https://www.data.jma.go.jp/eqev/data/daily_map/20240111.html,20240111,20.200000047683716,20.200000047683716,0.029448887187708855,0.0,0.0,0.6792231123603324,,inf,,,,,,
20240111175900,2024-01-11T17:59:00+09:00,1704963540.0,37.363,137.035,14.0,3.9,1,matched,1,2024-01-11T17:59:04.700+09:00,1704963544.7,4.700000047683716,20240111175904700,2024-01-11T17:59:04.700+09:00,1704963544.7,37.36333333333334,137.035,14.0,3.9,石川県能登地方,https://www.data.jma.go.jp/eqev/data/daily_map/20240111.html,20240111,4.700000047683716,4.700000047683716,0.037064975548089636,0.0,0.0,0.16407966336574178,,inf,,,,,,
20240111191400,2024-01-11T19:14:00+09:00,1704968040.0,37.397,136.878,10.0,3.3,1,matched,1,2024-01-11T19:14:00.300+09:00,1704968040.3,0.2999999523162842,20240111191400300,2024-01-11T19:14:00.300+09:00,1704968040.3,37.39666666666667,136.87833333333333,10.0,3.3,石川県能登地方,https://www.data.jma.go.jp/eqev/data/daily_map/20240111.html,20240111,0.2999999523162842,0.2999999523162842,0.0473380530242784,0.0,0.0,0.019467609015398485,,inf,,,,,,
20240111194800,2024-01-11T19:48:00+09:00,1704970080.0,42.738,142.47,12.0,3.7,1,matched,1,2024-01-11T19:48:46.200+09:00,1704970126.2,46.200000047683716,20240111194846200,2024-01-11T19:48:46.200+09:00,1704970126.2,42.73833333333333,142.47,12.0,3.7,日高地方西部,https://www.data.jma.go.jp/eqev/data/daily_map/20240111.html,20240111,46.200000047683716,46.200000047683716,0.037064975548089636,0.0,0.0,1.5474129966990753,,inf,,,,,,
20240111212400,2024-01-11T21:24:00+09:00,1704975840.0,32.137,130.062,10.0,3.4,2,matched,1,2024-01-11T21:24:00.100+09:00,1704975840.1,0.09999990463256836,20240111212400100,2024-01-11T21:24:00.100+09:00,1704975840.1,32.13666666666666,130.06166666666667,10.0,3.4,天草灘,https://www.data.jma.go.jp/eqev/data/daily_map/20240111.html,20240111,0.09999990463256836,0.09999990463256836,0.04856836601925619,0.0,0.0,0.013047003358270182,4.668282260003134,4.655235256644864,20240111212515300,2024-01-11T21:25:15.300+09:00,75.29999995231628,0.29141130796295456,1.0,0.6000000000000001
20240112013300,2024-01-12T01:33:00+09:00,1704990780.0,37.208,136.698,2.0,3.4,1,matched,1,2024-01-12T01:33:13.900+09:00,1704990793.9,13.900000095367432,20240112013313900,2024-01-12T01:33:13.900+09:00,1704990793.9,37.208333333333336,136.69833333333332,2.0,3.4,能登半島沖,https://www.data.jma.go.jp/eqev/data/daily_map/20240112.html,20240112,13.900000095367432,13.900000095367432,0.04738409755940842,0.0,0.0,0.4728101560241294,,inf,,,,,,
20240112160100,2024-01-12T16:01:00+09:00,1705042860.0,37.162,136.728,2.0,3.6,1,matched,1,2024-01-12T16:01:03.100+09:00,1705042863.1,3.0999999046325684,20240112160103100,2024-01-12T16:01:03.100+09:00,1705042863.1,37.16166666666667,136.72833333333332,2.0,3.6,石川県能登地方,https://www.data.jma.go.jp/eqev/data/daily_map/20240112.html,20240112,3.0999999046325684,3.0999999046325684,0.04739538563697995,0.0,0.0,0.11281240728181494,,inf,,,,,,
20240112172900,2024-01-12T17:29:00+09:00,1705048140.0,37.462,137.265,13.0,4.5,1,matched,1,2024-01-12T17:29:09.800+09:00,1705048149.8,9.799999952316284,20240112172909800,2024-01-12T17:29:09.800+09:00,1705048149.8,37.461666666666666,137.265,13.0,4.5,石川県能登地方,https://www.data.jma.go.jp/eqev/data/daily_map/20240112.html,20240112,9.799999952316284,9.799999952316284,0.03706497554879696,0.0,0.0,0.3340796601869689,,inf,,,,,,
20240112211000,2024-01-12T21:10:00+09:00,1705061400.0,37.167,136.75,5.0,4.5,1,matched,1,2024-01-12T21:10:23.100+09:00,1705061423.1,23.09999990463257,20240112211023100,2024-01-12T21:10:23.100+09:00,1705061423.1,37.166666666666664,136.75,5.0,4.5,石川県能登地方,https://www.data.jma.go.jp/eqev/data/daily_map/20240112.html,20240112,23.09999990463257,23.09999990463257,0.03706497554879696,0.0,0.0,0.777412991930845,,inf,,,,,,
20240113040400,2024-01-13T04:04:00+09:00,1705086240.0,37.168,136.745,5.0,4.3,1,matched,1,2024-01-13T04:04:30.300+09:00,1705086270.3,30.299999952316284,20240113040430300,2024-01-13T04:04:30.300+09:00,1705086270.3,37.16833333333334,136.745,5.0,4.3,石川県能登地方,https://www.data.jma.go.jp/eqev/data/daily_map/20240113.html,20240113,30.299999952316284,30.299999952316284,0.037064975548089636,0.0,0.0,1.0174129935201608,,inf,,,,,,
20240113041000,2024-01-13T04:10:00+09:00,1705086600.0,37.36,137.038,11.0,3.4,1,matched,1,2024-01-13T04:10:03.700+09:00,1705086603.7,3.700000047683716,20240113041003700,2024-01-13T04:10:03.700+09:00,1705086603.7,37.36,137.03833333333333,11.0,3.4,石川県能登地方,https://www.data.jma.go.jp/eqev/data/daily_map/20240113.html,20240113,3.700000047683716,3.700000047683716,0.02946066790682562,0.0,0.0,0.12922546850415564,,inf,,,,,,
20240113075100,2024-01-13T07:51:00+09:00,1705099860.0,37.378,136.93,12.0,3.5,1,matched,1,2024-01-13T07:51:25.400+09:00,1705099885.4,25.40000009536743,20240113075125400,2024-01-13T07:51:25.400+09:00,1705099885.4,37.37833333333333,136.93,12.0,3.5,石川県能登地方,https://www.data.jma.go.jp/eqev/data/daily_map/20240113.html,20240113,25.40000009536743,25.40000009536743,0.03706497554738231,0.0,0.0,0.8540796649550575,,inf,,,,,,
20240113155600,2024-01-13T15:56:00+09:00,1705128960.0,43.598,144.373,0.0,4.0,2,matched,1,2024-01-13T15:55:58.800+09:00,1705128958.8,-1.2000000476837158,20240113155558800,2024-01-13T15:55:58.800+09:00,1705128958.8,43.598333333333336,144.37333333333333,0.0,4.0,釧路地方北部,https://www.data.jma.go.jp/eqev/data/daily_map/20240113.html,20240113,-1.2000000476837158,1.2000000476837158,0.04576371635919798,0.0,0.0,0.04915274486129679,0.7093802007122361,0.6602274558509392,20240113155548200,2024-01-13T15:55:48.200+09:00,-11.799999952316284,1.0802343448418,1.0,
20240114000100,2024-01-14T00:01:00+09:00,1705158060.0,37.182,136.833,11.0,4.3,1,matched,1,2024-01-14T00:01:30.700+09:00,1705158090.7,30.700000047683716,20240114000130700,2024-01-14T00:01:30.700+09:00,1705158090.7,37.181666666666665,136.83333333333334,11.0,4.3,石川県能登地方,https://www.data.jma.go.jp/eqev/data/daily_map/20240114.html,20240114,30.700000047683716,30.700000047683716,0.047390514043641634,0.0,0.0,1.0328114377315187,,inf,,,,,,
20240114013600,2024-01-14T01:36:00+09:00,1705163760.0,37.067,140.68,9.0,4.0,1,matched,1,2024-01-14T01:36:22.100+09:00,1705163782.1,22.09999990463257,20240114013622100,2024-01-14T01:36:22.100+09:00,1705163782.1,37.06666666666667,140.68,9.0,4.0,福島県浜通り,https://www.data.jma.go.jp/eqev/data/daily_map/20240114.html,20240114,22.09999990463257,22.09999990463257,0.03706497554738231,0.0,0.0,0.7440796585972287,,inf,,,,,,
20240114024200,2024-01-14T02:42:00+09:00,1705167720.0,36.467,141.108,43.0,3.7,1,matched,1,2024-01-14T02:42:04.800+09:00,1705167724.8,4.799999952316284,20240114024204800,2024-01-14T02:42:04.800+09:00,1705167724.8,36.46666666666667,141.10833333333332,43.0,3.7,茨城県沖,https://www.data.jma.go.jp/eqev/data/daily_map/20240114.html,20240114,4.799999952316284,4.799999952316284,0.047563756461144,0.0,0.0,0.1695127497027716,,inf,,,,,,
20240114041000,2024-01-14T04:10:00+09:00,1705173000.0,37.417,137.018,10.0,3.3,1,matched,1,2024-01-14T04:10:36.600+09:00,1705173036.6,36.59999990463257,20240114041036600,2024-01-14T04:10:36.600+09:00,1705173036.6,37.416666666666664,137.01833333333335,10.0,3.3,石川県能登地方,https://www.data.jma.go.jp/eqev/data/daily_map/20240114.html,20240114,36.59999990463257,36.59999990463257,0.047333164479494275,0.0,0.0,1.2294666297169843,,inf,,,,,,
20240114122400,2024-01-14T12:24:00+09:00,1705202640.0,40.1,140.638,6.0,3.8,1,matched,1,2024-01-14T12:24:21.700+09:00,1705202661.7,21.700000047683716,20240114122421700,2024-01-14T12:24:21.700+09:00,1705202661.7,40.1,140.63833333333332,6.0,3.8,秋田県内陸北部,https://www.data.jma.go.jp/eqev/data/daily_map/20240114.html,20240114,21.700000047683716,21.700000047683716,0.028351793020153462,0.0,0.0,0.7290036935268212,,inf,,,,,,
20240114182300,2024-01-14T18:23:00+09:00,1705224180.0,37.448,137.307,15.0,3.2,1,matched,1,2024-01-14T18:23:03.600+09:00,1705224183.6,3.5999999046325684,20240114182303600,2024-01-14T18:23:03.600+09:00,1705224183.6,37.44833333333333,137.30666666666667,15.0,3.2,富山湾,https://www.data.jma.go.jp/eqev/data/daily_map/20240114.html,20240114,3.5999999046325684,3.5999999046325684,0.047325502878801204,0.0,0.0,0.12946509739684586,,inf,,,,,,
20240115004000,2024-01-15T00:40:00+09:00,1705246800.0,37.162,136.725,6.0,3.1,1,matched,1,2024-01-15T00:40:21.100+09:00,1705246821.1,21.09999990463257,20240115004021100,2024-01-15T00:40:21.100+09:00,1705246821.1,37.16166666666667,136.725,6.0,3.1,石川県能登地方,https://www.data.jma.go.jp/eqev/data/daily_map/20240115.html,20240115,21.09999990463257,21.09999990463257,0.037064975548089636,0.0,0.0,0.7107463252640368,,inf,,,,,,
20240115011000,2024-01-15T01:10:00+09:00,1705248600.0,37.23,136.81,7.0,3.5,1,matched,1,2024-01-15T01:10:59.800+09:00,1705248659.8,59.799999952316284,20240115011059800,2024-01-15T01:10:59.800+09:00,1705248659.8,37.23,136.81,7.0,3.5,石川県能登地方,https://www.data.jma.go.jp/eqev/data/daily_map/20240115.html,20240115,59.799999952316284,59.799999952316284,0.0,0.0,0.0,1.9933333317438762,,inf,,,,,,
20240115095900,2024-01-15T09:59:00+09:00,1705280340.0,37.265,136.85,8.0,3.3,1,matched,1,2024-01-15T09:59:02.200+09:00,1705280342.2,2.200000047683716,20240115095902200,2024-01-15T09:59:02.200+09:00,1705280342.2,37.265,136.85,8.0,3.3,石川県能登地方,https://www.data.jma.go.jp/eqev/data/daily_map/20240115.html,20240115,2.200000047683716,2.200000047683716,0.0,0.0,0.0,0.07333333492279052,,inf,,,,,,
20240115151600,2024-01-15T15:16:00+09:00,1705299360.0,37.232,136.808,7.0,3.3,1,matched,1,2024-01-15T15:16:25.200+09:00,1705299385.2,25.200000047683716,20240115151625200,2024-01-15T15:16:25.200+09:00,1705299385.2,37.23166666666667,136.80833333333334,7.0,3.3,石川県能登地方,https://www.data.jma.go.jp/eqev/data/daily_map/20240115.html,20240115,25.200000047683716,25.200000047683716,0.0473783287022674,0.0,0.0,0.8494756673299106,,inf,,,,,,
20240115181500,2024-01-15T18:15:00+09:00,1705310100.0,37.345,136.845,12.0,3.4,1,matched,1,2024-01-15T18:15:01.100+09:00,1705310101.1,1.0999999046325684,20240115181501100,2024-01-15T18:15:01.100+09:00,1705310101.1,37.345,136.845,12.0,3.4,石川県能登地方,https://www.data.jma.go.jp/eqev/data/daily_map/20240115.html,20240115,1.0999999046325684,1.0999999046325684,0.0,0.0,0.0,0.03666666348775228,,inf,,,,,,
20240116041100,2024-01-16T04:11:00+09:00,1705345860.0,37.188,136.838,10.0,3.6,1,matched,1,2024-01-16T04:11:32.000+09:00,1705345892.0,32.0,20240116041132000,2024-01-16T04:11:32.000+09:00,1705345892.0,37.18833333333333,136.83833333333334,10.0,3.6,石川県能登地方,https://www.data.jma.go.jp/eqev/data/daily_map/20240116.html,20240116,32.0,32.0,0.04738897106824663,0.0,0.0,1.076144460880316,,inf,,,,,,
20240116184200,2024-01-16T18:42:00+09:00,1705398120.0,37.185,136.752,3.0,4.8,2,matched,1,2024-01-16T18:42:15.800+09:00,1705398135.8,15.799999952316284,20240116184215800,2024-01-16T18:42:15.800+09:00,1705398135.8,37.185,136.75166666666667,3.0,4.8,石川県能登地方,https://www.data.jma.go.jp/eqev/data/daily_map/20240116.html,20240116,15.799999952316284,15.799999952316284,0.02952922770484355,0.0,0.0,0.5325725106181782,4.623925694340035,4.091353183721857,20240116184325700,2024-01-16T18:43:25.700+09:00,85.70000004768372,1.669628463752897,1.0,0.39999999999999947
20240116184300,2024-01-16T18:43:00+09:00,1705398180.0,37.172,136.743,4.0,4.4,2,matched,1,2024-01-16T18:43:25.700+09:00,1705398205.7,25.700000047683716,20240116184325700,2024-01-16T18:43:25.700+09:00,1705398205.7,37.17166666666667,136.74333333333334,4.0,4.4,石川県能登地方,https://www.data.jma.go.jp/eqev/data/daily_map/20240116.html,20240116,25.700000047683716,25.700000047683716,0.04739295002247993,0.0,0.0,0.8661452582606198,3.234027351622114,2.367882093361494,20240116184215800,2024-01-16T18:42:15.800+09:00,-44.200000047683716,1.6368034168299563,1.0,0.39999999999999947
20240116211300,2024-01-16T21:13:00+09:00,1705407180.0,37.168,136.735,3.0,3.0,1,matched,1,2024-01-16T21:13:54.800+09:00,1705407234.8,54.799999952316284,20240116211354800,2024-01-16T21:13:54.800+09:00,1705407234.8,37.16833333333334,136.735,3.0,3.0,石川県能登地方,https://www.data.jma.go.jp/eqev/data/daily_map/20240116.html,20240116,54.799999952316284,54.799999952316284,0.037064975548089636,0.0,0.0,1.8340796601868274,,inf,,,,,,
20240116220200,2024-01-16T22:02:00+09:00,1705410120.0,37.465,137.142,12.0,3.7,1,matched,1,2024-01-16T22:02:19.300+09:00,1705410139.3,19.299999952316284,20240116220219300,2024-01-16T22:02:19.300+09:00,1705410139.3,37.465,137.14166666666668,12.0,3.7,石川県能登地方,https://www.data.jma.go.jp/eqev/data/daily_map/20240116.html,20240116,19.299999952316284,19.299999952316284,0.029419400064963987,0.0,0.0,0.649217211756869,,inf,,,,,,
20240117040100,2024-01-17T04:01:00+09:00,1705431660.0,37.345,136.858,11.0,3.6,1,matched,1,2024-01-17T04:01:54.200+09:00,1705431714.2,54.200000047683716,20240117040154200,2024-01-17T04:01:54.200+09:00,1705431714.2,37.345,136.85833333333332,11.0,3.6,石川県能登地方,https://www.data.jma.go.jp/eqev/data/daily_map/20240117.html,20240117,54.200000047683716,54.200000047683716,0.029466555236657005,0.0,0.0,1.8125599793034552,,inf,,,,,,
20240117073800,2024-01-17T07:38:00+09:00,1705444680.0,33.82,139.398,20.0,4.0,1,matched,1,2024-01-17T07:38:58.100+09:00,1705444738.1,58.09999990463257,20240117073858100,2024-01-17T07:38:58.100+09:00,1705444738.1,33.82,139.39833333333334,20.0,4.0,三宅島近海,https://www.data.jma.go.jp/eqev/data/daily_map/20240117.html,20240117,58.09999990463257,58.09999990463257,0.030793219739107255,0.0,0.0,1.9428253074355737,,inf,,,,,,
20240117174500,2024-01-17T17:45:00+09:00,1705481100.0,37.195,136.83,11.0,3.2,1,matched,1,2024-01-17T17:45:03.100+09:00,1705481103.1,3.0999999046325684,20240117174503100,2024-01-17T17:45:03.100+09:00,1705481103.1,37.195,136.83,11.0,3.2,石川県能登地方,https://www.data.jma.go.jp/eqev/data/daily_map/20240117.html,20240117,3.0999999046325684,3.0999999046325684,0.0,0.0,0.0,0.10333333015441895,,inf,,,,,,
20240118173100,2024-01-18T17:31:00+09:00,1705566660.0,37.39,136.987,12.0,3.5,1,matched,1,2024-01-18T17:31:07.100+09:00,1705566667.1,7.099999904632568,20240118173107100,2024-01-18T17:31:07.100+09:00,1705566667.1,37.39,136.98666666666668,12.0,3.5,石川県能登地方,https://www.data.jma.go.jp/eqev/data/daily_map/20240118.html,20240118,7.099999904632568,7.099999904632568,0.029448887185460924,0.0,0.0,0.24255644092484446,,inf,,,,,,
20240119030400,2024-01-19T03:04:00+09:00,1705601040.0,37.37,137.01,11.0,4.4,1,matched,1,2024-01-19T03:04:39.100+09:00,1705601079.1,39.09999990463257,20240119030439100,2024-01-19T03:04:39.100+09:00,1705601079.1,37.37,137.01,11.0,4.4,石川県能登地方,https://www.data.jma.go.jp/eqev/data/daily_map/20240119.html,20240119,39.09999990463257,39.09999990463257,0.0,0.0,0.0,1.303333330154419,,inf,,,,,,
20240119070600,2024-01-19T07:06:00+09:00,1705615560.0,37.135,136.71,7.0,4.2,1,matched,1,2024-01-19T07:06:08.600+09:00,1705615568.6,8.599999904632568,20240119070608600,2024-01-19T07:06:08.600+09:00,1705615568.6,37.135,136.71,7.0,4.2,能登半島沖,https://www.data.jma.go.jp/eqev/data/daily_map/20240119.html,20240119,8.599999904632568,8.599999904632568,0.0,0.0,0.0,0.28666666348775227,,inf,,,,,,
20240119120200,2024-01-19T12:02:00+09:00,1705633320.0,37.368,137.09,14.0,4.1,1,matched,1,2024-01-19T12:02:46.500+09:00,1705633366.5,46.5,20240119120246500,2024-01-19T12:02:46.500+09:00,1705633366.5,37.36833333333333,137.09,14.0,4.1,石川県能登地方,https://www.data.jma.go.jp/eqev/data/daily_map/20240119.html,20240119,46.5,46.5,0.037064975548089636,0.0,0.0,1.557412995109618,,inf,,,,,,
20240119154300,2024-01-19T15:43:00+09:00,1705646580.0,35.717,140.695,51.0,3.8,1,matched,1,2024-01-19T15:43:26.600+09:00,1705646606.6,26.59999990463257,20240119154326600,2024-01-19T15:43:26.600+09:00,1705646606.6,35.71666666666667,140.695,51.0,3.8,千葉県北東部,https://www.data.jma.go.jp/eqev/data/daily_map/20240119.html,20240119,26.59999990463257,26.59999990463257,0.037064975548089636,0.0,0.0,0.8940796585973702,,inf,,,,,,
20240119154800,2024-01-19T15:48:00+09:00,1705646880.0,37.45,137.182,13.0,3.9,1,matched,1,2024-01-19T15:48:33.600+09:00,1705646913.6,33.59999990463257,20240119154833600,2024-01-19T15:48:33.600+09:00,1705646913.6,37.45,137.18166666666667,13.0,3.9,石川県能登地方,https://www.data.jma.go.jp/eqev/data/daily_map/20240119.html,20240119,33.59999990463257,33.59999990463257,0.029425301525225187,0.0,0.0,1.1258850571261307,,inf,,,,,,
20240119202200,2024-01-19T20:22:00+09:00,1705663320.0,37.58,137.522,18.0,4.2,1,matched,1,2024-01-19T20:22:34.800+09:00,1705663354.8,34.799999952316284,20240119202234800,2024-01-19T20:22:34.800+09:00,1705663354.8,37.58,137.52166666666668,18.0,4.2,新潟県上中越沖,https://www.data.jma.go.jp/eqev/data/daily_map/20240119.html,20240119,34.799999952316284,34.799999952316284,0.02937408859722249,0.0,0.0,1.1658748161299874,,inf,,,,,,
20240119220600,2024-01-19T22:06:00+09:00,1705669560.0,37.915,137.75,26.0,4.0,1,matched,1,2024-01-19T22:06:13.500+09:00,1705669573.5,13.5,20240119220613500,2024-01-19T22:06:13.500+09:00,1705669573.5,37.915,137.75,26.0,4.0,佐渡付近,https://www.data.jma.go.jp/eqev/data/daily_map/20240119.html,20240119,13.5,13.5,0.0,0.0,0.0,0.45,,inf,,,,,,
20240121190200,2024-01-21T19:02:00+09:00,1705831320.0,34.07,133.433,15.0,3.8,1,matched,1,2024-01-21T19:02:04.800+09:00,1705831324.8,4.799999952316284,20240121190204800,2024-01-21T19:02:04.800+09:00,1705831324.8,34.07,133.43333333333334,15.0,3.8,瀬戸内海中部,https://www.data.jma.go.jp/eqev/data/daily_map/20240121.html,20240121,4.799999952316284,4.799999952316284,0.030702912268124872,0.0,0.0,0.16614058086416778,,inf,,,,,,
20240122160000,2024-01-22T16:00:00+09:00,1705906800.0,37.438,136.637,8.0,4.0,1,matched,1,2024-01-22T16:00:37.100+09:00,1705906837.1,37.09999990463257,20240122160037100,2024-01-22T16:00:37.100+09:00,1705906837.1,37.43833333333333,136.63666666666666,8.0,4.0,能登半島沖,https://www.data.jma.go.jp/eqev/data/daily_map/20240122.html,20240122,37.09999990463257,37.09999990463257,0.047327948453010436,0.0,0.0,1.2461322531783545,,inf,,,,,,
20240122160700,2024-01-22T16:07:00+09:00,1705907220.0,37.168,136.698,4.0,3.0,2,matched,1,2024-01-22T16:07:10.300+09:00,1705907230.3,10.299999952316284,20240122160710300,2024-01-22T16:07:10.300+09:00,1705907230.3,37.16833333333334,136.69833333333332,4.0,3.0,石川県能登地方,https://www.data.jma.go.jp/eqev/data/daily_map/20240122.html,20240122,10.299999952316284,10.299999952316284,0.047393843122457674,0.0,0.0,0.3528121003683677,6.247924309073553,5.895112208705185,20240122160632000,2024-01-22T16:06:32.000+09:00,-28.0,17.572954878701104,8.0,0.2999999999999998
20240122170300,2024-01-22T17:03:00+09:00,1705910580.0,37.372,136.927,10.0,3.1,1,matched,1,2024-01-22T17:03:31.800+09:00,1705910611.8,31.799999952316284,20240122170331800,2024-01-22T17:03:31.800+09:00,1705910611.8,37.37166666666667,136.92666666666668,10.0,3.1,石川県能登地方,https://www.data.jma.go.jp/eqev/data/daily_map/20240122.html,20240122,31.799999952316284,31.799999952316284,0.047344161690977014,0.0,0.0,1.0694688307487383,,inf,,,,,,
20240123021300,2024-01-23T02:13:00+09:00,1705943580.0,37.193,136.728,6.0,4.2,1,matched,1,2024-01-23T02:13:19.700+09:00,1705943599.7,19.700000047683716,20240123021319700,2024-01-23T02:13:19.700+09:00,1705943599.7,37.193333333333335,136.72833333333332,6.0,4.2,石川県能登地方,https://www.data.jma.go.jp/eqev/data/daily_map/20240123.html,20240123,19.700000047683716,19.700000047683716,0.047387752825929996,0.0,0.0,0.6661442188213098,,inf,,,,,,
20240123084500,2024-01-23T08:45:00+09:00,1705967100.0,34.29,135.732,64.0,4.0,1,matched,1,2024-01-23T08:45:41.800+09:00,1705967141.8,41.799999952316284,20240123084541800,2024-01-23T08:45:41.800+09:00,1705967141.8,34.29,135.73166666666665,64.0,4.0,奈良県,https://www.data.jma.go.jp/eqev/data/daily_map/20240123.html,20240123,41.799999952316284,41.799999952316284,0.03062295810361773,0.0,0.0,1.3994579233645996,,inf,,,,,,
20240123134000,2024-01-23T13:40:00+09:00,1705984800.0,37.168,136.685,2.0,3.0,1,matched,1,2024-01-23T13:40:08.300+09:00,1705984808.3,8.299999952316284,20240123134008300,2024-01-23T13:40:08.300+09:00,1705984808.3,37.16833333333334,136.685,2.0,3.0,石川県能登地方,https://www.data.jma.go.jp/eqev/data/daily_map/20240123.html,20240123,8.299999952316284,8.299999952316284,0.037064975548089636,0.0,0.0,0.2840796601868274,,inf,,,,,,
20240124060600,2024-01-24T06:06:00+09:00,1706043960.0,37.153,136.673,6.0,3.3,1,matched,1,2024-01-24T06:06:28.700+09:00,1706043988.7,28.700000047683716,20240124060628700,2024-01-24T06:06:28.700+09:00,1706043988.7,37.153333333333336,136.67333333333335,6.0,3.3,能登半島沖,https://www.data.jma.go.jp/eqev/data/daily_map/20240124.html,20240124,28.700000047683716,28.700000047683716,0.04739749621185019,0.0,0.0,0.9661461674984939,,inf,,,,,,
20240124063300,2024-01-24T06:33:00+09:00,1706045580.0,42.48,145.037,25.0,5.1,1,matched,1,2024-01-24T06:33:49.700+09:00,1706045629.7,49.700000047683716,20240124063349700,2024-01-24T06:33:49.700+09:00,1706045629.7,42.48,145.03666666666666,25.0,5.1,釧路沖,https://www.data.jma.go.jp/eqev/data/daily_map/20240124.html,20240124,49.700000047683716,49.700000047683716,0.027335905662301815,0.0,0.0,1.6621338493885842,,inf,,,,,,
20240124132900,2024-01-24T13:29:00+09:00,1706070540.0,36.183,137.685,6.0,3.3,1,matched,1,2024-01-24T13:29:14.900+09:00,1706070554.9,14.900000095367432,20240124132914900,2024-01-24T13:29:14.900+09:00,1706070554.9,36.18333333333333,137.685,6.0,3.3,長野県中部,https://www.data.jma.go.jp/eqev/data/daily_map/20240124.html,20240124,14.900000095367432,14.900000095367432,0.037064975548089636,0.0,0.0,0.504079664955199,,inf,,,,,,
20240124193300,2024-01-24T19:33:00+09:00,1706092380.0,35.933,137.565,4.0,3.3,1,matched,1,2024-01-24T19:33:56.300+09:00,1706092436.3,56.299999952316284,20240124193356300,2024-01-24T19:33:56.300+09:00,1706092436.3,35.93333333333333,137.565,4.0,3.3,長野県南部,https://www.data.jma.go.jp/eqev/data/daily_map/20240124.html,20240124,56.299999952316284,56.299999952316284,0.03706497554738231,0.0,0.0,1.884079660186686,,inf,,,,,,
20240124234600,2024-01-24T23:46:00+09:00,1706107560.0,37.398,137.077,9.0,3.4,1,matched,1,2024-01-24T23:46:44.300+09:00,1706107604.3,44.299999952316284,20240124234644300,2024-01-24T23:46:44.300+09:00,1706107604.3,37.39833333333333,137.07666666666665,9.0,3.4,石川県能登地方,https://www.data.jma.go.jp/eqev/data/daily_map/20240124.html,20240124,44.299999952316284,44.299999952316284,0.04733772716575503,0.0,0.0,1.4861342105103605,,inf,,,,,,
20240125092400,2024-01-25T09:24:00+09:00,1706142240.0,37.48,137.278,13.0,3.2,1,matched,1,2024-01-25T09:24:48.600+09:00,1706142288.6,48.59999990463257,20240125092448600,2024-01-25T09:24:48.600+09:00,1706142288.6,37.48,137.27833333333334,13.0,3.2,石川県能登地方,https://www.data.jma.go.jp/eqev/data/daily_map/20240125.html,20240125,48.59999990463257,48.59999990463257,0.029413496595065505,0.0,0.0,1.6258826961400987,,inf,,,,,,
20240125111500,2024-01-25T11:15:00+09:00,1706148900.0,37.292,136.767,12.0,3.7,1,matched,1,2024-01-25T11:15:50.400+09:00,1706148950.4,50.40000009536743,20240125111550400,2024-01-25T11:15:50.400+09:00,1706148950.4,37.291666666666664,136.76666666666668,12.0,3.7,石川県能登地方,https://www.data.jma.go.jp/eqev/data/daily_map/20240125.html,20240125,50.40000009536743,50.40000009536743,0.04736369434635617,0.0,0.0,1.6894727420481856,,inf,,,,,,
20240125132900,2024-01-25T13:29:00+09:00,1706156940.0,43.155,145.79,46.0,4.8,1,matched,1,2024-01-25T13:29:47.200+09:00,1706156987.2,47.200000047683716,20240125132947200,2024-01-25T13:29:47.200+09:00,1706156987.2,43.155,145.79,46.0,4.8,根室半島南東沖,https://www.data.jma.go.jp/eqev/data/daily_map/20240125.html,20240125,47.200000047683716,47.200000047683716,0.0,0.0,0.0,1.5733333349227905,,inf,,,,,,
20240126093200,2024-01-26T09:32:00+09:00,1706229120.0,37.333,136.843,0.0,4.3,1,matched,1,2024-01-26T09:32:39.100+09:00,1706229159.1,39.09999990463257,20240126093239100,2024-01-26T09:32:39.100+09:00,1706229159.1,37.333333333333336,136.84333333333333,0.0,4.3,石川県能登地方,https://www.data.jma.go.jp/eqev/data/daily_map/20240126.html,20240126,39.09999990463257,39.09999990463257,0.04735360535077867,0.0,0.0,1.3128040512245747,,inf,,,,,,
20240126093500,2024-01-26T09:35:00+09:00,1706229300.0,35.41,140.365,30.0,3.1,1,matched,1,2024-01-26T09:35:05.300+09:00,1706229305.3,5.299999952316284,20240126093505300,2024-01-26T09:35:05.300+09:00,1706229305.3,35.41,140.365,30.0,3.1,千葉県北東部,https://www.data.jma.go.jp/eqev/data/daily_map/20240126.html,20240126,5.299999952316284,5.299999952316284,0.0,0.0,0.0,0.17666666507720946,,inf,,,,,,
20240126144000,2024-01-26T14:40:00+09:00,1706247600.0,37.158,136.615,13.0,4.4,1,matched,1,2024-01-26T14:40:04.000+09:00,1706247604.0,4.0,20240126144004000,2024-01-26T14:40:04.000+09:00,1706247604.0,37.15833333333333,136.615,13.0,4.4,能登半島沖,https://www.data.jma.go.jp/eqev/data/daily_map/20240126.html,20240126,4.0,4.0,0.03706497554738231,0.0,0.0,0.1407463284428098,,inf,,,,,,
20240127023300,2024-01-27T02:33:00+09:00,1706290380.0,37.222,136.815,9.0,3.5,1,matched,1,2024-01-27T02:33:52.900+09:00,1706290432.9,52.90000009536743,20240127023352900,2024-01-27T02:33:52.900+09:00,1706290432.9,37.221666666666664,136.815,9.0,3.5,石川県能登地方,https://www.data.jma.go.jp/eqev/data/daily_map/20240127.html,20240127,52.90000009536743,52.90000009536743,0.03706497554879696,0.0,0.0,1.7707463316220071,,inf,,,,,,
20240127044400,2024-01-27T04:44:00+09:00,1706298240.0,37.49,141.878,40.0,4.2,1,matched,1,2024-01-27T04:44:09.300+09:00,1706298249.3,9.299999952316284,20240127044409300,2024-01-27T04:44:09.300+09:00,1706298249.3,37.49,141.87833333333333,40.0,4.2,福島県沖,https://www.data.jma.go.jp/eqev/data/daily_map/20240127.html,20240127,9.299999952316284,9.299999952316284,0.029409559825464365,0.0,0.0,0.3158819103756357,,inf,,,,,,
20240128085900,2024-01-28T08:59:00+09:00,1706399940.0,35.637,140.018,73.0,4.7,1,matched,1,2024-01-28T08:59:29.100+09:00,1706399969.1,29.09999990463257,20240128085929100,2024-01-28T08:59:29.100+09:00,1706399969.1,35.63666666666667,140.01833333333335,73.0,4.7,東京湾,https://www.data.jma.go.jp/eqev/data/daily_map/20240128.html,20240128,29.09999990463257,29.09999990463257,0.04776241918901254,0.0,0.0,0.9795524806588881,,inf,,,,,,
20240128142200,2024-01-28T14:22:00+09:00,1706419320.0,32.548,130.58,9.0,3.0,1,matched,1,2024-01-28T14:22:09.000+09:00,1706419329.0,9.0,20240128142209000,2024-01-28T14:22:09.000+09:00,1706419329.0,32.54833333333333,130.58,9.0,3.0,熊本県熊本地方,https://www.data.jma.go.jp/eqev/data/daily_map/20240128.html,20240128,9.0,9.0,0.03706497554738231,0.0,0.0,0.30741299510947645,,inf,,,,,,
20240128234800,2024-01-28T23:48:00+09:00,1706453280.0,34.288,135.715,60.0,3.6,1,matched,1,2024-01-28T23:48:56.200+09:00,1706453336.2,56.200000047683716,20240128234856200,2024-01-28T23:48:56.200+09:00,1706453336.2,34.288333333333334,135.715,60.0,3.6,奈良県,https://www.data.jma.go.jp/eqev/data/daily_map/20240128.html,20240128,56.200000047683716,56.200000047683716,0.03706497554879696,0.0,0.0,1.88074633003255,,inf,,,,,,
20240130000100,2024-01-30T00:01:00+09:00,1706540460.0,32.65,130.685,12.0,3.1,2,matched,1,2024-01-30T00:01:30.300+09:00,1706540490.3,30.299999952316284,20240130000130300,2024-01-30T00:01:30.300+09:00,1706540490.3,32.65,130.685,12.0,3.1,熊本県熊本地方,https://www.data.jma.go.jp/eqev/data/daily_map/20240130.html,20240130,30.299999952316284,30.299999952316284,0.0,0.0,0.0,1.0099999984105428,3.373731639035843,2.3637316406253004,20240130000210100,2024-01-30T00:02:10.100+09:00,70.09999990463257,0.18532487774044815,0.0,0.30000000000000027
20240130051100,2024-01-30T05:11:00+09:00,1706559060.0,32.65,130.683,12.0,3.6,2,matched,1,2024-01-30T05:11:09.700+09:00,1706559069.7,9.700000047683716,20240130051109700,2024-01-30T05:11:09.700+09:00,1706559069.7,32.65,130.68333333333334,12.0,3.6,熊本県熊本地方,https://www.data.jma.go.jp/eqev/data/daily_map/20240130.html,20240130,9.700000047683716,9.700000047683716,0.031208038910195895,0.0,0.0,0.32957494270482973,2.6039669211310588,2.274391978426229,20240130051210100,2024-01-30T05:12:10.100+09:00,70.09999990463257,0.33650128821653025,2.0,
20240130120900,2024-01-30T12:09:00+09:00,1706584140.0,37.463,137.265,12.0,3.0,1,matched,1,2024-01-30T12:09:20.400+09:00,1706584160.4,20.40000009536743,20240130120920400,2024-01-30T12:09:20.400+09:00,1706584160.4,37.46333333333333,137.265,12.0,3.0,石川県能登地方,https://www.data.jma.go.jp/eqev/data/daily_map/20240130.html,20240130,20.40000009536743,20.40000009536743,0.03706497554738231,0.0,0.0,0.6874129982883909,,inf,,,,,,
20240130155800,2024-01-30T15:58:00+09:00,1706597880.0,37.36,136.788,8.0,3.3,1,matched,1,2024-01-30T15:58:58.000+09:00,1706597938.0,58.0,20240130155858000,2024-01-30T15:58:58.000+09:00,1706597938.0,37.36,136.78833333333333,8.0,3.3,石川県能登地方,https://www.data.jma.go.jp/eqev/data/daily_map/20240130.html,20240130,58.0,58.0,0.02946066790682562,0.0,0.0,1.9392254669146984,,inf,,,,,,
20240130193700,2024-01-30T19:37:00+09:00,1706611020.0,37.153,136.66,6.0,3.0,2,matched,1,2024-01-30T19:37:16.100+09:00,1706611036.1,16.09999990463257,20240130193716100,2024-01-30T19:37:16.100+09:00,1706611036.1,37.153333333333336,136.66,6.0,3.0,能登半島沖,https://www.data.jma.go.jp/eqev/data/daily_map/20240130.html,20240130,16.09999990463257,16.09999990463257,0.03706497554879696,0.0,0.0,0.5440796585975116,5.755057923575098,5.210978264977586,20240130193623700,2024-01-30T19:36:23.700+09:00,-36.299999952316284,12.225289625822773,1.0,0.6000000000000001
20240131074700,2024-01-31T07:47:00+09:00,1706654820.0,37.338,136.977,11.0,3.3,1,matched,1,2024-01-31T07:47:45.800+09:00,1706654865.8,45.799999952316284,20240131074745800,2024-01-31T07:47:45.800+09:00,1706654865.8,37.33833333333333,136.97666666666666,11.0,3.3,石川県能登地方,https://www.data.jma.go.jp/eqev/data/daily_map/20240131.html,20240131,45.799999952316284,45.799999952316284,0.04735238448945111,0.0,0.0,1.5361371419750995,,inf,,,,,,
20240131125500,2024-01-31T12:55:00+09:00,1706673300.0,37.485,137.26,12.0,3.2,1,matched,1,2024-01-31T12:55:21.800+09:00,1706673321.8,21.799999952316284,20240131125521800,2024-01-31T12:55:21.800+09:00,1706673321.8,37.485,137.26,12.0,3.2,石川県能登地方,https://www.data.jma.go.jp/eqev/data/daily_map/20240131.html,20240131,21.799999952316284,21.799999952316284,0.0,0.0,0.0,0.7266666650772095,,inf,,,,,,
20240201020400,2024-02-01T02:04:00+09:00,1706720640.0,37.162,136.705,5.0,3.4,1,matched,1,2024-02-01T02:04:14.000+09:00,1706720654.0,14.0,20240201020414000,2024-02-01T02:04:14.000+09:00,1706720654.0,37.16166666666667,136.705,5.0,3.4,石川県能登地方,https://www.data.jma.go.jp/eqev/data/daily_map/20240201.html,20240201,14.0,14.0,0.037064975548089636,0.0,0.0,0.4740796617762846,,inf,,,,,,
20240201080700,2024-02-01T08:07:00+09:00,1706742420.0,37.343,136.777,12.0,4.5,1,matched,1,2024-02-01T08:07:13.100+09:00,1706742433.1,13.099999904632568,20240201080713100,2024-02-01T08:07:13.100+09:00,1706742433.1,37.343333333333334,136.77666666666667,12.0,4.5,石川県能登地方,https://www.data.jma.go.jp/eqev/data/daily_map/20240201.html,20240201,13.099999904632568,13.099999904632568,0.04735116353851671,0.0,0.0,0.44613689619545566,,inf,,,,,,
20240201134300,2024-02-01T13:43:00+09:00,1706762580.0,36.995,136.432,11.0,4.0,1,matched,1,2024-02-01T13:43:28.800+09:00,1706762608.8,28.799999952316284,20240201134328800,2024-02-01T13:43:28.800+09:00,1706762608.8,36.995,136.43166666666667,11.0,4.0,石川県西方沖,https://www.data.jma.go.jp/eqev/data/daily_map/20240201.html,20240201,28.799999952316284,28.799999952316284,0.029603352126204786,0.0,0.0,0.9659206688357838,,inf,,,,,,
20240202014500,2024-02-02T01:45:00+09:00,1706805900.0,37.223,136.885,10.0,4.1,1,matched,1,2024-02-02T01:45:28.800+09:00,1706805928.8,28.799999952316284,20240202014528800,2024-02-02T01:45:28.800+09:00,1706805928.8,37.223333333333336,136.885,10.0,4.1,石川県能登地方,https://www.data.jma.go.jp/eqev/data/daily_map/20240202.html,20240202,28.799999952316284,28.799999952316284,0.03706497554879696,0.0,0.0,0.9674129935203022,,inf,,,,,,
20240202144000,2024-02-02T14:40:00+09:00,1706852400.0,37.228,136.85,9.0,3.0,1,matched,1,2024-02-02T14:40:54.400+09:00,1706852454.4,54.40000009536743,20240202144054400,2024-02-02T14:40:54.400+09:00,1706852454.4,37.22833333333333,136.85,9.0,3.0,石川県能登地方,https://www.data.jma.go.jp/eqev/data/daily_map/20240202.html,20240202,54.40000009536743,54.40000009536743,0.03706497554738231,0.0,0.0,1.8207463316217243,,inf,,,,,,
20240203051300,2024-02-03T05:13:00+09:00,1706904780.0,37.252,136.692,8.0,3.7,1,matched,1,2024-02-03T05:13:12.100+09:00,1706904792.1,12.099999904632568,20240203051312100,2024-02-03T05:13:12.100+09:00,1706904792.1,37.251666666666665,136.69166666666666,8.0,3.7,能登半島沖,https://www.data.jma.go.jp/eqev/data/daily_map/20240203.html,20240203,12.099999904632568,12.099999904632568,0.047373452030521644,0.0,0.0,0.4128080205605233,,inf,,,,,,
20240203150900,2024-02-03T15:09:00+09:00,1706940540.0,35.475,138.995,25.0,4.0,1,matched,1,2024-02-03T15:09:04.700+09:00,1706940544.7,4.700000047683716,20240203150904700,2024-02-03T15:09:04.700+09:00,1706940544.7,35.475,138.995,25.0,4.0,山梨県東部・富士五湖,https://www.data.jma.go.jp/eqev/data/daily_map/20240203.html,20240203,4.700000047683716,4.700000047683716,0.0,0.0,0.0,0.15666666825612385,,inf,,,,,,
20240203220900,2024-02-03T22:09:00+09:00,1706965740.0,37.117,136.653,10.0,3.7,1,matched,1,2024-02-03T22:09:03.800+09:00,1706965743.8,3.799999952316284,20240203220903800,2024-02-03T22:09:03.800+09:00,1706965743.8,37.11666666666667,136.65333333333334,10.0,3.7,能登半島沖,https://www.data.jma.go.jp/eqev/data/daily_map/20240203.html,20240203,3.799999952316284,3.799999952316284,0.04740634140481124,0.0,0.0,0.1361479333581717,,inf,,,,,,
20240204011600,2024-02-04T01:16:00+09:00,1706976960.0,37.465,137.253,12.0,4.1,1,matched,1,2024-02-04T01:16:03.200+09:00,1706976963.2,3.200000047683716,20240204011603200,2024-02-04T01:16:03.200+09:00,1706976963.2,37.465,137.25333333333333,12.0,4.1,石川県能登地方,https://www.data.jma.go.jp/eqev/data/daily_map/20240204.html,20240204,3.200000047683716,3.200000047683716,0.02941940006945535,0.0,0.0,0.11255054827001493,,inf,,,,,,
20240204064300,2024-02-04T06:43:00+09:00,1706996580.0,37.188,136.68,10.0,3.9,1,matched,1,2024-02-04T06:43:35.300+09:00,1706996615.3,35.299999952316284,20240204064335300,2024-02-04T06:43:35.300+09:00,1706996615.3,37.18833333333333,136.68,10.0,3.9,能登半島沖,https://www.data.jma.go.jp/eqev/data/daily_map/20240204.html,20240204,35.299999952316284,35.299999952316284,0.037064975548089636,0.0,0.0,1.1840796601868275,,inf,,,,,,
20240205005700,2024-02-05T00:57:00+09:00,1707062220.0,37.263,136.842,12.0,3.6,1,matched,1,2024-02-05T00:57:14.600+09:00,1707062234.6,14.599999904632568,20240205005714600,2024-02-05T00:57:14.600+09:00,1707062234.6,37.263333333333335,136.84166666666667,12.0,3.6,石川県能登地方,https://www.data.jma.go.jp/eqev/data/daily_map/20240205.html,20240205,14.599999904632568,14.599999904632568,0.04737068794079544,0.0,0.0,0.49614080107591135,,inf,,,,,,
20240205113800,2024-02-05T11:38:00+09:00,1707100680.0,37.002,136.425,12.0,4.0,1,matched,1,2024-02-05T11:38:31.400+09:00,1707100711.4,31.40000009536743,20240205113831400,2024-02-05T11:38:31.400+09:00,1707100711.4,37.001666666666665,136.425,12.0,4.0,石川県西方沖,https://www.data.jma.go.jp/eqev/data/daily_map/20240205.html,20240205,31.40000009536743,31.40000009536743,0.03706497554879696,0.0,0.0,1.0540796649553406,,inf,,,,,,
20240205173000,2024-02-05T17:30:00+09:00,1707121800.0,30.765,131.483,42.0,4.7,1,matched,1,2024-02-05T17:30:49.500+09:00,1707121849.5,49.5,20240205173049500,2024-02-05T17:30:49.500+09:00,1707121849.5,30.765,131.48333333333332,42.0,4.7,大隅半島東方沖,https://www.data.jma.go.jp/eqev/data/daily_map/20240205.html,20240205,49.5,49.5,0.03184891515797986,0.0,0.0,1.656369783031596,,inf,,,,,,
20240206003900,2024-02-06T00:39:00+09:00,1707147540.0,31.62,130.975,9.0,3.0,1,matched,1,2024-02-06T00:39:09.100+09:00,1707147549.1,9.099999904632568,20240206003909100,2024-02-06T00:39:09.100+09:00,1707147549.1,31.62,130.975,9.0,3.0,鹿児島県大隅地方,https://www.data.jma.go.jp/eqev/data/daily_map/20240206.html,20240206,9.099999904632568,9.099999904632568,0.0,0.0,0.0,0.30333333015441893,,inf,,,,,,
20240206022300,2024-02-06T02:23:00+09:00,1707153780.0,37.22,136.89,10.0,3.2,1,matched,1,2024-02-06T02:23:46.100+09:00,1707153826.1,46.09999990463257,20240206022346100,2024-02-06T02:23:46.100+09:00,1707153826.1,37.22,136.89,10.0,3.2,石川県能登地方,https://www.data.jma.go.jp/eqev/data/daily_map/20240206.html,20240206,46.09999990463257,46.09999990463257,0.0,0.0,0.0,1.5366666634877524,,inf,,,,,,
20240206025900,2024-02-06T02:59:00+09:00,1707155940.0,32.142,131.887,30.0,3.9,1,matched,1,2024-02-06T02:59:00.800+09:00,1707155940.8,0.7999999523162842,20240206025900800,2024-02-06T02:59:00.800+09:00,1707155940.8,32.141666666666666,131.88666666666666,30.0,3.9,日向灘,https://www.data.jma.go.jp/eqev/data/daily_map/20240206.html,20240206,0.7999999523162842,0.7999999523162842,0.04856725408183778,0.0,0.0,0.03638011589357703,,inf,,,,,,
20240206063700,2024-02-06T06:37:00+09:00,1707169020.0,38.248,140.62,9.0,3.2,1,matched,1,2024-02-06T06:37:56.800+09:00,1707169076.8,56.799999952316284,20240206063756800,2024-02-06T06:37:56.800+09:00,1707169076.8,38.248333333333335,140.62,9.0,3.2,宮城県南部,https://www.data.jma.go.jp/eqev/data/daily_map/20240206.html,20240206,56.799999952316284,56.799999952316284,0.03706497554879696,0.0,0.0,1.9007463268536355,,inf,,,,,,
20240206115600,2024-02-06T11:56:00+09:00,1707188160.0,37.197,136.842,10.0,4.1,1,matched,1,2024-02-06T11:56:38.000+09:00,1707188198.0,38.0,20240206115638000,2024-02-06T11:56:38.000+09:00,1707188198.0,37.196666666666665,136.84166666666667,10.0,4.1,石川県能登地方,https://www.data.jma.go.jp/eqev/data/daily_map/20240206.html,20240206,38.0,38.0,0.04738685939354449,0.0,0.0,1.2761440385453755,,inf,,,,,,
20240206235700,2024-02-06T23:57:00+09:00,1707231420.0,35.24,137.538,47.0,3.4,1,matched,1,2024-02-06T23:57:58.000+09:00,1707231478.0,58.0,20240206235758000,2024-02-06T23:57:58.000+09:00,1707231478.0,35.24,137.53833333333333,47.0,3.4,愛知県西部,https://www.data.jma.go.jp/eqev/data/daily_map/20240206.html,20240206,58.0,58.0,0.030272532395159837,0.0,0.0,1.9393878398123654,,inf,,,,,,
20240207060800,2024-02-07T06:08:00+09:00,1707253680.0,37.732,137.583,20.0,5.2,1,matched,1,2024-02-07T06:08:15.100+09:00,1707253695.1,15.099999904632568,20240207060815100,2024-02-07T06:08:15.100+09:00,1707253695.1,37.73166666666667,137.58333333333334,20.0,5.2,佐渡付近,https://www.data.jma.go.jp/eqev/data/daily_map/20240207.html,20240207,15.099999904632568,15.099999904632568,0.047255982480837636,0.0,0.0,0.5127845266505865,,inf,,,,,,
20240207111500,2024-02-07T11:15:00+09:00,1707272100.0,37.203,136.808,9.0,3.1,1,matched,1,2024-02-07T11:15:28.500+09:00,1707272128.5,28.5,20240207111528500,2024-02-07T11:15:28.500+09:00,1707272128.5,37.20333333333333,136.80833333333334,9.0,3.1,石川県能登地方,https://www.data.jma.go.jp/eqev/data/daily_map/20240207.html,20240207,28.5,28.5,0.047385316072757075,0.0,0.0,0.9594770632145514,,inf,,,,,,
20240207162500,2024-02-07T16:25:00+09:00,1707290700.0,39.245,142.407,31.0,4.2,1,matched,1,2024-02-07T16:25:10.600+09:00,1707290710.6,10.599999904632568,20240207162510600,2024-02-07T16:25:10.600+09:00,1707290710.6,39.245,142.40666666666667,31.0,4.2,岩手県沖,https://www.data.jma.go.jp/eqev/data/daily_map/20240207.html,20240207,10.599999904632568,10.599999904632568,0.028704890813236166,0.0,0.0,0.35907430831706616,,inf,,,,,,
20240207205900,2024-02-07T20:59:00+09:00,1707307140.0,34.0,135.235,7.0,4.1,1,matched,1,2024-02-07T20:59:31.800+09:00,1707307171.8,31.799999952316284,20240207205931800,2024-02-07T20:59:31.800+09:00,1707307171.8,34.0,135.235,7.0,4.1,和歌山県北部,https://www.data.jma.go.jp/eqev/data/daily_map/20240207.html,20240207,31.799999952316284,31.799999952316284,0.0,0.0,0.0,1.0599999984105428,,inf,,,,,,
20240208132600,2024-02-08T13:26:00+09:00,1707366360.0,37.673,141.52,56.0,3.9,1,matched,1,2024-02-08T13:26:34.500+09:00,1707366394.5,34.5,20240208132634500,2024-02-08T13:26:34.500+09:00,1707366394.5,37.67333333333333,141.52,56.0,3.9,福島県沖,https://www.data.jma.go.jp/eqev/data/daily_map/20240208.html,20240208,34.5,34.5,0.037064975548089636,0.0,0.0,1.157412995109618,,inf,,,,,,
20240208214900,2024-02-08T21:49:00+09:00,1707396540.0,37.385,136.948,9.0,3.3,1,matched,1,2024-02-08T21:49:32.300+09:00,1707396572.3,32.299999952316284,20240208214932300,2024-02-08T21:49:32.300+09:00,1707396572.3,37.385,136.94833333333332,9.0,3.3,石川県能登地方,https://www.data.jma.go.jp/eqev/data/daily_map/20240208.html,20240208,32.299999952316284,32.299999952316284,0.0294508511997742,0.0,0.0,1.0825568353171642,,inf,,,,,,
20240209093000,2024-02-09T09:30:00+09:00,1707438600.0,37.11,136.653,6.0,3.0,1,matched,1,2024-02-09T09:30:34.700+09:00,1707438634.7,34.700000047683716,20240209093034700,2024-02-09T09:30:34.700+09:00,1707438634.7,37.11,136.65333333333334,6.0,3.0,能登半島沖,https://www.data.jma.go.jp/eqev/data/daily_map/20240209.html,20240209,34.700000047683716,34.700000047683716,0.029558526182503965,0.0,0.0,1.1625783734926247,,inf,,,,,,
20240209234000,2024-02-09T23:40:00+09:00,1707489600.0,35.982,139.832,83.0,3.9,1,matched,1,2024-02-09T23:40:48.700+09:00,1707489648.7,48.700000047683716,20240209234048700,2024-02-09T23:40:48.700+09:00,1707489648.7,35.98166666666667,139.83166666666668,83.0,3.9,埼玉県南部,https://www.data.jma.go.jp/eqev/data/daily_map/20240209.html,20240209,48.700000047683716,48.700000047683716,0.04768016925096963,0.0,0.0,1.6328693687729845,,inf,,,,,,
20240210051800,2024-02-10T05:18:00+09:00,1707509880.0,37.575,137.405,12.0,4.1,1,matched,1,2024-02-10T05:18:51.900+09:00,1707509931.9,51.90000009536743,20240210051851900,2024-02-10T05:18:51.900+09:00,1707509931.9,37.575,137.405,12.0,4.1,能登半島沖,https://www.data.jma.go.jp/eqev/data/daily_map/20240210.html,20240210,51.90000009536743,51.90000009536743,0.0,0.0,0.0,1.7300000031789144,,inf,,,,,,
20240210164700,2024-02-10T16:47:00+09:00,1707551220.0,36.307,140.083,69.0,4.0,1,matched,1,2024-02-10T16:47:34.000+09:00,1707551254.0,34.0,20240210164734000,2024-02-10T16:47:34.000+09:00,1707551254.0,36.306666666666665,140.08333333333334,69.0,4.0,茨城県南部,https://www.data.jma.go.jp/eqev/data/daily_map/20240210.html,20240210,34.0,34.0,0.047602260869303366,0.0,0.0,1.142853785507194,,inf,,,,,,
20240211003400,2024-02-11T00:34:00+09:00,1707579240.0,37.628,137.577,16.0,4.1,1,matched,1,2024-02-11T00:34:41.000+09:00,1707579281.0,41.0,20240211003441000,2024-02-11T00:34:41.000+09:00,1707579281.0,37.62833333333333,137.57666666666665,16.0,4.1,新潟県上中越沖,https://www.data.jma.go.jp/eqev/data/daily_map/20240211.html,20240211,41.0,41.0,0.047281421818182484,0.0,0.0,1.3761229510303032,,inf,,,,,,
20240211112500,2024-02-11T11:25:00+09:00,1707618300.0,36.145,140.09,65.0,3.8,1,matched,1,2024-02-11T11:25:45.700+09:00,1707618345.7,45.700000047683716,20240211112545700,2024-02-11T11:25:45.700+09:00,1707618345.7,36.145,140.09,65.0,3.8,茨城県南部,https://www.data.jma.go.jp/eqev/data/daily_map/20240211.html,20240211,45.700000047683716,45.700000047683716,0.0,0.0,0.0,1.5233333349227904,,inf,,,,,,
20240211123600,2024-02-11T12:36:00+09:00,1707622560.0,37.433,137.177,15.0,4.7,1,matched,1,2024-02-11T12:35:59.400+09:00,1707622559.4,-0.5999999046325684,20240211123559400,2024-02-11T12:35:59.400+09:00,1707622559.4,37.43333333333333,137.17666666666668,15.0,4.7,石川県能登地方,https://www.data.jma.go.jp/eqev/data/daily_map/20240211.html,20240211,-0.5999999046325684,0.5999999046325684,0.04732917110399691,0.0,0.0,0.029465831041884993,,inf,,,,,,
20240211183500,2024-02-11T18:35:00+09:00,1707644100.0,37.693,137.58,19.0,4.2,1,matched,1,2024-02-11T18:35:13.700+09:00,1707644113.7,13.700000047683716,20240211183513700,2024-02-11T18:35:13.700+09:00,1707644113.7,37.693333333333335,137.58,19.0,4.2,新潟県上中越沖,https://www.data.jma.go.jp/eqev/data/daily_map/20240211.html,20240211,13.700000047683716,13.700000047683716,0.037064975548089636,0.0,0.0,0.46407966336574175,,inf,,,,,,
20240211232600,2024-02-11T23:26:00+09:00,1707661560.0,37.165,136.69,4.0,3.2,1,matched,1,2024-02-11T23:26:35.900+09:00,1707661595.9,35.90000009536743,20240211232635900,2024-02-11T23:26:35.900+09:00,1707661595.9,37.165,136.69,4.0,3.2,石川県能登地方,https://www.data.jma.go.jp/eqev/data/daily_map/20240211.html,20240211,35.90000009536743,35.90000009536743,0.0,0.0,0.0,1.196666669845581,,inf,,,,,,
20240211234800,2024-02-11T23:48:00+09:00,1707662880.0,37.283,136.692,10.0,3.9,1,matched,1,2024-02-11T23:48:52.600+09:00,1707662932.6,52.59999990463257,20240211234852600,2024-02-11T23:48:52.600+09:00,1707662932.6,37.28333333333333,136.69166666666666,10.0,3.9,能登半島沖,https://www.data.jma.go.jp/eqev/data/daily_map/20240211.html,20240211,52.59999990463257,52.59999990463257,0.04736580900303665,0.0,0.0,1.7628064919550264,,inf,,,,,,
20240212053100,2024-02-12T05:31:00+09:00,1707683460.0,34.933,135.373,6.0,3.3,1,matched,1,2024-02-12T05:31:55.200+09:00,1707683515.2,55.200000047683716,20240212053155200,2024-02-12T05:31:55.200+09:00,1707683515.2,34.93333333333333,135.37333333333333,6.0,3.3,兵庫県南東部,https://www.data.jma.go.jp/eqev/data/daily_map/20240212.html,20240212,55.200000047683716,55.200000047683716,0.04792869280580231,0.0,0.0,1.8495857401506175,,inf,,,,,,
20240212132600,2024-02-12T13:26:00+09:00,1707711960.0,37.362,136.867,8.0,3.1,1,matched,1,2024-02-12T13:26:16.400+09:00,1707711976.4,16.40000009536743,20240212132616400,2024-02-12T13:26:16.400+09:00,1707711976.4,37.361666666666665,136.86666666666667,8.0,3.1,石川県能登地方,https://www.data.jma.go.jp/eqev/data/daily_map/20240212.html,20240212,16.40000009536743,16.40000009536743,0.047346604530485774,0.0,0.0,0.5561359907516783,,inf,,,,,,
20240212193500,2024-02-12T19:35:00+09:00,1707734100.0,37.153,136.653,8.0,3.4,1,matched,1,2024-02-12T19:35:12.800+09:00,1707734112.8,12.799999952316284,20240212193512800,2024-02-12T19:35:12.800+09:00,1707734112.8,37.153333333333336,136.65333333333334,8.0,3.4,能登半島沖,https://www.data.jma.go.jp/eqev/data/daily_map/20240212.html,20240212,12.799999952316284,12.799999952316284,0.04739749621185019,0.0,0.0,0.4361461643195795,,inf,,,,,,
20240214103200,2024-02-14T10:32:00+09:00,1707874320.0,37.215,136.785,11.0,4.5,1,matched,1,2024-02-14T10:32:53.800+09:00,1707874373.8,53.799999952316284,20240214103253800,2024-02-14T10:32:53.800+09:00,1707874373.8,37.215,136.785,11.0,4.5,石川県能登地方,https://www.data.jma.go.jp/eqev/data/daily_map/20240214.html,20240214,53.799999952316284,53.799999952316284,0.0,0.0,0.0,1.7933333317438762,,inf,,,,,,
20240214152900,2024-02-14T15:29:00+09:00,1707892140.0,35.053,135.555,12.0,4.4,1,matched,1,2024-02-14T15:29:00.400+09:00,1707892140.4,0.40000009536743164,20240214152900400,2024-02-14T15:29:00.400+09:00,1707892140.4,35.053333333333335,135.555,12.0,4.4,京都府南部,https://www.data.jma.go.jp/eqev/data/daily_map/20240214.html,20240214,0.40000009536743164,0.40000009536743164,0.037064975548089636,0.0,0.0,0.02074633162186565,,inf,,,,,,
20240214153400,2024-02-14T15:34:00+09:00,1707892440.0,37.358,136.727,8.0,4.1,1,matched,1,2024-02-14T15:34:17.300+09:00,1707892457.3,17.299999952316284,20240214153417300,2024-02-14T15:34:17.300+09:00,1707892457.3,37.358333333333334,136.72666666666666,8.0,4.1,能登半島沖,https://www.data.jma.go.jp/eqev/data/daily_map/20240214.html,20240214,17.299999952316284,17.299999952316284,0.047347500151299765,0.0,0.0,0.5861361651074694,,inf,,,,,,
20240214171100,2024-02-14T17:11:00+09:00,1707898260.0,41.562,142.1,53.0,4.2,1,matched,1,2024-02-14T17:11:21.100+09:00,1707898281.1,21.09999990463257,20240214171121100,2024-02-14T17:11:21.100+09:00,1707898281.1,41.56166666666667,142.1,53.0,4.2,青森県東方沖,https://www.data.jma.go.jp/eqev/data/daily_map/20240214.html,20240214,21.09999990463257,21.09999990463257,0.037064975548089636,0.0,0.0,0.7107463252640368,,inf,,,,,,
20240215022500,2024-02-15T02:25:00+09:00,1707931500.0,39.703,141.253,85.0,4.1,1,matched,1,2024-02-15T02:25:46.800+09:00,1707931546.8,46.799999952316284,20240215022546800,2024-02-15T02:25:46.800+09:00,1707931546.8,39.70333333333333,141.25333333333333,85.0,4.1,岩手県内陸北部,https://www.data.jma.go.jp/eqev/data/daily_map/20240215.html,20240215,46.799999952316284,46.799999952316284,0.04676538579995106,0.0,0.0,1.569353075570533,,inf,,,,,,
20240215100800,2024-02-15T10:08:00+09:00,1707959280.0,35.055,135.552,12.0,3.7,1,matched,1,2024-02-15T10:08:22.900+09:00,1707959302.9,22.90000009536743,20240215100822900,2024-02-15T10:08:22.900+09:00,1707959302.9,35.055,135.55166666666668,12.0,3.7,京都府南部,https://www.data.jma.go.jp/eqev/data/daily_map/20240215.html,20240215,22.90000009536743,22.90000009536743,0.030341428754957815,0.0,0.0,0.7694016222632394,,inf,,,,,,
20240215124800,2024-02-15T12:48:00+09:00,1707968880.0,37.88,137.757,21.0,4.9,1,matched,1,2024-02-15T12:48:19.400+09:00,1707968899.4,19.40000009536743,20240215124819400,2024-02-15T12:48:19.400+09:00,1707968899.4,37.88,137.75666666666666,21.0,4.9,佐渡付近,https://www.data.jma.go.jp/eqev/data/daily_map/20240215.html,20240215,19.40000009536743,19.40000009536743,0.02925532822279077,0.0,0.0,0.6525177354901393,,inf,,,,,,
20240215142200,2024-02-15T14:22:00+09:00,1707974520.0,37.202,136.835,11.0,3.2,1,matched,1,2024-02-15T14:22:38.900+09:00,1707974558.9,38.90000009536743,20240215142238900,2024-02-15T14:22:38.900+09:00,1707974558.9,37.20166666666667,136.835,11.0,3.2,石川県能登地方,https://www.data.jma.go.jp/eqev/data/daily_map/20240215.html,20240215,38.90000009536743,38.90000009536743,0.03706497554738231,0.0,0.0,1.3040796649550577,,inf,,,,,,
20240215152900,2024-02-15T15:29:00+09:00,1707978540.0,37.553,137.617,16.0,5.0,1,matched,1,2024-02-15T15:29:43.100+09:00,1707978583.1,43.09999990463257,20240215152943100,2024-02-15T15:29:43.100+09:00,1707978583.1,37.553333333333335,137.61666666666667,16.0,5.0,新潟県上中越沖,https://www.data.jma.go.jp/eqev/data/daily_map/20240215.html,20240215,43.09999990463257,43.09999990463257,0.04729980288566998,0.0,0.0,1.4461266240648862,,inf,,,,,,
20240215200000,2024-02-15T20:00:00+09:00,1707994800.0,37.557,137.617,17.0,4.3,1,matched,1,2024-02-15T20:00:22.400+09:00,1707994822.4,22.40000009536743,20240215200022400,2024-02-15T20:00:22.400+09:00,1707994822.4,37.556666666666665,137.61666666666667,17.0,4.3,新潟県上中越沖,https://www.data.jma.go.jp/eqev/data/daily_map/20240215.html,20240215,22.40000009536743,22.40000009536743,0.04729890471755985,0.0,0.0,0.756126450789093,,inf,,,,,,
20240216021800,2024-02-16T02:18:00+09:00,1708017480.0,36.677,141.128,51.0,4.0,1,matched,1,2024-02-16T02:18:59.800+09:00,1708017539.8,59.799999952316284,20240216021859800,2024-02-16T02:18:59.800+09:00,1708017539.8,36.67666666666667,141.12833333333333,51.0,4.0,茨城県沖,https://www.data.jma.go.jp/eqev/data/daily_map/20240216.html,20240216,59.799999952316284,59.799999952316284,0.04751307184233738,0.0,0.0,2.0028359461123437,,inf,,,,,,
20240216064600,2024-02-16T06:46:00+09:00,1708033560.0,37.142,136.725,7.0,3.1,1,matched,1,2024-02-16T06:46:56.100+09:00,1708033616.1,56.09999990463257,20240216064656100,2024-02-16T06:46:56.100+09:00,1708033616.1,37.141666666666666,136.725,7.0,3.1,能登半島沖,https://www.data.jma.go.jp/eqev/data/daily_map/20240216.html,20240216,56.09999990463257,56.09999990463257,0.03706497554879696,0.0,0.0,1.877412991930845,,inf,,,,,,
20240216094300,2024-02-16T09:43:00+09:00,1708044180.0,40.977,142.002,59.0,3.8,1,matched,1,2024-02-16T09:43:18.100+09:00,1708044198.1,18.09999990463257,20240216094318100,2024-02-16T09:43:18.100+09:00,1708044198.1,40.97666666666667,142.00166666666667,59.0,3.8,青森県東方沖,https://www.data.jma.go.jp/eqev/data/daily_map/20240216.html,20240216,18.09999990463257,18.09999990463257,0.04644208789559454,0.0,0.0,0.6126217477335378,,inf,,,,,,
20240216185200,2024-02-16T18:52:00+09:00,1708077120.0,36.085,139.875,47.0,3.9,1,matched,1,2024-02-16T18:52:13.100+09:00,1708077133.1,13.099999904632568,20240216185213100,2024-02-16T18:52:13.100+09:00,1708077133.1,36.085,139.875,47.0,3.9,茨城県南部,https://www.data.jma.go.jp/eqev/data/daily_map/20240216.html,20240216,13.099999904632568,13.099999904632568,0.0,0.0,0.0,0.4366666634877523,,inf,,,,,,
20240216233100,2024-02-16T23:31:00+09:00,1708093860.0,31.928,131.018,7.0,3.0,2,matched,1,2024-02-16T23:31:01.600+09:00,1708093861.6,1.5999999046325684,20240216233101600,2024-02-16T23:31:01.600+09:00,1708093861.6,31.928333333333335,131.01833333333335,7.0,3.0,宮崎県南部山沿い,https://www.data.jma.go.jp/eqev/data/daily_map/20240216.html,20240216,1.5999999046325684,1.5999999046325684,0.04861466448740032,0.0,0.0,0.06305626305189901,2.1630562630518995,2.1000000000000005,20240216233055400,2024-02-16T23:30:55.400+09:00,-4.599999904632568,0.04861466448740032,0.0,0.6000000000000001
20240217062300,2024-02-17T06:23:00+09:00,1708118580.0,37.195,136.84,11.0,3.5,1,matched,1,2024-02-17T06:23:30.600+09:00,1708118610.6,30.59999990463257,20240217062330600,2024-02-17T06:23:30.600+09:00,1708118610.6,37.195,136.84,11.0,3.5,石川県能登地方,https://www.data.jma.go.jp/eqev/data/daily_map/20240217.html,20240217,30.59999990463257,30.59999990463257,0.0,0.0,0.0,1.0199999968210856,,inf,,,,,,
20240217071400,2024-02-17T07:14:00+09:00,1708121640.0,37.195,136.837,11.0,3.4,1,matched,1,2024-02-17T07:14:30.200+09:00,1708121670.2,30.200000047683716,20240217071430200,2024-02-17T07:14:30.200+09:00,1708121670.2,37.195,136.83666666666667,11.0,3.4,石川県能登地方,https://www.data.jma.go.jp/eqev/data/daily_map/20240217.html,20240217,30.200000047683716,30.200000047683716,0.029525317412626935,0.0,0.0,1.0125717317386491,,inf,,,,,,
20240217204700,2024-02-17T20:47:00+09:00,1708170420.0,40.093,142.443,38.0,4.5,1,matched,1,2024-02-17T20:47:28.300+09:00,1708170448.3,28.299999952316284,20240217204728300,2024-02-17T20:47:28.300+09:00,1708170448.3,40.093333333333334,142.44333333333333,38.0,4.5,岩手県沖,https://www.data.jma.go.jp/eqev/data/daily_map/20240217.html,20240217,28.299999952316284,28.299999952316284,0.04666688367681692,0.0,0.0,0.9526667084792395,,inf,,,,,,
20240219112100,2024-02-19T11:21:00+09:00,1708309260.0,38.317,141.77,50.0,3.9,1,matched,1,2024-02-19T11:21:13.400+09:00,1708309273.4,13.400000095367432,20240219112113400,2024-02-19T11:21:13.400+09:00,1708309273.4,38.31666666666667,141.77,50.0,3.9,宮城県沖,https://www.data.jma.go.jp/eqev/data/daily_map/20240219.html,20240219,13.400000095367432,13.400000095367432,0.037064975548089636,0.0,0.0,0.45407966495519897,,inf,,,,,,
20240221035800,2024-02-21T03:58:00+09:00,1708455480.0,37.523,137.253,11.0,3.4,2,matched,1,2024-02-21T03:58:27.800+09:00,1708455507.8,27.799999952316284,20240221035827800,2024-02-21T03:58:27.800+09:00,1708455507.8,37.52333333333333,137.25333333333333,11.0,3.4,石川県能登地方,https://www.data.jma.go.jp/eqev/data/daily_map/20240221.html,20240221,27.799999952316284,27.799999952316284,0.04730714973953004,0.0,0.0,0.9361280950251155,3.6826044230261776,2.7464763280010622,20240221035822100,2024-02-21T03:58:22.100+09:00,22.09999990463257,1.3963554643587963,0.0,0.7999999999999998
20240221113400,2024-02-21T11:34:00+09:00,1708482840.0,37.48,137.297,13.0,3.3,1,matched,1,2024-02-21T11:34:04.200+09:00,1708482844.2,4.200000047683716,20240221113404200,2024-02-21T11:34:04.200+09:00,1708482844.2,37.48,137.29666666666665,13.0,3.3,石川県能登地方,https://www.data.jma.go.jp/eqev/data/daily_map/20240221.html,20240221,4.200000047683716,4.200000047683716,0.029413496595065505,0.0,0.0,0.1458827009084703,,inf,,,,,,
20240221182700,2024-02-21T18:27:00+09:00,1708507620.0,33.207,132.663,37.0,3.9,1,matched,1,2024-02-21T18:27:29.600+09:00,1708507649.6,29.59999990463257,20240221182729600,2024-02-21T18:27:29.600+09:00,1708507649.6,33.20666666666666,132.66333333333333,37.0,3.9,愛媛県南予,https://www.data.jma.go.jp/eqev/data/daily_map/20240221.html,20240221,29.59999990463257,29.59999990463257,0.0483277425788784,0.0,0.0,0.996332212003528,,inf,,,,,,
20240224125700,2024-02-24T12:57:00+09:00,1708747020.0,38.372,141.823,58.0,4.1,1,matched,1,2024-02-24T12:57:53.000+09:00,1708747073.0,53.0,20240224125753000,2024-02-24T12:57:53.000+09:00,1708747073.0,38.37166666666667,141.82333333333332,58.0,4.1,宮城県沖,https://www.data.jma.go.jp/eqev/data/daily_map/20240224.html,20240224,53.0,53.0,0.04709810713974095,0.0,0.0,1.7760862880946149,,inf,,,,,,
20240224191700,2024-02-24T19:17:00+09:00,1708769820.0,39.545,143.55,13.0,5.2,1,matched,1,2024-02-24T19:17:40.700+09:00,1708769860.7,40.700000047683716,20240224191740700,2024-02-24T19:17:40.700+09:00,1708769860.7,39.545,143.55,13.0,5.2,三陸沖,https://www.data.jma.go.jp/eqev/data/daily_map/20240224.html,20240224,40.700000047683716,40.700000047683716,0.0,0.0,0.0,1.356666668256124,,inf,,,,,,
20240226152400,2024-02-26T15:24:00+09:00,1708928640.0,33.642,132.47,47.0,5.1,1,matched,1,2024-02-26T15:24:13.500+09:00,1708928653.5,13.5,20240226152413500,2024-02-26T15:24:13.500+09:00,1708928653.5,33.641666666666666,132.47,47.0,5.1,伊予灘,https://www.data.jma.go.jp/eqev/data/daily_map/20240226.html,20240226,13.5,13.5,0.037064975548089636,0.0,0.0,0.4574129951096179,,inf,,,,,,
20240227064000,2024-02-27T06:40:00+09:00,1708983600.0,37.828,141.763,54.0,4.7,1,matched,1,2024-02-27T06:40:18.300+09:00,1708983618.3,18.299999952316284,20240227064018300,2024-02-27T06:40:18.300+09:00,1708983618.3,37.82833333333333,141.76333333333332,54.0,4.7,福島県沖,https://www.data.jma.go.jp/eqev/data/daily_map/20240227.html,20240227,18.299999952316284,18.299999952316284,0.04723230899664165,0.0,0.0,0.619446460209871,,inf,,,,,,
20240227141900,2024-02-27T14:19:00+09:00,1709011140.0,37.382,136.887,6.0,3.0,1,matched,1,2024-02-27T14:19:44.300+09:00,1709011184.3,44.299999952316284,20240227141944300,2024-02-27T14:19:44.300+09:00,1709011184.3,37.38166666666667,136.88666666666666,6.0,3.0,石川県能登地方,https://www.data.jma.go.jp/eqev/data/daily_map/20240227.html,20240227,44.299999952316284,44.299999952316284,0.04734171849447169,0.0,0.0,1.4861350087761038,,inf,,,,,,
20240227214300,2024-02-27T21:43:00+09:00,1709037780.0,35.24,140.643,23.0,4.3,1,matched,1,2024-02-27T21:43:56.400+09:00,1709037836.4,56.40000009536743,20240227214356400,2024-02-27T21:43:56.400+09:00,1709037836.4,35.24,140.64333333333335,23.0,4.3,千葉県東方沖,https://www.data.jma.go.jp/eqev/data/daily_map/20240227.html,20240227,56.40000009536743,56.40000009536743,0.03027253239978144,0.0,0.0,1.8860545096588706,,inf,,,,,,
20240228161400,2024-02-28T16:14:00+09:00,1709104440.0,37.388,136.872,5.0,3.8,1,matched,1,2024-02-28T16:14:29.800+09:00,1709104469.8,29.799999952316284,20240228161429800,2024-02-28T16:14:29.800+09:00,1709104469.8,37.388333333333335,136.87166666666667,5.0,3.8,石川県能登地方,https://www.data.jma.go.jp/eqev/data/daily_map/20240228.html,20240228,29.799999952316284,29.799999952316284,0.04734017095005276,0.0,0.0,1.0028013659338868,,inf,,,,,,
20240228224300,2024-02-28T22:43:00+09:00,1709127780.0,41.987,142.543,67.0,4.5,1,matched,1,2024-02-28T22:43:34.100+09:00,1709127814.1,34.09999990463257,20240228224334100,2024-02-28T22:43:34.100+09:00,1709127814.1,41.986666666666665,142.54333333333332,67.0,4.5,浦河沖,https://www.data.jma.go.jp/eqev/data/daily_map/20240228.html,20240228,34.09999990463257,34.09999990463257,0.04618261400065875,0.0,0.0,1.145903186287884,,inf,,,,,,
20240229084200,2024-02-29T08:42:00+09:00,1709163720.0,35.405,140.557,28.0,4.2,1,matched,1,2024-02-29T08:42:47.300+09:00,1709163767.3,47.299999952316284,20240229084247300,2024-02-29T08:42:47.300+09:00,1709163767.3,35.405,140.55666666666667,28.0,4.2,千葉県東方沖,https://www.data.jma.go.jp/eqev/data/daily_map/20240229.html,20240229,47.299999952316284,47.299999952316284,0.030210817996808314,0.0,0.0,1.5827088286765711,,inf,,,,,,
20240229084500,2024-02-29T08:45:00+09:00,1709163900.0,35.405,140.555,27.0,3.4,1,matched,1,2024-02-29T08:45:54.500+09:00,1709163954.5,54.5,20240229084554500,2024-02-29T08:45:54.500+09:00,1709163954.5,35.405,140.555,27.0,3.4,千葉県東方沖,https://www.data.jma.go.jp/eqev/data/daily_map/20240229.html,20240229,54.5,54.5,0.0,0.0,0.0,1.8166666666666667,,inf,,,,,,
20240229111300,2024-02-29T11:13:00+09:00,1709172780.0,35.388,140.56,29.0,4.6,1,matched,1,2024-02-29T11:13:08.800+09:00,1709172788.8,8.799999952316284,20240229111308800,2024-02-29T11:13:08.800+09:00,1709172788.8,35.388333333333335,140.56,29.0,4.6,千葉県東方沖,https://www.data.jma.go.jp/eqev/data/daily_map/20240229.html,20240229,8.799999952316284,8.799999952316284,0.03706497554879696,0.0,0.0,0.30074632685363556,,inf,,,,,,
20240229123000,2024-02-29T12:30:00+09:00,1709177400.0,35.34,140.557,28.0,4.5,1,matched,1,2024-02-29T12:30:39.100+09:00,1709177439.1,39.09999990463257,20240229123039100,2024-02-29T12:30:39.100+09:00,1709177439.1,35.34,140.55666666666667,28.0,4.5,千葉県東方沖,https://www.data.jma.go.jp/eqev/data/daily_map/20240229.html,20240229,39.09999990463257,39.09999990463257,0.03023515966681633,0.0,0.0,1.3093803620877822,,inf,,,,,,
20240229162700,2024-02-29T16:27:00+09:00,1709191620.0,35.387,140.552,29.0,4.6,1,matched,1,2024-02-29T16:27:21.000+09:00,1709191641.0,21.0,20240229162721000,2024-02-29T16:27:21.000+09:00,1709191641.0,35.38666666666666,140.55166666666668,29.0,4.6,千葉県東方沖,https://www.data.jma.go.jp/eqev/data/daily_map/20240229.html,20240229,21.0,21.0,0.04782172392451183,0.0,0.0,0.7095643447849023,,inf,,,,,,
20240229183500,2024-02-29T18:35:00+09:00,1709199300.0,35.395,140.553,27.0,4.9,2,ambiguous,0,2024-02-29T18:35:42.000+09:00,1709199342.0,42.0,20240229183542000,2024-02-29T18:35:42.000+09:00,1709199342.0,35.395,140.55333333333334,27.0,4.9,千葉県東方沖,https://www.data.jma.go.jp/eqev/data/daily_map/20240229.html,20240229,42.0,42.0,0.03021456540526846,0.0,0.0,1.4060429130810537,1.5009167429707189,0.0948738298896652,20240229183537700,2024-02-29T18:35:37.700+09:00,37.700000047683716,0.22125037357297556,2.0,
20240301010100,2024-03-01T01:01:00+09:00,1709222460.0,36.048,140.09,63.0,3.7,1,matched,1,2024-03-01T01:01:54.500+09:00,1709222514.5,54.5,20240301010154500,2024-03-01T01:01:54.500+09:00,1709222514.5,36.04833333333333,140.09,63.0,3.7,茨城県南部,https://www.data.jma.go.jp/eqev/data/daily_map/20240301.html,20240301,54.5,54.5,0.037064975548089636,0.0,0.0,1.8240796617762847,,inf,,,,,,
20240301053500,2024-03-01T05:35:00+09:00,1709238900.0,35.347,140.355,26.0,3.0,1,matched,1,2024-03-01T05:35:03.300+09:00,1709238903.3,3.299999952316284,20240301053503300,2024-03-01T05:35:03.300+09:00,1709238903.3,35.346666666666664,140.355,26.0,3.0,千葉県南部,https://www.data.jma.go.jp/eqev/data/daily_map/20240301.html,20240301,3.299999952316284,3.299999952316284,0.03706497554879696,0.0,0.0,0.1174129935203022,,inf,,,,,,
20240301054300,2024-03-01T05:43:00+09:00,1709239380.0,35.435,140.55,31.0,5.3,1,matched,1,2024-03-01T05:43:16.600+09:00,1709239396.6,16.59999990463257,20240301054316600,2024-03-01T05:43:16.600+09:00,1709239396.6,35.435,140.55,31.0,5.3,千葉県東方沖,https://www.data.jma.go.jp/eqev/data/daily_map/20240301.html,20240301,16.59999990463257,16.59999990463257,0.0,0.0,0.0,0.553333330154419,,inf,,,,,,
20240301131400,2024-03-01T13:14:00+09:00,1709266440.0,37.345,136.908,11.0,3.8,1,matched,1,2024-03-01T13:14:16.900+09:00,1709266456.9,16.90000009536743,20240301131416900,2024-03-01T13:14:16.900+09:00,1709266456.9,37.345,136.90833333333333,11.0,3.8,石川県能登地方,https://www.data.jma.go.jp/eqev/data/daily_map/20240301.html,20240301,16.90000009536743,16.90000009536743,0.02946655524115557,0.0,0.0,0.5692266475604788,,inf,,,,,,
20240301211900,2024-03-01T21:19:00+09:00,1709295540.0,35.423,140.532,30.0,3.0,1,matched,1,2024-03-01T21:19:39.600+09:00,1709295579.6,39.59999990463257,20240301211939600,2024-03-01T21:19:39.600+09:00,1709295579.6,35.42333333333333,140.53166666666667,30.0,3.0,千葉県東方沖,https://www.data.jma.go.jp/eqev/data/daily_map/20240301.html,20240301,39.59999990463257,39.59999990463257,0.04781312061958657,0.0,0.0,1.3295626209450029,,inf,,,,,,
20240301214400,2024-03-01T21:44:00+09:00,1709297040.0,41.187,141.698,80.0,4.1,1,matched,1,2024-03-01T21:44:55.800+09:00,1709297095.8,55.799999952316284,20240301214455800,2024-03-01T21:44:55.800+09:00,1709297095.8,41.18666666666667,141.69833333333332,80.0,4.1,青森県東方沖,https://www.data.jma.go.jp/eqev/data/daily_map/20240301.html,20240301,55.799999952316284,55.799999952316284,0.04638835279589148,0.0,0.0,1.8692776689697213,,inf,,,,,,
20240301224100,2024-03-01T22:41:00+09:00,1709300460.0,35.317,140.347,23.0,3.1,1,matched,1,2024-03-01T22:41:37.800+09:00,1709300497.8,37.799999952316284,20240301224137800,2024-03-01T22:41:37.800+09:00,1709300497.8,35.31666666666667,140.34666666666666,23.0,3.1,千葉県南部,https://www.data.jma.go.jp/eqev/data/daily_map/20240301.html,20240301,37.799999952316284,37.799999952316284,0.04783828400621816,0.0,0.0,1.2695676552117865,,inf,,,,,,
20240302014900,2024-03-02T01:49:00+09:00,1709311740.0,35.315,140.347,26.0,5.0,1,matched,1,2024-03-02T01:49:04.200+09:00,1709311744.2,4.200000047683716,20240302014904200,2024-03-02T01:49:04.200+09:00,1709311744.2,35.315,140.34666666666666,26.0,5.0,千葉県南部,https://www.data.jma.go.jp/eqev/data/daily_map/20240302.html,20240302,4.200000047683716,4.200000047683716,0.030244511492490717,0.0,0.0,0.14604890388795533,,inf,,,,,,
20240302030800,2024-03-02T03:08:00+09:00,1709316480.0,35.505,140.53,31.0,3.0,1,matched,1,2024-03-02T03:08:21.900+09:00,1709316501.9,21.90000009536743,20240302030821900,2024-03-02T03:08:21.900+09:00,1709316501.9,35.505,140.53,31.0,3.0,千葉県東方沖,https://www.data.jma.go.jp/eqev/data/daily_map/20240302.html,20240302,21.90000009536743,21.90000009536743,0.0,0.0,0.0,0.7300000031789143,,inf,,,,,,
20240302033800,2024-03-02T03:38:00+09:00,1709318280.0,35.33,140.352,25.0,3.8,1,matched,1,2024-03-02T03:38:46.600+09:00,1709318326.6,46.59999990463257,20240302033846600,2024-03-02T03:38:46.600+09:00,1709318326.6,35.33,140.35166666666666,25.0,3.8,千葉県南部,https://www.data.jma.go.jp/eqev/data/daily_map/20240302.html,20240302,46.59999990463257,46.59999990463257,0.03023890109071707,0.0,0.0,1.5593811103725623,,inf,,,,,,
20240302034000,2024-03-02T03:40:00+09:00,1709318400.0,35.325,140.358,25.0,4.4,2,matched,1,2024-03-02T03:40:26.500+09:00,1709318426.5,26.5,20240302034026500,2024-03-02T03:40:26.500+09:00,1709318426.5,35.325,140.35833333333332,25.0,4.4,千葉県南部,https://www.data.jma.go.jp/eqev/data/daily_map/20240302.html,20240302,26.5,26.5,0.030240771452634634,0.0,0.0,0.8893814876238603,4.6065695668377575,3.7171880792138974,20240302033846600,2024-03-02T03:38:46.600+09:00,-73.40000009536743,0.7995144849608737,0.0,0.6000000000000005
20240302034900,2024-03-02T03:49:00+09:00,1709318940.0,35.322,140.358,25.0,3.0,1,matched,1,2024-03-02T03:49:56.900+09:00,1709318996.9,56.90000009536743,20240302034956900,2024-03-02T03:49:56.900+09:00,1709318996.9,35.321666666666665,140.35833333333332,25.0,3.0,千葉県南部,https://www.data.jma.go.jp/eqev/data/daily_map/20240302.html,20240302,56.90000009536743,56.90000009536743,0.047837101803251424,0.0,0.0,1.9062340902062314,,inf,,,,,,
20240302071300,2024-03-02T07:13:00+09:00,1709331180.0,35.37,140.452,26.0,3.1,1,matched,1,2024-03-02T07:13:57.800+09:00,1709331237.8,57.799999952316284,20240302071357800,2024-03-02T07:13:57.800+09:00,1709331237.8,35.37,140.45166666666665,26.0,3.1,千葉県東方沖,https://www.data.jma.go.jp/eqev/data/daily_map/20240302.html,20240302,57.799999952316284,57.799999952316284,0.03022392988793995,0.0,0.0,1.9327114510547976,,inf,,,,,,
20240302094400,2024-03-02T09:44:00+09:00,1709340240.0,35.333,140.358,26.0,3.0,1,matched,1,2024-03-02T09:44:51.600+09:00,1709340291.6,51.59999990463257,20240302094451600,2024-03-02T09:44:51.600+09:00,1709340291.6,35.333333333333336,140.35833333333332,26.0,3.0,千葉県南部,https://www.data.jma.go.jp/eqev/data/daily_map/20240302.html,20240302,51.59999990463257,51.59999990463257,0.04783442176697472,0.0,0.0,1.7295668811744804,,inf,,,,,,
20240302182000,2024-03-02T18:20:00+09:00,1709371200.0,37.808,141.602,56.0,4.1,1,matched,1,2024-03-02T18:20:14.400+09:00,1709371214.4,14.400000095367432,20240302182014400,2024-03-02T18:20:14.400+09:00,1709371214.4,37.80833333333333,141.60166666666666,56.0,4.1,福島県沖,https://www.data.jma.go.jp/eqev/data/daily_map/20240302.html,20240302,14.400000095367432,14.400000095367432,0.04723722656849228,0.0,0.0,0.48944744849261285,,inf,,,,,,
20240302202300,2024-03-02T20:23:00+09:00,1709378580.0,36.043,139.902,44.0,3.8,1,matched,1,2024-03-02T20:23:15.600+09:00,1709378595.6,15.599999904632568,20240302202315600,2024-03-02T20:23:15.600+09:00,1709378595.6,36.04333333333334,139.90166666666667,44.0,3.8,茨城県南部,https://www.data.jma.go.jp/eqev/data/daily_map/20240302.html,20240302,15.599999904632568,15.599999904632568,0.04766549796515917,0.0,0.0,0.5295330964141175,,inf,,,,,,
20240302230000,2024-03-02T23:00:00+09:00,1709388000.0,32.435,131.523,13.0,4.3,1,matched,1,2024-03-02T23:00:43.800+09:00,1709388043.8,43.799999952316284,20240302230043800,2024-03-02T23:00:43.800+09:00,1709388043.8,32.435,131.52333333333334,13.0,4.3,宮崎県北部平野部,https://www.data.jma.go.jp/eqev/data/daily_map/20240302.html,20240302,43.799999952316284,43.799999952316284,0.03128285604398903,0.0,0.0,1.4662565696193406,,inf,,,,,,
20240303173200,2024-03-03T17:32:00+09:00,1709454720.0,41.2,142.062,56.0,4.8,1,matched,1,2024-03-03T17:31:59.600+09:00,1709454719.6,-0.40000009536743164,20240303173159600,2024-03-03T17:31:59.600+09:00,1709454719.6,41.2,142.06166666666667,56.0,4.8,青森県東方沖,https://www.data.jma.go.jp/eqev/data/daily_map/20240303.html,20240303,-0.40000009536743164,0.40000009536743164,0.02788824020128545,0.0,0.0,0.01891098455250481,,inf,,,,,,
20240304035100,2024-03-04T03:51:00+09:00,1709491860.0,37.102,136.618,8.0,3.4,1,matched,1,2024-03-04T03:51:13.300+09:00,1709491873.3,13.299999952316284,20240304035113300,2024-03-04T03:51:13.300+09:00,1709491873.3,37.10166666666667,136.61833333333334,8.0,3.4,能登半島沖,https://www.data.jma.go.jp/eqev/data/daily_map/20240304.html,20240304,13.299999952316284,13.299999952316284,0.04740999168657785,0.0,0.0,0.4528153300811917,,inf,,,,,,
20240304173100,2024-03-04T17:31:00+09:00,1709541060.0,37.212,136.685,5.0,4.4,1,matched,1,2024-03-04T17:31:20.500+09:00,1709541080.5,20.5,20240304173120500,2024-03-04T17:31:20.500+09:00,1709541080.5,37.211666666666666,136.685,5.0,4.4,能登半島沖,https://www.data.jma.go.jp/eqev/data/daily_map/20240304.html,20240304,20.5,20.5,0.037064975548089636,0.0,0.0,0.6907463284429513,,inf,,,,,,
20240304174600,2024-03-04T17:46:00+09:00,1709541960.0,37.192,136.815,12.0,3.3,1,matched,1,2024-03-04T17:46:41.600+09:00,1709542001.6,41.59999990463257,20240304174641600,2024-03-04T17:46:41.600+09:00,1709542001.6,37.19166666666667,136.815,12.0,3.3,石川県能登地方,https://www.data.jma.go.jp/eqev/data/daily_map/20240304.html,20240304,41.59999990463257,41.59999990463257,0.037064975548089636,0.0,0.0,1.3940796585973703,,inf,,,,,,
20240304214200,2024-03-04T21:42:00+09:00,1709556120.0,37.492,137.237,13.0,3.3,1,matched,1,2024-03-04T21:42:33.500+09:00,1709556153.5,33.5,20240304214233500,2024-03-04T21:42:33.500+09:00,1709556153.5,37.49166666666667,137.23666666666668,13.0,3.3,石川県能登地方,https://www.data.jma.go.jp/eqev/data/daily_map/20240304.html,20240304,33.5,33.5,0.04731481970797867,0.0,0.0,1.1261296306082624,,inf,,,,,,
20240305200100,2024-03-05T20:01:00+09:00,1709636460.0,37.122,136.668,8.0,3.3,1,matched,1,2024-03-05T20:01:47.500+09:00,1709636507.5,47.5,20240305200147500,2024-03-05T20:01:47.500+09:00,1709636507.5,37.12166666666667,136.66833333333332,8.0,3.3,能登半島沖,https://www.data.jma.go.jp/eqev/data/daily_map/20240305.html,20240305,47.5,47.5,0.04740512446092427,0.0,0.0,1.592814358225518,,inf,,,,,,
20240306170900,2024-03-06T17:09:00+09:00,1709712540.0,35.512,140.418,33.0,3.3,1,matched,1,2024-03-06T17:09:43.100+09:00,1709712583.1,43.09999990463257,20240306170943100,2024-03-06T17:09:43.100+09:00,1709712583.1,35.51166666666666,140.41833333333332,33.0,3.3,千葉県北東部,https://www.data.jma.go.jp/eqev/data/daily_map/20240306.html,20240306,43.09999990463257,43.09999990463257,0.04779210300060838,0.0,0.0,1.4462250840878739,,inf,,,,,,
20240306221600,2024-03-06T22:16:00+09:00,1709730960.0,37.055,141.222,48.0,3.8,1,matched,1,2024-03-06T22:16:56.800+09:00,1709731016.8,56.799999952316284,20240306221656800,2024-03-06T22:16:56.800+09:00,1709731016.8,37.055,141.22166666666666,48.0,3.8,福島県沖,https://www.data.jma.go.jp/eqev/data/daily_map/20240306.html,20240306,56.799999952316284,56.799999952316284,0.029579979546175552,0.0,0.0,1.8992493276531113,,inf,,,,,,
20240307054000,2024-03-07T05:40:00+09:00,1709757600.0,35.537,138.937,23.0,3.6,1,matched,1,2024-03-07T05:40:27.300+09:00,1709757627.3,27.299999952316284,20240307054027300,2024-03-07T05:40:27.300+09:00,1709757627.3,35.53666666666667,138.93666666666667,23.0,3.6,山梨県東部・富士五湖,https://www.data.jma.go.jp/eqev/data/daily_map/20240307.html,20240307,27.299999952316284,27.299999952316284,0.04778617125529597,0.0,0.0,0.9195572326616019,,inf,,,,,,
20240307112800,2024-03-07T11:28:00+09:00,1709778480.0,34.22,135.087,9.0,3.6,1,matched,1,2024-03-07T11:28:02.600+09:00,1709778482.6,2.5999999046325684,20240307112802600,2024-03-07T11:28:02.600+09:00,1709778482.6,34.22,135.08666666666667,9.0,3.6,紀伊水道,https://www.data.jma.go.jp/eqev/data/daily_map/20240307.html,20240307,2.5999999046325684,2.5999999046325684,0.030648447092473233,0.0,0.0,0.09279635290624692,,inf,,,,,,
20240307141900,2024-03-07T14:19:00+09:00,1709788740.0,32.433,131.523,13.0,3.6,1,matched,1,2024-03-07T14:19:10.800+09:00,1709788750.8,10.799999952316284,20240307141910800,2024-03-07T14:19:10.800+09:00,1709788750.8,32.43333333333333,131.52333333333334,13.0,3.6,宮崎県北部平野部,https://www.data.jma.go.jp/eqev/data/daily_map/20240307.html,20240307,10.799999952316284,10.799999952316284,0.048502260689910925,0.0,0.0,0.369700450548525,,inf,,,,,,
20240307142500,2024-03-07T14:25:00+09:00,1709789100.0,32.433,131.522,13.0,3.4,1,matched,1,2024-03-07T14:25:44.400+09:00,1709789144.4,44.40000009536743,20240307142544400,2024-03-07T14:25:44.400+09:00,1709789144.4,32.43333333333333,131.52166666666668,13.0,3.4,宮崎県北部平野部,https://www.data.jma.go.jp/eqev/data/daily_map/20240307.html,20240307,44.40000009536743,44.40000009536743,0.04850226068683049,0.0,0.0,1.4897004553162805,,inf,,,,,,
20240307154100,2024-03-07T15:41:00+09:00,1709793660.0,37.372,136.932,11.0,4.3,1,matched,1,2024-03-07T15:41:45.000+09:00,1709793705.0,45.0,20240307154145000,2024-03-07T15:41:45.000+09:00,1709793705.0,37.37166666666667,136.93166666666667,11.0,4.3,石川県能登地方,https://www.data.jma.go.jp/eqev/data/daily_map/20240307.html,20240307,45.0,45.0,0.047344161690977014,0.0,0.0,1.5094688323381955,,inf,,,,,,
20240307171400,2024-03-07T17:14:00+09:00,1709799240.0,32.77,131.82,52.0,4.0,1,matched,1,2024-03-07T17:14:07.000+09:00,1709799247.0,7.0,20240307171407000,2024-03-07T17:14:07.000+09:00,1709799247.0,32.77,131.82,52.0,4.0,宮崎県北部平野部,https://www.data.jma.go.jp/eqev/data/daily_map/20240307.html,20240307,7.0,7.0,0.0,0.0,0.0,0.23333333333333334,,inf,,,,,,
20240307205800,2024-03-07T20:58:00+09:00,1709812680.0,34.045,135.31,6.0,3.3,1,matched,1,2024-03-07T20:58:36.700+09:00,1709812716.7,36.700000047683716,20240307205836700,2024-03-07T20:58:36.700+09:00,1709812716.7,34.045,135.31,6.0,3.3,和歌山県北部,https://www.data.jma.go.jp/eqev/data/daily_map/20240307.html,20240307,36.700000047683716,36.700000047683716,0.0,0.0,0.0,1.2233333349227906,,inf,,,,,,
20240309025500,2024-03-09T02:55:00+09:00,1709920500.0,34.215,135.085,9.0,3.6,1,matched,1,2024-03-09T02:55:47.700+09:00,1709920547.7,47.700000047683716,20240309025547700,2024-03-09T02:55:47.700+09:00,1709920547.7,34.215,135.085,9.0,3.6,紀伊水道,https://www.data.jma.go.jp/eqev/data/daily_map/20240309.html,20240309,47.700000047683716,47.700000047683716,0.0,0.0,0.0,1.590000001589457,,inf,,,,,,
20240309042600,2024-03-09T04:26:00+09:00,1709925960.0,35.39,140.42,28.0,4.4,1,matched,1,2024-03-09T04:26:41.700+09:00,1709926001.7,41.700000047683716,20240309042641700,2024-03-09T04:26:41.700+09:00,1709926001.7,35.39,140.42,28.0,4.4,千葉県東方沖,https://www.data.jma.go.jp/eqev/data/daily_map/20240309.html,20240309,41.700000047683716,41.700000047683716,0.0,0.0,0.0,1.3900000015894571,,inf,,,,,,
20240309124700,2024-03-09T12:47:00+09:00,1709956020.0,37.417,137.105,12.0,3.8,1,matched,1,2024-03-09T12:47:25.300+09:00,1709956045.3,25.299999952316284,20240309124725300,2024-03-09T12:47:25.300+09:00,1709956045.3,37.416666666666664,137.105,12.0,3.8,石川県能登地方,https://www.data.jma.go.jp/eqev/data/daily_map/20240309.html,20240309,25.299999952316284,25.299999952316284,0.03706497554879696,0.0,0.0,0.8507463268536355,,inf,,,,,,
20240309141800,2024-03-09T14:18:00+09:00,1709961480.0,41.93,142.345,71.0,4.6,1,matched,1,2024-03-09T14:18:24.900+09:00,1709961504.9,24.90000009536743,20240309141824900,2024-03-09T14:18:24.900+09:00,1709961504.9,41.93,142.345,71.0,4.6,浦河沖,https://www.data.jma.go.jp/eqev/data/daily_map/20240309.html,20240309,24.90000009536743,24.90000009536743,0.0,0.0,0.0,0.8300000031789144,,inf,,,,,,
20240309202100,2024-03-09T20:21:00+09:00,1709983260.0,32.43,131.523,13.0,3.5,1,matched,1,2024-03-09T20:21:39.900+09:00,1709983299.9,39.90000009536743,20240309202139900,2024-03-09T20:21:39.900+09:00,1709983299.9,32.43,131.52333333333334,13.0,3.5,宮崎県北部平野部,https://www.data.jma.go.jp/eqev/data/daily_map/20240309.html,20240309,39.90000009536743,39.90000009536743,0.031284590740291586,0.0,0.0,1.3362569213269726,,inf,,,,,,
20240309212600,2024-03-09T21:26:00+09:00,1709987160.0,32.432,131.523,12.0,3.3,1,matched,1,2024-03-09T21:26:31.300+09:00,1709987191.3,31.299999952316284,20240309212631300,2024-03-09T21:26:31.300+09:00,1709987191.3,32.431666666666665,131.52333333333334,12.0,3.3,宮崎県北部平野部,https://www.data.jma.go.jp/eqev/data/daily_map/20240309.html,20240309,31.299999952316284,31.299999952316284,0.04850255905451868,0.0,0.0,1.05303384355478,,inf,,,,,,
20240310151400,2024-03-10T15:14:00+09:00,1710051240.0,37.953,141.747,55.0,4.3,1,matched,1,2024-03-10T15:14:54.900+09:00,1710051294.9,54.90000009536743,20240310151454900,2024-03-10T15:14:54.900+09:00,1710051294.9,37.95333333333333,141.74666666666667,55.0,4.3,宮城県沖,https://www.data.jma.go.jp/eqev/data/daily_map/20240310.html,20240310,54.90000009536743,54.90000009536743,0.04720154276927733,0.0,0.0,1.8394403117327698,,inf,,,,,,
20240312122700,2024-03-12T12:27:00+09:00,1710214020.0,35.387,140.412,30.0,3.0,1,matched,1,2024-03-12T12:27:26.200+09:00,1710214046.2,26.200000047683716,20240312122726200,2024-03-12T12:27:26.200+09:00,1710214046.2,35.38666666666666,140.41166666666666,30.0,3.0,千葉県東方沖,https://www.data.jma.go.jp/eqev/data/daily_map/20240312.html,20240312,26.200000047683716,26.200000047683716,0.04782172392596934,0.0,0.0,0.8828976797079844,,inf,,,,,,
20240313033100,2024-03-13T03:31:00+09:00,1710268260.0,37.128,136.687,6.0,4.1,1,matched,1,2024-03-13T03:31:57.900+09:00,1710268317.9,57.90000009536743,20240313033157900,2024-03-13T03:31:57.900+09:00,1710268317.9,37.12833333333333,136.68666666666667,6.0,4.1,能登半島沖,https://www.data.jma.go.jp/eqev/data/daily_map/20240313.html,20240313,57.90000009536743,57.90000009536743,0.04740358287027583,0.0,0.0,1.9394807197529695,,inf,,,,,,
20240313202400,2024-03-13T20:24:00+09:00,1710329040.0,37.093,141.13,51.0,4.7,1,matched,1,2024-03-13T20:24:42.700+09:00,1710329082.7,42.700000047683716,20240313202442700,2024-03-13T20:24:42.700+09:00,1710329082.7,37.093333333333334,141.13,51.0,4.7,福島県沖,https://www.data.jma.go.jp/eqev/data/daily_map/20240313.html,20240313,42.700000047683716,42.700000047683716,0.03706497554738231,0.0,0.0,1.4307463300322671,,inf,,,,,,
20240314163400,2024-03-14T16:34:00+09:00,1710401640.0,43.582,143.757,8.0,4.1,1,matched,1,2024-03-14T16:34:41.400+09:00,1710401681.4,41.40000009536743,20240314163441400,2024-03-14T16:34:41.400+09:00,1710401681.4,43.58166666666666,143.75666666666666,8.0,4.1,十勝地方北部,https://www.data.jma.go.jp/eqev/data/daily_map/20240314.html,20240314,41.40000009536743,41.40000009536743,0.045767989840680534,0.0,0.0,1.3891536011470504,,inf,,,,,,
20240314183700,2024-03-14T18:37:00+09:00,1710409020.0,41.498,142.045,57.0,4.1,1,matched,1,2024-03-14T18:37:51.600+09:00,1710409071.6,51.59999990463257,20240314183751600,2024-03-14T18:37:51.600+09:00,1710409071.6,41.498333333333335,142.045,57.0,4.1,青森県東方沖,https://www.data.jma.go.jp/eqev/data/daily_map/20240314.html,20240314,51.59999990463257,51.59999990463257,0.037064975548089636,0.0,0.0,1.7274129919307035,,inf,,,,,,
20240315001400,2024-03-15T00:14:00+09:00,1710429240.0,37.072,141.163,50.0,5.8,1,matched,1,2024-03-15T00:14:36.000+09:00,1710429276.0,36.0,20240315001436000,2024-03-15T00:14:36.000+09:00,1710429276.0,37.071666666666665,141.16333333333333,50.0,5.8,福島県沖,https://www.data.jma.go.jp/eqev/data/daily_map/20240315.html,20240315,36.0,36.0,0.047417289784102416,0.0,0.0,1.2094834579568203,,inf,,,,,,
20240315192800,2024-03-15T19:28:00+09:00,1710498480.0,37.492,137.23,9.0,3.6,1,matched,1,2024-03-15T19:28:09.800+09:00,1710498489.8,9.799999952316284,20240315192809800,2024-03-15T19:28:09.800+09:00,1710498489.8,37.49166666666667,137.23,9.0,3.6,石川県能登地方,https://www.data.jma.go.jp/eqev/data/daily_map/20240315.html,20240315,9.799999952316284,9.799999952316284,0.037064975548089636,0.0,0.0,0.3340796601868274,,inf,,,,,,
20240316063400,2024-03-16T06:34:00+09:00,1710538440.0,32.907,131.047,7.0,3.3,1,matched,1,2024-03-16T06:34:32.800+09:00,1710538472.8,32.799999952316284,20240316063432800,2024-03-16T06:34:32.800+09:00,1710538472.8,32.906666666666666,131.04666666666665,7.0,3.3,熊本県阿蘇地方,https://www.data.jma.go.jp/eqev/data/daily_map/20240316.html,20240316,32.799999952316284,32.799999952316284,0.04839574194971364,0.0,0.0,1.1030124801338188,,inf,,,,,,
20240317061700,2024-03-17T06:17:00+09:00,1710623820.0,37.155,141.447,44.0,5.4,1,matched,1,2024-03-17T06:17:04.200+09:00,1710623824.2,4.200000047683716,20240317061704200,2024-03-17T06:17:04.200+09:00,1710623824.2,37.155,141.44666666666666,44.0,5.4,福島県沖,https://www.data.jma.go.jp/eqev/data/daily_map/20240317.html,20240317,4.200000047683716,4.200000047683716,0.029540953170424187,0.0,0.0,0.14590819222354204,,inf,,,,,,
20240318022500,2024-03-18T02:25:00+09:00,1710696300.0,37.16,141.43,44.0,3.9,1,matched,1,2024-03-18T02:25:14.800+09:00,1710696314.8,14.799999952316284,20240318022514800,2024-03-18T02:25:14.800+09:00,1710696314.8,37.16,141.43,44.0,3.9,福島県沖,https://www.data.jma.go.jp/eqev/data/daily_map/20240318.html,20240318,14.799999952316284,14.799999952316284,0.0,0.0,0.0,0.4933333317438761,,inf,,,,,,
20240318035000,2024-03-18T03:50:00+09:00,1710701400.0,35.762,140.267,58.0,4.2,1,matched,1,2024-03-18T03:50:19.800+09:00,1710701419.8,19.799999952316284,20240318035019800,2024-03-18T03:50:19.800+09:00,1710701419.8,35.76166666666667,140.26666666666668,58.0,4.2,千葉県北西部,https://www.data.jma.go.jp/eqev/data/daily_map/20240318.html,20240318,19.799999952316284,19.799999952316284,0.04773267293645693,0.0,0.0,0.6695465329978342,,inf,,,,,,
20240318105800,2024-03-18T10:58:00+09:00,1710727080.0,33.255,132.35,40.0,3.9,1,matched,1,2024-03-18T10:58:00.900+09:00,1710727080.9,0.9000000953674316,20240318105800900,2024-03-18T10:58:00.900+09:00,1710727080.9,33.255,132.35,40.0,3.9,豊後水道,https://www.data.jma.go.jp/eqev/data/daily_map/20240318.html,20240318,0.9000000953674316,0.9000000953674316,0.0,0.0,0.0,0.030000003178914388,,inf,,,,,,
20240318184900,2024-03-18T18:49:00+09:00,1710755340.0,35.637,140.07,72.0,3.7,1,matched,1,2024-03-18T18:49:27.700+09:00,1710755367.7,27.700000047683716,20240318184927700,2024-03-18T18:49:27.700+09:00,1710755367.7,35.63666666666667,140.07,72.0,3.7,千葉県北西部,https://www.data.jma.go.jp/eqev/data/daily_map/20240318.html,20240318,27.700000047683716,27.700000047683716,0.03706497554738231,0.0,0.0,0.930746330032267,,inf,,,,,,
20240319101500,2024-03-19T10:15:00+09:00,1710810900.0,41.693,143.82,21.0,4.6,1,matched,1,2024-03-19T10:15:06.000+09:00,1710810906.0,6.0,20240319101506000,2024-03-19T10:15:06.000+09:00,1710810906.0,41.693333333333335,143.82,21.0,4.6,十勝沖,https://www.data.jma.go.jp/eqev/data/daily_map/20240319.html,20240319,6.0,6.0,0.037064975548089636,0.0,0.0,0.20741299510961794,,inf,,,,,,
20240320085400,2024-03-20T08:54:00+09:00,1710892440.0,32.968,131.105,9.0,3.1,1,matched,1,2024-03-20T08:54:06.800+09:00,1710892446.8,6.799999952316284,20240320085406800,2024-03-20T08:54:06.800+09:00,1710892446.8,32.968333333333334,131.105,9.0,3.1,熊本県阿蘇地方,https://www.data.jma.go.jp/eqev/data/daily_map/20240320.html,20240320,6.799999952316284,6.799999952316284,0.037064975548089636,0.0,0.0,0.2340796601868274,,inf,,,,,,
20240321090800,2024-03-21T09:08:00+09:00,1710979680.0,36.048,139.887,46.0,5.3,1,matched,1,2024-03-21T09:08:03.800+09:00,1710979683.8,3.799999952316284,20240321090803800,2024-03-21T09:08:03.800+09:00,1710979683.8,36.04833333333333,139.88666666666666,46.0,5.3,茨城県南部,https://www.data.jma.go.jp/eqev/data/daily_map/20240321.html,20240321,3.799999952316284,3.799999952316284,0.04766430129003652,0.0,0.0,0.1361995253352168,,inf,,,,,,
20240322144400,2024-03-22T14:44:00+09:00,1711086240.0,40.363,142.202,46.0,4.3,1,matched,1,2024-03-22T14:44:00.300+09:00,1711086240.3,0.2999999523162842,20240322144400300,2024-03-22T14:44:00.300+09:00,1711086240.3,40.36333333333334,142.20166666666665,46.0,4.3,岩手県沖,https://www.data.jma.go.jp/eqev/data/daily_map/20240322.html,20240322,0.2999999523162842,0.2999999523162842,0.04659843044485368,0.0,0.0,0.019319684499513542,,inf,,,,,,
20240323025600,2024-03-23T02:56:00+09:00,1711130160.0,37.575,137.392,8.0,4.3,2,matched,1,2024-03-23T02:56:02.800+09:00,1711130162.8,2.799999952316284,20240323025602800,2024-03-23T02:56:02.800+09:00,1711130162.8,37.575,137.39166666666668,8.0,4.3,能登半島沖,https://www.data.jma.go.jp/eqev/data/daily_map/20240323.html,20240323,2.799999952316284,2.799999952316284,0.029376061123117338,0.0,0.0,0.0992085439684996,2.94047458555744,2.8412660415889404,20240323025648400,2024-03-23T02:56:48.400+09:00,48.40000009536743,2.6357062452259616,8.0,
20240323083100,2024-03-23T08:31:00+09:00,1711150260.0,35.682,136.63,14.0,4.6,1,matched,1,2024-03-23T08:31:48.700+09:00,1711150308.7,48.700000047683716,20240323083148700,2024-03-23T08:31:48.700+09:00,1711150308.7,35.681666666666665,136.63,14.0,4.6,岐阜県美濃中西部,https://www.data.jma.go.jp/eqev/data/daily_map/20240323.html,20240323,48.700000047683716,48.700000047683716,0.03706497554879696,0.0,0.0,1.63074633003255,,inf,,,,,,
20240324014900,2024-03-24T01:49:00+09:00,1711212540.0,35.492,140.087,70.0,3.2,1,matched,1,2024-03-24T01:49:54.200+09:00,1711212594.2,54.200000047683716,20240324014954200,2024-03-24T01:49:54.200+09:00,1711212594.2,35.49166666666667,140.08666666666667,70.0,3.2,千葉県北西部,https://www.data.jma.go.jp/eqev/data/daily_map/20240324.html,20240324,54.200000047683716,54.200000047683716,0.04779684658558668,0.0,0.0,1.8162260375732413,,inf,,,,,,
20240325105800,2024-03-25T10:58:00+09:00,1711331880.0,37.453,137.147,9.0,3.0,1,matched,1,2024-03-25T10:58:04.300+09:00,1711331884.3,4.299999952316284,20240325105804300,2024-03-25T10:58:04.300+09:00,1711331884.3,37.45333333333333,137.14666666666668,9.0,3.0,石川県能登地方,https://www.data.jma.go.jp/eqev/data/daily_map/20240325.html,20240325,4.299999952316284,4.299999952316284,0.04732427996122629,0.0,0.0,0.1527981877361214,,inf,,,,,,
20240327060600,2024-03-27T06:06:00+09:00,1711487160.0,35.557,140.385,55.0,4.3,1,matched,1,2024-03-27T06:06:06.700+09:00,1711487166.7,6.700000047683716,20240327060606700,2024-03-27T06:06:06.700+09:00,1711487166.7,35.556666666666665,140.385,55.0,4.3,千葉県北東部,https://www.data.jma.go.jp/eqev/data/daily_map/20240327.html,20240327,6.700000047683716,6.700000047683716,0.03706497554879696,0.0,0.0,0.23074633003254993,,inf,,,,,,
20240328231500,2024-03-28T23:15:00+09:00,1711635300.0,34.96,135.597,9.0,3.1,1,matched,1,2024-03-28T23:15:01.100+09:00,1711635301.1,1.0999999046325684,20240328231501100,2024-03-28T23:15:01.100+09:00,1711635301.1,34.96,135.59666666666666,9.0,3.1,大阪府北部,https://www.data.jma.go.jp/eqev/data/daily_map/20240328.html,20240328,1.0999999046325684,1.0999999046325684,0.030376685091004718,0.0,0.0,0.04274200050595322,,inf,,,,,,
20240329031400,2024-03-29T03:14:00+09:00,1711649640.0,36.083,137.542,5.0,3.2,1,matched,1,2024-03-29T03:14:48.500+09:00,1711649688.5,48.5,20240329031448500,2024-03-29T03:14:48.500+09:00,1711649688.5,36.083333333333336,137.54166666666666,5.0,3.2,岐阜県飛騨地方,https://www.data.jma.go.jp/eqev/data/daily_map/20240329.html,20240329,48.5,48.5,0.04765592182562049,0.0,0.0,1.6261978510317907,,inf,,,,,,
20240331204400,2024-03-31T20:44:00+09:00,1711885440.0,37.225,136.845,11.0,3.4,1,matched,1,2024-03-31T20:44:54.700+09:00,1711885494.7,54.700000047683716,20240331204454700,2024-03-31T20:44:54.700+09:00,1711885494.7,37.225,136.845,11.0,3.4,石川県能登地方,https://www.data.jma.go.jp/eqev/data/daily_map/20240331.html,20240331,54.700000047683716,54.700000047683716,0.0,0.0,0.0,1.8233333349227905,,inf,,,,,,
20240401024800,2024-04-01T02:48:00+09:00,1711907280.0,32.43,131.523,13.0,3.3,1,matched,1,2024-04-01T02:48:52.000+09:00,1711907332.0,52.0,20240401024852000,2024-04-01T02:48:52.000+09:00,1711907332.0,32.43,131.52333333333334,13.0,3.3,宮崎県北部平野部,https://www.data.jma.go.jp/eqev/data/daily_map/20240401.html,20240401,52.0,52.0,0.031284590740291586,0.0,0.0,1.7395902514813917,,inf,,,,,,
20240401075400,2024-04-01T07:54:00+09:00,1711925640.0,35.68,138.2,13.0,3.3,1,matched,1,2024-04-01T07:54:50.800+09:00,1711925690.8,50.799999952316284,20240401075450800,2024-04-01T07:54:50.800+09:00,1711925690.8,35.68,138.2,13.0,3.3,長野県南部,https://www.data.jma.go.jp/eqev/data/daily_map/20240401.html,20240401,50.799999952316284,50.799999952316284,0.0,0.0,0.0,1.6933333317438761,,inf,,,,,,
20240402042400,2024-04-02T04:24:00+09:00,1711999440.0,40.133,141.712,71.0,6.0,2,matched,1,2024-04-02T04:24:39.000+09:00,1711999479.0,39.0,20240402042439000,2024-04-02T04:24:39.000+09:00,1711999479.0,40.13333333333333,141.71166666666667,71.0,6.0,岩手県沿岸北部,https://www.data.jma.go.jp/eqev/data/daily_map/20240402.html,20240402,39.0,39.0,0.04665675568117842,0.0,0.0,1.3093313511362357,2.0424019746590814,0.7330706235228457,20240402042437500,2024-04-02T04:24:37.500+09:00,37.5,1.9620098732954072,4.0,
20240402172400,2024-04-02T17:24:00+09:00,1712046240.0,37.367,136.858,8.0,3.7,1,matched,1,2024-04-02T17:24:36.900+09:00,1712046276.9,36.90000009536743,20240402172436900,2024-04-02T17:24:36.900+09:00,1712046276.9,37.36666666666667,136.85833333333332,8.0,3.7,石川県能登地方,https://www.data.jma.go.jp/eqev/data/daily_map/20240402.html,20240402,36.90000009536743,36.90000009536743,0.04734538315487923,0.0,0.0,1.2394690798098902,,inf,,,,,,
20240403105600,2024-04-03T10:56:00+09:00,1712109360.0,37.195,136.885,10.0,3.6,1,matched,1,2024-04-03T10:56:38.800+09:00,1712109398.8,38.799999952316284,20240403105638800,2024-04-03T10:56:38.800+09:00,1712109398.8,37.195,136.885,10.0,3.6,石川県能登地方,https://www.data.jma.go.jp/eqev/data/daily_map/20240403.html,20240403,38.799999952316284,38.799999952316284,0.0,0.0,0.0,1.2933333317438762,,inf,,,,,,
20240403123400,2024-04-03T12:34:00+09:00,1712115240.0,35.378,140.31,29.0,3.7,1,matched,1,2024-04-03T12:34:18.900+09:00,1712115258.9,18.90000009536743,20240403123418900,2024-04-03T12:34:18.900+09:00,1712115258.9,35.37833333333333,140.31,29.0,3.7,千葉県北東部,https://www.data.jma.go.jp/eqev/data/daily_map/20240403.html,20240403,18.90000009536743,18.90000009536743,0.037064975548089636,0.0,0.0,0.6374129982885323,,inf,,,,,,
20240404121600,2024-04-04T12:16:00+09:00,1712200560.0,37.73,141.862,44.0,6.3,1,matched,1,2024-04-04T12:16:30.200+09:00,1712200590.2,30.200000047683716,20240404121630200,2024-04-04T12:16:30.200+09:00,1712200590.2,37.73,141.86166666666668,44.0,6.3,福島県沖,https://www.data.jma.go.jp/eqev/data/daily_map/20240404.html,20240404,30.200000047683716,30.200000047683716,0.029314808869098867,0.0,0.0,1.0125296300299436,,inf,,,,,,
20240405053200,2024-04-05T05:32:00+09:00,1712262720.0,41.94,142.447,66.0,5.0,1,matched,1,2024-04-05T05:31:48.800+09:00,1712262708.8,-11.200000047683716,20240405053148800,2024-04-05T05:31:48.800+09:00,1712262708.8,41.94,142.44666666666666,66.0,5.0,浦河沖,https://www.data.jma.go.jp/eqev/data/daily_map/20240405.html,20240405,-11.200000047683716,11.200000047683716,0.027570601548897858,0.0,0.0,0.3788474552325701,,inf,,,,,,
20240406004000,2024-04-06T00:40:00+09:00,1712331600.0,37.107,141.117,52.0,3.9,1,matched,1,2024-04-06T00:40:10.600+09:00,1712331610.6,10.599999904632568,20240406004010600,2024-04-06T00:40:10.600+09:00,1712331610.6,37.10666666666667,141.11666666666667,52.0,3.9,福島県沖,https://www.data.jma.go.jp/eqev/data/daily_map/20240406.html,20240406,10.599999904632568,10.599999904632568,0.04740877501638748,0.0,0.0,0.3628150851576964,,inf,,,,,,
20240406091200,2024-04-06T09:12:00+09:00,1712362320.0,40.868,143.398,17.0,5.5,1,matched,1,2024-04-06T09:12:18.000+09:00,1712362338.0,18.0,20240406091218000,2024-04-06T09:12:18.000+09:00,1712362338.0,40.86833333333333,143.39833333333334,17.0,5.5,青森県東方沖,https://www.data.jma.go.jp/eqev/data/daily_map/20240406.html,20240406,18.0,18.0,0.04646984763705676,0.0,0.0,0.6092939695274113,,inf,,,,,,
20240406151300,2024-04-06T15:13:00+09:00,1712383980.0,38.172,141.695,52.0,4.0,1,matched,1,2024-04-06T15:13:02.800+09:00,1712383982.8,2.799999952316284,20240406151302800,2024-04-06T15:13:02.800+09:00,1712383982.8,38.17166666666667,141.695,52.0,4.0,宮城県沖,https://www.data.jma.go.jp/eqev/data/daily_map/20240406.html,20240406,2.799999952316284,2.799999952316284,0.037064975548089636,0.0,0.0,0.10074632685349406,,inf,,,,,,
20240408102500,2024-04-08T10:25:00+09:00,1712539500.0,31.59,131.477,39.0,5.1,1,matched,1,2024-04-08T10:25:28.800+09:00,1712539528.8,28.799999952316284,20240408102528800,2024-04-08T10:25:28.800+09:00,1712539528.8,31.59,131.47666666666666,39.0,5.1,大隅半島東方沖,https://www.data.jma.go.jp/eqev/data/daily_map/20240408.html,20240408,28.799999952316284,28.799999952316284,0.031572627203543854,0.0,0.0,0.9663145238512516,,inf,,,,,,
20240408135700,2024-04-08T13:57:00+09:00,1712552220.0,32.133,131.91,28.0,4.5,1,matched,1,2024-04-08T13:57:08.800+09:00,1712552228.8,8.799999952316284,20240408135708800,2024-04-08T13:57:08.800+09:00,1712552228.8,32.13333333333333,131.91,28.0,4.5,日向灘,https://www.data.jma.go.jp/eqev/data/daily_map/20240408.html,20240408,8.799999952316284,8.799999952316284,0.037064975548089636,0.0,0.0,0.30074632685349406,,inf,,,,,,
20240408222900,2024-04-08T22:29:00+09:00,1712582940.0,37.472,137.167,13.0,4.1,1,matched,1,2024-04-08T22:29:26.500+09:00,1712582966.5,26.5,20240408222926500,2024-04-08T22:29:26.500+09:00,1712582966.5,37.471666666666664,137.16666666666666,13.0,4.1,石川県能登地方,https://www.data.jma.go.jp/eqev/data/daily_map/20240408.html,20240408,26.5,26.5,0.04731971360931358,0.0,0.0,0.892797276055196,,inf,,,,,,
20240409061300,2024-04-09T06:13:00+09:00,1712610780.0,40.128,141.687,76.0,4.1,1,matched,1,2024-04-09T06:13:02.400+09:00,1712610782.4,2.4000000953674316,20240409061302400,2024-04-09T06:13:02.400+09:00,1712610782.4,40.12833333333333,141.68666666666667,76.0,4.1,岩手県沿岸北部,https://www.data.jma.go.jp/eqev/data/daily_map/20240409.html,20240409,2.4000000953674316,2.4000000953674316,0.04665802193487008,0.0,0.0,0.0893316075658884,,inf,,,,,,
20240411131600,2024-04-11T13:16:00+09:00,1712808960.0,37.458,137.147,12.0,3.5,1,matched,1,2024-04-11T13:16:15.700+09:00,1712808975.7,15.700000047683716,20240411131615700,2024-04-11T13:16:15.700+09:00,1712808975.7,37.458333333333336,137.14666666666668,12.0,3.5,石川県能登地方,https://www.data.jma.go.jp/eqev/data/daily_map/20240411.html,20240411,15.700000047683716,15.700000047683716,0.04732305695308344,0.0,0.0,0.5327979463134073,,inf,,,,,,
20240413044800,2024-04-13T04:48:00+09:00,1712951280.0,42.957,145.42,45.0,3.9,1,matched,1,2024-04-13T04:48:14.000+09:00,1712951294.0,14.0,20240413044814000,2024-04-13T04:48:14.000+09:00,1712951294.0,42.95666666666666,145.42,45.0,3.9,釧路沖,https://www.data.jma.go.jp/eqev/data/daily_map/20240413.html,20240413,14.0,14.0,0.03706497554879696,0.0,0.0,0.4740796617764261,,inf,,,,,,
20240413164300,2024-04-13T16:43:00+09:00,1712994180.0,33.515,132.557,42.0,3.4,1,matched,1,2024-04-13T16:43:12.300+09:00,1712994192.3,12.299999952316284,20240413164312300,2024-04-13T16:43:12.300+09:00,1712994192.3,33.515,132.55666666666667,42.0,3.4,愛媛県南予,https://www.data.jma.go.jp/eqev/data/daily_map/20240413.html,20240413,12.299999952316284,12.299999952316284,0.0309026007754314,0.0,0.0,0.4161805185656291,,inf,,,,,,
20240414083200,2024-04-14T08:32:00+09:00,1713051120.0,37.178,136.84,11.0,3.4,1,matched,1,2024-04-14T08:32:10.800+09:00,1713051130.8,10.799999952316284,20240414083210800,2024-04-14T08:32:10.800+09:00,1713051130.8,37.178333333333335,136.84,11.0,3.4,石川県能登地方,https://www.data.jma.go.jp/eqev/data/daily_map/20240414.html,20240414,10.799999952316284,10.799999952316284,0.03706497554879696,0.0,0.0,0.3674129935203022,,inf,,,,,,
20240417032100,2024-04-17T03:21:00+09:00,1713291660.0,39.335,142.07,48.0,4.2,1,matched,1,2024-04-17T03:21:27.700+09:00,1713291687.7,27.700000047683716,20240417032127700,2024-04-17T03:21:27.700+09:00,1713291687.7,39.335,142.07,48.0,4.2,岩手県沖,https://www.data.jma.go.jp/eqev/data/daily_map/20240417.html,20240417,27.700000047683716,27.700000047683716,0.0,0.0,0.0,0.9233333349227906,,inf,,,,,,
20240417191800,2024-04-17T19:18:00+09:00,1713349080.0,35.86,137.815,10.0,3.9,1,matched,1,2024-04-17T19:18:17.200+09:00,1713349097.2,17.200000047683716,20240417191817200,2024-04-17T19:18:17.200+09:00,1713349097.2,35.86,137.815,10.0,3.9,長野県南部,https://www.data.jma.go.jp/eqev/data/daily_map/20240417.html,20240417,17.200000047683716,17.200000047683716,0.0,0.0,0.0,0.5733333349227905,,inf,,,,,,
20240417231400,2024-04-17T23:14:00+09:00,1713363240.0,33.2,132.408,39.0,6.6,2,ambiguous,0,2024-04-17T23:14:48.700+09:00,1713363288.7,48.700000047683716,20240417231448700,2024-04-17T23:14:48.700+09:00,1713363288.7,33.2,132.40833333333333,39.0,6.6,豊後水道,https://www.data.jma.go.jp/eqev/data/daily_map/20240417.html,20240417,48.700000047683716,48.700000047683716,0.031014648819041032,0.0,0.0,1.6295362646865987,1.862358006917256,0.23282174223065732,20240417231447200,2024-04-17T23:14:47.200+09:00,47.200000047683716,0.9451233599723275,1.0,
20240417231900,2024-04-17T23:19:00+09:00,1713363540.0,33.22,132.398,41.0,5.1,2,matched,1,2024-04-17T23:19:00.700+09:00,1713363540.7,0.7000000476837158,20240417231900700,2024-04-17T23:19:00.700+09:00,1713363540.7,33.22,132.39833333333334,41.0,5.1,豊後水道,https://www.data.jma.go.jp/eqev/data/daily_map/20240417.html,20240417,0.7000000476837158,0.7000000476837158,0.031007562492498912,0.0,0.0,0.02953484742129031,3.436147684900036,3.4066128374787454,20240417232013200,2024-04-17T23:20:13.200+09:00,73.20000004768372,2.980738416552892,4.0,
20240417232700,2024-04-17T23:27:00+09:00,1713364020.0,33.202,132.338,38.0,4.2,3,ambiguous,0,2024-04-17T23:26:53.300+09:00,1713364013.3,-6.700000047683716,20240417232653300,2024-04-17T23:26:53.300+09:00,1713364013.3,33.20166666666667,132.33833333333334,38.0,4.2,豊後水道,https://www.data.jma.go.jp/eqev/data/daily_map/20240417.html,20240417,-6.700000047683716,6.700000047683716,0.04832887926367859,0.0,0.0,0.23299911077552626,0.5469287922293531,0.3139296814538268,20240417232650900,2024-04-17T23:26:50.900+09:00,-9.099999904632568,0.7179773103746709,1.0,
20240417233100,2024-04-17T23:31:00+09:00,1713364260.0,36.697,138.4,11.0,3.3,1,matched,1,2024-04-17T23:31:32.400+09:00,1713364292.4,32.40000009536743,20240417233132400,2024-04-17T23:31:32.400+09:00,1713364292.4,36.696666666666665,138.4,11.0,3.3,長野県北部,https://www.data.jma.go.jp/eqev/data/daily_map/20240417.html,20240417,32.40000009536743,32.40000009536743,0.03706497554879696,0.0,0.0,1.0874129982886738,,inf,,,,,,
20240418003000,2024-04-18T00:30:00+09:00,1713367800.0,33.21,132.375,37.0,3.6,1,matched,1,2024-04-18T00:30:28.600+09:00,1713367828.6,28.59999990463257,20240418003028600,2024-04-18T00:30:28.600+09:00,1713367828.6,33.21,132.375,37.0,3.6,豊後水道,https://www.data.jma.go.jp/eqev/data/daily_map/20240418.html,20240418,28.59999990463257,28.59999990463257,0.0,0.0,0.0,0.9533333301544189,,inf,,,,,,
20240418003700,2024-04-18T00:37:00+09:00,1713368220.0,33.223,132.398,39.0,3.8,3,matched,1,2024-04-18T00:37:53.600+09:00,1713368273.6,53.59999990463257,20240418003753600,2024-04-18T00:37:53.600+09:00,1713368273.6,33.223333333333336,132.39833333333334,39.0,3.8,豊後水道,https://www.data.jma.go.jp/eqev/data/daily_map/20240418.html,20240418,53.59999990463257,53.59999990463257,0.04832402862809968,0.0,0.0,1.7963314692133723,3.0693177165561236,1.2729862473427513,20240418003749600,2024-04-18T00:37:49.600+09:00,49.59999990463257,6.079921932008523,2.0,
20240418004400,2024-04-18T00:44:00+09:00,1713368640.0,33.22,132.382,36.0,3.4,2,matched,1,2024-04-18T00:44:03.900+09:00,1713368643.9,3.9000000953674316,20240418004403900,2024-04-18T00:44:03.900+09:00,1713368643.9,33.22,132.38166666666666,36.0,3.4,豊後水道,https://www.data.jma.go.jp/eqev/data/daily_map/20240418.html,20240418,3.9000000953674316,3.9000000953674316,0.031007562492498912,0.0,0.0,0.13620151567741418,4.083129149289297,3.9469276336118826,20240418004351700,2024-04-18T00:43:51.700+09:00,-8.299999952316284,2.5323124210604395,3.0,0.8999999999999999
20240418010100,2024-04-18T01:01:00+09:00,1713369660.0,33.202,132.343,38.0,3.2,2,matched,1,2024-04-18T01:01:11.400+09:00,1713369671.4,11.400000095367432,20240418010111400,2024-04-18T01:01:11.400+09:00,1713369671.4,33.20166666666667,132.34333333333333,38.0,3.2,豊後水道,https://www.data.jma.go.jp/eqev/data/daily_map/20240418.html,20240418,11.400000095367432,11.400000095367432,0.04832887926367859,0.0,0.0,0.3896657790316501,5.372623019535764,4.982957240504114,20240418010032100,2024-04-18T01:00:32.100+09:00,-27.90000009536743,4.54644841511758,2.0,1.0
20240418010500,2024-04-18T01:05:00+09:00,1713369900.0,33.193,132.385,37.0,3.3,1,matched,1,2024-04-18T01:05:39.100+09:00,1713369939.1,39.09999990463257,20240418010539100,2024-04-18T01:05:39.100+09:00,1713369939.1,33.193333333333335,132.385,37.0,3.3,豊後水道,https://www.data.jma.go.jp/eqev/data/daily_map/20240418.html,20240418,39.09999990463257,39.09999990463257,0.037064975548089636,0.0,0.0,1.310746325264037,,inf,,,,,,
20240418063100,2024-04-18T06:31:00+09:00,1713389460.0,33.215,132.37,37.0,3.6,1,matched,1,2024-04-18T06:31:45.100+09:00,1713389505.1,45.09999990463257,20240418063145100,2024-04-18T06:31:45.100+09:00,1713389505.1,33.215,132.37,37.0,3.6,豊後水道,https://www.data.jma.go.jp/eqev/data/daily_map/20240418.html,20240418,45.09999990463257,45.09999990463257,0.0,0.0,0.0,1.503333330154419,,inf,,,,,,
20240418121500,2024-04-18T12:15:00+09:00,1713410100.0,33.228,132.37,37.0,3.7,2,ambiguous,0,2024-04-18T12:15:57.900+09:00,1713410157.9,57.90000009536743,20240418121557900,2024-04-18T12:15:57.900+09:00,1713410157.9,33.22833333333333,132.37,37.0,3.7,豊後水道,https://www.data.jma.go.jp/eqev/data/daily_map/20240418.html,20240418,57.90000009536743,57.90000009536743,0.037064975548089636,0.0,0.0,1.9374129982885324,2.3404954130877615,0.4030824147992291,20240418121555700,2024-04-18T12:15:55.700+09:00,55.700000047683716,1.9191437241581877,1.0,
20240418234500,2024-04-18T23:45:00+09:00,1713451500.0,33.207,132.37,39.0,3.7,1,matched,1,2024-04-18T23:45:59.000+09:00,1713451559.0,59.0,20240418234559000,2024-04-18T23:45:59.000+09:00,1713451559.0,33.20666666666666,132.37,39.0,3.7,豊後水道,https://www.data.jma.go.jp/eqev/data/daily_map/20240418.html,20240418,59.0,59.0,0.03706497554879696,0.0,0.0,1.974079661776426,,inf,,,,,,
20240419025900,2024-04-19T02:59:00+09:00,1713463140.0,33.227,132.372,38.0,3.5,1,matched,1,2024-04-19T02:59:19.900+09:00,1713463159.9,19.90000009536743,20240419025919900,2024-04-19T02:59:19.900+09:00,1713463159.9,33.22666666666667,132.37166666666667,38.0,3.5,豊後水道,https://www.data.jma.go.jp/eqev/data/daily_map/20240419.html,20240419,19.90000009536743,19.90000009536743,0.04832319471611409,0.0,0.0,0.6729979754554705,,inf,,,,,,
20240419093300,2024-04-19T09:33:00+09:00,1713486780.0,36.088,139.89,48.0,4.1,1,matched,1,2024-04-19T09:33:22.200+09:00,1713486802.2,22.200000047683716,20240419093322200,2024-04-19T09:33:22.200+09:00,1713486802.2,36.08833333333333,139.89,48.0,4.1,茨城県南部,https://www.data.jma.go.jp/eqev/data/daily_map/20240419.html,20240419,22.200000047683716,22.200000047683716,0.037064975548089636,0.0,0.0,0.7474129966990751,,inf,,,,,,
20240419232700,2024-04-19T23:27:00+09:00,1713536820.0,34.932,129.695,15.0,4.1,1,matched,1,2024-04-19T23:27:54.900+09:00,1713536874.9,54.90000009536743,20240419232754900,2024-04-19T23:27:54.900+09:00,1713536874.9,34.931666666666665,129.695,15.0,4.1,福岡県北西沖,https://www.data.jma.go.jp/eqev/data/daily_map/20240419.html,20240419,54.90000009536743,54.90000009536743,0.03706497554879696,0.0,0.0,1.8374129982886738,,inf,,,,,,
20240420025100,2024-04-20T02:51:00+09:00,1713549060.0,33.477,135.06,34.0,3.7,1,matched,1,2024-04-20T02:51:41.100+09:00,1713549101.1,41.09999990463257,20240420025141100,2024-04-20T02:51:41.100+09:00,1713549101.1,33.47666666666667,135.06,34.0,3.7,和歌山県南方沖,https://www.data.jma.go.jp/eqev/data/daily_map/20240420.html,20240420,41.09999990463257,41.09999990463257,0.037064975548089636,0.0,0.0,1.3774129919307037,,inf,,,,,,
20240420070700,2024-04-20T07:07:00+09:00,1713564420.0,43.332,146.395,47.0,4.4,1,matched,1,2024-04-20T07:07:28.800+09:00,1713564448.8,28.799999952316284,20240420070728800,2024-04-20T07:07:28.800+09:00,1713564448.8,43.33166666666666,146.395,47.0,4.4,根室半島南東沖,https://www.data.jma.go.jp/eqev/data/daily_map/20240420.html,20240420,28.799999952316284,28.799999952316284,0.03706497554879696,0.0,0.0,0.9674129935203022,,inf,,,,,,
20240421223600,2024-04-21T22:36:00+09:00,1713706560.0,33.205,132.345,38.0,3.4,1,matched,1,2024-04-21T22:36:25.400+09:00,1713706585.4,25.40000009536743,20240421223625400,2024-04-21T22:36:25.400+09:00,1713706585.4,33.205,132.345,38.0,3.4,豊後水道,https://www.data.jma.go.jp/eqev/data/daily_map/20240421.html,20240421,25.40000009536743,25.40000009536743,0.0,0.0,0.0,0.846666669845581,,inf,,,,,,
20240423095100,2024-04-23T09:51:00+09:00,1713833460.0,33.2,132.365,40.0,3.6,1,matched,1,2024-04-23T09:51:15.700+09:00,1713833475.7,15.700000047683716,20240423095115700,2024-04-23T09:51:15.700+09:00,1713833475.7,33.2,132.365,40.0,3.6,豊後水道,https://www.data.jma.go.jp/eqev/data/daily_map/20240423.html,20240423,15.700000047683716,15.700000047683716,0.0,0.0,0.0,0.5233333349227905,,inf,,,,,,
20240423142900,2024-04-23T14:29:00+09:00,1713850140.0,33.205,132.343,39.0,3.8,1,matched,1,2024-04-23T14:29:42.700+09:00,1713850182.7,42.700000047683716,20240423142942700,2024-04-23T14:29:42.700+09:00,1713850182.7,33.205,132.34333333333333,39.0,3.8,豊後水道,https://www.data.jma.go.jp/eqev/data/daily_map/20240423.html,20240423,42.700000047683716,42.700000047683716,0.031012877591656867,0.0,0.0,1.429535910441122,,inf,,,,,,
20240424105800,2024-04-24T10:58:00+09:00,1713923880.0,33.212,132.358,38.0,3.7,1,matched,1,2024-04-24T10:58:54.000+09:00,1713923934.0,54.0,20240424105854000,2024-04-24T10:58:54.000+09:00,1713923934.0,33.211666666666666,132.35833333333332,38.0,3.7,豊後水道,https://www.data.jma.go.jp/eqev/data/daily_map/20240424.html,20240424,54.0,54.0,0.04832660578267213,0.0,0.0,1.8096653211565346,,inf,,,,,,
20240424114200,2024-04-24T11:42:00+09:00,1713926520.0,37.17,136.67,10.0,3.7,1,matched,1,2024-04-24T11:42:13.900+09:00,1713926533.9,13.900000095367432,20240424114213900,2024-04-24T11:42:13.900+09:00,1713926533.9,37.17,136.67,10.0,3.7,能登半島沖,https://www.data.jma.go.jp/eqev/data/daily_map/20240424.html,20240424,13.900000095367432,13.900000095367432,0.0,0.0,0.0,0.46333333651224773,,inf,,,,,,
20240424204000,2024-04-24T20:40:00+09:00,1713958800.0,36.448,140.615,55.0,5.1,1,matched,1,2024-04-24T20:40:07.200+09:00,1713958807.2,7.200000047683716,20240424204007200,2024-04-24T20:40:07.200+09:00,1713958807.2,36.44833333333333,140.615,55.0,5.1,茨城県北部,https://www.data.jma.go.jp/eqev/data/daily_map/20240424.html,20240424,7.200000047683716,7.200000047683716,0.03706497554738231,0.0,0.0,0.24741299669893366,,inf,,,,,,
20240424211600,2024-04-24T21:16:00+09:00,1713960960.0,36.432,140.588,53.0,3.7,1,matched,1,2024-04-24T21:16:48.100+09:00,1713961008.1,48.09999990463257,20240424211648100,2024-04-24T21:16:48.100+09:00,1713961008.1,36.431666666666665,140.58833333333334,53.0,3.7,茨城県北部,https://www.data.jma.go.jp/eqev/data/daily_map/20240424.html,20240424,48.09999990463257,48.09999990463257,0.04757218765418906,0.0,0.0,1.6128477676852568,,inf,,,,,,
20240424224200,2024-04-24T22:42:00+09:00,1713966120.0,33.202,132.37,37.0,3.2,1,matched,1,2024-04-24T22:42:35.400+09:00,1713966155.4,35.40000009536743,20240424224235400,2024-04-24T22:42:35.400+09:00,1713966155.4,33.20166666666667,132.37,37.0,3.2,豊後水道,https://www.data.jma.go.jp/eqev/data/daily_map/20240424.html,20240424,35.40000009536743,35.40000009536743,0.03706497554738231,0.0,0.0,1.187412998288391,,inf,,,,,,
20240425002600,2024-04-25T00:26:00+09:00,1713972360.0,31.732,131.817,40.0,4.1,1,matched,1,2024-04-25T00:26:03.500+09:00,1713972363.5,3.5,20240425002603500,2024-04-25T00:26:03.500+09:00,1713972363.5,31.731666666666666,131.81666666666666,40.0,4.1,日向灘,https://www.data.jma.go.jp/eqev/data/daily_map/20240425.html,20240425,3.5,3.5,0.04865803561993002,0.0,0.0,0.12639827379065266,,inf,,,,,,
20240425134600,2024-04-25T13:46:00+09:00,1714020360.0,36.458,140.597,56.0,3.7,1,matched,1,2024-04-25T13:45:53.300+09:00,1714020353.3,-6.700000047683716,20240425134553300,2024-04-25T13:45:53.300+09:00,1714020353.3,36.458333333333336,140.59666666666666,56.0,3.7,茨城県北部,https://www.data.jma.go.jp/eqev/data/daily_map/20240425.html,20240425,-6.700000047683716,6.700000047683716,0.04756584462096233,0.0,0.0,0.232846503846983,,inf,,,,,,
20240426102900,2024-04-26T10:29:00+09:00,1714094940.0,32.957,131.112,8.0,3.8,1,matched,1,2024-04-26T10:29:19.900+09:00,1714094959.9,19.90000009536743,20240426102919900,2024-04-26T10:29:19.900+09:00,1714094959.9,32.95666666666666,131.11166666666668,8.0,3.8,熊本県阿蘇地方,https://www.data.jma.go.jp/eqev/data/daily_map/20240426.html,20240426,19.90000009536743,19.90000009536743,0.04838443730329568,0.0,0.0,0.6730102239729068,,inf,,,,,,
20240426103300,2024-04-26T10:33:00+09:00,1714095180.0,32.958,131.113,8.0,3.6,2,matched,1,2024-04-26T10:33:12.100+09:00,1714095192.1,12.099999904632568,20240426103312100,2024-04-26T10:33:12.100+09:00,1714095192.1,32.958333333333336,131.11333333333334,8.0,3.6,熊本県阿蘇地方,https://www.data.jma.go.jp/eqev/data/daily_map/20240426.html,20240426,12.099999904632568,12.099999904632568,0.04838413569105734,0.0,0.0,0.4130101572926304,3.4130101572926304,3.0,20240426103257900,2024-04-26T10:32:57.900+09:00,-2.0999999046325684,0.04838413569105734,0.0,1.0
20240427171100,2024-04-27T17:11:00+09:00,1714205460.0,35.368,140.452,28.0,3.1,1,matched,1,2024-04-27T17:11:08.300+09:00,1714205468.3,8.299999952316284,20240427171108300,2024-04-27T17:11:08.300+09:00,1714205468.3,35.36833333333333,140.45166666666665,28.0,3.1,千葉県東方沖,https://www.data.jma.go.jp/eqev/data/daily_map/20240427.html,20240427,8.299999952316284,8.299999952316284,0.04782614189238576,0.0,0.0,0.28623189345568667,,inf,,,,,,
20240428092500,2024-04-28T09:25:00+09:00,1714263900.0,40.152,138.977,23.0,4.6,1,matched,1,2024-04-28T09:25:57.200+09:00,1714263957.2,57.200000047683716,20240428092557200,2024-04-28T09:25:57.200+09:00,1714263957.2,40.151666666666664,138.97666666666666,23.0,4.6,秋田県沖,https://www.data.jma.go.jp/eqev/data/daily_map/20240428.html,20240428,57.200000047683716,57.200000047683716,0.04665202770038206,0.0,0.0,1.9159970737962004,,inf,,,,,,
20240428143700,2024-04-28T14:37:00+09:00,1714282620.0,37.372,137.01,7.0,3.3,1,matched,1,2024-04-28T14:37:58.800+09:00,1714282678.8,58.799999952316284,20240428143758800,2024-04-28T14:37:58.800+09:00,1714282678.8,37.37166666666667,137.01,7.0,3.3,石川県能登地方,https://www.data.jma.go.jp/eqev/data/daily_map/20240428.html,20240428,58.799999952316284,58.799999952316284,0.03706497554738231,0.0,0.0,1.9674129935200193,,inf,,,,,,
20240428222800,2024-04-28T22:28:00+09:00,1714310880.0,42.837,144.842,87.0,3.9,1,matched,1,2024-04-28T22:28:53.700+09:00,1714310933.7,53.700000047683716,20240428222853700,2024-04-28T22:28:53.700+09:00,1714310933.7,42.836666666666666,144.84166666666667,87.0,3.9,釧路沖,https://www.data.jma.go.jp/eqev/data/daily_map/20240428.html,20240428,53.700000047683716,53.700000047683716,0.045962340907513284,0.0,0.0,1.79919246977096,,inf,,,,,,
20240429011600,2024-04-29T01:16:00+09:00,1714320960.0,37.318,141.318,32.0,4.6,1,matched,1,2024-04-29T01:16:06.300+09:00,1714320966.3,6.299999952316284,20240429011606300,2024-04-29T01:16:06.300+09:00,1714320966.3,37.318333333333335,141.31833333333333,32.0,4.6,福島県沖,https://www.data.jma.go.jp/eqev/data/daily_map/20240429.html,20240429,6.299999952316284,6.299999952316284,0.047357267390528396,0.0,0.0,0.2194714518886485,,inf,,,,,,
20240429054700,2024-04-29T05:47:00+09:00,1714337220.0,33.21,132.35,39.0,3.5,1,matched,1,2024-04-29T05:47:50.600+09:00,1714337270.6,50.59999990463257,20240429054750600,2024-04-29T05:47:50.600+09:00,1714337270.6,33.21,132.35,39.0,3.5,豊後水道,https://www.data.jma.go.jp/eqev/data/daily_map/20240429.html,20240429,50.59999990463257,50.59999990463257,0.0,0.0,0.0,1.6866666634877523,,inf,,,,,,
20240429060900,2024-04-29T06:09:00+09:00,1714338540.0,33.21,132.35,39.0,3.8,1,matched,1,2024-04-29T06:09:35.600+09:00,1714338575.6,35.59999990463257,20240429060935600,2024-04-29T06:09:35.600+09:00,1714338575.6,33.21,132.35,39.0,3.8,豊後水道,https://www.data.jma.go.jp/eqev/data/daily_map/20240429.html,20240429,35.59999990463257,35.59999990463257,0.0,0.0,0.0,1.1866666634877523,,inf,,,,,,
20240430000800,2024-04-30T00:08:00+09:00,1714403280.0,37.458,137.3,13.0,3.0,1,matched,1,2024-04-30T00:08:50.900+09:00,1714403330.9,50.90000009536743,20240430000850900,2024-04-30T00:08:50.900+09:00,1714403330.9,37.458333333333336,137.3,13.0,3.0,石川県能登地方,https://www.data.jma.go.jp/eqev/data/daily_map/20240430.html,20240430,50.90000009536743,50.90000009536743,0.03706497554879696,0.0,0.0,1.7040796649553405,,inf,,,,,,
20240430011400,2024-04-30T01:14:00+09:00,1714407240.0,35.992,137.522,9.0,3.6,1,matched,1,2024-04-30T01:14:57.300+09:00,1714407297.3,57.299999952316284,20240430011457300,2024-04-30T01:14:57.300+09:00,1714407297.3,35.99166666666667,137.52166666666668,9.0,3.6,岐阜県飛騨地方,https://www.data.jma.go.jp/eqev/data/daily_map/20240430.html,20240430,57.299999952316284,57.299999952316284,0.04767777819673783,0.0,0.0,1.9195355540498904,,inf,,,,,,
20240430204000,2024-04-30T20:40:00+09:00,1714477200.0,35.995,137.523,9.0,3.0,1,matched,1,2024-04-30T20:40:55.200+09:00,1714477255.2,55.200000047683716,20240430204055200,2024-04-30T20:40:55.200+09:00,1714477255.2,35.995,137.52333333333334,9.0,3.0,岐阜県飛騨地方,https://www.data.jma.go.jp/eqev/data/daily_map/20240430.html,20240430,55.200000047683716,55.200000047683716,0.02998809621006702,0.0,0.0,1.8459976208314706,,inf,,,,,,
20240501181600,2024-05-01T18:16:00+09:00,1714554960.0,34.11,136.192,36.0,3.5,1,matched,1,2024-05-01T18:16:58.700+09:00,1714555018.7,58.700000047683716,20240501181658700,2024-05-01T18:16:58.700+09:00,1714555018.7,34.11,136.19166666666666,36.0,3.5,三重県南部,https://www.data.jma.go.jp/eqev/data/daily_map/20240501.html,20240501,58.700000047683716,58.700000047683716,0.030688408782323314,0.0,0.0,1.9628043500125885,,inf,,,,,,
20240501215400,2024-05-01T21:54:00+09:00,1714568040.0,37.37,136.877,8.0,3.0,1,matched,1,2024-05-01T21:54:00.000+09:00,1714568040.0,0.0,20240501215400000,2024-05-01T21:54:00.000+09:00,1714568040.0,37.37,136.87666666666667,8.0,3.0,石川県能登地方,https://www.data.jma.go.jp/eqev/data/daily_map/20240501.html,20240501,0.0,0.0,0.02945674189921638,0.0,0.0,0.005891348379843276,,inf,,,,,,
20240502082000,2024-05-02T08:20:00+09:00,1714605600.0,34.437,131.405,17.0,4.2,1,matched,1,2024-05-02T08:20:56.900+09:00,1714605656.9,56.90000009536743,20240502082056900,2024-05-02T08:20:56.900+09:00,1714605656.9,34.43666666666667,131.405,17.0,4.2,山口県北西沖,https://www.data.jma.go.jp/eqev/data/daily_map/20240502.html,20240502,56.90000009536743,56.90000009536743,0.03706497554738231,0.0,0.0,1.9040796649550575,,inf,,,,,,
20240503091000,2024-05-03T09:10:00+09:00,1714695000.0,33.807,135.352,46.0,3.8,1,matched,1,2024-05-03T09:10:23.500+09:00,1714695023.5,23.5,20240503091023500,2024-05-03T09:10:23.500+09:00,1714695023.5,33.806666666666665,135.35166666666666,46.0,3.8,和歌山県北部,https://www.data.jma.go.jp/eqev/data/daily_map/20240503.html,20240503,23.5,23.5,0.04819052535548687,0.0,0.0,0.7929714384044307,,inf,,,,,,
20240503135200,2024-05-03T13:52:00+09:00,1714711920.0,33.192,132.385,37.0,3.2,1,matched,1,2024-05-03T13:52:20.400+09:00,1714711940.4,20.40000009536743,20240503135220400,2024-05-03T13:52:20.400+09:00,1714711940.4,33.19166666666667,132.385,37.0,3.2,豊後水道,https://www.data.jma.go.jp/eqev/data/daily_map/20240503.html,20240503,20.40000009536743,20.40000009536743,0.03706497554738231,0.0,0.0,0.6874129982883909,,inf,,,,,,
20240504094000,2024-05-04T09:40:00+09:00,1714783200.0,33.23,132.373,38.0,3.9,1,matched,1,2024-05-04T09:40:10.400+09:00,1714783210.4,10.400000095367432,20240504094010400,2024-05-04T09:40:10.400+09:00,1714783210.4,33.23,132.37333333333333,38.0,3.9,豊後水道,https://www.data.jma.go.jp/eqev/data/daily_map/20240504.html,20240504,10.400000095367432,10.400000095367432,0.031004017912357327,0.0,0.0,0.3528674734280525,,inf,,,,,,
20240506005000,2024-05-06T00:50:00+09:00,1714924200.0,33.155,132.41,37.0,3.9,1,matched,1,2024-05-06T00:50:01.000+09:00,1714924201.0,1.0,20240506005001000,2024-05-06T00:50:01.000+09:00,1714924201.0,33.155,132.41,37.0,3.9,豊後水道,https://www.data.jma.go.jp/eqev/data/daily_map/20240506.html,20240506,1.0,1.0,0.0,0.0,0.0,0.03333333333333333,,inf,,,,,,
20240506035300,2024-05-06T03:53:00+09:00,1714935180.0,37.383,136.937,10.0,3.3,1,matched,1,2024-05-06T03:53:20.900+09:00,1714935200.9,20.90000009536743,20240506035320900,2024-05-06T03:53:20.900+09:00,1714935200.9,37.38333333333333,136.93666666666667,10.0,3.3,石川県能登地方,https://www.data.jma.go.jp/eqev/data/daily_map/20240506.html,20240506,20.90000009536743,20.90000009536743,0.04734139270759176,0.0,0.0,0.7061349483870993,,inf,,,,,,
20240507150800,2024-05-07T15:08:00+09:00,1715062080.0,43.567,146.552,50.0,4.0,1,matched,1,2024-05-07T15:08:04.200+09:00,1715062084.2,4.200000047683716,20240507150804200,2024-05-07T15:08:04.200+09:00,1715062084.2,43.56666666666667,146.55166666666668,50.0,4.0,北海道東方沖,https://www.data.jma.go.jp/eqev/data/daily_map/20240507.html,20240507,4.200000047683716,4.200000047683716,0.04577191400700562,0.0,0.0,0.14915438439085832,,inf,,,,,,
20240509043400,2024-05-09T04:34:00+09:00,1715196840.0,33.068,131.52,96.0,4.0,1,matched,1,2024-05-09T04:34:44.100+09:00,1715196884.1,44.09999990463257,20240509043444100,2024-05-09T04:34:44.100+09:00,1715196884.1,33.068333333333335,131.52,96.0,4.0,大分県南部,https://www.data.jma.go.jp/eqev/data/daily_map/20240509.html,20240509,44.09999990463257,44.09999990463257,0.03706497554879696,0.0,0.0,1.477412991930845,,inf,,,,,,
20240510173000,2024-05-10T17:30:00+09:00,1715329800.0,42.422,143.397,52.0,3.9,1,matched,1,2024-05-10T17:30:06.100+09:00,1715329806.1,6.099999904632568,20240510173006100,2024-05-10T17:30:06.100+09:00,1715329806.1,42.42166666666667,143.39666666666668,52.0,3.9,十勝地方南部,https://www.data.jma.go.jp/eqev/data/daily_map/20240510.html,20240510,6.099999904632568,6.099999904632568,0.046070091458148,0.0,0.0,0.21254734844604856,,inf,,,,,,
20240510185000,2024-05-10T18:50:00+09:00,1715334600.0,37.372,136.907,11.0,3.8,1,matched,1,2024-05-10T18:50:14.200+09:00,1715334614.2,14.200000047683716,20240510185014200,2024-05-10T18:50:14.200+09:00,1715334614.2,37.37166666666667,136.90666666666667,11.0,3.8,石川県能登地方,https://www.data.jma.go.jp/eqev/data/daily_map/20240510.html,20240510,14.200000047683716,14.200000047683716,0.047344161692375944,0.0,0.0,0.4828021672612657,,inf,,,,,,
20240511054300,2024-05-11T05:43:00+09:00,1715373780.0,35.158,135.675,7.0,3.3,1,matched,1,2024-05-11T05:42:55.300+09:00,1715373775.3,-4.700000047683716,20240511054255300,2024-05-11T05:42:55.300+09:00,1715373775.3,35.15833333333333,135.675,7.0,3.3,京都府南部,https://www.data.jma.go.jp/eqev/data/daily_map/20240511.html,20240511,-4.700000047683716,4.700000047683716,0.037064975548089636,0.0,0.0,0.16407966336574178,,inf,,,,,,
20240511065600,2024-05-11T06:56:00+09:00,1715378160.0,33.815,134.188,18.0,3.3,1,matched,1,2024-05-11T06:56:11.000+09:00,1715378171.0,11.0,20240511065611000,2024-05-11T06:56:11.000+09:00,1715378171.0,33.815,134.18833333333333,18.0,3.3,徳島県南部,https://www.data.jma.go.jp/eqev/data/daily_map/20240511.html,20240511,11.0,11.0,0.030795019916797624,0.0,0.0,0.37282567065002614,,inf,,,,,,
20240511094700,2024-05-11T09:47:00+09:00,1715388420.0,41.757,144.23,17.0,4.9,1,matched,1,2024-05-11T09:47:19.600+09:00,1715388439.6,19.59999990463257,20240511094719600,2024-05-11T09:47:19.600+09:00,1715388439.6,41.75666666666667,144.23,17.0,4.9,十勝沖,https://www.data.jma.go.jp/eqev/data/daily_map/20240511.html,20240511,19.59999990463257,19.59999990463257,0.037064975548089636,0.0,0.0,0.6607463252640369,,inf,,,,,,
20240512070000,2024-05-12T07:00:00+09:00,1715464800.0,37.363,136.957,10.0,3.4,1,matched,1,2024-05-12T07:00:26.700+09:00,1715464826.7,26.700000047683716,20240512070026700,2024-05-12T07:00:26.700+09:00,1715464826.7,37.36333333333334,136.95666666666668,10.0,3.4,石川県能登地方,https://www.data.jma.go.jp/eqev/data/daily_map/20240512.html,20240512,26.700000047683716,26.700000047683716,0.047346278840089,0.0,0.0,0.8994692573574751,,inf,,,,,,
20240516221800,2024-05-16T22:18:00+09:00,1715865480.0,39.637,142.103,48.0,3.7,1,matched,1,2024-05-16T22:18:27.500+09:00,1715865507.5,27.5,20240516221827500,2024-05-16T22:18:27.500+09:00,1715865507.5,39.63666666666667,142.10333333333332,48.0,3.7,岩手県沖,https://www.data.jma.go.jp/eqev/data/daily_map/20240516.html,20240516,27.5,27.5,0.04678209454990464,0.0,0.0,0.9260230855766476,,inf,,,,,,
20240517001500,2024-05-17T00:15:00+09:00,1715872500.0,32.83,130.703,13.0,3.2,1,matched,1,2024-05-17T00:15:41.800+09:00,1715872541.8,41.799999952316284,20240517001541800,2024-05-17T00:15:41.800+09:00,1715872541.8,32.83,130.70333333333335,13.0,3.2,熊本県熊本地方,https://www.data.jma.go.jp/eqev/data/daily_map/20240517.html,20240517,41.799999952316284,41.799999952316284,0.03114506330717034,0.0,0.0,1.3995623444053102,,inf,,,,,,
20240517011500,2024-05-17T01:15:00+09:00,1715876100.0,37.382,141.483,48.0,4.0,1,matched,1,2024-05-17T01:15:27.300+09:00,1715876127.3,27.299999952316284,20240517011527300,2024-05-17T01:15:27.300+09:00,1715876127.3,37.38166666666667,141.48333333333332,48.0,4.0,福島県沖,https://www.data.jma.go.jp/eqev/data/daily_map/20240517.html,20240517,27.299999952316284,27.299999952316284,0.047341718493073066,0.0,0.0,0.9194683421091574,,inf,,,,,,
20240518095500,2024-05-18T09:55:00+09:00,1715993700.0,35.925,141.04,15.0,4.5,1,matched,1,2024-05-18T09:55:44.700+09:00,1715993744.7,44.700000047683716,20240518095544700,2024-05-18T09:55:44.700+09:00,1715993744.7,35.925,141.04,15.0,4.5,茨城県沖,https://www.data.jma.go.jp/eqev/data/daily_map/20240518.html,20240518,44.700000047683716,44.700000047683716,0.0,0.0,0.0,1.4900000015894572,,inf,,,,,,
20240519004600,2024-05-19T00:46:00+09:00,1716047160.0,37.16,141.485,42.0,4.5,1,matched,1,2024-05-19T00:45:55.200+09:00,1716047155.2,-4.799999952316284,20240519004555200,2024-05-19T00:45:55.200+09:00,1716047155.2,37.16,141.485,42.0,4.5,福島県沖,https://www.data.jma.go.jp/eqev/data/daily_map/20240519.html,20240519,-4.799999952316284,4.799999952316284,0.0,0.0,0.0,0.1599999984105428,,inf,,,,,,
20240519063200,2024-05-19T06:32:00+09:00,1716067920.0,36.877,140.78,10.0,3.4,1,matched,1,2024-05-19T06:32:02.500+09:00,1716067922.5,2.5,20240519063202500,2024-05-19T06:32:02.500+09:00,1716067922.5,36.876666666666665,140.78,10.0,3.4,福島県浜通り,https://www.data.jma.go.jp/eqev/data/daily_map/20240519.html,20240519,2.5,2.5,0.03706497554879696,0.0,0.0,0.09074632844309272,,inf,,,,,,
20240521210600,2024-05-21T21:06:00+09:00,1716293160.0,40.608,142.232,87.0,4.2,1,matched,1,2024-05-21T21:06:42.500+09:00,1716293202.5,42.5,20240521210642500,2024-05-21T21:06:42.500+09:00,1716293202.5,40.608333333333334,142.23166666666665,87.0,4.2,青森県東方沖,https://www.data.jma.go.jp/eqev/data/daily_map/20240521.html,20240521,42.5,42.5,0.04653613674589187,0.0,0.0,1.425973894015845,,inf,,,,,,
20240522135600,2024-05-22T13:56:00+09:00,1716353760.0,35.375,140.468,29.0,3.2,1,matched,1,2024-05-22T13:56:06.400+09:00,1716353766.4,6.400000095367432,20240522135606400,2024-05-22T13:56:06.400+09:00,1716353766.4,35.375,140.46833333333333,29.0,3.2,千葉県東方沖,https://www.data.jma.go.jp/eqev/data/daily_map/20240522.html,20240522,6.400000095367432,6.400000095367432,0.03022205745168539,0.0,0.0,0.2193777480025848,,inf,,,,,,
20240523200000,2024-05-23T20:00:00+09:00,1716462000.0,43.082,145.562,48.0,4.6,1,matched,1,2024-05-23T19:59:58.400+09:00,1716461998.4,-1.5999999046325684,20240523195958400,2024-05-23T19:59:58.400+09:00,1716461998.4,43.08166666666666,145.56166666666667,48.0,4.6,根室半島南東沖,https://www.data.jma.go.jp/eqev/data/daily_map/20240523.html,20240523,-1.5999999046325684,1.5999999046325684,0.0458985533260297,0.0,0.0,0.06251304081962489,,inf,,,,,,
20240524233000,2024-05-24T23:30:00+09:00,1716561000.0,37.185,136.745,7.0,3.3,1,matched,1,2024-05-24T23:30:29.900+09:00,1716561029.9,29.90000009536743,20240524233029900,2024-05-24T23:30:29.900+09:00,1716561029.9,37.185,136.745,7.0,3.3,石川県能登地方,https://www.data.jma.go.jp/eqev/data/daily_map/20240524.html,20240524,29.90000009536743,29.90000009536743,0.0,0.0,0.0,0.996666669845581,,inf,,,,,,
20240525133500,2024-05-25T13:35:00+09:00,1716611700.0,35.108,135.542,7.0,3.1,1,matched,1,2024-05-25T13:35:33.300+09:00,1716611733.3,33.299999952316284,20240525133533300,2024-05-25T13:35:33.300+09:00,1716611733.3,35.108333333333334,135.54166666666666,7.0,3.1,京都府南部,https://www.data.jma.go.jp/eqev/data/daily_map/20240525.html,20240525,33.299999952316284,33.299999952316284,0.047887530201454975,0.0,0.0,1.1195775044508338,,inf,,,,,,
20240526005500,2024-05-26T00:55:00+09:00,1716652500.0,36.157,140.093,66.0,4.7,1,matched,1,2024-05-26T00:55:37.000+09:00,1716652537.0,37.0,20240526005537000,2024-05-26T00:55:37.000+09:00,1716652537.0,36.156666666666666,140.09333333333333,66.0,4.7,茨城県南部,https://www.data.jma.go.jp/eqev/data/daily_map/20240526.html,20240526,37.0,37.0,0.04763826947730849,0.0,0.0,1.242860987228795,,inf,,,,,,
20240526142300,2024-05-26T14:23:00+09:00,1716700980.0,33.315,131.418,6.0,3.3,1,matched,1,2024-05-26T14:23:26.300+09:00,1716701006.3,26.299999952316284,20240526142326300,2024-05-26T14:23:26.300+09:00,1716701006.3,33.315,131.41833333333332,6.0,3.3,大分県中部,https://www.data.jma.go.jp/eqev/data/daily_map/20240526.html,20240526,26.299999952316284,26.299999952316284,0.03097385085807648,0.0,0.0,0.8828614352488248,,inf,,,,,,
20240526165900,2024-05-26T16:59:00+09:00,1716710340.0,38.752,141.582,75.0,4.1,1,matched,1,2024-05-26T16:59:38.800+09:00,1716710378.8,38.799999952316284,20240526165938800,2024-05-26T16:59:38.800+09:00,1716710378.8,38.751666666666665,141.58166666666668,75.0,4.1,宮城県沖,https://www.data.jma.go.jp/eqev/data/daily_map/20240526.html,20240526,38.799999952316284,38.799999952316284,0.04700371703903018,0.0,0.0,1.3027340751516823,,inf,,,,,,
20240526231300,2024-05-26T23:13:00+09:00,1716732780.0,35.362,133.248,11.0,3.0,1,matched,1,2024-05-26T23:13:07.800+09:00,1716732787.8,7.799999952316284,20240526231307800,2024-05-26T23:13:07.800+09:00,1716732787.8,35.361666666666665,133.24833333333333,11.0,3.0,島根県東部,https://www.data.jma.go.jp/eqev/data/daily_map/20240526.html,20240526,7.799999952316284,7.799999952316284,0.04782764052485186,0.0,0.0,0.2695655265155132,,inf,,,,,,
20240528115000,2024-05-28T11:50:00+09:00,1716864600.0,37.11,136.643,8.0,3.0,1,matched,1,2024-05-28T11:50:16.800+09:00,1716864616.8,16.799999952316284,20240528115016800,2024-05-28T11:50:16.800+09:00,1716864616.8,37.11,136.64333333333335,8.0,3.0,能登半島沖,https://www.data.jma.go.jp/eqev/data/daily_map/20240528.html,20240528,16.799999952316284,16.799999952316284,0.029558526182503965,0.0,0.0,0.5659117036470436,,inf,,,,,,
20240528185500,2024-05-28T18:55:00+09:00,1716890100.0,37.7,141.835,44.0,4.4,1,matched,1,2024-05-28T18:55:21.300+09:00,1716890121.3,21.299999952316284,20240528185521300,2024-05-28T18:55:21.300+09:00,1716890121.3,37.7,141.835,44.0,4.4,福島県沖,https://www.data.jma.go.jp/eqev/data/daily_map/20240528.html,20240528,21.299999952316284,21.299999952316284,0.0,0.0,0.0,0.7099999984105428,,inf,,,,,,
20240530115400,2024-05-30T11:54:00+09:00,1717037640.0,35.727,138.312,16.0,3.9,1,matched,1,2024-05-30T11:54:20.300+09:00,1717037660.3,20.299999952316284,20240530115420300,2024-05-30T11:54:20.300+09:00,1717037660.3,35.72666666666667,138.31166666666667,16.0,3.9,山梨県中・西部,https://www.data.jma.go.jp/eqev/data/daily_map/20240530.html,20240530,20.299999952316284,20.299999952316284,0.047741008156312485,0.0,0.0,0.686214866708472,,inf,,,,,,
20240531015800,2024-05-31T01:58:00+09:00,1717088280.0,34.922,137.863,36.0,4.1,1,matched,1,2024-05-31T01:58:04.800+09:00,1717088284.8,4.799999952316284,20240531015804800,2024-05-31T01:58:04.800+09:00,1717088284.8,34.92166666666667,137.86333333333334,36.0,4.1,静岡県西部,https://www.data.jma.go.jp/eqev/data/daily_map/20240531.html,20240531,4.799999952316284,4.799999952316284,0.047931354198942615,0.0,0.0,0.16958626925033132,,inf,,,,,,
20240531044600,2024-05-31T04:46:00+09:00,1717098360.0,32.583,130.647,13.0,4.7,1,matched,1,2024-05-31T04:46:44.000+09:00,1717098404.0,44.0,20240531044644000,2024-05-31T04:46:44.000+09:00,1717098404.0,32.583333333333336,130.64666666666668,13.0,4.7,熊本県熊本地方,https://www.data.jma.go.jp/eqev/data/daily_map/20240531.html,20240531,44.0,44.0,0.04846864147470216,0.0,0.0,1.476360394961607,,inf,,,,,,
20240601040200,2024-06-01T04:02:00+09:00,1717182120.0,33.215,132.355,39.0,4.5,1,matched,1,2024-06-01T04:02:02.800+09:00,1717182122.8,2.799999952316284,20240601040202800,2024-06-01T04:02:02.800+09:00,1717182122.8,33.215,132.355,39.0,4.5,豊後水道,https://www.data.jma.go.jp/eqev/data/daily_map/20240601.html,20240601,2.799999952316284,2.799999952316284,0.0,0.0,0.0,0.09333333174387613,,inf,,,,,,
20240601105700,2024-06-01T10:57:00+09:00,1717207020.0,39.755,141.842,58.0,3.7,1,matched,1,2024-06-01T10:57:43.200+09:00,1717207063.2,43.200000047683716,20240601105743200,2024-06-01T10:57:43.200+09:00,1717207063.2,39.755,141.84166666666667,58.0,3.7,岩手県沿岸北部,https://www.data.jma.go.jp/eqev/data/daily_map/20240601.html,20240601,43.200000047683716,43.200000047683716,0.028495035314527014,0.0,0.0,1.4456990086523627,,inf,,,,,,
20240602201700,2024-06-02T20:17:00+09:00,1717327020.0,32.582,130.65,12.0,3.4,1,matched,1,2024-06-02T20:17:30.600+09:00,1717327050.6,30.59999990463257,20240602201730600,2024-06-02T20:17:30.600+09:00,1717327050.6,32.58166666666666,130.65,12.0,3.4,熊本県熊本地方,https://www.data.jma.go.jp/eqev/data/daily_map/20240602.html,20240602,30.59999990463257,30.59999990463257,0.03706497554879696,0.0,0.0,1.027412991930845,,inf,,,,,,
20240603063100,2024-06-03T06:31:00+09:00,1717363860.0,37.467,137.302,14.0,6.0,2,ambiguous,0,2024-06-03T06:31:40.300+09:00,1717363900.3,40.299999952316284,20240603063140300,2024-06-03T06:31:40.300+09:00,1717363900.3,37.46666666666667,137.30166666666668,14.0,6.0,石川県能登地方,https://www.data.jma.go.jp/eqev/data/daily_map/20240603.html,20240603,40.299999952316284,40.299999952316284,0.047320936859640665,0.0,0.0,1.3527975191158041,1.6981085387076682,0.34531101959186405,20240603063139600,2024-06-03T06:31:39.600+09:00,39.59999990463257,1.890542709432913,0.0,
20240603064000,2024-06-03T06:40:00+09:00,1717364400.0,37.463,137.347,14.0,5.0,1,matched,1,2024-06-03T06:40:20.600+09:00,1717364420.6,20.59999990463257,20240603064020600,2024-06-03T06:40:20.600+09:00,1717364420.6,37.46333333333333,137.34666666666666,14.0,5.0,石川県能登地方,https://www.data.jma.go.jp/eqev/data/daily_map/20240603.html,20240603,20.59999990463257,20.59999990463257,0.04732183385553375,0.0,0.0,0.696131030258859,,inf,,,,,,
20240603064500,2024-06-03T06:45:00+09:00,1717364700.0,37.487,137.352,12.0,3.5,2,matched,1,2024-06-03T06:45:43.900+09:00,1717364743.9,43.90000009536743,20240603064543900,2024-06-03T06:45:43.900+09:00,1717364743.9,37.486666666666665,137.35166666666666,12.0,3.5,能登半島沖,https://www.data.jma.go.jp/eqev/data/daily_map/20240603.html,20240603,43.90000009536743,43.90000009536743,0.04731604331825526,0.0,0.0,1.4727965451758986,2.860416758093279,1.3876202129173805,20240603064344600,2024-06-03T06:43:44.600+09:00,-75.40000009536743,1.7354171079051568,0.0,
20240603065400,2024-06-03T06:54:00+09:00,1717365240.0,37.475,137.32,12.0,3.5,1,matched,1,2024-06-03T06:54:32.800+09:00,1717365272.8,32.799999952316284,20240603065432800,2024-06-03T06:54:32.800+09:00,1717365272.8,37.475,137.32,12.0,3.5,石川県能登地方,https://www.data.jma.go.jp/eqev/data/daily_map/20240603.html,20240603,32.799999952316284,32.799999952316284,0.0,0.0,0.0,1.093333331743876,,inf,,,,,,
20240605215400,2024-06-05T21:54:00+09:00,1717592040.0,36.263,139.783,60.0,4.2,1,matched,1,2024-06-05T21:54:16.000+09:00,1717592056.0,16.0,20240605215416000,2024-06-05T21:54:16.000+09:00,1717592056.0,36.263333333333335,139.78333333333333,60.0,4.2,栃木県南部,https://www.data.jma.go.jp/eqev/data/daily_map/20240605.html,20240605,16.0,16.0,0.04761275232643544,0.0,0.0,0.5428558837986204,,inf,,,,,,
20240606090300,2024-06-06T09:03:00+09:00,1717632180.0,35.633,140.688,50.0,4.6,1,matched,1,2024-06-06T09:03:26.000+09:00,1717632206.0,26.0,20240606090326000,2024-06-06T09:03:26.000+09:00,1717632206.0,35.63333333333333,140.68833333333333,50.0,4.6,千葉県東方沖,https://www.data.jma.go.jp/eqev/data/daily_map/20240606.html,20240606,26.0,26.0,0.04776329080582556,0.0,0.0,0.8762193248278318,,inf,,,,,,
20240606160400,2024-06-06T16:04:00+09:00,1717657440.0,32.58,130.647,12.0,3.3,1,matched,1,2024-06-06T16:04:36.800+09:00,1717657476.8,36.799999952316284,20240606160436800,2024-06-06T16:04:36.800+09:00,1717657476.8,32.58,130.64666666666668,12.0,3.3,熊本県熊本地方,https://www.data.jma.go.jp/eqev/data/daily_map/20240606.html,20240606,36.799999952316284,36.799999952316284,0.031232446271353784,0.0,0.0,1.2329131543314804,,inf,,,,,,
20240607213500,2024-06-07T21:35:00+09:00,1717763700.0,38.623,141.898,47.0,3.9,1,matched,1,2024-06-07T21:35:24.900+09:00,1717763724.9,24.90000009536743,20240607213524900,2024-06-07T21:35:24.900+09:00,1717763724.9,38.623333333333335,141.89833333333334,47.0,3.9,宮城県沖,https://www.data.jma.go.jp/eqev/data/daily_map/20240607.html,20240607,24.90000009536743,24.90000009536743,0.0470357303657704,0.0,0.0,0.8394071492520685,,inf,,,,,,
20240611095800,2024-06-11T09:58:00+09:00,1718067480.0,38.987,140.013,18.0,4.0,1,matched,1,2024-06-11T09:58:15.100+09:00,1718067495.1,15.099999904632568,20240611095815100,2024-06-11T09:58:15.100+09:00,1718067495.1,38.986666666666665,140.01333333333332,18.0,4.0,山形県庄内地方,https://www.data.jma.go.jp/eqev/data/daily_map/20240611.html,20240611,15.099999904632568,15.099999904632568,0.04694510879394418,0.0,0.0,0.5127223519132078,,inf,,,,,,
20240611193300,2024-06-11T19:33:00+09:00,1718101980.0,40.157,138.985,23.0,4.8,1,matched,1,2024-06-11T19:33:47.700+09:00,1718102027.7,47.700000047683716,20240611193347700,2024-06-11T19:33:47.700+09:00,1718102027.7,40.156666666666666,138.985,23.0,4.8,秋田県沖,https://www.data.jma.go.jp/eqev/data/daily_map/20240611.html,20240611,47.700000047683716,47.700000047683716,0.037064975548089636,0.0,0.0,1.597412996699075,,inf,,,,,,
20240612072400,2024-06-12T07:24:00+09:00,1718144640.0,37.502,137.315,10.0,4.3,1,matched,1,2024-06-12T07:24:00.000+09:00,1718144640.0,0.0,20240612072400000,2024-06-12T07:24:00.000+09:00,1718144640.0,37.501666666666665,137.315,10.0,4.3,石川県能登地方,https://www.data.jma.go.jp/eqev/data/daily_map/20240612.html,20240612,0.0,0.0,0.03706497554879696,0.0,0.0,0.007412995109759392,,inf,,,,,,
20240612143500,2024-06-12T14:35:00+09:00,1718170500.0,41.988,142.565,65.0,4.4,1,matched,1,2024-06-12T14:35:30.000+09:00,1718170530.0,30.0,20240612143530000,2024-06-12T14:35:30.000+09:00,1718170530.0,41.98833333333333,142.565,65.0,4.4,浦河沖,https://www.data.jma.go.jp/eqev/data/daily_map/20240612.html,20240612,30.0,30.0,0.03706497554738231,0.0,0.0,1.0074129951094766,,inf,,,,,,
20240614024400,2024-06-14T02:44:00+09:00,1718300640.0,43.125,145.575,80.0,4.0,1,matched,1,2024-06-14T02:44:38.500+09:00,1718300678.5,38.5,20240614024438500,2024-06-14T02:44:38.500+09:00,1718300678.5,43.125,145.575,80.0,4.0,根室半島南東沖,https://www.data.jma.go.jp/eqev/data/daily_map/20240614.html,20240614,38.5,38.5,0.0,0.0,0.0,1.2833333333333334,,inf,,,,,,
20240616191600,2024-06-16T19:16:00+09:00,1718532960.0,35.802,140.077,69.0,4.3,1,matched,1,2024-06-16T19:16:36.300+09:00,1718532996.3,36.299999952316284,20240616191636300,2024-06-16T19:16:36.300+09:00,1718532996.3,35.80166666666667,140.07666666666665,69.0,4.3,千葉県北西部,https://www.data.jma.go.jp/eqev/data/daily_map/20240616.html,20240616,36.299999952316284,36.299999952316284,0.04772314102356529,0.0,0.0,1.2195446266152559,,inf,,,,,,
20240616193500,2024-06-16T19:35:00+09:00,1718534100.0,35.803,140.07,68.0,4.3,1,matched,1,2024-06-16T19:35:01.300+09:00,1718534101.3,1.2999999523162842,20240616193501300,2024-06-16T19:35:01.300+09:00,1718534101.3,35.803333333333335,140.07,68.0,4.3,千葉県北西部,https://www.data.jma.go.jp/eqev/data/daily_map/20240616.html,20240616,1.2999999523162842,1.2999999523162842,0.03706497554879696,0.0,0.0,0.05074632685363553,,inf,,,,,,
20240617155700,2024-06-17T15:57:00+09:00,1718607420.0,31.498,131.832,21.0,4.6,1,matched,1,2024-06-17T15:57:21.200+09:00,1718607441.2,21.200000047683716,20240617155721200,2024-06-17T15:57:21.200+09:00,1718607441.2,31.498333333333335,131.83166666666668,21.0,4.6,日向灘,https://www.data.jma.go.jp/eqev/data/daily_map/20240617.html,20240617,21.200000047683716,21.200000047683716,0.048709410562422305,0.0,0.0,0.7164085503686084,,inf,,,,,,
20240617182600,2024-06-17T18:26:00+09:00,1718616360.0,31.498,131.827,20.0,4.3,1,matched,1,2024-06-17T18:26:02.100+09:00,1718616362.1,2.0999999046325684,20240617182602100,2024-06-17T18:26:02.100+09:00,1718616362.1,31.498333333333335,131.82666666666665,20.0,4.3,日向灘,https://www.data.jma.go.jp/eqev/data/daily_map/20240617.html,20240617,2.0999999046325684,2.0999999046325684,0.048709410562422305,0.0,0.0,0.07974187893357007,,inf,,,,,,
20240618033300,2024-06-18T03:33:00+09:00,1718649180.0,36.013,139.44,62.0,3.5,1,matched,1,2024-06-18T03:33:08.300+09:00,1718649188.3,8.299999952316284,20240618033308300,2024-06-18T03:33:08.300+09:00,1718649188.3,36.013333333333335,139.44,62.0,3.5,埼玉県南部,https://www.data.jma.go.jp/eqev/data/daily_map/20240618.html,20240618,8.299999952316284,8.299999952316284,0.03706497554879696,0.0,0.0,0.2840796601869689,,inf,,,,,,
20240619112400,2024-06-19T11:24:00+09:00,1718763840.0,37.318,136.863,11.0,3.6,1,matched,1,2024-06-19T11:24:28.600+09:00,1718763868.6,28.59999990463257,20240619112428600,2024-06-19T11:24:28.600+09:00,1718763868.6,37.318333333333335,136.86333333333334,11.0,3.6,石川県能登地方,https://www.data.jma.go.jp/eqev/data/daily_map/20240619.html,20240619,28.59999990463257,28.59999990463257,0.04735726739192894,0.0,0.0,0.9628047836328046,,inf,,,,,,
20240620042400,2024-06-20T04:24:00+09:00,1718825040.0,34.205,135.825,59.0,3.8,1,matched,1,2024-06-20T04:24:41.000+09:00,1718825081.0,41.0,20240620042441000,2024-06-20T04:24:41.000+09:00,1718825081.0,34.205,135.825,59.0,3.8,奈良県,https://www.data.jma.go.jp/eqev/data/daily_map/20240620.html,20240620,41.0,41.0,0.0,0.0,0.0,1.3666666666666667,,inf,,,,,,
20240620143700,2024-06-20T14:37:00+09:00,1718861820.0,40.13,142.483,38.0,4.7,1,matched,1,2024-06-20T14:37:55.600+09:00,1718861875.6,55.59999990463257,20240620143755600,2024-06-20T14:37:55.600+09:00,1718861875.6,40.13,142.48333333333332,38.0,4.7,岩手県沖,https://www.data.jma.go.jp/eqev/data/daily_map/20240620.html,20240620,55.59999990463257,55.59999990463257,0.02833928851379359,0.0,0.0,1.8590011878571777,,inf,,,,,,
20240620164000,2024-06-20T16:40:00+09:00,1718869200.0,37.998,141.733,56.0,4.1,1,matched,1,2024-06-20T16:40:33.200+09:00,1718869233.2,33.200000047683716,20240620164033200,2024-06-20T16:40:33.200+09:00,1718869233.2,37.998333333333335,141.73333333333332,56.0,4.1,宮城県沖,https://www.data.jma.go.jp/eqev/data/daily_map/20240620.html,20240620,33.200000047683716,33.200000047683716,0.047190453723782944,0.0,0.0,1.1161047590008806,,inf,,,,,,
20240620222300,2024-06-20T22:23:00+09:00,1718889780.0,34.763,137.248,35.0,4.4,1,matched,1,2024-06-20T22:23:28.200+09:00,1718889808.2,28.200000047683716,20240620222328200,2024-06-20T22:23:28.200+09:00,1718889808.2,34.763333333333335,137.24833333333333,35.0,4.4,三河湾,https://www.data.jma.go.jp/eqev/data/daily_map/20240620.html,20240620,28.200000047683716,28.200000047683716,0.04796855746624486,0.0,0.0,0.9495937130827061,,inf,,,,,,
20240620235300,2024-06-20T23:53:00+09:00,1718895180.0,34.065,135.38,7.0,3.1,1,matched,1,2024-06-20T23:53:16.800+09:00,1718895196.8,16.799999952316284,20240620235316800,2024-06-20T23:53:16.800+09:00,1718895196.8,34.065,135.38,7.0,3.1,和歌山県北部,https://www.data.jma.go.jp/eqev/data/daily_map/20240620.html,20240620,16.799999952316284,16.799999952316284,0.0,0.0,0.0,0.5599999984105428,,inf,,,,,,
20240621140400,2024-06-21T14:04:00+09:00,1718946240.0,33.812,132.663,44.0,3.9,1,matched,1,2024-06-21T14:03:59.100+09:00,1718946239.1,-0.9000000953674316,20240621140359100,2024-06-21T14:03:59.100+09:00,1718946239.1,33.81166666666667,132.66333333333333,44.0,3.9,安芸灘,https://www.data.jma.go.jp/eqev/data/daily_map/20240621.html,20240621,-0.9000000953674316,0.9000000953674316,0.048189375146622866,0.0,0.0,0.03963787820823896,,inf,,,,,,
20240621142300,2024-06-21T14:23:00+09:00,1718947380.0,36.478,141.025,48.0,4.4,1,matched,1,2024-06-21T14:23:17.700+09:00,1718947397.7,17.700000047683716,20240621142317700,2024-06-21T14:23:17.700+09:00,1718947397.7,36.47833333333333,141.025,48.0,4.4,茨城県沖,https://www.data.jma.go.jp/eqev/data/daily_map/20240621.html,20240621,17.700000047683716,17.700000047683716,0.037064975548089636,0.0,0.0,0.5974129966990751,,inf,,,,,,
20240621165600,2024-06-21T16:56:00+09:00,1718956560.0,36.405,141.078,41.0,3.8,1,matched,1,2024-06-21T16:56:05.300+09:00,1718956565.3,5.299999952316284,20240621165605300,2024-06-21T16:56:05.300+09:00,1718956565.3,36.405,141.07833333333335,41.0,3.8,茨城県沖,https://www.data.jma.go.jp/eqev/data/daily_map/20240621.html,20240621,5.299999952316284,5.299999952316284,0.029831449374557773,0.0,0.0,0.182632954952121,,inf,,,,,,
20240623121200,2024-06-23T12:12:00+09:00,1719112320.0,37.062,141.197,49.0,4.9,1,matched,1,2024-06-23T12:12:06.400+09:00,1719112326.4,6.400000095367432,20240623121206400,2024-06-23T12:12:06.400+09:00,1719112326.4,37.06166666666667,141.19666666666666,49.0,4.9,福島県沖,https://www.data.jma.go.jp/eqev/data/daily_map/20240623.html,20240623,6.400000095367432,6.400000095367432,0.04741972175277268,0.0,0.0,0.22281728086280225,,inf,,,,,,
20240623131100,2024-06-23T13:11:00+09:00,1719115860.0,32.142,130.063,10.0,3.3,1,matched,1,2024-06-23T13:11:11.200+09:00,1719115871.2,11.200000047683716,20240623131111200,2024-06-23T13:11:11.200+09:00,1719115871.2,32.141666666666666,130.06333333333333,10.0,3.3,天草灘,https://www.data.jma.go.jp/eqev/data/daily_map/20240623.html,20240623,11.200000047683716,11.200000047683716,0.04856725408183778,0.0,0.0,0.38304678573915807,,inf,,,,,,
20240623225400,2024-06-23T22:54:00+09:00,1719150840.0,35.645,140.06,72.0,4.1,1,matched,1,2024-06-23T22:54:24.600+09:00,1719150864.6,24.59999990463257,20240623225424600,2024-06-23T22:54:24.600+09:00,1719150864.6,35.645,140.06,72.0,4.1,千葉県北西部,https://www.data.jma.go.jp/eqev/data/daily_map/20240623.html,20240623,24.59999990463257,24.59999990463257,0.0,0.0,0.0,0.8199999968210856,,inf,,,,,,
20240624232400,2024-06-24T23:24:00+09:00,1719239040.0,35.835,139.342,56.0,3.7,1,matched,1,2024-06-24T23:24:17.400+09:00,1719239057.4,17.40000009536743,20240624232417400,2024-06-24T23:24:17.400+09:00,1719239057.4,35.835,139.34166666666667,56.0,3.7,埼玉県南部,https://www.data.jma.go.jp/eqev/data/daily_map/20240624.html,20240624,17.40000009536743,17.40000009536743,0.03004881057262858,0.0,0.0,0.5860097652934402,,inf,,,,,,
20240625152600,2024-06-25T15:26:00+09:00,1719296760.0,32.648,130.69,11.0,3.4,1,matched,1,2024-06-25T15:26:43.600+09:00,1719296803.6,43.59999990463257,20240625152643600,2024-06-25T15:26:43.600+09:00,1719296803.6,32.64833333333333,130.69,11.0,3.4,熊本県熊本地方,https://www.data.jma.go.jp/eqev/data/daily_map/20240625.html,20240625,43.59999990463257,43.59999990463257,0.037064975548089636,0.0,0.0,1.460746325264037,,inf,,,,,,
20240625173100,2024-06-25T17:31:00+09:00,1719304260.0,33.55,141.245,44.0,5.5,1,matched,1,2024-06-25T17:31:00.600+09:00,1719304260.6,0.5999999046325684,20240625173100600,2024-06-25T17:31:00.600+09:00,1719304260.6,33.55,141.245,44.0,5.5,八丈島東方沖,https://www.data.jma.go.jp/eqev/data/daily_map/20240625.html,20240625,0.5999999046325684,0.5999999046325684,0.0,0.0,0.0,0.019999996821085612,,inf,,,,,,
20240625174700,2024-06-25T17:47:00+09:00,1719305220.0,35.223,136.505,6.0,3.1,1,matched,1,2024-06-25T17:47:14.300+09:00,1719305234.3,14.299999952316284,20240625174714300,2024-06-25T17:47:14.300+09:00,1719305234.3,35.223333333333336,136.505,6.0,3.1,三重県北部,https://www.data.jma.go.jp/eqev/data/daily_map/20240625.html,20240625,14.299999952316284,14.299999952316284,0.037064975548089636,0.0,0.0,0.48407966018682735,,inf,,,,,,
20240627032300,2024-06-27T03:23:00+09:00,1719426180.0,37.393,136.947,14.0,3.7,1,matched,1,2024-06-27T03:23:57.800+09:00,1719426237.8,57.799999952316284,20240627032357800,2024-06-27T03:23:57.800+09:00,1719426237.8,37.39333333333333,136.94666666666666,14.0,3.7,石川県能登地方,https://www.data.jma.go.jp/eqev/data/daily_map/20240627.html,20240627,57.799999952316284,57.799999952316284,0.04733894910294836,0.0,0.0,1.9361344548977992,,inf,,,,,,
20240627184500,2024-06-27T18:45:00+09:00,1719481500.0,37.515,141.403,50.0,4.5,1,matched,1,2024-06-27T18:45:12.100+09:00,1719481512.1,12.099999904632568,20240627184512100,2024-06-27T18:45:12.100+09:00,1719481512.1,37.515,141.40333333333334,50.0,4.5,福島県沖,https://www.data.jma.go.jp/eqev/data/daily_map/20240627.html,20240627,12.099999904632568,12.099999904632568,0.02939971398230833,0.0,0.0,0.4092132729508806,,inf,,,,,,
20240627194300,2024-06-27T19:43:00+09:00,1719484980.0,35.435,137.39,7.0,3.3,1,matched,1,2024-06-27T19:43:56.800+09:00,1719485036.8,56.799999952316284,20240627194356800,2024-06-27T19:43:56.800+09:00,1719485036.8,35.435,137.39,7.0,3.3,岐阜県美濃東部,https://www.data.jma.go.jp/eqev/data/daily_map/20240627.html,20240627,56.799999952316284,56.799999952316284,0.0,0.0,0.0,1.893333331743876,,inf,,,,,,
20240628104600,2024-06-28T10:46:00+09:00,1719539160.0,37.59,141.882,43.0,4.8,1,matched,1,2024-06-28T10:46:51.500+09:00,1719539211.5,51.5,20240628104651500,2024-06-28T10:46:51.500+09:00,1719539211.5,37.59,141.88166666666666,43.0,4.8,福島県沖,https://www.data.jma.go.jp/eqev/data/daily_map/20240628.html,20240628,51.5,51.5,0.029370142876600308,0.0,0.0,1.7225406952419866,,inf,,,,,,
20240629000800,2024-06-29T00:08:00+09:00,1719587280.0,33.902,132.897,11.0,3.3,1,matched,1,2024-06-29T00:08:26.200+09:00,1719587306.2,26.200000047683716,20240629000826200,2024-06-29T00:08:26.200+09:00,1719587306.2,33.901666666666664,132.89666666666668,11.0,3.3,愛媛県中予,https://www.data.jma.go.jp/eqev/data/daily_map/20240629.html,20240629,26.200000047683716,26.200000047683716,0.04816865266157544,0.0,0.0,0.8829670654551056,,inf,,,,,,
20240630193800,2024-06-30T19:38:00+09:00,1719743880.0,32.255,132.15,25.0,4.1,1,matched,1,2024-06-30T19:38:14.000+09:00,1719743894.0,14.0,20240630193814000,2024-06-30T19:38:14.000+09:00,1719743894.0,32.255,132.15,25.0,4.1,日向灘,https://www.data.jma.go.jp/eqev/data/daily_map/20240630.html,20240630,14.0,14.0,0.0,0.0,0.0,0.4666666666666667,,inf,,,,,,
20240701235500,2024-07-01T23:55:00+09:00,1719845700.0,37.36,137.135,12.0,3.7,1,matched,1,2024-07-01T23:55:52.400+09:00,1719845752.4,52.40000009536743,20240701235552400,2024-07-01T23:55:52.400+09:00,1719845752.4,37.36,137.135,12.0,3.7,石川県能登地方,https://www.data.jma.go.jp/eqev/data/daily_map/20240701.html,20240701,52.40000009536743,52.40000009536743,0.0,0.0,0.0,1.746666669845581,,inf,,,,,,
20240704102500,2024-07-04T10:25:00+09:00,1720056300.0,36.467,140.603,55.0,4.3,1,matched,1,2024-07-04T10:25:26.400+09:00,1720056326.4,26.40000009536743,20240704102526400,2024-07-04T10:25:26.400+09:00,1720056326.4,36.46666666666667,140.60333333333332,55.0,4.3,茨城県北部,https://www.data.jma.go.jp/eqev/data/daily_map/20240704.html,20240704,26.40000009536743,26.40000009536743,0.047563756461144,0.0,0.0,0.8895127544711432,,inf,,,,,,
20240704121200,2024-07-04T12:12:00+09:00,1720062720.0,35.208,140.463,49.0,5.2,1,matched,1,2024-07-04T12:12:29.600+09:00,1720062749.6,29.59999990463257,20240704121229600,2024-07-04T12:12:29.600+09:00,1720062749.6,35.208333333333336,140.46333333333334,49.0,5.2,千葉県東方沖,https://www.data.jma.go.jp/eqev/data/daily_map/20240704.html,20240704,29.59999990463257,29.59999990463257,0.04786395202991236,0.0,0.0,0.9962394538937347,,inf,,,,,,
20240705062000,2024-07-05T06:20:00+09:00,1720128000.0,42.965,144.345,33.0,4.1,1,matched,1,2024-07-05T06:20:26.200+09:00,1720128026.2,26.200000047683716,20240705062026200,2024-07-05T06:20:26.200+09:00,1720128026.2,42.965,144.345,33.0,4.1,釧路沖,https://www.data.jma.go.jp/eqev/data/daily_map/20240705.html,20240705,26.200000047683716,26.200000047683716,0.0,0.0,0.0,0.8733333349227905,,inf,,,,,,
20240705140800,2024-07-05T14:08:00+09:00,1720156080.0,37.012,136.588,9.0,4.0,1,matched,1,2024-07-05T14:08:52.800+09:00,1720156132.8,52.799999952316284,20240705140852800,2024-07-05T14:08:52.800+09:00,1720156132.8,37.01166666666666,136.58833333333334,9.0,4.0,石川県西方沖,https://www.data.jma.go.jp/eqev/data/daily_map/20240705.html,20240705,52.799999952316284,52.799999952316284,0.04743187609565032,0.0,0.0,1.7694863736296729,,inf,,,,,,
20240706192100,2024-07-06T19:21:00+09:00,1720261260.0,33.523,140.478,57.0,4.8,1,matched,1,2024-07-06T19:21:18.800+09:00,1720261278.8,18.799999952316284,20240706192118800,2024-07-06T19:21:18.800+09:00,1720261278.8,33.52333333333333,140.47833333333332,57.0,4.8,八丈島東方沖,https://www.data.jma.go.jp/eqev/data/daily_map/20240706.html,20240706,18.799999952316284,18.799999952316284,0.04825559911448064,0.0,0.0,0.6363177849001056,,inf,,,,,,
20240707232800,2024-07-07T23:28:00+09:00,1720362480.0,36.643,139.427,6.0,3.4,1,matched,1,2024-07-07T23:28:22.700+09:00,1720362502.7,22.700000047683716,20240707232822700,2024-07-07T23:28:22.700+09:00,1720362502.7,36.64333333333333,139.42666666666668,6.0,3.4,栃木県北部,https://www.data.jma.go.jp/eqev/data/daily_map/20240707.html,20240707,22.700000047683716,22.700000047683716,0.047521208668086484,0.0,0.0,0.7661709099897411,,inf,,,,,,
20240710001900,2024-07-10T00:19:00+09:00,1720538340.0,37.125,136.778,12.0,3.5,1,matched,1,2024-07-10T00:19:36.200+09:00,1720538376.2,36.200000047683716,20240710001936200,2024-07-10T00:19:36.200+09:00,1720538376.2,37.125,136.77833333333334,12.0,3.5,石川県能登地方,https://www.data.jma.go.jp/eqev/data/daily_map/20240710.html,20240710,36.200000047683716,36.200000047683716,0.029552670537184973,0.0,0.0,1.2125772023635608,,inf,,,,,,
20240710040200,2024-07-10T04:02:00+09:00,1720551720.0,38.865,142.04,47.0,3.8,1,matched,1,2024-07-10T04:02:46.000+09:00,1720551766.0,46.0,20240710040246000,2024-07-10T04:02:46.000+09:00,1720551766.0,38.865,142.04,47.0,3.8,宮城県沖,https://www.data.jma.go.jp/eqev/data/daily_map/20240710.html,20240710,46.0,46.0,0.0,0.0,0.0,1.5333333333333334,,inf,,,,,,
20240710082000,2024-07-10T08:20:00+09:00,1720567200.0,37.127,136.778,12.0,3.5,1,matched,1,2024-07-10T08:20:31.300+09:00,1720567231.3,31.299999952316284,20240710082031300,2024-07-10T08:20:31.300+09:00,1720567231.3,37.126666666666665,136.77833333333334,12.0,3.5,石川県能登地方,https://www.data.jma.go.jp/eqev/data/daily_map/20240710.html,20240710,31.299999952316284,31.299999952316284,0.04740390742812487,0.0,0.0,1.0528141132295012,,inf,,,,,,
20240711000000,2024-07-11T00:00:00+09:00,1720623600.0,36.465,140.597,55.0,3.5,1,matched,1,2024-07-11T00:00:59.400+09:00,1720623659.4,59.40000009536743,20240711000059400,2024-07-11T00:00:59.400+09:00,1720623659.4,36.465,140.59666666666666,55.0,3.5,茨城県北部,https://www.data.jma.go.jp/eqev/data/daily_map/20240711.html,20240711,59.40000009536743,59.40000009536743,0.02980839712627674,0.0,0.0,1.9859616826041697,,inf,,,,,,
20240711120100,2024-07-11T12:01:00+09:00,1720666860.0,37.008,137.515,16.0,4.7,2,matched,1,2024-07-11T12:01:19.200+09:00,1720666879.2,19.200000047683716,20240711120119200,2024-07-11T12:01:19.200+09:00,1720666879.2,37.00833333333333,137.515,16.0,4.7,富山湾,https://www.data.jma.go.jp/eqev/data/daily_map/20240711.html,20240711,19.200000047683716,19.200000047683716,0.03706497554738231,0.0,0.0,0.6474129966989337,4.181664172375998,3.5342511756770647,20240711120210200,2024-07-11T12:02:10.200+09:00,70.20000004768372,1.541654187266033,2.0,0.40000000000000036
20240711120200,2024-07-11T12:02:00+09:00,1720666920.0,36.997,137.505,14.0,4.3,3,matched,1,2024-07-11T12:02:10.200+09:00,1720666930.2,10.200000047683716,20240711120210200,2024-07-11T12:02:10.200+09:00,1720666930.2,36.99666666666667,137.505,14.0,4.3,富山湾,https://www.data.jma.go.jp/eqev/data/daily_map/20240711.html,20240711,10.200000047683716,10.200000047683716,0.037064975548089636,0.0,0.0,0.3474129966990751,3.201663720666538,2.854250723967463,20240711120119200,2024-07-11T12:01:19.200+09:00,-40.799999952316284,1.5416519446133021,2.0,0.40000000000000036
20240713122700,2024-07-13T12:27:00+09:00,1720841220.0,37.673,141.54,52.0,4.0,1,matched,1,2024-07-13T12:27:40.300+09:00,1720841260.3,40.299999952316284,20240713122740300,2024-07-13T12:27:40.300+09:00,1720841260.3,37.67333333333333,141.54,52.0,4.0,福島県沖,https://www.data.jma.go.jp/eqev/data/daily_map/20240713.html,20240713,40.299999952316284,40.299999952316284,0.037064975548089636,0.0,0.0,1.350746326853494,,inf,,,,,,
20240716221900,2024-07-16T22:19:00+09:00,1721135940.0,36.042,140.1,65.0,4.2,1,matched,1,2024-07-16T22:19:20.500+09:00,1721135960.5,20.5,20240716221920500,2024-07-16T22:19:20.500+09:00,1721135960.5,36.041666666666664,140.1,65.0,4.2,茨城県南部,https://www.data.jma.go.jp/eqev/data/daily_map/20240716.html,20240716,20.5,20.5,0.03706497554879696,0.0,0.0,0.6907463284430927,,inf,,,,,,
20240718055100,2024-07-18T05:51:00+09:00,1721249460.0,37.312,141.148,65.0,3.6,1,matched,1,2024-07-18T05:51:33.100+09:00,1721249493.1,33.09999990463257,20240718055133100,2024-07-18T05:51:33.100+09:00,1721249493.1,37.31166666666667,141.14833333333334,65.0,3.6,福島県沖,https://www.data.jma.go.jp/eqev/data/daily_map/20240718.html,20240718,33.09999990463257,33.09999990463257,0.04735881334285119,0.0,0.0,1.1128050928229893,,inf,,,,,,
20240718200700,2024-07-18T20:07:00+09:00,1721300820.0,33.567,140.242,100.0,5.7,1,matched,1,2024-07-18T20:07:36.200+09:00,1721300856.2,36.200000047683716,20240718200736200,2024-07-18T20:07:36.200+09:00,1721300856.2,33.56666666666667,140.24166666666667,100.0,5.7,八丈島東方沖,https://www.data.jma.go.jp/eqev/data/daily_map/20240718.html,20240718,36.200000047683716,36.200000047683716,0.0482456051663385,0.0,0.0,1.2163157892893914,,inf,,,,,,
20240719001700,2024-07-19T00:17:00+09:00,1721315820.0,36.038,140.102,63.0,3.8,1,matched,1,2024-07-19T00:17:35.000+09:00,1721315855.0,35.0,20240719001735000,2024-07-19T00:17:35.000+09:00,1721315855.0,36.038333333333334,140.10166666666666,63.0,3.8,茨城県南部,https://www.data.jma.go.jp/eqev/data/daily_map/20240719.html,20240719,35.0,35.0,0.0476666945461556,0.0,0.0,1.1762000055758979,,inf,,,,,,
20240719142700,2024-07-19T14:27:00+09:00,1721366820.0,40.143,141.177,10.0,4.0,1,matched,1,2024-07-19T14:27:47.000+09:00,1721366867.0,47.0,20240719142747000,2024-07-19T14:27:47.000+09:00,1721366867.0,40.14333333333333,141.17666666666668,10.0,4.0,岩手県内陸北部,https://www.data.jma.go.jp/eqev/data/daily_map/20240719.html,20240719,47.0,47.0,0.04665422295849433,0.0,0.0,1.5759975112583655,,inf,,,,,,
20240719161400,2024-07-19T16:14:00+09:00,1721373240.0,37.175,141.217,81.0,4.0,1,matched,1,2024-07-19T16:14:21.900+09:00,1721373261.9,21.90000009536743,20240719161421900,2024-07-19T16:14:21.900+09:00,1721373261.9,37.175,141.21666666666667,81.0,4.0,福島県沖,https://www.data.jma.go.jp/eqev/data/daily_map/20240719.html,20240719,21.90000009536743,21.90000009536743,0.02953313709304092,0.0,0.0,0.7359066305975225,,inf,,,,,,
20240720201500,2024-07-20T20:15:00+09:00,1721474100.0,36.74,141.55,36.0,5.0,1,matched,1,2024-07-20T20:15:51.100+09:00,1721474151.1,51.09999990463257,20240720201551100,2024-07-20T20:15:51.100+09:00,1721474151.1,36.74,141.55,36.0,5.0,茨城県沖,https://www.data.jma.go.jp/eqev/data/daily_map/20240720.html,20240720,51.09999990463257,51.09999990463257,0.0,0.0,0.0,1.703333330154419,,inf,,,,,,
20240721001200,2024-07-21T00:12:00+09:00,1721488320.0,33.993,135.14,7.0,3.0,1,matched,1,2024-07-21T00:12:52.300+09:00,1721488372.3,52.299999952316284,20240721001252300,2024-07-21T00:12:52.300+09:00,1721488372.3,33.99333333333333,135.14,7.0,3.0,和歌山県北部,https://www.data.jma.go.jp/eqev/data/daily_map/20240721.html,20240721,52.299999952316284,52.299999952316284,0.037064975548089636,0.0,0.0,1.7507463268534942,,inf,,,,,,
20240721054600,2024-07-21T05:46:00+09:00,1721508360.0,38.688,141.948,57.0,4.6,1,matched,1,2024-07-21T05:46:43.800+09:00,1721508403.8,43.799999952316284,20240721054643800,2024-07-21T05:46:43.800+09:00,1721508403.8,38.68833333333333,141.94833333333332,57.0,4.6,宮城県沖,https://www.data.jma.go.jp/eqev/data/daily_map/20240721.html,20240721,43.799999952316284,43.799999952316284,0.04701956457859366,0.0,0.0,1.4694039113262614,,inf,,,,,,
20240721132700,2024-07-21T13:27:00+09:00,1721536020.0,42.705,145.522,28.0,5.4,1,matched,1,2024-07-21T13:27:29.700+09:00,1721536049.7,29.700000047683716,20240721132729700,2024-07-21T13:27:29.700+09:00,1721536049.7,42.705,145.52166666666668,28.0,5.4,釧路沖,https://www.data.jma.go.jp/eqev/data/daily_map/20240721.html,20240721,29.700000047683716,29.700000047683716,0.027237397867068427,0.0,0.0,0.995447481162871,,inf,,,,,,
20240722100700,2024-07-22T10:07:00+09:00,1721610420.0,36.778,140.743,89.0,4.8,1,matched,1,2024-07-22T10:07:34.300+09:00,1721610454.3,34.299999952316284,20240722100734300,2024-07-22T10:07:34.300+09:00,1721610454.3,36.778333333333336,140.74333333333334,89.0,4.8,茨城県北部,https://www.data.jma.go.jp/eqev/data/daily_map/20240722.html,20240722,34.299999952316284,34.299999952316284,0.0474885551636645,0.0,0.0,1.152831042776609,,inf,,,,,,
20240722190500,2024-07-22T19:05:00+09:00,1721642700.0,33.985,135.303,5.0,3.4,1,matched,1,2024-07-22T19:05:06.100+09:00,1721642706.1,6.099999904632568,20240722190506100,2024-07-22T19:05:06.100+09:00,1721642706.1,33.985,135.30333333333334,5.0,3.4,和歌山県北部,https://www.data.jma.go.jp/eqev/data/daily_map/20240722.html,20240722,6.099999904632568,6.099999904632568,0.03073368248075286,0.0,0.0,0.20948006665056954,,inf,,,,,,
20240723082700,2024-07-23T08:27:00+09:00,1721690820.0,38.217,141.803,66.0,4.7,1,matched,1,2024-07-23T08:27:11.800+09:00,1721690831.8,11.799999952316284,20240723082711800,2024-07-23T08:27:11.800+09:00,1721690831.8,38.21666666666667,141.80333333333334,66.0,4.7,宮城県沖,https://www.data.jma.go.jp/eqev/data/daily_map/20240723.html,20240723,11.799999952316284,11.799999952316284,0.04713647062106362,0.0,0.0,0.40276062586808886,,inf,,,,,,
20240724010200,2024-07-24T01:02:00+09:00,1721750520.0,32.488,129.923,12.0,3.5,1,matched,1,2024-07-24T01:02:28.000+09:00,1721750548.0,28.0,20240724010228000,2024-07-24T01:02:28.000+09:00,1721750548.0,32.48833333333334,129.92333333333335,12.0,3.5,天草灘,https://www.data.jma.go.jp/eqev/data/daily_map/20240724.html,20240724,28.0,28.0,0.048489945879526916,0.0,0.0,0.9430313225092387,,inf,,,,,,
20240725130100,2024-07-25T13:01:00+09:00,1721880060.0,35.477,140.403,33.0,4.0,1,matched,1,2024-07-25T13:01:41.200+09:00,1721880101.2,41.200000047683716,20240725130141200,2024-07-25T13:01:41.200+09:00,1721880101.2,35.47666666666667,140.40333333333334,33.0,4.0,千葉県北東部,https://www.data.jma.go.jp/eqev/data/daily_map/20240725.html,20240725,41.200000047683716,41.200000047683716,0.04780040321801449,0.0,0.0,1.3828934155663934,,inf,,,,,,
20240725162600,2024-07-25T16:26:00+09:00,1721892360.0,38.365,141.663,60.0,4.5,1,matched,1,2024-07-25T16:26:08.600+09:00,1721892368.6,8.599999904632568,20240725162608600,2024-07-25T16:26:08.600+09:00,1721892368.6,38.365,141.66333333333333,60.0,4.5,宮城県沖,https://www.data.jma.go.jp/eqev/data/daily_map/20240725.html,20240725,8.599999904632568,8.599999904632568,0.029061637253993272,0.0,0.0,0.2924789909385509,,inf,,,,,,
20240726201700,2024-07-26T20:17:00+09:00,1721992620.0,35.423,140.45,38.0,3.4,1,matched,1,2024-07-26T20:17:26.400+09:00,1721992646.4,26.40000009536743,20240726201726400,2024-07-26T20:17:26.400+09:00,1721992646.4,35.42333333333333,140.45,38.0,3.4,千葉県東方沖,https://www.data.jma.go.jp/eqev/data/daily_map/20240726.html,20240726,26.40000009536743,26.40000009536743,0.037064975548089636,0.0,0.0,0.8874129982885323,,inf,,,,,,
20240728005800,2024-07-28T00:58:00+09:00,1722095880.0,40.147,141.178,10.0,4.2,1,matched,1,2024-07-28T00:58:38.900+09:00,1722095918.9,38.90000009536743,20240728005838900,2024-07-28T00:58:38.900+09:00,1722095918.9,40.14666666666667,141.17833333333334,10.0,4.2,岩手県内陸北部,https://www.data.jma.go.jp/eqev/data/daily_map/20240728.html,20240728,38.90000009536743,38.90000009536743,0.04665329422187345,0.0,0.0,1.3059973286899558,,inf,,,,,,
20240728191300,2024-07-28T19:13:00+09:00,1722161580.0,39.477,143.598,7.0,5.5,1,matched,1,2024-07-28T19:13:24.000+09:00,1722161604.0,24.0,20240728191324000,2024-07-28T19:13:24.000+09:00,1722161604.0,39.47666666666667,143.59833333333333,7.0,5.5,三陸沖,https://www.data.jma.go.jp/eqev/data/daily_map/20240728.html,20240728,24.0,24.0,0.04682234223989104,0.0,0.0,0.8093644684479783,,inf,,,,,,
20240729231200,2024-07-29T23:12:00+09:00,1722262320.0,34.275,133.32,20.0,3.9,1,matched,1,2024-07-29T23:12:16.700+09:00,1722262336.7,16.700000047683716,20240729231216700,2024-07-29T23:12:16.700+09:00,1722262336.7,34.275,133.32,20.0,3.9,瀬戸内海中部,https://www.data.jma.go.jp/eqev/data/daily_map/20240729.html,20240729,16.700000047683716,16.700000047683716,0.0,0.0,0.0,0.5566666682561239,,inf,,,,,,
20240730012500,2024-07-30T01:25:00+09:00,1722270300.0,32.147,131.61,48.0,5.1,1,matched,1,2024-07-30T01:25:30.300+09:00,1722270330.3,30.299999952316284,20240730012530300,2024-07-30T01:25:30.300+09:00,1722270330.3,32.14666666666667,131.61,48.0,5.1,日向灘,https://www.data.jma.go.jp/eqev/data/daily_map/20240730.html,20240730,30.299999952316284,30.299999952316284,0.037064975548089636,0.0,0.0,1.0174129935201608,,inf,,,,,,
20240731230300,2024-07-31T23:03:00+09:00,1722434580.0,43.275,146.322,47.0,4.1,1,matched,1,2024-07-31T23:03:49.300+09:00,1722434629.3,49.299999952316284,20240731230349300,2024-07-31T23:03:49.300+09:00,1722434629.3,43.275,146.32166666666666,47.0,4.1,根室半島南東沖,https://www.data.jma.go.jp/eqev/data/daily_map/20240731.html,20240731,49.299999952316284,49.299999952316284,0.026985968397765694,0.0,0.0,1.6487305254234292,,inf,,,,,,
20240804221900,2024-08-04T22:19:00+09:00,1722777540.0,42.982,145.238,72.0,4.7,1,matched,1,2024-08-04T22:19:48.800+09:00,1722777588.8,48.799999952316284,20240804221948800,2024-08-04T22:19:48.800+09:00,1722777588.8,42.98166666666667,145.23833333333334,72.0,4.7,釧路沖,https://www.data.jma.go.jp/eqev/data/daily_map/20240804.html,20240804,48.799999952316284,48.799999952316284,0.04592460445956794,0.0,0.0,1.6358515859691232,,inf,,,,,,
20240808164300,2024-08-08T16:43:00+09:00,1723102980.0,31.737,131.722,31.0,7.1,1,matched,1,2024-08-08T16:42:55.500+09:00,1723102975.5,-4.5,20240808164255500,2024-08-08T16:42:55.500+09:00,1723102975.5,31.736666666666668,131.72166666666666,31.0,7.1,日向灘,https://www.data.jma.go.jp/eqev/data/daily_map/20240808.html,20240808,-4.5,4.5,0.04865693340104827,0.0,0.0,0.15973138668020964,,inf,,,,,,
20240808173500,2024-08-08T17:35:00+09:00,1723106100.0,31.647,131.812,19.0,4.6,1,matched,1,2024-08-08T17:35:47.200+09:00,1723106147.2,47.200000047683716,20240808173547200,2024-08-08T17:35:47.200+09:00,1723106147.2,31.64666666666667,131.81166666666667,19.0,4.6,日向灘,https://www.data.jma.go.jp/eqev/data/daily_map/20240808.html,20240808,47.200000047683716,47.200000047683716,0.04867675480325955,0.0,0.0,1.5830686858834424,,inf,,,,,,
20240808180000,2024-08-08T18:00:00+09:00,1723107600.0,31.575,131.847,23.0,4.4,1,matched,1,2024-08-08T18:00:00.900+09:00,1723107600.9,0.9000000953674316,20240808180000900,2024-08-08T18:00:00.900+09:00,1723107600.9,31.575,131.84666666666666,23.0,4.4,日向灘,https://www.data.jma.go.jp/eqev/data/daily_map/20240808.html,20240808,0.9000000953674316,0.9000000953674316,0.03157770922225147,0.0,0.0,0.03631554502336468,,inf,,,,,,
20240809034800,2024-08-09T03:48:00+09:00,1723142880.0,31.778,131.893,26.0,4.2,1,matched,1,2024-08-09T03:48:53.500+09:00,1723142933.5,53.5,20240809034853500,2024-08-09T03:48:53.500+09:00,1723142933.5,31.778333333333332,131.89333333333335,26.0,4.2,日向灘,https://www.data.jma.go.jp/eqev/data/daily_map/20240809.html,20240809,53.5,53.5,0.048647817092715394,0.0,0.0,1.7930628967518765,,inf,,,,,,
20240809042300,2024-08-09T04:23:00+09:00,1723144980.0,31.812,131.648,26.0,5.4,1,matched,1,2024-08-09T04:23:35.600+09:00,1723145015.6,35.59999990463257,20240809042335600,2024-08-09T04:23:35.600+09:00,1723145015.6,31.811666666666667,131.64833333333334,26.0,5.4,日向灘,https://www.data.jma.go.jp/eqev/data/daily_map/20240809.html,20240809,35.59999990463257,35.59999990463257,0.048640385611941866,0.0,0.0,1.1963947406101407,,inf,,,,,,
20240809044700,2024-08-09T04:47:00+09:00,1723146420.0,31.645,131.817,23.0,4.0,1,matched,1,2024-08-09T04:47:50.700+09:00,1723146470.7,50.700000047683716,20240809044750700,2024-08-09T04:47:50.700+09:00,1723146470.7,31.645,131.81666666666666,23.0,4.0,日向灘,https://www.data.jma.go.jp/eqev/data/daily_map/20240809.html,20240809,50.700000047683716,50.700000047683716,0.03155397462377333,0.0,0.0,1.696310796514212,,inf,,,,,,
20240809135600,2024-08-09T13:56:00+09:00,1723179360.0,37.365,136.863,9.0,3.3,1,matched,1,2024-08-09T13:56:27.700+09:00,1723179387.7,27.700000047683716,20240809135627700,2024-08-09T13:56:27.700+09:00,1723179387.7,37.365,136.86333333333334,9.0,3.3,石川県能登地方,https://www.data.jma.go.jp/eqev/data/daily_map/20240809.html,20240809,27.700000047683716,27.700000047683716,0.029458705016315843,0.0,0.0,0.9292250759260537,,inf,,,,,,
20240809195700,2024-08-09T19:57:00+09:00,1723201020.0,35.41,139.16,13.0,5.3,1,matched,1,2024-08-09T19:57:38.200+09:00,1723201058.2,38.200000047683716,20240809195738200,2024-08-09T19:57:38.200+09:00,1723201058.2,35.41,139.16,13.0,5.3,神奈川県西部,https://www.data.jma.go.jp/eqev/data/daily_map/20240809.html,20240809,38.200000047683716,38.200000047683716,0.0,0.0,0.0,1.2733333349227904,,inf,,,,,,
20240810040400,2024-08-10T04:04:00+09:00,1723230240.0,36.058,139.89,45.0,3.6,1,matched,1,2024-08-10T04:04:58.500+09:00,1723230298.5,58.5,20240810040458500,2024-08-10T04:04:58.500+09:00,1723230298.5,36.05833333333333,139.89,45.0,3.6,茨城県南部,https://www.data.jma.go.jp/eqev/data/daily_map/20240810.html,20240810,58.5,58.5,0.037064975548089636,0.0,0.0,1.957412995109618,,inf,,,,,,
20240810141800,2024-08-10T14:18:00+09:00,1723267080.0,32.588,130.663,12.0,3.7,1,matched,1,2024-08-10T14:18:15.900+09:00,1723267095.9,15.900000095367432,20240810141815900,2024-08-10T14:18:15.900+09:00,1723267095.9,32.58833333333333,130.66333333333333,12.0,3.7,熊本県熊本地方,https://www.data.jma.go.jp/eqev/data/daily_map/20240810.html,20240810,15.900000095367432,15.900000095367432,0.048467519022311174,0.0,0.0,0.5396935069833766,,inf,,,,,,
20240810211500,2024-08-10T21:15:00+09:00,1723292100.0,31.485,131.747,21.0,3.9,1,matched,1,2024-08-10T21:15:57.800+09:00,1723292157.8,57.799999952316284,20240810211557800,2024-08-10T21:15:57.800+09:00,1723292157.8,31.485,131.74666666666667,21.0,3.9,日向灘,https://www.data.jma.go.jp/eqev/data/daily_map/20240810.html,20240810,57.799999952316284,57.799999952316284,0.0316081558719733,0.0,0.0,1.932988296251604,,inf,,,,,,
20240811074200,2024-08-11T07:42:00+09:00,1723329720.0,31.832,131.645,32.0,4.5,1,matched,1,2024-08-11T07:42:41.600+09:00,1723329761.6,41.59999990463257,20240811074241600,2024-08-11T07:42:41.600+09:00,1723329761.6,31.831666666666667,131.645,32.0,4.5,日向灘,https://www.data.jma.go.jp/eqev/data/daily_map/20240811.html,20240811,41.59999990463257,41.59999990463257,0.037064975548089636,0.0,0.0,1.3940796585973703,,inf,,,,,,
20240811093800,2024-08-11T09:38:00+09:00,1723336680.0,37.715,141.717,64.0,4.3,1,matched,1,2024-08-11T09:38:39.700+09:00,1723336719.7,39.700000047683716,20240811093839700,2024-08-11T09:38:39.700+09:00,1723336719.7,37.715,141.71666666666667,64.0,4.3,福島県沖,https://www.data.jma.go.jp/eqev/data/daily_map/20240811.html,20240811,39.700000047683716,39.700000047683716,0.029320745892282868,0.0,0.0,1.329197484101247,,inf,,,,,,
20240811200100,2024-08-11T20:01:00+09:00,1723374060.0,32.728,130.612,13.0,3.4,1,matched,1,2024-08-11T20:01:21.300+09:00,1723374081.3,21.299999952316284,20240811200121300,2024-08-11T20:01:21.300+09:00,1723374081.3,32.72833333333333,130.61166666666668,13.0,3.4,有明海,https://www.data.jma.go.jp/eqev/data/daily_map/20240811.html,20240811,21.299999952316284,21.299999952316284,0.04843604310056529,0.0,0.0,0.7196872070306559,,inf,,,,,,
20240813051600,2024-08-13T05:16:00+09:00,1723493760.0,40.98,142.005,59.0,3.6,1,matched,1,2024-08-13T05:16:02.400+09:00,1723493762.4,2.4000000953674316,20240813051602400,2024-08-13T05:16:02.400+09:00,1723493762.4,40.98,142.005,59.0,3.6,青森県東方沖,https://www.data.jma.go.jp/eqev/data/daily_map/20240813.html,20240813,2.4000000953674316,2.4000000953674316,0.0,0.0,0.0,0.08000000317891438,,inf,,,,,,
20240814193800,2024-08-14T19:38:00+09:00,1723631880.0,35.41,139.165,13.0,4.2,1,matched,1,2024-08-14T19:38:46.300+09:00,1723631926.3,46.299999952316284,20240814193846300,2024-08-14T19:38:46.300+09:00,1723631926.3,35.41,139.165,13.0,4.2,神奈川県西部,https://www.data.jma.go.jp/eqev/data/daily_map/20240814.html,20240814,46.299999952316284,46.299999952316284,0.0,0.0,0.0,1.5433333317438762,,inf,,,,,,
20240815202000,2024-08-15T20:20:00+09:00,1723720800.0,35.402,139.155,12.0,4.3,1,matched,1,2024-08-15T20:20:34.700+09:00,1723720834.7,34.700000047683716,20240815202034700,2024-08-15T20:20:34.700+09:00,1723720834.7,35.401666666666664,139.155,12.0,4.3,神奈川県西部,https://www.data.jma.go.jp/eqev/data/daily_map/20240815.html,20240815,34.700000047683716,34.700000047683716,0.03706497554879696,0.0,0.0,1.1640796633658834,,inf,,,,,,
20240816220600,2024-08-16T22:06:00+09:00,1723813560.0,36.36,134.802,25.0,4.3,1,matched,1,2024-08-16T22:06:01.600+09:00,1723813561.6,1.5999999046325684,20240816220601600,2024-08-16T22:06:01.600+09:00,1723813561.6,36.36,134.80166666666668,25.0,4.3,兵庫県北方沖,https://www.data.jma.go.jp/eqev/data/daily_map/20240816.html,20240816,1.5999999046325684,1.5999999046325684,0.02984871709141247,0.0,0.0,0.05930307357270144,,inf,,,,,,
20240817005700,2024-08-17T00:57:00+09:00,1723823820.0,43.937,146.583,83.0,4.6,1,matched,1,2024-08-17T00:57:16.500+09:00,1723823836.5,16.5,20240817005716500,2024-08-17T00:57:16.500+09:00,1723823836.5,43.93666666666667,146.58333333333334,83.0,4.6,国後島付近,https://www.data.jma.go.jp/eqev/data/daily_map/20240817.html,20240817,16.5,16.5,0.045674992054743194,0.0,0.0,0.5591349984109487,,inf,,,,,,
20240817093300,2024-08-17T09:33:00+09:00,1723854780.0,38.533,141.827,49.0,4.6,1,matched,1,2024-08-17T09:33:28.700+09:00,1723854808.7,28.700000047683716,20240817093328700,2024-08-17T09:33:28.700+09:00,1723854808.7,38.53333333333333,141.82666666666665,49.0,4.6,宮城県沖,https://www.data.jma.go.jp/eqev/data/daily_map/20240817.html,20240817,28.700000047683716,28.700000047683716,0.04705809088245978,0.0,0.0,0.9660782864326158,,inf,,,,,,
20240818013800,2024-08-18T01:38:00+09:00,1723912680.0,40.143,141.175,10.0,3.0,1,matched,1,2024-08-18T01:38:59.200+09:00,1723912739.2,59.200000047683716,20240818013859200,2024-08-18T01:38:59.200+09:00,1723912739.2,40.14333333333333,141.175,10.0,3.0,岩手県内陸北部,https://www.data.jma.go.jp/eqev/data/daily_map/20240818.html,20240818,59.200000047683716,59.200000047683716,0.037064975548089636,0.0,0.0,1.9807463300324086,,inf,,,,,,
20240818070300,2024-08-18T07:03:00+09:00,1723932180.0,35.472,140.443,32.0,3.2,1,matched,1,2024-08-18T07:03:52.000+09:00,1723932232.0,52.0,20240818070352000,2024-08-18T07:03:52.000+09:00,1723932232.0,35.471666666666664,140.44333333333333,32.0,3.2,千葉県東方沖,https://www.data.jma.go.jp/eqev/data/daily_map/20240818.html,20240818,52.0,52.0,0.04780158855989219,0.0,0.0,1.742893651045312,,inf,,,,,,
20240819004800,2024-08-19T00:48:00+09:00,1723996080.0,36.723,140.625,7.0,4.8,1,matched,1,2024-08-19T00:48:17.600+09:00,1723996097.6,17.59999990463257,20240819004817600,2024-08-19T00:48:17.600+09:00,1723996097.6,36.723333333333336,140.625,7.0,4.8,茨城県北部,https://www.data.jma.go.jp/eqev/data/daily_map/20240819.html,20240819,17.59999990463257,17.59999990463257,0.03706497554879696,0.0,0.0,0.5940796585975117,,inf,,,,,,
20240819005000,2024-08-19T00:50:00+09:00,1723996200.0,36.717,140.62,8.0,5.1,2,ambiguous,0,2024-08-19T00:50:46.700+09:00,1723996246.7,46.700000047683716,20240819005046700,2024-08-19T00:50:46.700+09:00,1723996246.7,36.71666666666667,140.62,8.0,5.1,茨城県北部,https://www.data.jma.go.jp/eqev/data/daily_map/20240819.html,20240819,46.700000047683716,46.700000047683716,0.037064975548089636,0.0,0.0,1.564079663365742,1.6663186439263655,0.10223898056062364,20240819005046100,2024-08-19T00:50:46.100+09:00,46.09999990463257,0.14825990219306584,1.0,
20240820172400,2024-08-20T17:24:00+09:00,1724142240.0,43.962,147.427,95.0,4.8,1,matched,1,2024-08-20T17:24:23.200+09:00,1724142263.2,23.200000047683716,20240820172423200,2024-08-20T17:24:23.200+09:00,1724142263.2,43.961666666666666,147.42666666666668,95.0,4.8,北海道東方沖,https://www.data.jma.go.jp/eqev/data/daily_map/20240820.html,20240820,23.200000047683716,23.200000047683716,0.045668433993355954,0.0,0.0,0.7824670217214618,,inf,,,,,,
20240822060500,2024-08-22T06:05:00+09:00,1724274300.0,42.73,144.963,80.0,3.7,1,matched,1,2024-08-22T06:05:35.900+09:00,1724274335.9,35.90000009536743,20240822060535900,2024-08-22T06:05:35.900+09:00,1724274335.9,42.73,144.96333333333334,80.0,3.7,釧路沖,https://www.data.jma.go.jp/eqev/data/daily_map/20240822.html,20240822,35.90000009536743,35.90000009536743,0.027226426602902563,0.0,0.0,1.2021119551661614,,inf,,,,,,
20240823210000,2024-08-23T21:00:00+09:00,1724414400.0,36.032,140.388,58.0,4.0,1,matched,1,2024-08-23T21:00:56.600+09:00,1724414456.6,56.59999990463257,20240823210056600,2024-08-23T21:00:56.600+09:00,1724414456.6,36.031666666666666,140.38833333333332,58.0,4.0,茨城県南部,https://www.data.jma.go.jp/eqev/data/daily_map/20240823.html,20240823,56.59999990463257,56.59999990463257,0.047668210070822135,0.0,0.0,1.8962003055019168,,inf,,,,,,
20240828020500,2024-08-28T02:05:00+09:00,1724778300.0,35.573,139.483,38.0,4.0,1,matched,1,2024-08-28T02:05:10.600+09:00,1724778310.6,10.599999904632568,20240828020510600,2024-08-28T02:05:10.600+09:00,1724778310.6,35.57333333333333,139.48333333333332,38.0,4.0,神奈川県東部,https://www.data.jma.go.jp/eqev/data/daily_map/20240828.html,20240828,10.599999904632568,10.599999904632568,0.047777545973466416,0.0,0.0,0.3628888393491122,,inf,,,,,,
20240829111700,2024-08-29T11:17:00+09:00,1724897820.0,37.415,137.005,11.0,4.0,1,matched,1,2024-08-29T11:17:25.500+09:00,1724897845.5,25.5,20240829111725500,2024-08-29T11:17:25.500+09:00,1724897845.5,37.415,137.005,11.0,4.0,石川県能登地方,https://www.data.jma.go.jp/eqev/data/daily_map/20240829.html,20240829,25.5,25.5,0.0,0.0,0.0,0.85,,inf,,,,,,
20240831115200,2024-08-31T11:52:00+09:00,1725072720.0,35.062,134.927,13.0,3.4,1,matched,1,2024-08-31T11:52:42.300+09:00,1725072762.3,42.299999952316284,20240831115242300,2024-08-31T11:52:42.300+09:00,1725072762.3,35.06166666666667,134.92666666666668,13.0,3.4,兵庫県南東部,https://www.data.jma.go.jp/eqev/data/daily_map/20240831.html,20240831,42.299999952316284,42.299999952316284,0.04789844080940567,0.0,0.0,1.419579686572424,,inf,,,,,,
20240831220400,2024-08-31T22:04:00+09:00,1725109440.0,31.923,131.907,28.0,4.7,1,matched,1,2024-08-31T22:04:13.000+09:00,1725109453.0,13.0,20240831220413000,2024-08-31T22:04:13.000+09:00,1725109453.0,31.923333333333332,131.90666666666667,28.0,4.7,日向灘,https://www.data.jma.go.jp/eqev/data/daily_map/20240831.html,20240831,13.0,13.0,0.048615771318459594,0.0,0.0,0.44305648759702526,,inf,,,,,,
20240901112800,2024-09-01T11:28:00+09:00,1725157680.0,35.495,138.96,23.0,4.2,1,matched,1,2024-09-01T11:28:40.200+09:00,1725157720.2,40.200000047683716,20240901112840200,2024-09-01T11:28:40.200+09:00,1725157720.2,35.495,138.96,23.0,4.2,山梨県東部・富士五湖,https://www.data.jma.go.jp/eqev/data/daily_map/20240901.html,20240901,40.200000047683716,40.200000047683716,0.0,0.0,0.0,1.340000001589457,,inf,,,,,,
20240904184900,2024-09-04T18:49:00+09:00,1725443340.0,37.772,141.833,44.0,4.1,1,matched,1,2024-09-04T18:49:21.200+09:00,1725443361.2,21.200000047683716,20240904184921200,2024-09-04T18:49:21.200+09:00,1725443361.2,37.77166666666667,141.83333333333334,44.0,4.1,福島県沖,https://www.data.jma.go.jp/eqev/data/daily_map/20240904.html,20240904,21.200000047683716,21.200000047683716,0.047246156590820085,0.0,0.0,0.7161158995742879,,inf,,,,,,
20240906150200,2024-09-06T15:02:00+09:00,1725602520.0,31.975,130.877,0.0,3.0,1,matched,1,2024-09-06T15:02:45.800+09:00,1725602565.8,45.799999952316284,20240906150245800,2024-09-06T15:02:45.800+09:00,1725602565.8,31.975,130.87666666666667,0.0,3.0,宮崎県南部山沿い,https://www.data.jma.go.jp/eqev/data/daily_map/20240906.html,20240906,45.799999952316284,45.799999952316284,0.03144144915330943,0.0,0.0,1.5329549549078714,,inf,,,,,,
20240908072900,2024-09-08T07:29:00+09:00,1725748140.0,37.168,136.747,5.0,3.3,1,matched,1,2024-09-08T07:29:28.600+09:00,1725748168.6,28.59999990463257,20240908072928600,2024-09-08T07:29:28.600+09:00,1725748168.6,37.16833333333334,136.74666666666667,5.0,3.3,石川県能登地方,https://www.data.jma.go.jp/eqev/data/daily_map/20240908.html,20240908,28.59999990463257,28.59999990463257,0.04739384312386271,0.0,0.0,0.9628120987791915,,inf,,,,,,
20240908075100,2024-09-08T07:51:00+09:00,1725749460.0,39.858,143.157,18.0,4.7,1,matched,1,2024-09-08T07:51:15.500+09:00,1725749475.5,15.5,20240908075115500,2024-09-08T07:51:15.500+09:00,1725749475.5,39.858333333333334,143.15666666666667,18.0,4.7,三陸沖,https://www.data.jma.go.jp/eqev/data/daily_map/20240908.html,20240908,15.5,15.5,0.04672629135509356,0.0,0.0,0.5260119249376854,,inf,,,,,,
20240908104100,2024-09-08T10:41:00+09:00,1725759660.0,37.512,141.888,55.0,4.6,1,matched,1,2024-09-08T10:41:54.200+09:00,1725759714.2,54.200000047683716,20240908104154200,2024-09-08T10:41:54.200+09:00,1725759714.2,37.51166666666666,141.88833333333332,55.0,4.6,福島県沖,https://www.data.jma.go.jp/eqev/data/daily_map/20240908.html,20240908,54.200000047683716,54.200000047683716,0.04730992438616267,0.0,0.0,1.8161286531333565,,inf,,,,,,
20240908212300,2024-09-08T21:23:00+09:00,1725798180.0,36.995,140.643,19.0,3.7,1,matched,1,2024-09-08T21:23:04.000+09:00,1725798184.0,4.0,20240908212304000,2024-09-08T21:23:04.000+09:00,1725798184.0,36.995,140.64333333333335,19.0,3.7,福島県浜通り,https://www.data.jma.go.jp/eqev/data/daily_map/20240908.html,20240908,4.0,4.0,0.029603352128464506,0.0,0.0,0.13925400375902625,,inf,,,,,,
20240909155400,2024-09-09T15:54:00+09:00,1725864840.0,31.752,131.957,26.0,4.2,1,matched,1,2024-09-09T15:54:05.900+09:00,1725864845.9,5.900000095367432,20240909155405900,2024-09-09T15:54:05.900+09:00,1725864845.9,31.751666666666665,131.95666666666668,26.0,4.2,日向灘,https://www.data.jma.go.jp/eqev/data/daily_map/20240909.html,20240909,5.900000095367432,5.900000095367432,0.048653626016941565,0.0,0.0,0.20639739504896937,,inf,,,,,,
20240910122700,2024-09-10T12:27:00+09:00,1725938820.0,31.975,130.877,0.0,3.1,1,matched,1,2024-09-10T12:27:45.300+09:00,1725938865.3,45.299999952316284,20240910122745300,2024-09-10T12:27:45.300+09:00,1725938865.3,31.975,130.87666666666667,0.0,3.1,宮崎県南部山沿い,https://www.data.jma.go.jp/eqev/data/daily_map/20240910.html,20240910,45.299999952316284,45.299999952316284,0.03144144915330943,0.0,0.0,1.5162882882412048,,inf,,,,,,
20240912010400,2024-09-12T01:04:00+09:00,1726070640.0,42.897,145.507,39.0,4.3,1,matched,1,2024-09-12T01:04:04.600+09:00,1726070644.6,4.599999904632568,20240912010404600,2024-09-12T01:04:04.600+09:00,1726070644.6,42.89666666666667,145.50666666666666,39.0,4.3,釧路沖,https://www.data.jma.go.jp/eqev/data/daily_map/20240912.html,20240912,4.599999904632568,4.599999904632568,0.045946731280853956,0.0,0.0,0.16252267641058973,,inf,,,,,,
20240912105900,2024-09-12T10:59:00+09:00,1726106340.0,33.625,132.342,48.0,3.9,1,matched,1,2024-09-12T10:59:13.800+09:00,1726106353.8,13.799999952316284,20240912105913800,2024-09-12T10:59:13.800+09:00,1726106353.8,33.625,132.34166666666667,48.0,3.9,伊予灘,https://www.data.jma.go.jp/eqev/data/daily_map/20240912.html,20240912,13.799999952316284,13.799999952316284,0.030863252677128118,0.0,0.0,0.46617264894596844,,inf,,,,,,
20240912114300,2024-09-12T11:43:00+09:00,1726108980.0,35.46,140.403,32.0,4.0,1,matched,1,2024-09-12T11:43:13.400+09:00,1726108993.4,13.400000095367432,20240912114313400,2024-09-12T11:43:13.400+09:00,1726108993.4,35.46,140.40333333333334,32.0,4.0,千葉県北東部,https://www.data.jma.go.jp/eqev/data/daily_map/20240912.html,20240912,13.400000095367432,13.400000095367432,0.030190190833418548,0.0,0.0,0.45270470801226476,,inf,,,,,,
20240913041800,2024-09-13T04:18:00+09:00,1726168680.0,36.088,139.868,47.0,3.4,1,matched,1,2024-09-13T04:18:53.900+09:00,1726168733.9,53.90000009536743,20240913041853900,2024-09-13T04:18:53.900+09:00,1726168733.9,36.08833333333333,139.86833333333334,47.0,3.4,茨城県南部,https://www.data.jma.go.jp/eqev/data/daily_map/20240913.html,20240913,53.90000009536743,53.90000009536743,0.04765472436913343,0.0,0.0,1.8061976147194079,,inf,,,,,,
20240916012100,2024-09-16T01:21:00+09:00,1726417260.0,37.408,136.957,1.0,3.6,1,matched,1,2024-09-16T01:21:58.100+09:00,1726417318.1,58.09999990463257,20240916012158100,2024-09-16T01:21:58.100+09:00,1726417318.1,37.40833333333333,136.95666666666668,1.0,3.6,石川県能登地方,https://www.data.jma.go.jp/eqev/data/daily_map/20240916.html,20240916,58.09999990463257,58.09999990463257,0.04733528302314782,0.0,0.0,1.9461337200923818,,inf,,,,,,
20240916012300,2024-09-16T01:23:00+09:00,1726417380.0,37.46,137.137,13.0,3.4,2,matched,1,2024-09-16T01:23:21.200+09:00,1726417401.2,21.200000047683716,20240916012321200,2024-09-16T01:23:21.200+09:00,1726417401.2,37.46,137.13666666666666,13.0,3.4,石川県能登地方,https://www.data.jma.go.jp/eqev/data/daily_map/20240916.html,20240916,21.200000047683716,21.200000047683716,0.02942136744618886,0.0,0.0,0.7125509417453617,7.315441513497348,6.602890571751986,20240916012158100,2024-09-16T01:21:58.100+09:00,-61.90000009536743,16.927207551592165,12.0,0.20000000000000018
20240916015100,2024-09-16T01:51:00+09:00,1726419060.0,35.933,140.13,64.0,4.1,1,matched,1,2024-09-16T01:51:31.000+09:00,1726419091.0,31.0,20240916015131000,2024-09-16T01:51:31.000+09:00,1726419091.0,35.93333333333333,140.13,64.0,4.1,茨城県南部,https://www.data.jma.go.jp/eqev/data/daily_map/20240916.html,20240916,31.0,31.0,0.03706497554738231,0.0,0.0,1.04074632844281,,inf,,,,,,
20240916231300,2024-09-16T23:13:00+09:00,1726495980.0,31.573,131.85,22.0,5.3,1,matched,1,2024-09-16T23:13:48.300+09:00,1726496028.3,48.299999952316284,20240916231348300,2024-09-16T23:13:48.300+09:00,1726496028.3,31.573333333333334,131.85,22.0,5.3,日向灘,https://www.data.jma.go.jp/eqev/data/daily_map/20240916.html,20240916,48.299999952316284,48.299999952316284,0.037064975548089636,0.0,0.0,1.6174129935201609,,inf,,,,,,
20240919054600,2024-09-19T05:46:00+09:00,1726692360.0,43.225,146.102,76.0,4.6,1,matched,1,2024-09-19T05:45:51.200+09:00,1726692351.2,-8.799999952316284,20240919054551200,2024-09-19T05:45:51.200+09:00,1726692351.2,43.225,146.10166666666666,76.0,4.6,根室半島南東沖,https://www.data.jma.go.jp/eqev/data/daily_map/20240919.html,20240919,-8.799999952316284,8.799999952316284,0.02700813084166067,0.0,0.0,0.2987349579122083,,inf,,,,,,
20240919063300,2024-09-19T06:33:00+09:00,1726695180.0,41.663,142.717,45.0,4.4,1,matched,1,2024-09-19T06:33:31.500+09:00,1726695211.5,31.5,20240919063331500,2024-09-19T06:33:31.500+09:00,1726695211.5,41.663333333333334,142.71666666666667,45.0,4.4,浦河沖,https://www.data.jma.go.jp/eqev/data/daily_map/20240919.html,20240919,31.5,31.5,0.0462660449494379,0.0,0.0,1.0592532089898876,,inf,,,,,,
20240919181800,2024-09-19T18:18:00+09:00,1726737480.0,35.735,140.685,50.0,4.2,1,matched,1,2024-09-19T18:18:11.400+09:00,1726737491.4,11.400000095367432,20240919181811400,2024-09-19T18:18:11.400+09:00,1726737491.4,35.735,140.685,50.0,4.2,千葉県北東部,https://www.data.jma.go.jp/eqev/data/daily_map/20240919.html,20240919,11.400000095367432,11.400000095367432,0.0,0.0,0.0,0.3800000031789144,,inf,,,,,,
20240920120700,2024-09-20T12:07:00+09:00,1726801620.0,36.548,140.368,94.0,3.7,1,matched,1,2024-09-20T12:07:10.100+09:00,1726801630.1,10.099999904632568,20240920120710100,2024-09-20T12:07:10.100+09:00,1726801630.1,36.54833333333333,140.36833333333334,94.0,3.7,茨城県北部,https://www.data.jma.go.jp/eqev/data/daily_map/20240920.html,20240920,10.099999904632568,10.099999904632568,0.04754414600741501,0.0,0.0,0.34617549268923525,,inf,,,,,,
20240920212200,2024-09-20T21:22:00+09:00,1726834920.0,33.267,132.315,41.0,4.7,1,matched,1,2024-09-20T21:22:19.200+09:00,1726834939.2,19.200000047683716,20240920212219200,2024-09-20T21:22:19.200+09:00,1726834939.2,33.266666666666666,132.315,41.0,4.7,豊後水道,https://www.data.jma.go.jp/eqev/data/daily_map/20240920.html,20240920,19.200000047683716,19.200000047683716,0.03706497554879696,0.0,0.0,0.6474129966992166,,inf,,,,,,
20240921174500,2024-09-21T17:45:00+09:00,1726908300.0,41.57,142.092,54.0,3.7,1,matched,1,2024-09-21T17:45:04.300+09:00,1726908304.3,4.299999952316284,20240921174504300,2024-09-21T17:45:04.300+09:00,1726908304.3,41.57,142.09166666666667,54.0,3.7,青森県東方沖,https://www.data.jma.go.jp/eqev/data/daily_map/20240921.html,20240921,4.299999952316284,4.299999952316284,0.027729999073022888,0.0,0.0,0.1488793315584807,,inf,,,,,,
20240922095200,2024-09-22T09:52:00+09:00,1726966320.0,37.078,140.752,8.0,3.0,1,matched,1,2024-09-22T09:52:29.800+09:00,1726966349.8,29.799999952316284,20240922095229800,2024-09-22T09:52:29.800+09:00,1726966349.8,37.07833333333333,140.75166666666667,8.0,3.0,福島県浜通り,https://www.data.jma.go.jp/eqev/data/daily_map/20240922.html,20240922,29.799999952316284,29.799999952316284,0.04741574934941274,0.0,0.0,1.0028164816137588,,inf,,,,,,
20240923065300,2024-09-23T06:53:00+09:00,1727041980.0,35.067,138.15,31.0,3.9,1,matched,1,2024-09-23T06:53:31.400+09:00,1727042011.4,31.40000009536743,20240923065331400,2024-09-23T06:53:31.400+09:00,1727042011.4,35.06666666666667,138.15,31.0,3.9,静岡県中部,https://www.data.jma.go.jp/eqev/data/daily_map/20240923.html,20240923,31.40000009536743,31.40000009536743,0.037064975548089636,0.0,0.0,1.0540796649551991,,inf,,,,,,
20240923155300,2024-09-23T15:53:00+09:00,1727074380.0,43.583,146.163,79.0,4.2,1,matched,1,2024-09-23T15:53:46.200+09:00,1727074426.2,46.200000047683716,20240923155346200,2024-09-23T15:53:46.200+09:00,1727074426.2,43.583333333333336,146.16333333333333,79.0,4.2,国後島付近,https://www.data.jma.go.jp/eqev/data/daily_map/20240923.html,20240923,46.200000047683716,46.200000047683716,0.04576764100210793,0.0,0.0,1.5491535297898789,,inf,,,,,,
20240924220900,2024-09-24T22:09:00+09:00,1727183340.0,44.928,141.843,14.0,3.7,1,matched,1,2024-09-24T22:09:08.500+09:00,1727183348.5,8.5,20240924220908500,2024-09-24T22:09:08.500+09:00,1727183348.5,44.928333333333335,141.84333333333333,14.0,3.7,留萌地方中北部,https://www.data.jma.go.jp/eqev/data/daily_map/20240924.html,20240924,8.5,8.5,0.04541410578440011,0.0,0.0,0.29241615449021335,,inf,,,,,,
20240926160100,2024-09-26T16:01:00+09:00,1727334060.0,42.777,145.112,59.0,5.7,1,matched,1,2024-09-26T16:01:10.300+09:00,1727334070.3,10.299999952316284,20240926160110300,2024-09-26T16:01:10.300+09:00,1727334070.3,42.776666666666664,145.11166666666668,59.0,5.7,釧路沖,https://www.data.jma.go.jp/eqev/data/daily_map/20240926.html,20240926,10.299999952316284,10.299999952316284,0.0459779427610315,0.0,0.0,0.35252892029608246,,inf,,,,,,
20240926203500,2024-09-26T20:35:00+09:00,1727350500.0,32.685,130.708,13.0,3.8,1,matched,1,2024-09-26T20:35:35.900+09:00,1727350535.9,35.90000009536743,20240926203535900,2024-09-26T20:35:35.900+09:00,1727350535.9,32.685,130.70833333333334,13.0,3.8,熊本県熊本地方,https://www.data.jma.go.jp/eqev/data/daily_map/20240926.html,20240926,35.90000009536743,35.90000009536743,0.03119581775793109,0.0,0.0,1.2029058333971672,,inf,,,,,,
20241003050800,2024-10-03T05:08:00+09:00,1727899680.0,37.177,136.83,11.0,3.2,1,matched,1,2024-10-03T05:08:47.100+09:00,1727899727.1,47.09999990463257,20241003050847100,2024-10-03T05:08:47.100+09:00,1727899727.1,37.17666666666667,136.83,11.0,3.2,石川県能登地方,https://www.data.jma.go.jp/eqev/data/daily_map/20241003.html,20241003,47.09999990463257,47.09999990463257,0.03706497554738231,0.0,0.0,1.5774129919305622,,inf,,,,,,
20241005085800,2024-10-05T08:58:00+09:00,1728086280.0,32.708,130.632,12.0,3.7,1,matched,1,2024-10-05T08:58:40.600+09:00,1728086320.6,40.59999990463257,20241005085840600,2024-10-05T08:58:40.600+09:00,1728086320.6,32.708333333333336,130.63166666666666,12.0,3.7,熊本県熊本地方,https://www.data.jma.go.jp/eqev/data/daily_map/20241005.html,20241005,40.59999990463257,40.59999990463257,0.04844054524073658,0.0,0.0,1.3630214392025664,,inf,,,,,,
20241006104900,2024-10-06T10:49:00+09:00,1728179340.0,37.95,141.72,57.0,4.0,1,matched,1,2024-10-06T10:49:30.100+09:00,1728179370.1,30.09999990463257,20241006104930100,2024-10-06T10:49:30.100+09:00,1728179370.1,37.95,141.72,57.0,4.0,宮城県沖,https://www.data.jma.go.jp/eqev/data/daily_map/20241006.html,20241006,30.09999990463257,30.09999990463257,0.0,0.0,0.0,1.003333330154419,,inf,,,,,,
20241007022000,2024-10-07T02:20:00+09:00,1728235200.0,38.557,141.81,42.0,4.4,1,matched,1,2024-10-07T02:20:01.500+09:00,1728235201.5,1.5,20241007022001500,2024-10-07T02:20:01.500+09:00,1728235201.5,38.556666666666665,141.81,42.0,4.4,宮城県沖,https://www.data.jma.go.jp/eqev/data/daily_map/20241007.html,20241007,1.5,1.5,0.037064975548089636,0.0,0.0,0.05741299510961793,,inf,,,,,,
20241009201900,2024-10-09T20:19:00+09:00,1728472740.0,37.588,137.428,14.0,4.3,1,matched,1,2024-10-09T20:19:42.200+09:00,1728472782.2,42.200000047683716,20241009201942200,2024-10-09T20:19:42.200+09:00,1728472782.2,37.58833333333333,137.42833333333334,14.0,4.3,能登半島沖,https://www.data.jma.go.jp/eqev/data/daily_map/20241009.html,20241009,42.200000047683716,42.200000047683716,0.047291227528154026,0.0,0.0,1.4161249137617549,,inf,,,,,,
20241010054800,2024-10-10T05:48:00+09:00,1728506880.0,31.768,131.525,36.0,3.2,1,matched,1,2024-10-10T05:48:06.900+09:00,1728506886.9,6.900000095367432,20241010054806900,2024-10-10T05:48:06.900+09:00,1728506886.9,31.768333333333334,131.525,36.0,3.2,日向灘,https://www.data.jma.go.jp/eqev/data/daily_map/20241010.html,20241010,6.900000095367432,6.900000095367432,0.037064975548089636,0.0,0.0,0.23741299828853232,,inf,,,,,,
20241010113300,2024-10-10T11:33:00+09:00,1728527580.0,42.187,143.372,41.0,4.4,1,matched,1,2024-10-10T11:33:02.800+09:00,1728527582.8,2.799999952316284,20241010113302800,2024-10-10T11:33:02.800+09:00,1728527582.8,42.18666666666667,143.37166666666667,41.0,4.4,十勝沖,https://www.data.jma.go.jp/eqev/data/daily_map/20241010.html,20241010,2.799999952316284,2.799999952316284,0.04613093440055268,0.0,0.0,0.10255951862398667,,inf,,,,,,
20241012073500,2024-10-12T07:35:00+09:00,1728686100.0,37.66,140.715,88.0,3.8,1,matched,1,2024-10-12T07:35:21.000+09:00,1728686121.0,21.0,20241012073521000,2024-10-12T07:35:21.000+09:00,1728686121.0,37.66,140.715,88.0,3.8,福島県浜通り,https://www.data.jma.go.jp/eqev/data/daily_map/20241012.html,20241012,21.0,21.0,0.0,0.0,0.0,0.7,,inf,,,,,,
20241013035000,2024-10-13T03:50:00+09:00,1728759000.0,36.043,139.915,45.0,4.4,1,matched,1,2024-10-13T03:50:30.700+09:00,1728759030.7,30.700000047683716,20241013035030700,2024-10-13T03:50:30.700+09:00,1728759030.7,36.04333333333334,139.915,45.0,4.4,茨城県南部,https://www.data.jma.go.jp/eqev/data/daily_map/20241013.html,20241013,30.700000047683716,30.700000047683716,0.037064975548089636,0.0,0.0,1.0307463300324085,,inf,,,,,,
20241014194600,2024-10-14T19:46:00+09:00,1728902760.0,35.555,140.085,71.0,4.5,1,matched,1,2024-10-14T19:45:57.000+09:00,1728902757.0,-3.0,20241014194557000,2024-10-14T19:45:57.000+09:00,1728902757.0,35.555,140.085,71.0,4.5,東京湾,https://www.data.jma.go.jp/eqev/data/daily_map/20241014.html,20241014,-3.0,3.0,0.0,0.0,0.0,0.1,,inf,,,,,,
20241015151400,2024-10-15T15:14:00+09:00,1728972840.0,37.483,140.783,76.0,3.7,1,matched,1,2024-10-15T15:14:35.900+09:00,1728972875.9,35.90000009536743,20241015151435900,2024-10-15T15:14:35.900+09:00,1728972875.9,37.483333333333334,140.78333333333333,76.0,3.7,福島県浜通り,https://www.data.jma.go.jp/eqev/data/daily_map/20241015.html,20241015,35.90000009536743,35.90000009536743,0.047316940574486786,0.0,0.0,1.2061300579604783,,inf,,,,,,
20241016175300,2024-10-16T17:53:00+09:00,1729068780.0,36.09,139.865,47.0,4.3,1,matched,1,2024-10-16T17:53:20.600+09:00,1729068800.6,20.59999990463257,20241016175320600,2024-10-16T17:53:20.600+09:00,1729068800.6,36.09,139.865,47.0,4.3,茨城県南部,https://www.data.jma.go.jp/eqev/data/daily_map/20241016.html,20241016,20.59999990463257,20.59999990463257,0.0,0.0,0.0,0.6866666634877523,,inf,,,,,,
20241017164000,2024-10-17T16:40:00+09:00,1729150800.0,36.6,140.635,9.0,3.0,1,matched,1,2024-10-17T16:40:02.400+09:00,1729150802.4,2.4000000953674316,20241017164002400,2024-10-17T16:40:02.400+09:00,1729150802.4,36.6,140.635,9.0,3.0,茨城県北部,https://www.data.jma.go.jp/eqev/data/daily_map/20241017.html,20241017,2.4000000953674316,2.4000000953674316,0.0,0.0,0.0,0.08000000317891438,,inf,,,,,,
20241018074000,2024-10-18T07:40:00+09:00,1729204800.0,37.458,137.353,10.0,3.0,1,matched,1,2024-10-18T07:40:32.100+09:00,1729204832.1,32.09999990463257,20241018074032100,2024-10-18T07:40:32.100+09:00,1729204832.1,37.458333333333336,137.35333333333332,10.0,3.0,石川県能登地方,https://www.data.jma.go.jp/eqev/data/daily_map/20241018.html,20241018,32.09999990463257,32.09999990463257,0.04732305695308344,0.0,0.0,1.0794646082117023,,inf,,,,,,
20241018133800,2024-10-18T13:38:00+09:00,1729226280.0,40.132,142.412,40.0,5.4,1,matched,1,2024-10-18T13:38:04.100+09:00,1729226284.1,4.099999904632568,20241018133804100,2024-10-18T13:38:04.100+09:00,1729226284.1,40.13166666666667,142.41166666666666,40.0,5.4,岩手県沖,https://www.data.jma.go.jp/eqev/data/daily_map/20241018.html,20241018,4.099999904632568,4.099999904632568,0.046657093357011487,0.0,0.0,0.14599808215915458,,inf,,,,,,
20241019234100,2024-10-19T23:41:00+09:00,1729348860.0,33.547,131.767,79.0,3.7,1,matched,1,2024-10-19T23:41:12.000+09:00,1729348872.0,12.0,20241019234112000,2024-10-19T23:41:12.000+09:00,1729348872.0,33.54666666666667,131.76666666666668,79.0,3.7,伊予灘,https://www.data.jma.go.jp/eqev/data/daily_map/20241019.html,20241019,12.0,12.0,0.04825018360313027,0.0,0.0,0.40965003672062605,,inf,,,,,,
20241020083700,2024-10-20T08:37:00+09:00,1729381020.0,42.887,146.585,18.0,4.5,1,matched,1,2024-10-20T08:37:32.700+09:00,1729381052.7,32.700000047683716,20241020083732700,2024-10-20T08:37:32.700+09:00,1729381052.7,42.88666666666667,146.585,18.0,4.5,根室半島南東沖,https://www.data.jma.go.jp/eqev/data/daily_map/20241020.html,20241020,32.700000047683716,32.700000047683716,0.03706497554738231,0.0,0.0,1.0974129966989337,,inf,,,,,,
20241021151900,2024-10-21T15:19:00+09:00,1729491540.0,35.275,136.713,17.0,3.8,1,matched,1,2024-10-21T15:19:11.200+09:00,1729491551.2,11.200000047683716,20241021151911200,2024-10-21T15:19:11.200+09:00,1729491551.2,35.275,136.71333333333334,17.0,3.8,岐阜県美濃中西部,https://www.data.jma.go.jp/eqev/data/daily_map/20241021.html,20241021,11.200000047683716,11.200000047683716,0.03025946242853766,0.0,0.0,0.37938522740849806,,inf,,,,,,
20241022024000,2024-10-22T02:40:00+09:00,1729532400.0,35.683,134.898,11.0,3.4,1,matched,1,2024-10-22T02:40:27.100+09:00,1729532427.1,27.09999990463257,20241022024027100,2024-10-22T02:40:27.100+09:00,1729532427.1,35.68333333333333,134.89833333333334,11.0,3.4,京都府沖,https://www.data.jma.go.jp/eqev/data/daily_map/20241022.html,20241022,27.09999990463257,27.09999990463257,0.047751400502964,0.0,0.0,0.9128836102550117,,inf,,,,,,
20241023070800,2024-10-23T07:08:00+09:00,1729634880.0,34.193,135.213,5.0,4.0,1,matched,1,2024-10-23T07:08:36.000+09:00,1729634916.0,36.0,20241023070836000,2024-10-23T07:08:36.000+09:00,1729634916.0,34.193333333333335,135.21333333333334,5.0,4.0,和歌山県北部,https://www.data.jma.go.jp/eqev/data/daily_map/20241023.html,20241023,36.0,36.0,0.04810133046071049,0.0,0.0,1.209620266092142,,inf,,,,,,
20241023092500,2024-10-23T09:25:00+09:00,1729643100.0,34.19,135.21,5.0,3.2,1,matched,1,2024-10-23T09:25:59.800+09:00,1729643159.8,59.799999952316284,20241023092559800,2024-10-23T09:25:59.800+09:00,1729643159.8,34.19,135.21,5.0,3.2,和歌山県北部,https://www.data.jma.go.jp/eqev/data/daily_map/20241023.html,20241023,59.799999952316284,59.799999952316284,0.0,0.0,0.0,1.9933333317438762,,inf,,,,,,
20241023171100,2024-10-23T17:11:00+09:00,1729671060.0,41.503,142.05,56.0,3.9,1,matched,1,2024-10-23T17:11:18.000+09:00,1729671078.0,18.0,20241023171118000,2024-10-23T17:11:18.000+09:00,1729671078.0,41.50333333333333,142.05,56.0,3.9,青森県東方沖,https://www.data.jma.go.jp/eqev/data/daily_map/20241023.html,20241023,18.0,18.0,0.037064975548089636,0.0,0.0,0.6074129951096179,,inf,,,,,,
20241023234100,2024-10-23T23:41:00+09:00,1729694460.0,33.698,132.837,39.0,3.5,1,matched,1,2024-10-23T23:41:45.700+09:00,1729694505.7,45.700000047683716,20241023234145700,2024-10-23T23:41:45.700+09:00,1729694505.7,33.69833333333333,132.83666666666667,39.0,3.5,愛媛県中予,https://www.data.jma.go.jp/eqev/data/daily_map/20241023.html,20241023,45.700000047683716,45.700000047683716,0.04821549588407208,0.0,0.0,1.5329764340996048,,inf,,,,,,
20241024032600,2024-10-24T03:26:00+09:00,1729707960.0,31.728,131.047,6.0,3.1,1,matched,1,2024-10-24T03:26:34.500+09:00,1729707994.5,34.5,20241024032634500,2024-10-24T03:26:34.500+09:00,1729707994.5,31.72833333333333,131.04666666666665,6.0,3.1,宮崎県南部山沿い,https://www.data.jma.go.jp/eqev/data/daily_map/20241024.html,20241024,34.5,34.5,0.0486588438363205,0.0,0.0,1.159731768767264,,inf,,,,,,
20241025153100,2024-10-25T15:31:00+09:00,1729837860.0,43.262,146.625,66.0,4.5,1,matched,1,2024-10-25T15:31:49.200+09:00,1729837909.2,49.200000047683716,20241025153149200,2024-10-25T15:31:49.200+09:00,1729837909.2,43.26166666666666,146.625,66.0,4.5,根室半島南東沖,https://www.data.jma.go.jp/eqev/data/daily_map/20241025.html,20241025,49.200000047683716,49.200000047683716,0.03706497554879696,0.0,0.0,1.6474129966992166,,inf,,,,,,
20241025201700,2024-10-25T20:17:00+09:00,1729855020.0,37.068,142.042,24.0,4.6,1,matched,1,2024-10-25T20:17:04.700+09:00,1729855024.7,4.700000047683716,20241025201704700,2024-10-25T20:17:04.700+09:00,1729855024.7,37.068333333333335,142.04166666666666,24.0,4.6,福島県沖,https://www.data.jma.go.jp/eqev/data/daily_map/20241025.html,20241025,4.700000047683716,4.700000047683716,0.0474181815495392,0.0,0.0,0.1661503045660317,,inf,,,,,,
20241025234100,2024-10-25T23:41:00+09:00,1729867260.0,34.435,133.782,16.0,3.2,1,matched,1,2024-10-25T23:41:00.900+09:00,1729867260.9,0.9000000953674316,20241025234100900,2024-10-25T23:41:00.900+09:00,1729867260.9,34.435,133.78166666666667,16.0,3.2,瀬戸内海中部,https://www.data.jma.go.jp/eqev/data/daily_map/20241025.html,20241025,0.9000000953674316,0.9000000953674316,0.030570014117655024,0.0,0.0,0.036114006002445395,,inf,,,,,,
20241026062000,2024-10-26T06:20:00+09:00,1729891200.0,35.835,139.353,56.0,3.9,1,matched,1,2024-10-26T06:20:22.400+09:00,1729891222.4,22.40000009536743,20241026062022400,2024-10-26T06:20:22.400+09:00,1729891222.4,35.835,139.35333333333332,56.0,3.9,埼玉県南部,https://www.data.jma.go.jp/eqev/data/daily_map/20241026.html,20241026,22.40000009536743,22.40000009536743,0.030048810570334854,0.0,0.0,0.7526764319596481,,inf,,,,,,
20241027123200,2024-10-27T12:32:00+09:00,1729999920.0,36.442,140.687,52.0,3.8,1,matched,1,2024-10-27T12:32:13.900+09:00,1729999933.9,13.900000095367432,20241027123213900,2024-10-27T12:32:13.900+09:00,1729999933.9,36.44166666666667,140.68666666666667,52.0,3.8,茨城県沖,https://www.data.jma.go.jp/eqev/data/daily_map/20241027.html,20241027,13.900000095367432,13.900000095367432,0.04756977921784946,0.0,0.0,0.4728472923558176,,inf,,,,,,
20241030151400,2024-10-30T15:14:00+09:00,1730268840.0,36.045,139.912,45.0,4.0,1,matched,1,2024-10-30T15:14:23.800+09:00,1730268863.8,23.799999952316284,20241030151423800,2024-10-30T15:14:23.800+09:00,1730268863.8,36.045,139.91166666666666,45.0,4.0,茨城県南部,https://www.data.jma.go.jp/eqev/data/daily_map/20241030.html,20241030,23.799999952316284,23.799999952316284,0.02996907499129018,0.0,0.0,0.7993271467421341,,inf,,,,,,
20241101231600,2024-11-01T23:16:00+09:00,1730470560.0,35.902,140.852,40.0,4.6,1,matched,1,2024-11-01T23:16:50.900+09:00,1730470610.9,50.90000009536743,20241101231650900,2024-11-01T23:16:50.900+09:00,1730470610.9,35.901666666666664,140.85166666666666,40.0,4.6,茨城県沖,https://www.data.jma.go.jp/eqev/data/daily_map/20241101.html,20241101,50.90000009536743,50.90000009536743,0.047699283563911135,0.0,0.0,1.7062065265583632,,inf,,,,,,
20241102165300,2024-11-02T16:53:00+09:00,1730533980.0,31.377,129.625,11.0,4.2,1,matched,1,2024-11-02T16:53:34.900+09:00,1730534014.9,34.90000009536743,20241102165334900,2024-11-02T16:53:34.900+09:00,1730534014.9,31.376666666666665,129.625,11.0,4.2,薩摩半島西方沖,https://www.data.jma.go.jp/eqev/data/daily_map/20241102.html,20241102,34.90000009536743,34.90000009536743,0.03706497554879696,0.0,0.0,1.1707463316220073,,inf,,,,,,
20241103054800,2024-11-03T05:48:00+09:00,1730580480.0,35.678,136.632,14.0,3.0,1,matched,1,2024-11-03T05:48:38.700+09:00,1730580518.7,38.700000047683716,20241103054838700,2024-11-03T05:48:38.700+09:00,1730580518.7,35.678333333333335,136.63166666666666,14.0,3.0,岐阜県美濃中西部,https://www.data.jma.go.jp/eqev/data/daily_map/20241103.html,20241103,38.700000047683716,38.700000047683716,0.04775258998394527,0.0,0.0,1.2995505195862462,,inf,,,,,,
20241104083100,2024-11-04T08:31:00+09:00,1730676660.0,35.898,140.853,41.0,4.0,1,matched,1,2024-11-04T08:31:29.200+09:00,1730676689.2,29.200000047683716,20241104083129200,2024-11-04T08:31:29.200+09:00,1730676689.2,35.89833333333333,140.85333333333332,41.0,4.0,茨城県沖,https://www.data.jma.go.jp/eqev/data/daily_map/20241104.html,20241104,29.200000047683716,29.200000047683716,0.04770015902983852,0.0,0.0,0.9828733667287582,,inf,,,,,,
20241104192100,2024-11-04T19:21:00+09:00,1730715660.0,36.157,136.773,2.0,4.2,1,matched,1,2024-11-04T19:21:23.400+09:00,1730715683.4,23.40000009536743,20241104192123400,2024-11-04T19:21:23.400+09:00,1730715683.4,36.156666666666666,136.77333333333334,2.0,4.2,石川県加賀地方,https://www.data.jma.go.jp/eqev/data/daily_map/20241104.html,20241104,23.40000009536743,23.40000009536743,0.04763826947730849,0.0,0.0,0.7895276570743761,,inf,,,,,,
20241105001000,2024-11-05T00:10:00+09:00,1730733000.0,35.56,140.088,71.0,4.1,1,matched,1,2024-11-05T00:10:54.900+09:00,1730733054.9,54.90000009536743,20241105001054900,2024-11-05T00:10:54.900+09:00,1730733054.9,35.56,140.08833333333334,71.0,4.1,東京湾,https://www.data.jma.go.jp/eqev/data/daily_map/20241105.html,20241105,54.90000009536743,54.90000009536743,0.030152615632350437,0.0,0.0,1.8360305263053844,,inf,,,,,,
20241106064200,2024-11-06T06:42:00+09:00,1730842920.0,36.472,136.577,14.0,3.7,1,matched,1,2024-11-06T06:42:24.100+09:00,1730842944.1,24.09999990463257,20241106064224100,2024-11-06T06:42:24.100+09:00,1730842944.1,36.471666666666664,136.57666666666665,14.0,3.7,石川県加賀地方,https://www.data.jma.go.jp/eqev/data/daily_map/20241106.html,20241106,24.09999990463257,24.09999990463257,0.04756255162728498,0.0,0.0,0.812845840479876,,inf,,,,,,
20241106215900,2024-11-06T21:59:00+09:00,1730897940.0,40.047,141.98,48.0,3.8,1,matched,1,2024-11-06T21:59:48.300+09:00,1730897988.3,48.299999952316284,20241106215948300,2024-11-06T21:59:48.300+09:00,1730897988.3,40.04666666666667,141.98,48.0,3.8,岩手県沖,https://www.data.jma.go.jp/eqev/data/daily_map/20241106.html,20241106,48.299999952316284,48.299999952316284,0.037064975548089636,0.0,0.0,1.6174129935201609,,inf,,,,,,
20241107112400,2024-11-07T11:24:00+09:00,1730946240.0,38.807,142.012,40.0,3.5,1,matched,1,2024-11-07T11:24:07.900+09:00,1730946247.9,7.900000095367432,20241107112407900,2024-11-07T11:24:07.900+09:00,1730946247.9,38.806666666666665,142.01166666666666,40.0,3.5,宮城県沖,https://www.data.jma.go.jp/eqev/data/daily_map/20241107.html,20241107,7.900000095367432,7.900000095367432,0.0469900161614468,0.0,0.0,0.27273133974453706,,inf,,,,,,
20241110005200,2024-11-10T00:52:00+09:00,1731167520.0,31.152,131.347,31.0,4.0,1,matched,1,2024-11-10T00:52:15.300+09:00,1731167535.3,15.299999952316284,20241110005215300,2024-11-10T00:52:15.300+09:00,1731167535.3,31.151666666666667,131.34666666666666,31.0,4.0,大隅半島東方沖,https://www.data.jma.go.jp/eqev/data/daily_map/20241110.html,20241110,15.299999952316284,15.299999952316284,0.048785065166173605,0.0,0.0,0.5197570114437775,,inf,,,,,,
20241110180300,2024-11-10T18:03:00+09:00,1731229380.0,38.328,141.88,46.0,4.0,1,matched,1,2024-11-10T18:03:31.700+09:00,1731229411.7,31.700000047683716,20241110180331700,2024-11-10T18:03:31.700+09:00,1731229411.7,38.32833333333333,141.88,46.0,4.0,宮城県沖,https://www.data.jma.go.jp/eqev/data/daily_map/20241110.html,20241110,31.700000047683716,31.700000047683716,0.03706497554738231,0.0,0.0,1.0640796633656004,,inf,,,,,,
20241111222500,2024-11-11T22:25:00+09:00,1731331500.0,38.39,141.855,56.0,3.6,1,matched,1,2024-11-11T22:25:42.500+09:00,1731331542.5,42.5,20241111222542500,2024-11-11T22:25:42.500+09:00,1731331542.5,38.39,141.855,56.0,3.6,宮城県沖,https://www.data.jma.go.jp/eqev/data/daily_map/20241111.html,20241111,42.5,42.5,0.0,0.0,0.0,1.4166666666666667,,inf,,,,,,
20241113184000,2024-11-13T18:40:00+09:00,1731490800.0,36.882,140.553,7.0,3.9,1,matched,1,2024-11-13T18:40:47.500+09:00,1731490847.5,47.5,20241113184047500,2024-11-13T18:40:47.500+09:00,1731490847.5,36.88166666666667,140.55333333333334,7.0,3.9,福島県中通り,https://www.data.jma.go.jp/eqev/data/daily_map/20241113.html,20241113,47.5,47.5,0.047463434332392494,0.0,0.0,1.5928260201998117,,inf,,,,,,
20241114090200,2024-11-14T09:02:00+09:00,1731542520.0,39.865,141.73,70.0,4.1,1,matched,1,2024-11-14T09:02:12.400+09:00,1731542532.4,12.400000095367432,20241114090212400,2024-11-14T09:02:12.400+09:00,1731542532.4,39.865,141.73,70.0,4.1,岩手県沿岸北部,https://www.data.jma.go.jp/eqev/data/daily_map/20241114.html,20241114,12.400000095367432,12.400000095367432,0.0,0.0,0.0,0.41333333651224774,,inf,,,,,,
20241114201500,2024-11-14T20:15:00+09:00,1731582900.0,38.847,142.275,59.0,4.2,1,matched,1,2024-11-14T20:15:14.500+09:00,1731582914.5,14.5,20241114201514500,2024-11-14T20:15:14.500+09:00,1731582914.5,38.846666666666664,142.275,59.0,4.2,宮城県沖,https://www.data.jma.go.jp/eqev/data/daily_map/20241114.html,20241114,14.5,14.5,0.03706497554879696,0.0,0.0,0.49074632844309274,,inf,,,,,,
20241116004000,2024-11-16T00:40:00+09:00,1731685200.0,36.02,141.202,13.0,4.5,1,matched,1,2024-11-16T00:40:59.600+09:00,1731685259.6,59.59999990463257,20241116004059600,2024-11-16T00:40:59.600+09:00,1731685259.6,36.02,141.20166666666665,13.0,4.5,茨城県沖,https://www.data.jma.go.jp/eqev/data/daily_map/20241116.html,20241116,59.59999990463257,59.59999990463257,0.029978588454428634,0.0,0.0,1.9926623811786381,,inf,,,,,,
20241116025800,2024-11-16T02:58:00+09:00,1731693480.0,35.833,140.898,33.0,4.9,1,matched,1,2024-11-16T02:58:48.900+09:00,1731693528.9,48.90000009536743,20241116025848900,2024-11-16T02:58:48.900+09:00,1731693528.9,35.833333333333336,140.89833333333334,33.0,4.9,千葉県東方沖,https://www.data.jma.go.jp/eqev/data/daily_map/20241116.html,20241116,48.90000009536743,48.90000009536743,0.04771566993373322,0.0,0.0,1.639543137165661,,inf,,,,,,
20241116082900,2024-11-16T08:29:00+09:00,1731713340.0,34.882,135.655,11.0,3.4,1,matched,1,2024-11-16T08:29:56.100+09:00,1731713396.1,56.09999990463257,20241116082956100,2024-11-16T08:29:56.100+09:00,1731713396.1,34.88166666666667,135.655,11.0,3.4,大阪府北部,https://www.data.jma.go.jp/eqev/data/daily_map/20241116.html,20241116,56.09999990463257,56.09999990463257,0.037064975548089636,0.0,0.0,1.8774129919307037,,inf,,,,,,
20241116212200,2024-11-16T21:22:00+09:00,1731759720.0,41.033,141.078,8.0,4.6,1,matched,1,2024-11-16T21:22:18.000+09:00,1731759738.0,18.0,20241116212218000,2024-11-16T21:22:18.000+09:00,1731759738.0,41.03333333333333,141.07833333333335,8.0,4.6,陸奥湾,https://www.data.jma.go.jp/eqev/data/daily_map/20241116.html,20241116,18.0,18.0,0.046427684687348286,0.0,0.0,0.6092855369374697,,inf,,,,,,
20241116235300,2024-11-16T23:53:00+09:00,1731768780.0,41.035,141.072,8.0,3.4,1,matched,1,2024-11-16T23:53:03.200+09:00,1731768783.2,3.200000047683716,20241116235303200,2024-11-16T23:53:03.200+09:00,1731768783.2,41.035,141.07166666666666,8.0,3.4,陸奥湾,https://www.data.jma.go.jp/eqev/data/daily_map/20241116.html,20241116,3.200000047683716,3.200000047683716,0.027958432624560724,0.0,0.0,0.112258354781036,,inf,,,,,,
20241118094300,2024-11-18T09:43:00+09:00,1731890580.0,35.097,135.597,12.0,3.4,1,matched,1,2024-11-18T09:43:50.000+09:00,1731890630.0,50.0,20241118094350000,2024-11-18T09:43:50.000+09:00,1731890630.0,35.096666666666664,135.59666666666666,12.0,3.4,京都府南部,https://www.data.jma.go.jp/eqev/data/daily_map/20241118.html,20241118,50.0,50.0,0.04789019980068783,0.0,0.0,1.6762447066268042,,inf,,,,,,
20241118201700,2024-11-18T20:17:00+09:00,1731928620.0,40.983,141.987,58.0,3.5,1,matched,1,2024-11-18T20:17:00.700+09:00,1731928620.7,0.7000000476837158,20241118201700700,2024-11-18T20:17:00.700+09:00,1731928620.7,40.983333333333334,141.98666666666668,58.0,3.5,青森県東方沖,https://www.data.jma.go.jp/eqev/data/daily_map/20241118.html,20241118,0.7000000476837158,0.7000000476837158,0.04644046902032767,0.0,0.0,0.03262142872685606,,inf,,,,,,
20241120154000,2024-11-20T15:40:00+09:00,1732084800.0,41.035,141.06,10.0,5.1,1,matched,1,2024-11-20T15:40:16.100+09:00,1732084816.1,16.09999990463257,20241120154016100,2024-11-20T15:40:16.100+09:00,1732084816.1,41.035,141.06,10.0,5.1,陸奥湾,https://www.data.jma.go.jp/eqev/data/daily_map/20241120.html,20241120,16.09999990463257,16.09999990463257,0.0,0.0,0.0,0.5366666634877523,,inf,,,,,,
20241120170900,2024-11-20T17:09:00+09:00,1732090140.0,37.982,141.805,60.0,4.8,1,matched,1,2024-11-20T17:09:50.200+09:00,1732090190.2,50.200000047683716,20241120170950200,2024-11-20T17:09:50.200+09:00,1732090190.2,37.98166666666667,141.805,60.0,4.8,宮城県沖,https://www.data.jma.go.jp/eqev/data/daily_map/20241120.html,20241120,50.200000047683716,50.200000047683716,0.03706497554738231,0.0,0.0,1.6807463300322671,,inf,,,,,,
20241120205100,2024-11-20T20:51:00+09:00,1732103460.0,41.04,141.063,10.0,3.3,1,matched,1,2024-11-20T20:51:59.500+09:00,1732103519.5,59.5,20241120205159500,2024-11-20T20:51:59.500+09:00,1732103519.5,41.04,141.06333333333333,10.0,3.3,陸奥湾,https://www.data.jma.go.jp/eqev/data/daily_map/20241120.html,20241120,59.5,59.5,0.027956308985146533,0.0,0.0,1.9889245951303627,,inf,,,,,,
20241121233000,2024-11-21T23:30:00+09:00,1732199400.0,41.03,141.07,9.0,4.1,1,matched,1,2024-11-21T23:30:18.500+09:00,1732199418.5,18.5,20241121233018500,2024-11-21T23:30:18.500+09:00,1732199418.5,41.03,141.07,9.0,4.1,陸奥湾,https://www.data.jma.go.jp/eqev/data/daily_map/20241121.html,20241121,18.5,18.5,0.0,0.0,0.0,0.6166666666666667,,inf,,,,,,
20241122022800,2024-11-22T02:28:00+09:00,1732210080.0,31.813,131.592,35.0,4.4,1,matched,1,2024-11-22T02:28:21.500+09:00,1732210101.5,21.5,20241122022821500,2024-11-22T02:28:21.500+09:00,1732210101.5,31.813333333333333,131.59166666666667,35.0,4.4,日向灘,https://www.data.jma.go.jp/eqev/data/daily_map/20241122.html,20241122,21.5,21.5,0.04864009118168502,0.0,0.0,0.7263946849030036,,inf,,,,,,
20241123083300,2024-11-23T08:33:00+09:00,1732318380.0,37.367,136.888,6.0,3.2,1,matched,1,2024-11-23T08:33:51.100+09:00,1732318431.1,51.09999990463257,20241123083351100,2024-11-23T08:33:51.100+09:00,1732318431.1,37.36666666666667,136.88833333333332,6.0,3.2,石川県能登地方,https://www.data.jma.go.jp/eqev/data/daily_map/20241123.html,20241123,51.09999990463257,51.09999990463257,0.047345383156278315,0.0,0.0,1.7128024067856746,,inf,,,,,,
20241123220100,2024-11-23T22:01:00+09:00,1732366860.0,35.197,136.983,40.0,3.6,1,matched,1,2024-11-23T22:01:29.200+09:00,1732366889.2,29.200000047683716,20241123220129200,2024-11-23T22:01:29.200+09:00,1732366889.2,35.196666666666665,136.98333333333332,40.0,3.6,愛知県西部,https://www.data.jma.go.jp/eqev/data/daily_map/20241123.html,20241123,29.200000047683716,29.200000047683716,0.04786662628196089,0.0,0.0,0.9829066601791827,,inf,,,,,,
20241124082200,2024-11-24T08:22:00+09:00,1732404120.0,40.127,142.468,39.0,5.0,1,matched,1,2024-11-24T08:22:29.200+09:00,1732404149.2,29.200000047683716,20241124082229200,2024-11-24T08:22:29.200+09:00,1732404149.2,40.126666666666665,142.46833333333333,39.0,5.0,岩手県沖,https://www.data.jma.go.jp/eqev/data/daily_map/20241124.html,20241124,29.200000047683716,29.200000047683716,0.04665835959123313,0.0,0.0,0.9826650068410371,,inf,,,,,,
20241126084500,2024-11-26T08:45:00+09:00,1732578300.0,36.327,138.013,5.0,3.2,1,matched,1,2024-11-26T08:45:55.200+09:00,1732578355.2,55.200000047683716,20241126084555200,2024-11-26T08:45:55.200+09:00,1732578355.2,36.32666666666667,138.01333333333332,5.0,3.2,長野県中部,https://www.data.jma.go.jp/eqev/data/daily_map/20241126.html,20241126,55.200000047683716,55.200000047683716,0.04759745317404413,0.0,0.0,1.849519492224266,,inf,,,,,,
20241126133100,2024-11-26T13:31:00+09:00,1732595460.0,38.727,142.252,43.0,5.4,1,matched,1,2024-11-26T13:31:20.200+09:00,1732595480.2,20.200000047683716,20241126133120200,2024-11-26T13:31:20.200+09:00,1732595480.2,38.72666666666667,142.25166666666667,43.0,5.4,宮城県沖,https://www.data.jma.go.jp/eqev/data/daily_map/20241126.html,20241126,20.200000047683716,20.200000047683716,0.04700994146825892,0.0,0.0,0.6827353232164424,,inf,,,,,,
20241126202600,2024-11-26T20:26:00+09:00,1732620360.0,35.793,136.845,10.0,3.3,1,matched,1,2024-11-26T20:26:16.300+09:00,1732620376.3,16.299999952316284,20241126202616300,2024-11-26T20:26:16.300+09:00,1732620376.3,35.79333333333334,136.845,10.0,3.3,岐阜県美濃中西部,https://www.data.jma.go.jp/eqev/data/daily_map/20241126.html,20241126,16.299999952316284,16.299999952316284,0.03706497554879696,0.0,0.0,0.5507463268536354,,inf,,,,,,
20241126224700,2024-11-26T22:47:00+09:00,1732628820.0,37.008,136.397,7.0,6.6,1,matched,1,2024-11-26T22:47:02.800+09:00,1732628822.8,2.799999952316284,20241126224702800,2024-11-26T22:47:02.800+09:00,1732628822.8,37.00833333333333,136.39666666666668,7.0,6.6,石川県西方沖,https://www.data.jma.go.jp/eqev/data/daily_map/20241126.html,20241126,2.799999952316284,2.799999952316284,0.04743276704911546,0.0,0.0,0.10281988515369922,,inf,,,,,,
20241126225100,2024-11-26T22:51:00+09:00,1732629060.0,37.008,136.44,9.0,4.5,2,matched,1,2024-11-26T22:51:24.900+09:00,1732629084.9,24.90000009536743,20241126225124900,2024-11-26T22:51:24.900+09:00,1732629084.9,37.00833333333333,136.44,9.0,4.5,石川県西方沖,https://www.data.jma.go.jp/eqev/data/daily_map/20241126.html,20241126,24.90000009536743,24.90000009536743,0.03706497554738231,0.0,0.0,0.8374129982883909,4.959093244833184,4.121680246544793,20241126225018400,2024-11-26T22:50:18.400+09:00,-41.59999990463257,3.5287995733938264,2.0,0.7999999999999998
20241126225700,2024-11-26T22:57:00+09:00,1732629420.0,36.952,136.413,10.0,3.5,5,ambiguous,0,2024-11-26T22:57:00.700+09:00,1732629420.7,0.7000000476837158,20241126225700700,2024-11-26T22:57:00.700+09:00,1732629420.7,36.995,136.40833333333333,9.0,3.7,石川県西方沖,https://www.data.jma.go.jp/eqev/data/daily_map/20241126.html,20241126,0.7000000476837158,0.7000000476837158,4.799320337529554,1.0,0.20000000000000018,1.7498640690953686,1.769489288246539,0.019625219151170326,20241126225752800,2024-11-26T22:57:52.800+09:00,52.799999952316284,0.04744644917998084,0.0,0.0
20241126225800,2024-11-26T22:58:00+09:00,1732629480.0,36.93,136.393,5.0,3.7,6,ambiguous,0,2024-11-26T22:58:50.800+09:00,1732629530.8,50.799999952316284,20241126225850800,2024-11-26T22:58:50.800+09:00,1732629530.8,36.93,136.39333333333335,5.0,3.7,石川県西方沖,https://www.data.jma.go.jp/eqev/data/daily_map/20241126.html,20241126,50.799999952316284,50.799999952316284,0.029628635790751957,0.0,0.0,1.6992590589020264,2.008993197983758,0.30973413908173164,20241126225752800,2024-11-26T22:57:52.800+09:00,-7.200000047683716,3.0116326486381686,5.0,0.20000000000000018
20241126230800,2024-11-26T23:08:00+09:00,1732630080.0,36.94,136.405,12.0,3.3,5,matched,1,2024-11-26T23:08:19.200+09:00,1732630099.2,19.200000047683716,20241126230819200,2024-11-26T23:08:19.200+09:00,1732630099.2,36.94,136.405,12.0,3.3,石川県西方沖,https://www.data.jma.go.jp/eqev/data/daily_map/20241126.html,20241126,19.200000047683716,19.200000047683716,0.0,0.0,0.0,0.6400000015894572,1.2262474875682166,0.5862474859787593,20241126230735100,2024-11-26T23:07:35.100+09:00,-24.90000009536743,1.4812374219465099,1.0,0.0
20241126231300,2024-11-26T23:13:00+09:00,1732630380.0,36.95,136.388,12.0,4.2,2,matched,1,2024-11-26T23:13:50.400+09:00,1732630430.4,50.40000009536743,20241126231350400,2024-11-26T23:13:50.400+09:00,1732630430.4,36.95,136.38833333333332,12.0,4.2,石川県西方沖,https://www.data.jma.go.jp/eqev/data/daily_map/20241126.html,20241126,50.40000009536743,50.40000009536743,0.02962086025775284,0.0,0.0,1.685924175230465,5.875360780696761,4.189436605466296,20241126231313100,2024-11-26T23:13:13.100+09:00,13.099999904632568,11.693470586045038,1.0,0.9000000000000004
20241126231400,2024-11-26T23:14:00+09:00,1732630440.0,37.007,136.428,6.0,4.1,3,matched,1,2024-11-26T23:14:46.900+09:00,1732630486.9,46.90000009536743,20241126231446900,2024-11-26T23:14:46.900+09:00,1732630486.9,37.00666666666667,136.42833333333334,6.0,4.1,石川県西方沖,https://www.data.jma.go.jp/eqev/data/daily_map/20241126.html,20241126,46.90000009536743,46.90000009536743,0.04743309102419407,0.0,0.0,1.5728199547170865,2.7036731893800185,1.130853234662932,20241126231350400,2024-11-26T23:13:50.400+09:00,-9.599999904632568,7.251699296127988,6.0,0.10000000000000053
20241126231700,2024-11-26T23:17:00+09:00,1732630620.0,36.933,136.4,10.0,3.9,4,matched,1,2024-11-26T23:17:19.500+09:00,1732630639.5,19.5,20241126231719500,2024-11-26T23:17:19.500+09:00,1732630639.5,36.93333333333333,136.4,10.0,3.9,石川県西方沖,https://www.data.jma.go.jp/eqev/data/daily_map/20241126.html,20241126,19.5,19.5,0.037064975548089636,0.0,0.0,0.6574129951096179,4.345671972759223,3.688258977649605,20241126231739300,2024-11-26T23:17:39.300+09:00,39.299999952316284,6.345026538410066,1.0,0.5
20241126233200,2024-11-26T23:32:00+09:00,1732631520.0,37.01,136.413,8.0,4.0,2,matched,1,2024-11-26T23:32:58.200+09:00,1732631578.2,58.200000047683716,20241126233258200,2024-11-26T23:32:58.200+09:00,1732631578.2,37.01,136.41333333333333,8.0,4.0,石川県西方沖,https://www.data.jma.go.jp/eqev/data/daily_map/20241126.html,20241126,58.200000047683716,58.200000047683716,0.029597512023104764,0.0,0.0,1.9459195039940782,4.7472123902316055,2.801292886237527,20241126233056200,2024-11-26T23:30:56.200+09:00,-63.799999952316284,0.9360619591053089,1.0,0.7000000000000002
20241126235200,2024-11-26T23:52:00+09:00,1732632720.0,37.012,136.413,11.0,4.9,1,matched,1,2024-11-26T23:52:51.800+09:00,1732632771.8,51.799999952316284,20241126235251800,2024-11-26T23:52:51.800+09:00,1732632771.8,37.01166666666666,136.41333333333333,11.0,4.9,石川県西方沖,https://www.data.jma.go.jp/eqev/data/daily_map/20241126.html,20241126,51.799999952316284,51.799999952316284,0.0474318760942406,0.0,0.0,1.7361530402960577,,inf,,,,,,
20241126235400,2024-11-26T23:54:00+09:00,1732632840.0,36.948,136.395,7.0,4.3,2,matched,1,2024-11-26T23:54:01.800+09:00,1732632841.8,1.7999999523162842,20241126235401800,2024-11-26T23:54:01.800+09:00,1732632841.8,36.94833333333333,136.395,7.0,4.3,石川県西方沖,https://www.data.jma.go.jp/eqev/data/daily_map/20241126.html,20241126,1.7999999523162842,1.7999999523162842,0.03706497554738231,0.0,0.0,0.06741299352001927,6.1261938447567355,6.058780851236716,20241126235251800,2024-11-26T23:52:51.800+09:00,-68.20000004768372,7.264302549169715,4.0,0.6000000000000005
20241126235600,2024-11-26T23:56:00+09:00,1732632960.0,37.038,136.425,8.0,4.0,1,matched,1,2024-11-26T23:56:26.300+09:00,1732632986.3,26.299999952316284,20241126235626300,2024-11-26T23:56:26.300+09:00,1732632986.3,37.038333333333334,136.425,8.0,4.0,石川県西方沖,https://www.data.jma.go.jp/eqev/data/daily_map/20241126.html,20241126,26.299999952316284,26.299999952316284,0.03706497554879696,0.0,0.0,0.8840796601869688,,inf,,,,,,
20241127001700,2024-11-27T00:17:00+09:00,1732634220.0,36.962,136.393,12.0,3.6,1,matched,1,2024-11-27T00:17:51.700+09:00,1732634271.7,51.700000047683716,20241127001751700,2024-11-27T00:17:51.700+09:00,1732634271.7,36.961666666666666,136.39333333333335,12.0,3.6,石川県西方沖,https://www.data.jma.go.jp/eqev/data/daily_map/20241127.html,20241127,51.700000047683716,51.700000047683716,0.04744402125474752,0.0,0.0,1.7328221391737402,,inf,,,,,,
20241127003000,2024-11-27T00:30:00+09:00,1732635000.0,36.987,136.437,11.0,3.7,1,matched,1,2024-11-27T00:30:28.400+09:00,1732635028.4,28.40000009536743,20241127003028400,2024-11-27T00:30:28.400+09:00,1732635028.4,36.986666666666665,136.43666666666667,11.0,3.7,石川県西方沖,https://www.data.jma.go.jp/eqev/data/daily_map/20241127.html,20241127,28.40000009536743,28.40000009536743,0.04743794982497411,0.0,0.0,0.9561542598105758,,inf,,,,,,
20241127004500,2024-11-27T00:45:00+09:00,1732635900.0,36.94,136.41,12.0,3.3,3,ambiguous,0,2024-11-27T00:44:34.200+09:00,1732635874.2,-25.799999952316284,20241127004434200,2024-11-27T00:44:34.200+09:00,1732635874.2,36.958333333333336,136.40833333333333,9.0,3.3,石川県西方沖,https://www.data.jma.go.jp/eqev/data/daily_map/20241127.html,20241127,-25.799999952316284,25.799999952316284,2.0439466507156703,3.0,0.0,1.568789328553677,1.7233333349227906,0.1545440063691137,20241127004551700,2024-11-27T00:45:51.700+09:00,51.700000047683716,0.0,0.0,0.0
20241127014800,2024-11-27T01:48:00+09:00,1732639680.0,36.93,136.402,12.0,3.9,3,matched,1,2024-11-27T01:48:12.900+09:00,1732639692.9,12.900000095367432,20241127014812900,2024-11-27T01:48:12.900+09:00,1732639692.9,36.93,136.40166666666667,12.0,3.9,石川県西方沖,https://www.data.jma.go.jp/eqev/data/daily_map/20241127.html,20241127,12.900000095367432,12.900000095367432,0.0296286357884903,0.0,0.0,0.43592573033661247,4.744305480616979,4.308379750280366,20241127014852600,2024-11-27T01:48:52.600+09:00,52.59999990463257,6.1215274189794675,1.0,0.5
20241127021000,2024-11-27T02:10:00+09:00,1732641000.0,36.945,136.418,10.0,3.9,1,matched,1,2024-11-27T02:10:49.400+09:00,1732641049.4,49.40000009536743,20241127021049400,2024-11-27T02:10:49.400+09:00,1732641049.4,36.945,136.41833333333332,10.0,3.9,石川県西方沖,https://www.data.jma.go.jp/eqev/data/daily_map/20241127.html,20241127,49.40000009536743,49.40000009536743,0.029622804478272435,0.0,0.0,1.6525912307412354,,inf,,,,,,
20241127021300,2024-11-27T02:13:00+09:00,1732641180.0,37.068,136.393,11.0,3.8,1,matched,1,2024-11-27T02:13:22.500+09:00,1732641202.5,22.5,20241127021322500,2024-11-27T02:13:22.500+09:00,1732641202.5,37.068333333333335,136.39333333333335,11.0,3.8,石川県西方沖,https://www.data.jma.go.jp/eqev/data/daily_map/20241127.html,20241127,22.5,22.5,0.0474181815495392,0.0,0.0,0.7594836363099079,,inf,,,,,,
20241127021900,2024-11-27T02:19:00+09:00,1732641540.0,37.038,136.42,10.0,4.8,1,matched,1,2024-11-27T02:19:47.100+09:00,1732641587.1,47.09999990463257,20241127021947100,2024-11-27T02:19:47.100+09:00,1732641587.1,37.038333333333334,136.42,10.0,4.8,石川県西方沖,https://www.data.jma.go.jp/eqev/data/daily_map/20241127.html,20241127,47.09999990463257,47.09999990463257,0.03706497554879696,0.0,0.0,1.577412991930845,,inf,,,,,,
20241127022200,2024-11-27T02:22:00+09:00,1732641720.0,36.995,136.415,12.0,4.0,1,matched,1,2024-11-27T02:22:47.700+09:00,1732641767.7,47.700000047683716,20241127022247700,2024-11-27T02:22:47.700+09:00,1732641767.7,36.995,136.415,12.0,4.0,石川県西方沖,https://www.data.jma.go.jp/eqev/data/daily_map/20241127.html,20241127,47.700000047683716,47.700000047683716,0.0,0.0,0.0,1.590000001589457,,inf,,,,,,
20241127030800,2024-11-27T03:08:00+09:00,1732644480.0,37.023,136.413,11.0,3.8,1,matched,1,2024-11-27T03:08:07.700+09:00,1732644487.7,7.700000047683716,20241127030807700,2024-11-27T03:08:07.700+09:00,1732644487.7,37.02333333333333,136.41333333333333,11.0,3.8,石川県西方沖,https://www.data.jma.go.jp/eqev/data/daily_map/20241127.html,20241127,7.700000047683716,7.700000047683716,0.047429121912660493,0.0,0.0,0.266152492638656,,inf,,,,,,
20241127034900,2024-11-27T03:49:00+09:00,1732646940.0,36.987,136.433,11.0,3.5,2,matched,1,2024-11-27T03:49:03.800+09:00,1732646943.8,3.799999952316284,20241127034903800,2024-11-27T03:49:03.800+09:00,1732646943.8,36.986666666666665,136.43333333333334,11.0,3.5,石川県西方沖,https://www.data.jma.go.jp/eqev/data/daily_map/20241127.html,20241127,3.799999952316284,3.799999952316284,0.04743794982497411,0.0,0.0,0.1361542550422043,3.0890845934797633,2.952930338437559,20241127034950000,2024-11-27T03:49:50.000+09:00,50.0,5.112089634065483,4.0,
20241127041700,2024-11-27T04:17:00+09:00,1732648620.0,37.042,136.407,10.0,4.0,1,matched,1,2024-11-27T04:17:21.200+09:00,1732648641.2,21.200000047683716,20241127041721200,2024-11-27T04:17:21.200+09:00,1732648641.2,37.041666666666664,136.40666666666667,10.0,4.0,石川県西方沖,https://www.data.jma.go.jp/eqev/data/daily_map/20241127.html,20241127,21.200000047683716,21.200000047683716,0.04742458458977252,0.0,0.0,0.7161515851740784,,inf,,,,,,
20241127075000,2024-11-27T07:50:00+09:00,1732661400.0,36.932,136.39,7.0,3.4,4,matched,1,2024-11-27T07:50:50.700+09:00,1732661450.7,50.700000047683716,20241127075050700,2024-11-27T07:50:50.700+09:00,1732661450.7,36.931666666666665,136.39,7.0,3.4,石川県西方沖,https://www.data.jma.go.jp/eqev/data/daily_map/20241127.html,20241127,50.700000047683716,50.700000047683716,0.037064975548089636,0.0,0.0,1.6974129966990752,3.710523396571973,2.0131103998728976,20241127075050600,2024-11-27T07:50:50.600+09:00,50.59999990463257,6.619283665421101,7.0,
20241127112800,2024-11-27T11:28:00+09:00,1732674480.0,37.03,136.393,13.0,3.9,1,matched,1,2024-11-27T11:28:56.200+09:00,1732674536.2,56.200000047683716,20241127112856200,2024-11-27T11:28:56.200+09:00,1732674536.2,37.03,136.39333333333335,13.0,3.9,石川県西方沖,https://www.data.jma.go.jp/eqev/data/daily_map/20241127.html,20241127,56.200000047683716,56.200000047683716,0.029589722065728095,0.0,0.0,1.8792512793359362,,inf,,,,,,
20241127124800,2024-11-27T12:48:00+09:00,1732679280.0,36.95,136.397,12.0,3.9,1,matched,1,2024-11-27T12:48:20.500+09:00,1732679300.5,20.5,20241127124820500,2024-11-27T12:48:20.500+09:00,1732679300.5,36.95,136.39666666666668,12.0,3.9,石川県西方沖,https://www.data.jma.go.jp/eqev/data/daily_map/20241127.html,20241127,20.5,20.5,0.02962086025775284,0.0,0.0,0.689257505384884,,inf,,,,,,
20241127150100,2024-11-27T15:01:00+09:00,1732687260.0,37.022,136.42,11.0,4.1,1,matched,1,2024-11-27T15:01:22.200+09:00,1732687282.2,22.200000047683716,20241127150122200,2024-11-27T15:01:22.200+09:00,1732687282.2,37.02166666666667,136.42,11.0,4.1,石川県西方沖,https://www.data.jma.go.jp/eqev/data/daily_map/20241127.html,20241127,22.200000047683716,22.200000047683716,0.037064975548089636,0.0,0.0,0.7474129966990751,,inf,,,,,,
20241127160300,2024-11-27T16:03:00+09:00,1732690980.0,36.972,136.428,12.0,3.4,1,matched,1,2024-11-27T16:03:45.500+09:00,1732691025.5,45.5,20241127160345500,2024-11-27T16:03:45.500+09:00,1732691025.5,36.971666666666664,136.42833333333334,12.0,3.4,石川県西方沖,https://www.data.jma.go.jp/eqev/data/daily_map/20241127.html,20241127,45.5,45.5,0.04744159295902362,0.0,0.0,1.5261549852584713,,inf,,,,,,
20241127160500,2024-11-27T16:05:00+09:00,1732691100.0,37.042,136.413,11.0,3.8,2,matched,1,2024-11-27T16:05:47.400+09:00,1732691147.4,47.40000009536743,20241127160547400,2024-11-27T16:05:47.400+09:00,1732691147.4,37.041666666666664,136.41333333333333,11.0,3.8,石川県西方沖,https://www.data.jma.go.jp/eqev/data/daily_map/20241127.html,20241127,47.40000009536743,47.40000009536743,0.0474245845883637,0.0,0.0,1.589484920096587,5.504335387078719,3.9148504669821316,20241127160345500,2024-11-27T16:03:45.500+09:00,-74.5,7.938343602060263,1.0,0.3999999999999999
20241128003200,2024-11-28T00:32:00+09:00,1732721520.0,36.942,136.425,13.0,4.3,1,matched,1,2024-11-28T00:32:53.000+09:00,1732721573.0,53.0,20241128003253000,2024-11-28T00:32:53.000+09:00,1732721573.0,36.94166666666667,136.425,13.0,4.3,石川県西方沖,https://www.data.jma.go.jp/eqev/data/daily_map/20241128.html,20241128,53.0,53.0,0.03706497554738231,0.0,0.0,1.7740796617761432,,inf,,,,,,
20241128061400,2024-11-28T06:14:00+09:00,1732742040.0,36.94,136.423,12.0,3.8,1,matched,1,2024-11-28T06:14:42.500+09:00,1732742082.5,42.5,20241128061442500,2024-11-28T06:14:42.500+09:00,1732742082.5,36.94,136.42333333333335,12.0,3.8,石川県西方沖,https://www.data.jma.go.jp/eqev/data/daily_map/20241128.html,20241128,42.5,42.5,0.02962474847772418,0.0,0.0,1.4225916163622117,,inf,,,,,,
20241128173100,2024-11-28T17:31:00+09:00,1732782660.0,36.93,136.39,10.0,4.7,2,matched,1,2024-11-28T17:31:05.600+09:00,1732782665.6,5.599999904632568,20241128173105600,2024-11-28T17:31:05.600+09:00,1732782665.6,36.93,136.39,10.0,4.7,石川県西方沖,https://www.data.jma.go.jp/eqev/data/daily_map/20241128.html,20241128,5.599999904632568,5.599999904632568,0.0,0.0,0.0,0.18666666348775227,2.7764470721168215,2.5897804086290694,20241128173017200,2024-11-28T17:30:17.200+09:00,-42.799999952316284,3.74890203519806,6.0,
20241128192200,2024-11-28T19:22:00+09:00,1732789320.0,36.932,136.405,12.0,3.4,4,matched,1,2024-11-28T19:22:34.100+09:00,1732789354.1,34.09999990463257,20241128192234100,2024-11-28T19:22:34.100+09:00,1732789354.1,36.931666666666665,136.405,12.0,3.4,石川県西方沖,https://www.data.jma.go.jp/eqev/data/daily_map/20241128.html,20241128,34.09999990463257,34.09999990463257,0.037064975548089636,0.0,0.0,1.1440796585973703,1.7457729229923347,0.6016932643949644,20241128192158500,2024-11-28T19:21:58.500+09:00,-1.5,6.978864614961673,3.0,
20241128201900,2024-11-28T20:19:00+09:00,1732792740.0,36.927,136.423,11.0,3.6,2,matched,1,2024-11-28T20:19:45.200+09:00,1732792785.2,45.200000047683716,20241128201945200,2024-11-28T20:19:45.200+09:00,1732792785.2,36.92666666666667,136.42333333333335,11.0,3.6,石川県西方沖,https://www.data.jma.go.jp/eqev/data/daily_map/20241128.html,20241128,45.200000047683716,45.200000047683716,0.04745251738551261,0.0,0.0,1.5161571717332263,3.8912937759871857,2.3751366042539592,20241128201900700,2024-11-28T20:19:00.700+09:00,0.7000000476837158,17.839802205321977,3.0,
20241128213500,2024-11-28T21:35:00+09:00,1732797300.0,38.937,142.057,55.0,3.8,1,matched,1,2024-11-28T21:35:58.900+09:00,1732797358.9,58.90000009536743,20241128213558900,2024-11-28T21:35:58.900+09:00,1732797358.9,38.93666666666667,142.05666666666667,55.0,3.8,宮城県沖,https://www.data.jma.go.jp/eqev/data/daily_map/20241128.html,20241128,58.90000009536743,58.90000009536743,0.04695759348067878,0.0,0.0,1.9727248552083834,,inf,,,,,,
20241129125700,2024-11-29T12:57:00+09:00,1732852620.0,37.455,137.152,12.0,3.6,1,matched,1,2024-11-29T12:57:31.500+09:00,1732852651.5,31.5,20241129125731500,2024-11-29T12:57:31.500+09:00,1732852651.5,37.455,137.15166666666667,12.0,3.6,石川県能登地方,https://www.data.jma.go.jp/eqev/data/daily_map/20241129.html,20241129,31.5,31.5,0.02942333459661986,0.0,0.0,1.055884666919324,,inf,,,,,,
20241129174200,2024-11-29T17:42:00+09:00,1732869720.0,36.98,136.382,12.0,3.5,1,matched,1,2024-11-29T17:42:54.700+09:00,1732869774.7,54.700000047683716,20241129174254700,2024-11-29T17:42:54.700+09:00,1732869774.7,36.98,136.38166666666666,12.0,3.5,石川県西方沖,https://www.data.jma.go.jp/eqev/data/daily_map/20241129.html,20241129,54.700000047683716,54.700000047683716,0.029609190202583215,0.0,0.0,1.829255172963307,,inf,,,,,,
20241130004400,2024-11-30T00:44:00+09:00,1732895040.0,36.957,136.427,13.0,3.5,1,matched,1,2024-11-30T00:44:31.600+09:00,1732895071.6,31.59999990463257,20241130004431600,2024-11-30T00:44:31.600+09:00,1732895071.6,36.95666666666666,136.42666666666668,13.0,3.5,石川県西方沖,https://www.data.jma.go.jp/eqev/data/daily_map/20241130.html,20241130,31.59999990463257,31.59999990463257,0.04744523526246305,0.0,0.0,1.0628223772069116,,inf,,,,,,
20241130093000,2024-11-30T09:30:00+09:00,1732926600.0,36.997,136.417,13.0,3.5,1,matched,1,2024-11-30T09:30:09.500+09:00,1732926609.5,9.5,20241130093009500,2024-11-30T09:30:09.500+09:00,1732926609.5,36.99666666666667,136.41666666666666,13.0,3.5,石川県西方沖,https://www.data.jma.go.jp/eqev/data/daily_map/20241130.html,20241130,9.5,9.5,0.04743552060842842,0.0,0.0,0.32615377078835234,,inf,,,,,,
20241130095200,2024-11-30T09:52:00+09:00,1732927920.0,37.063,136.417,8.0,4.9,1,matched,1,2024-11-30T09:52:28.700+09:00,1732927948.7,28.700000047683716,20241130095228700,2024-11-30T09:52:28.700+09:00,1732927948.7,37.06333333333333,136.41666666666666,8.0,4.9,石川県西方沖,https://www.data.jma.go.jp/eqev/data/daily_map/20241130.html,20241130,28.700000047683716,28.700000047683716,0.047419397511546266,0.0,0.0,0.9661505477584331,,inf,,,,,,
20241130102200,2024-11-30T10:22:00+09:00,1732929720.0,37.007,136.408,9.0,4.0,1,matched,1,2024-11-30T10:22:07.300+09:00,1732929727.3,7.299999952316284,20241130102207300,2024-11-30T10:22:07.300+09:00,1732929727.3,37.00666666666667,136.40833333333333,9.0,4.0,石川県西方沖,https://www.data.jma.go.jp/eqev/data/daily_map/20241130.html,20241130,7.299999952316284,7.299999952316284,0.04743309102419407,0.0,0.0,0.25281994994871493,,inf,,,,,,
20241130111100,2024-11-30T11:11:00+09:00,1732932660.0,36.943,136.423,12.0,3.3,1,matched,1,2024-11-30T11:11:18.000+09:00,1732932678.0,18.0,20241130111118000,2024-11-30T11:11:18.000+09:00,1732932678.0,36.943333333333335,136.42333333333335,12.0,3.3,石川県西方沖,https://www.data.jma.go.jp/eqev/data/daily_map/20241130.html,20241130,18.0,18.0,0.04744855308723407,0.0,0.0,0.6094897106174468,,inf,,,,,,
20241130174000,2024-11-30T17:40:00+09:00,1732956000.0,37.04,136.403,11.0,3.9,1,matched,1,2024-11-30T17:40:02.700+09:00,1732956002.7,2.700000047683716,20241130174002700,2024-11-30T17:40:02.700+09:00,1732956002.7,37.04,136.40333333333334,11.0,3.9,石川県西方沖,https://www.data.jma.go.jp/eqev/data/daily_map/20241130.html,20241130,2.700000047683716,2.700000047683716,0.029585825733819078,0.0,0.0,0.095917166736221,,inf,,,,,,
20241130180600,2024-11-30T18:06:00+09:00,1732957560.0,37.038,136.415,11.0,4.1,1,matched,1,2024-11-30T18:06:28.300+09:00,1732957588.3,28.299999952316284,20241130180628300,2024-11-30T18:06:28.300+09:00,1732957588.3,37.038333333333334,136.415,11.0,4.1,石川県西方沖,https://www.data.jma.go.jp/eqev/data/daily_map/20241130.html,20241130,28.299999952316284,28.299999952316284,0.03706497554879696,0.0,0.0,0.9507463268536355,,inf,,,,,,
20241201035400,2024-12-01T03:54:00+09:00,1732992840.0,36.932,136.408,12.0,3.5,1,matched,1,2024-12-01T03:54:54.100+09:00,1732992894.1,54.09999990463257,20241201035454100,2024-12-01T03:54:54.100+09:00,1732992894.1,36.931666666666665,136.40833333333333,12.0,3.5,石川県西方沖,https://www.data.jma.go.jp/eqev/data/daily_map/20241201.html,20241201,54.09999990463257,54.09999990463257,0.047451303929250795,0.0,0.0,1.8128235909402692,,inf,,,,,,
20241201112100,2024-12-01T11:21:00+09:00,1733019660.0,37.002,136.412,12.0,4.3,1,matched,1,2024-12-01T11:21:26.600+09:00,1733019686.6,26.59999990463257,20241201112126600,2024-12-01T11:21:26.600+09:00,1733019686.6,37.001666666666665,136.41166666666666,12.0,4.3,石川県西方沖,https://www.data.jma.go.jp/eqev/data/daily_map/20241201.html,20241201,26.59999990463257,26.59999990463257,0.0474343058630864,0.0,0.0,0.8961535246603696,,inf,,,,,,
20241201164100,2024-12-01T16:41:00+09:00,1733038860.0,37.522,137.182,10.0,3.2,1,matched,1,2024-12-01T16:41:36.700+09:00,1733038896.7,36.700000047683716,20241201164136700,2024-12-01T16:41:36.700+09:00,1733038896.7,37.52166666666667,137.18166666666667,10.0,3.2,能登半島沖,https://www.data.jma.go.jp/eqev/data/daily_map/20241201.html,20241201,36.700000047683716,36.700000047683716,0.047307476191411596,0.0,0.0,1.232794830161073,,inf,,,,,,
20241202054800,2024-12-02T05:48:00+09:00,1733086080.0,36.973,136.425,11.0,3.8,1,matched,1,2024-12-02T05:48:57.200+09:00,1733086137.2,57.200000047683716,20241202054857200,2024-12-02T05:48:57.200+09:00,1733086137.2,36.973333333333336,136.425,11.0,3.8,石川県西方沖,https://www.data.jma.go.jp/eqev/data/daily_map/20241202.html,20241202,57.200000047683716,57.200000047683716,0.037064975548089636,0.0,0.0,1.914079663365742,,inf,,,,,,
20241202092000,2024-12-02T09:20:00+09:00,1733098800.0,36.962,136.43,12.0,4.0,1,matched,1,2024-12-02T09:20:51.100+09:00,1733098851.1,51.09999990463257,20241202092051100,2024-12-02T09:20:51.100+09:00,1733098851.1,36.961666666666666,136.43,12.0,4.0,石川県西方沖,https://www.data.jma.go.jp/eqev/data/daily_map/20241202.html,20241202,51.09999990463257,51.09999990463257,0.03706497554879696,0.0,0.0,1.7107463252641784,,inf,,,,,,
20241202132900,2024-12-02T13:29:00+09:00,1733113740.0,36.322,138.017,5.0,3.2,1,matched,1,2024-12-02T13:29:11.200+09:00,1733113751.2,11.200000047683716,20241202132911200,2024-12-02T13:29:11.200+09:00,1733113751.2,36.321666666666665,138.01666666666668,5.0,3.2,長野県中部,https://www.data.jma.go.jp/eqev/data/daily_map/20241202.html,20241202,11.200000047683716,11.200000047683716,0.04759865524196761,0.0,0.0,0.38285306597118407,,inf,,,,,,
20241202143600,2024-12-02T14:36:00+09:00,1733117760.0,36.323,138.017,5.0,3.5,1,matched,1,2024-12-02T14:36:51.400+09:00,1733117811.4,51.40000009536743,20241202143651400,2024-12-02T14:36:51.400+09:00,1733117811.4,36.32333333333333,138.01666666666668,5.0,3.5,長野県中部,https://www.data.jma.go.jp/eqev/data/daily_map/20241202.html,20241202,51.40000009536743,51.40000009536743,0.04759833469894468,0.0,0.0,1.7228530034520366,,inf,,,,,,
20241203045100,2024-12-03T04:51:00+09:00,1733169060.0,34.032,133.035,15.0,3.9,1,matched,1,2024-12-03T04:51:17.200+09:00,1733169077.2,17.200000047683716,20241203045117200,2024-12-03T04:51:17.200+09:00,1733169077.2,34.031666666666666,133.035,15.0,3.9,愛媛県東予,https://www.data.jma.go.jp/eqev/data/daily_map/20241203.html,20241203,17.200000047683716,17.200000047683716,0.037064975548089636,0.0,0.0,0.5807463300324084,,inf,,,,,,
20241203143300,2024-12-03T14:33:00+09:00,1733203980.0,36.825,141.283,35.0,4.1,1,matched,1,2024-12-03T14:33:20.100+09:00,1733204000.1,20.09999990463257,20241203143320100,2024-12-03T14:33:20.100+09:00,1733204000.1,36.825,141.28333333333333,35.0,4.1,茨城県沖,https://www.data.jma.go.jp/eqev/data/daily_map/20241203.html,20241203,20.09999990463257,20.09999990463257,0.02966939806407685,0.0,0.0,0.6759338764339009,,inf,,,,,,
20241204060500,2024-12-04T06:05:00+09:00,1733259900.0,36.993,136.438,11.0,3.9,1,matched,1,2024-12-04T06:05:43.200+09:00,1733259943.2,43.200000047683716,20241204060543200,2024-12-04T06:05:43.200+09:00,1733259943.2,36.99333333333333,136.43833333333333,11.0,3.9,石川県西方沖,https://www.data.jma.go.jp/eqev/data/daily_map/20241204.html,20241204,43.200000047683716,43.200000047683716,0.0474364113636646,0.0,0.0,1.4494872838621902,,inf,,,,,,
20241204191100,2024-12-04T19:11:00+09:00,1733307060.0,36.087,139.9,49.0,4.3,1,matched,1,2024-12-04T19:11:42.500+09:00,1733307102.5,42.5,20241204191142500,2024-12-04T19:11:42.500+09:00,1733307102.5,36.086666666666666,139.9,49.0,4.3,茨城県南部,https://www.data.jma.go.jp/eqev/data/daily_map/20241204.html,20241204,42.5,42.5,0.037064975548089636,0.0,0.0,1.4240796617762848,,inf,,,,,,
20241206125300,2024-12-06T12:53:00+09:00,1733457180.0,36.78,140.562,7.0,4.1,1,matched,1,2024-12-06T12:53:31.400+09:00,1733457211.4,31.40000009536743,20241206125331400,2024-12-06T12:53:31.400+09:00,1733457211.4,36.78,140.56166666666667,7.0,4.1,茨城県北部,https://www.data.jma.go.jp/eqev/data/daily_map/20241206.html,20241206,31.40000009536743,31.40000009536743,0.029686837115139256,0.0,0.0,1.052604037268609,,inf,,,,,,
20241206125600,2024-12-06T12:56:00+09:00,1733457360.0,36.783,140.57,8.0,3.4,1,matched,1,2024-12-06T12:56:04.800+09:00,1733457364.8,4.799999952316284,20241206125604800,2024-12-06T12:56:04.800+09:00,1733457364.8,36.78333333333333,140.57,8.0,3.4,茨城県北部,https://www.data.jma.go.jp/eqev/data/daily_map/20241206.html,20241206,4.799999952316284,4.799999952316284,0.037064975548089636,0.0,0.0,0.16741299352016073,,inf,,,,,,
20241206142600,2024-12-06T14:26:00+09:00,1733462760.0,31.827,131.635,34.0,4.5,1,matched,1,2024-12-06T14:25:57.600+09:00,1733462757.6,-2.4000000953674316,20241206142557600,2024-12-06T14:25:57.600+09:00,1733462757.6,31.826666666666668,131.635,34.0,4.5,日向灘,https://www.data.jma.go.jp/eqev/data/daily_map/20241206.html,20241206,-2.4000000953674316,2.4000000953674316,0.037064975548089636,0.0,0.0,0.08741299828853231,,inf,,,,,,
20241207064100,2024-12-07T06:41:00+09:00,1733521260.0,42.1,142.36,34.0,4.3,1,matched,1,2024-12-07T06:41:55.800+09:00,1733521315.8,55.799999952316284,20241207064155800,2024-12-07T06:41:55.800+09:00,1733521315.8,42.1,142.36,34.0,4.3,浦河沖,https://www.data.jma.go.jp/eqev/data/daily_map/20241207.html,20241207,55.799999952316284,55.799999952316284,0.0,0.0,0.0,1.8599999984105429,,inf,,,,,,
20241208073900,2024-12-08T07:39:00+09:00,1733611140.0,35.653,140.18,69.0,4.1,1,matched,1,2024-12-08T07:39:43.600+09:00,1733611183.6,43.59999990463257,20241208073943600,2024-12-08T07:39:43.600+09:00,1733611183.6,35.653333333333336,140.18,69.0,4.1,千葉県北西部,https://www.data.jma.go.jp/eqev/data/daily_map/20241208.html,20241208,43.59999990463257,43.59999990463257,0.037064975548089636,0.0,0.0,1.460746325264037,,inf,,,,,,
20241208225800,2024-12-08T22:58:00+09:00,1733666280.0,36.928,136.422,12.0,4.2,1,matched,1,2024-12-08T22:58:46.800+09:00,1733666326.8,46.799999952316284,20241208225846800,2024-12-08T22:58:46.800+09:00,1733666326.8,36.928333333333335,136.42166666666665,12.0,4.2,石川県西方沖,https://www.data.jma.go.jp/eqev/data/daily_map/20241208.html,20241208,46.799999952316284,46.799999952316284,0.04745219380675627,0.0,0.0,1.569490437171894,,inf,,,,,,
20241209183300,2024-12-09T18:33:00+09:00,1733736780.0,32.655,130.683,12.0,3.0,1,matched,1,2024-12-09T18:33:53.800+09:00,1733736833.8,53.799999952316284,20241209183353800,2024-12-09T18:33:53.800+09:00,1733736833.8,32.655,130.68333333333334,12.0,3.0,熊本県熊本地方,https://www.data.jma.go.jp/eqev/data/daily_map/20241209.html,20241209,53.799999952316284,53.799999952316284,0.031206293744183003,0.0,0.0,1.7995745904927127,,inf,,,,,,
20241209210000,2024-12-09T21:00:00+09:00,1733745600.0,40.242,141.97,20.0,4.4,1,matched,1,2024-12-09T21:00:22.200+09:00,1733745622.2,22.200000047683716,20241209210022200,2024-12-09T21:00:22.200+09:00,1733745622.2,40.24166666666667,141.97,20.0,4.4,岩手県沖,https://www.data.jma.go.jp/eqev/data/daily_map/20241209.html,20241209,22.200000047683716,22.200000047683716,0.037064975548089636,0.0,0.0,0.7474129966990751,,inf,,,,,,
20241210053300,2024-12-10T05:33:00+09:00,1733776380.0,35.167,140.573,53.0,4.8,1,matched,1,2024-12-10T05:33:22.100+09:00,1733776402.1,22.09999990463257,20241210053322100,2024-12-10T05:33:22.100+09:00,1733776402.1,35.166666666666664,140.57333333333332,53.0,4.8,千葉県東方沖,https://www.data.jma.go.jp/eqev/data/daily_map/20241210.html,20241210,22.09999990463257,22.09999990463257,0.04787370264950295,0.0,0.0,0.7462414040176528,,inf,,,,,,
20241212181700,2024-12-12T18:17:00+09:00,1733995020.0,37.4,141.705,45.0,4.3,1,matched,1,2024-12-12T18:17:22.900+09:00,1733995042.9,22.90000009536743,20241212181722900,2024-12-12T18:17:22.900+09:00,1733995042.9,37.4,141.705,45.0,4.3,福島県沖,https://www.data.jma.go.jp/eqev/data/daily_map/20241212.html,20241212,22.90000009536743,22.90000009536743,0.0,0.0,0.0,0.7633333365122478,,inf,,,,,,
20241216043700,2024-12-16T04:37:00+09:00,1734291420.0,34.023,135.283,6.0,4.2,1,matched,1,2024-12-16T04:37:55.500+09:00,1734291475.5,55.5,20241216043755500,2024-12-16T04:37:55.500+09:00,1734291475.5,34.02333333333333,135.28333333333333,6.0,4.2,和歌山県北部,https://www.data.jma.go.jp/eqev/data/daily_map/20241216.html,20241216,55.5,55.5,0.04814065949332205,0.0,0.0,1.8596281318986645,,inf,,,,,,
20241217221100,2024-12-17T22:11:00+09:00,1734441060.0,36.237,140.105,54.0,4.2,1,matched,1,2024-12-17T22:11:16.100+09:00,1734441076.1,16.09999990463257,20241217221116100,2024-12-17T22:11:16.100+09:00,1734441076.1,36.236666666666665,140.105,54.0,4.2,茨城県南部,https://www.data.jma.go.jp/eqev/data/daily_map/20241217.html,20241217,16.09999990463257,16.09999990463257,0.03706497554879696,0.0,0.0,0.5440796585975116,,inf,,,,,,
20241224065500,2024-12-24T06:55:00+09:00,1734990900.0,34.668,131.978,12.0,3.8,1,matched,1,2024-12-24T06:55:33.200+09:00,1734990933.2,33.200000047683716,20241224065533200,2024-12-24T06:55:33.200+09:00,1734990933.2,34.66833333333334,131.97833333333332,12.0,3.8,島根県西部,https://www.data.jma.go.jp/eqev/data/daily_map/20241224.html,20241224,33.200000047683716,33.200000047683716,0.04799078204816459,0.0,0.0,1.116264824665757,,inf,,,,,,
20241224071200,2024-12-24T07:12:00+09:00,1734991920.0,36.945,136.422,12.0,4.4,1,matched,1,2024-12-24T07:11:57.900+09:00,1734991917.9,-2.0999999046325684,20241224071157900,2024-12-24T07:11:57.900+09:00,1734991917.9,36.945,136.42166666666665,12.0,4.4,石川県西方沖,https://www.data.jma.go.jp/eqev/data/daily_map/20241224.html,20241224,-2.0999999046325684,2.0999999046325684,0.02962280448279485,0.0,0.0,0.07592455771764459,,inf,,,,,,
20241228041000,2024-12-28T04:10:00+09:00,1735326600.0,37.343,141.58,43.0,5.3,1,matched,1,2024-12-28T04:10:05.000+09:00,1735326605.0,5.0,20241228041005000,2024-12-28T04:10:05.000+09:00,1735326605.0,37.343333333333334,141.58,43.0,5.3,福島県沖,https://www.data.jma.go.jp/eqev/data/daily_map/20241228.html,20241228,5.0,5.0,0.037064975548089636,0.0,0.0,0.1740796617762846,,inf,,,,,,
20241229013300,2024-12-29T01:33:00+09:00,1735403580.0,33.803,134.332,14.0,3.9,1,matched,1,2024-12-29T01:33:36.500+09:00,1735403616.5,36.5,20241229013336500,2024-12-29T01:33:36.500+09:00,1735403616.5,33.803333333333335,134.33166666666668,14.0,3.9,徳島県南部,https://www.data.jma.go.jp/eqev/data/daily_map/20241229.html,20241229,36.5,36.5,0.0481913687659867,0.0,0.0,1.2263049404198638,,inf,,,,,,
