year,event_id,failure_category,last_error
2000,20000106204000,provider_data_unavailable,"RuntimeError('raw download is incomplete: status=download_failed; cnt_segments=0; channel_table=None; error=ValueError(""Data not available in the time period. Call Client.info(\'0101\') for help."")')"
2000,20000107045100,provider_data_unavailable,"RuntimeError('raw download is incomplete: status=download_failed; cnt_segments=0; channel_table=None; error=ValueError(""Data not available in the time period. Call Client.info(\'0101\') for help."")')"
2000,20000107193500,provider_data_unavailable,"RuntimeError('raw download is incomplete: status=download_failed; cnt_segments=0; channel_table=None; error=ValueError(""Data not available in the time period. Call Client.info(\'0101\') for help."")')"
2000,20000109130200,provider_data_unavailable,"RuntimeError('raw download is incomplete: status=download_failed; cnt_segments=0; channel_table=None; error=ValueError(""Data not available in the time period. Call Client.info(\'0101\') for help."")')"
2000,20000110222500,provider_data_unavailable,"RuntimeError('raw download is incomplete: status=download_failed; cnt_segments=0; channel_table=None; error=ValueError(""Data not available in the time period. Call Client.info(\'0101\') for help."")')"
2000,20000112110900,provider_data_unavailable,"RuntimeError('raw download is incomplete: status=download_failed; cnt_segments=0; channel_table=None; error=ValueError(""Data not available in the time period. Call Client.info(\'0101\') for help."")')"
2000,20000113080200,provider_data_unavailable,"RuntimeError('raw download is incomplete: status=download_failed; cnt_segments=0; channel_table=None; error=ValueError(""Data not available in the time period. Call Client.info(\'0101\') for help."")')"
2000,20000117131000,provider_data_unavailable,"RuntimeError('raw download is incomplete: status=download_failed; cnt_segments=0; channel_table=None; error=ValueError(""Data not available in the time period. Call Client.info(\'0101\') for help."")')"
2000,20000117205600,provider_data_unavailable,"RuntimeError('raw download is incomplete: status=download_failed; cnt_segments=0; channel_table=None; error=ValueError(""Data not available in the time period. Call Client.info(\'0101\') for help."")')"
2000,20000123164000,provider_data_unavailable,"RuntimeError('raw download is incomplete: status=download_failed; cnt_segments=0; channel_table=None; error=ValueError(""Data not available in the time period. Call Client.info(\'0101\') for help."")')"
2000,20000124215000,provider_data_unavailable,"RuntimeError('raw download is incomplete: status=download_failed; cnt_segments=0; channel_table=None; error=ValueError(""Data not available in the time period. Call Client.info(\'0101\') for help."")')"
2000,20000127115100,provider_data_unavailable,"RuntimeError('raw download is incomplete: status=download_failed; cnt_segments=0; channel_table=None; error=ValueError(""Data not available in the time period. Call Client.info(\'0101\') for help."")')"
2000,20000127135300,provider_data_unavailable,"RuntimeError('raw download is incomplete: status=download_failed; cnt_segments=0; channel_table=None; error=ValueError(""Data not available in the time period. Call Client.info(\'0101\') for help."")')"
2000,20000127205100,provider_data_unavailable,"RuntimeError('raw download is incomplete: status=download_failed; cnt_segments=0; channel_table=None; error=ValueError(""Data not available in the time period. Call Client.info(\'0101\') for help."")')"
2000,20000128202800,provider_data_unavailable,"RuntimeError('raw download is incomplete: status=download_failed; cnt_segments=0; channel_table=None; error=ValueError(""Data not available in the time period. Call Client.info(\'0101\') for help."")')"
2000,20000130194600,provider_data_unavailable,"RuntimeError('raw download is incomplete: status=download_failed; cnt_segments=0; channel_table=None; error=ValueError(""Data not available in the time period. Call Client.info(\'0101\') for help."")')"
2000,20000131022900,provider_data_unavailable,"RuntimeError('raw download is incomplete: status=download_failed; cnt_segments=0; channel_table=None; error=ValueError(""Data not available in the time period. Call Client.info(\'0101\') for help."")')"
2000,20000131120900,provider_data_unavailable,"RuntimeError('raw download is incomplete: status=download_failed; cnt_segments=0; channel_table=None; error=ValueError(""Data not available in the time period. Call Client.info(\'0101\') for help."")')"
2000,20000203040700,provider_data_unavailable,"RuntimeError('raw download is incomplete: status=download_failed; cnt_segments=0; channel_table=None; error=ValueError(""Data not available in the time period. Call Client.info(\'0101\') for help."")')"
2000,20000204165300,provider_data_unavailable,"RuntimeError('raw download is incomplete: status=download_failed; cnt_segments=0; channel_table=None; error=ValueError(""Data not available in the time period. Call Client.info(\'0101\') for help."")')"
2000,20000206044300,provider_data_unavailable,"RuntimeError('raw download is incomplete: status=download_failed; cnt_segments=0; channel_table=None; error=ValueError(""Data not available in the time period. Call Client.info(\'0101\') for help."")')"
2000,20000208152200,provider_data_unavailable,"RuntimeError('raw download is incomplete: status=download_failed; cnt_segments=0; channel_table=None; error=ValueError(""Data not available in the time period. Call Client.info(\'0101\') for help."")')"
2000,20000209113600,provider_data_unavailable,"RuntimeError('raw download is incomplete: status=download_failed; cnt_segments=0; channel_table=None; error=ValueError(""Data not available in the time period. Call Client.info(\'0101\') for help."")')"
2000,20000209131200,provider_data_unavailable,"RuntimeError('raw download is incomplete: status=download_failed; cnt_segments=0; channel_table=None; error=ValueError(""Data not available in the time period. Call Client.info(\'0101\') for help."")')"
2000,20000211205700,provider_data_unavailable,"RuntimeError('raw download is incomplete: status=download_failed; cnt_segments=0; channel_table=None; error=ValueError(""Data not available in the time period. Call Client.info(\'0101\') for help."")')"
2000,20000211222900,provider_data_unavailable,"RuntimeError('raw download is incomplete: status=download_failed; cnt_segments=0; channel_table=None; error=ValueError(""Data not available in the time period. Call Client.info(\'0101\') for help."")')"
2000,20000212120100,provider_data_unavailable,"RuntimeError('raw download is incomplete: status=download_failed; cnt_segments=0; channel_table=None; error=ValueError(""Data not available in the time period. Call Client.info(\'0101\') for help."")')"
2000,20000217082800,provider_data_unavailable,"RuntimeError('raw download is incomplete: status=download_failed; cnt_segments=0; channel_table=None; error=ValueError(""Data not available in the time period. Call Client.info(\'0101\') for help."")')"
2000,20000217230100,provider_data_unavailable,"RuntimeError('raw download is incomplete: status=download_failed; cnt_segments=0; channel_table=None; error=ValueError(""Data not available in the time period. Call Client.info(\'0101\') for help."")')"
2000,20000219223300,provider_data_unavailable,"RuntimeError('raw download is incomplete: status=download_failed; cnt_segments=0; channel_table=None; error=ValueError(""Data not available in the time period. Call Client.info(\'0101\') for help."")')"
2000,20000220225800,provider_data_unavailable,"RuntimeError('raw download is incomplete: status=download_failed; cnt_segments=0; channel_table=None; error=ValueError(""Data not available in the time period. Call Client.info(\'0101\') for help."")')"
2000,20000221154500,provider_data_unavailable,"RuntimeError('raw download is incomplete: status=download_failed; cnt_segments=0; channel_table=None; error=ValueError(""Data not available in the time period. Call Client.info(\'0101\') for help."")')"
2000,20000222135900,provider_data_unavailable,"RuntimeError('raw download is incomplete: status=download_failed; cnt_segments=0; channel_table=None; error=ValueError(""Data not available in the time period. Call Client.info(\'0101\') for help."")')"
2000,20000227000300,provider_data_unavailable,"RuntimeError('raw download is incomplete: status=download_failed; cnt_segments=0; channel_table=None; error=ValueError(""Data not available in the time period. Call Client.info(\'0101\') for help."")')"
2000,20000227011900,provider_data_unavailable,"RuntimeError('raw download is incomplete: status=download_failed; cnt_segments=0; channel_table=None; error=ValueError(""Data not available in the time period. Call Client.info(\'0101\') for help."")')"
2000,20000228051000,provider_data_unavailable,"RuntimeError('raw download is incomplete: status=download_failed; cnt_segments=0; channel_table=None; error=ValueError(""Data not available in the time period. Call Client.info(\'0101\') for help."")')"
2000,20000228193000,provider_data_unavailable,"RuntimeError('raw download is incomplete: status=download_failed; cnt_segments=0; channel_table=None; error=ValueError(""Data not available in the time period. Call Client.info(\'0101\') for help."")')"
2000,20000229191500,provider_data_unavailable,"RuntimeError('raw download is incomplete: status=download_failed; cnt_segments=0; channel_table=None; error=ValueError(""Data not available in the time period. Call Client.info(\'0101\') for help."")')"
2000,20000301051100,provider_data_unavailable,"RuntimeError('raw download is incomplete: status=download_failed; cnt_segments=0; channel_table=None; error=ValueError(""Data not available in the time period. Call Client.info(\'0101\') for help."")')"
2000,20000303092300,provider_data_unavailable,"RuntimeError('raw download is incomplete: status=download_failed; cnt_segments=0; channel_table=None; error=ValueError(""Data not available in the time period. Call Client.info(\'0101\') for help."")')"
2000,20000304093400,provider_data_unavailable,"RuntimeError('raw download is incomplete: status=download_failed; cnt_segments=0; channel_table=None; error=ValueError(""Data not available in the time period. Call Client.info(\'0101\') for help."")')"
2000,20000304123500,provider_data_unavailable,"RuntimeError('raw download is incomplete: status=download_failed; cnt_segments=0; channel_table=None; error=ValueError(""Data not available in the time period. Call Client.info(\'0101\') for help."")')"
2000,20000304195200,provider_data_unavailable,"RuntimeError('raw download is incomplete: status=download_failed; cnt_segments=0; channel_table=None; error=ValueError(""Data not available in the time period. Call Client.info(\'0101\') for help."")')"
2000,20000306163000,provider_data_unavailable,"RuntimeError('raw download is incomplete: status=download_failed; cnt_segments=0; channel_table=None; error=ValueError(""Data not available in the time period. Call Client.info(\'0101\') for help."")')"
2000,20000307232500,provider_data_unavailable,"RuntimeError('raw download is incomplete: status=download_failed; cnt_segments=0; channel_table=None; error=ValueError(""Data not available in the time period. Call Client.info(\'0101\') for help."")')"
2000,20000309135100,provider_data_unavailable,"RuntimeError('raw download is incomplete: status=download_failed; cnt_segments=0; channel_table=None; error=ValueError(""Data not available in the time period. Call Client.info(\'0101\') for help."")')"
2000,20000309141700,provider_data_unavailable,"RuntimeError('raw download is incomplete: status=download_failed; cnt_segments=0; channel_table=None; error=ValueError(""Data not available in the time period. Call Client.info(\'0101\') for help."")')"
2000,20000309191600,provider_data_unavailable,"RuntimeError('raw download is incomplete: status=download_failed; cnt_segments=0; channel_table=None; error=ValueError(""Data not available in the time period. Call Client.info(\'0101\') for help."")')"
2000,20000311225300,provider_data_unavailable,"RuntimeError('raw download is incomplete: status=download_failed; cnt_segments=0; channel_table=None; error=ValueError(""Data not available in the time period. Call Client.info(\'0101\') for help."")')"
2000,20000312024900,provider_data_unavailable,"RuntimeError('raw download is incomplete: status=download_failed; cnt_segments=0; channel_table=None; error=ValueError(""Data not available in the time period. Call Client.info(\'0101\') for help."")')"
2000,20000315233300,provider_data_unavailable,"RuntimeError('raw download is incomplete: status=download_failed; cnt_segments=0; channel_table=None; error=ValueError(""Data not available in the time period. Call Client.info(\'0101\') for help."")')"
2000,20000318110800,provider_data_unavailable,"RuntimeError('raw download is incomplete: status=download_failed; cnt_segments=0; channel_table=None; error=ValueError(""Data not available in the time period. Call Client.info(\'0101\') for help."")')"
2000,20000319124900,provider_data_unavailable,"RuntimeError('raw download is incomplete: status=download_failed; cnt_segments=0; channel_table=None; error=ValueError(""Data not available in the time period. Call Client.info(\'0101\') for help."")')"
2000,20000320062600,provider_data_unavailable,"RuntimeError('raw download is incomplete: status=download_failed; cnt_segments=0; channel_table=None; error=ValueError(""Data not available in the time period. Call Client.info(\'0101\') for help."")')"
2000,20000324201200,provider_data_unavailable,"RuntimeError('raw download is incomplete: status=download_failed; cnt_segments=0; channel_table=None; error=ValueError(""Data not available in the time period. Call Client.info(\'0101\') for help."")')"
2000,20000324230000,provider_data_unavailable,"RuntimeError('raw download is incomplete: status=download_failed; cnt_segments=0; channel_table=None; error=ValueError(""Data not available in the time period. Call Client.info(\'0101\') for help."")')"
2000,20000325220200,provider_data_unavailable,"RuntimeError('raw download is incomplete: status=download_failed; cnt_segments=0; channel_table=None; error=ValueError(""Data not available in the time period. Call Client.info(\'0101\') for help."")')"
2000,20000326040800,provider_data_unavailable,"RuntimeError('raw download is incomplete: status=download_failed; cnt_segments=0; channel_table=None; error=ValueError(""Data not available in the time period. Call Client.info(\'0101\') for help."")')"
2000,20000329055700,provider_data_unavailable,"RuntimeError('raw download is incomplete: status=download_failed; cnt_segments=0; channel_table=None; error=ValueError(""Data not available in the time period. Call Client.info(\'0101\') for help."")')"
2000,20000329155600,provider_data_unavailable,"RuntimeError('raw download is incomplete: status=download_failed; cnt_segments=0; channel_table=None; error=ValueError(""Data not available in the time period. Call Client.info(\'0101\') for help."")')"
2000,20000331233100,provider_data_unavailable,"RuntimeError('raw download is incomplete: status=download_failed; cnt_segments=0; channel_table=None; error=ValueError(""Data not available in the time period. Call Client.info(\'0101\') for help."")')"
2000,20000401031200,provider_data_unavailable,"RuntimeError('raw download is incomplete: status=download_failed; cnt_segments=0; channel_table=None; error=ValueError(""Data not available in the time period. Call Client.info(\'0101\') for help."")')"
2000,20000406101400,provider_data_unavailable,"RuntimeError('raw download is incomplete: status=download_failed; cnt_segments=0; channel_table=None; error=ValueError(""Data not available in the time period. Call Client.info(\'0101\') for help."")')"
2000,20000407155400,provider_data_unavailable,"RuntimeError('raw download is incomplete: status=download_failed; cnt_segments=0; channel_table=None; error=ValueError(""Data not available in the time period. Call Client.info(\'0101\') for help."")')"
2000,20000408145700,provider_data_unavailable,"RuntimeError('raw download is incomplete: status=download_failed; cnt_segments=0; channel_table=None; error=ValueError(""Data not available in the time period. Call Client.info(\'0101\') for help."")')"
2000,20000410063000,provider_data_unavailable,"RuntimeError('raw download is incomplete: status=download_failed; cnt_segments=0; channel_table=None; error=ValueError(""Data not available in the time period. Call Client.info(\'0101\') for help."")')"
2000,20000411113100,provider_data_unavailable,"RuntimeError('raw download is incomplete: status=download_failed; cnt_segments=0; channel_table=None; error=ValueError(""Data not available in the time period. Call Client.info(\'0101\') for help."")')"
2000,20000411121000,provider_data_unavailable,"RuntimeError('raw download is incomplete: status=download_failed; cnt_segments=0; channel_table=None; error=ValueError(""Data not available in the time period. Call Client.info(\'0101\') for help."")')"
2000,20000411184700,provider_data_unavailable,"RuntimeError('raw download is incomplete: status=download_failed; cnt_segments=0; channel_table=None; error=ValueError(""Data not available in the time period. Call Client.info(\'0101\') for help."")')"
2000,20000412030500,provider_data_unavailable,"RuntimeError('raw download is incomplete: status=download_failed; cnt_segments=0; channel_table=None; error=ValueError(""Data not available in the time period. Call Client.info(\'0101\') for help."")')"
2000,20000412043600,provider_data_unavailable,"RuntimeError('raw download is incomplete: status=download_failed; cnt_segments=0; channel_table=None; error=ValueError(""Data not available in the time period. Call Client.info(\'0101\') for help."")')"
2000,20000412201800,provider_data_unavailable,"RuntimeError('raw download is incomplete: status=download_failed; cnt_segments=0; channel_table=None; error=ValueError(""Data not available in the time period. Call Client.info(\'0101\') for help."")')"
2000,20000413110700,provider_data_unavailable,"RuntimeError('raw download is incomplete: status=download_failed; cnt_segments=0; channel_table=None; error=ValueError(""Data not available in the time period. Call Client.info(\'0101\') for help."")')"
2000,20000415052600,provider_data_unavailable,"RuntimeError('raw download is incomplete: status=download_failed; cnt_segments=0; channel_table=None; error=ValueError(""Data not available in the time period. Call Client.info(\'0101\') for help."")')"
2000,20000417142300,provider_data_unavailable,"RuntimeError('raw download is incomplete: status=download_failed; cnt_segments=0; channel_table=None; error=ValueError(""Data not available in the time period. Call Client.info(\'0101\') for help."")')"
2000,20000422215500,provider_data_unavailable,"RuntimeError('raw download is incomplete: status=download_failed; cnt_segments=0; channel_table=None; error=ValueError(""Data not available in the time period. Call Client.info(\'0101\') for help."")')"
2000,20000424024200,provider_data_unavailable,"RuntimeError('raw download is incomplete: status=download_failed; cnt_segments=0; channel_table=None; error=ValueError(""Data not available in the time period. Call Client.info(\'0101\') for help."")')"
2000,20000425103200,provider_data_unavailable,"RuntimeError('raw download is incomplete: status=download_failed; cnt_segments=0; channel_table=None; error=ValueError(""Data not available in the time period. Call Client.info(\'0101\') for help."")')"
2000,20000426044800,provider_data_unavailable,"RuntimeError('raw download is incomplete: status=download_failed; cnt_segments=0; channel_table=None; error=ValueError(""Data not available in the time period. Call Client.info(\'0101\') for help."")')"
2000,20000428001900,provider_data_unavailable,"RuntimeError('raw download is incomplete: status=download_failed; cnt_segments=0; channel_table=None; error=ValueError(""Data not available in the time period. Call Client.info(\'0101\') for help."")')"
2000,20000428114200,provider_data_unavailable,"RuntimeError('raw download is incomplete: status=download_failed; cnt_segments=0; channel_table=None; error=ValueError(""Data not available in the time period. Call Client.info(\'0101\') for help."")')"
2000,20000428123900,provider_data_unavailable,"RuntimeError('raw download is incomplete: status=download_failed; cnt_segments=0; channel_table=None; error=ValueError(""Data not available in the time period. Call Client.info(\'0101\') for help."")')"
2000,20000429183500,provider_data_unavailable,"RuntimeError('raw download is incomplete: status=download_failed; cnt_segments=0; channel_table=None; error=ValueError(""Data not available in the time period. Call Client.info(\'0101\') for help."")')"
2000,20000429203000,provider_data_unavailable,"RuntimeError('raw download is incomplete: status=download_failed; cnt_segments=0; channel_table=None; error=ValueError(""Data not available in the time period. Call Client.info(\'0101\') for help."")')"
2000,20000429212900,provider_data_unavailable,"RuntimeError('raw download is incomplete: status=download_failed; cnt_segments=0; channel_table=None; error=ValueError(""Data not available in the time period. Call Client.info(\'0101\') for help."")')"
2000,20000430091900,provider_data_unavailable,"RuntimeError('raw download is incomplete: status=download_failed; cnt_segments=0; channel_table=None; error=ValueError(""Data not available in the time period. Call Client.info(\'0101\') for help."")')"
2000,20000504110200,provider_data_unavailable,"RuntimeError('raw download is incomplete: status=download_failed; cnt_segments=0; channel_table=None; error=ValueError(""Data not available in the time period. Call Client.info(\'0101\') for help."")')"
2000,20000508184500,provider_data_unavailable,"RuntimeError('raw download is incomplete: status=download_failed; cnt_segments=0; channel_table=None; error=ValueError(""Data not available in the time period. Call Client.info(\'0101\') for help."")')"
2000,20000510103200,provider_data_unavailable,"RuntimeError('raw download is incomplete: status=download_failed; cnt_segments=0; channel_table=None; error=ValueError(""Data not available in the time period. Call Client.info(\'0101\') for help."")')"
2000,20000511031500,provider_data_unavailable,"RuntimeError('raw download is incomplete: status=download_failed; cnt_segments=0; channel_table=None; error=ValueError(""Data not available in the time period. Call Client.info(\'0101\') for help."")')"
2000,20000511063600,provider_data_unavailable,"RuntimeError('raw download is incomplete: status=download_failed; cnt_segments=0; channel_table=None; error=ValueError(""Data not available in the time period. Call Client.info(\'0101\') for help."")')"
2000,20000513040800,provider_data_unavailable,"RuntimeError('raw download is incomplete: status=download_failed; cnt_segments=0; channel_table=None; error=ValueError(""Data not available in the time period. Call Client.info(\'0101\') for help."")')"
2000,20000516040900,provider_data_unavailable,"RuntimeError('raw download is incomplete: status=download_failed; cnt_segments=0; channel_table=None; error=ValueError(""Data not available in the time period. Call Client.info(\'0101\') for help."")')"
2000,20000516054300,provider_data_unavailable,"RuntimeError('raw download is incomplete: status=download_failed; cnt_segments=0; channel_table=None; error=ValueError(""Data not available in the time period. Call Client.info(\'0101\') for help."")')"
2000,20000516194000,provider_data_unavailable,"RuntimeError('raw download is incomplete: status=download_failed; cnt_segments=0; channel_table=None; error=ValueError(""Data not available in the time period. Call Client.info(\'0101\') for help."")')"
2000,20000517120400,provider_data_unavailable,"RuntimeError('raw download is incomplete: status=download_failed; cnt_segments=0; channel_table=None; error=ValueError(""Data not available in the time period. Call Client.info(\'0101\') for help."")')"
2000,20000519022900,provider_data_unavailable,"RuntimeError('raw download is incomplete: status=download_failed; cnt_segments=0; channel_table=None; error=ValueError(""Data not available in the time period. Call Client.info(\'0101\') for help."")')"
2000,20000520233900,provider_data_unavailable,"RuntimeError('raw download is incomplete: status=download_failed; cnt_segments=0; channel_table=None; error=ValueError(""Data not available in the time period. Call Client.info(\'0101\') for help."")')"
2000,20000521104200,provider_data_unavailable,"RuntimeError('raw download is incomplete: status=download_failed; cnt_segments=0; channel_table=None; error=ValueError(""Data not available in the time period. Call Client.info(\'0101\') for help."")')"
2000,20000521231900,provider_data_unavailable,"RuntimeError('raw download is incomplete: status=download_failed; cnt_segments=0; channel_table=None; error=ValueError(""Data not available in the time period. Call Client.info(\'0101\') for help."")')"
2000,20000522121800,provider_data_unavailable,"RuntimeError('raw download is incomplete: status=download_failed; cnt_segments=0; channel_table=None; error=ValueError(""Data not available in the time period. Call Client.info(\'0101\') for help."")')"
2000,20000523085600,provider_data_unavailable,"RuntimeError('raw download is incomplete: status=download_failed; cnt_segments=0; channel_table=None; error=ValueError(""Data not available in the time period. Call Client.info(\'0101\') for help."")')"
2000,20000526175700,provider_data_unavailable,"RuntimeError('raw download is incomplete: status=download_failed; cnt_segments=0; channel_table=None; error=ValueError(""Data not available in the time period. Call Client.info(\'0101\') for help."")')"
2000,20000530232800,provider_data_unavailable,"RuntimeError('raw download is incomplete: status=download_failed; cnt_segments=0; channel_table=None; error=ValueError(""Data not available in the time period. Call Client.info(\'0101\') for help."")')"
2000,20000531175900,provider_data_unavailable,"RuntimeError('raw download is incomplete: status=download_failed; cnt_segments=0; channel_table=None; error=ValueError(""Data not available in the time period. Call Client.info(\'0101\') for help."")')"
2000,20000602150600,provider_data_unavailable,"RuntimeError('raw download is incomplete: status=download_failed; cnt_segments=0; channel_table=None; error=ValueError(""Data not available in the time period. Call Client.info(\'0101\') for help."")')"
2000,20000602212600,provider_data_unavailable,"RuntimeError('raw download is incomplete: status=download_failed; cnt_segments=0; channel_table=None; error=ValueError(""Data not available in the time period. Call Client.info(\'0101\') for help."")')"
2000,20000603071700,provider_data_unavailable,"RuntimeError('raw download is incomplete: status=download_failed; cnt_segments=0; channel_table=None; error=ValueError(""Data not available in the time period. Call Client.info(\'0101\') for help."")')"
2000,20000603175400,provider_data_unavailable,"RuntimeError('raw download is incomplete: status=download_failed; cnt_segments=0; channel_table=None; error=ValueError(""Data not available in the time period. Call Client.info(\'0101\') for help."")')"
2000,20000604011500,provider_data_unavailable,"RuntimeError('raw download is incomplete: status=download_failed; cnt_segments=0; channel_table=None; error=ValueError(""Data not available in the time period. Call Client.info(\'0101\') for help."")')"
2000,20000605095400,provider_data_unavailable,"RuntimeError('raw download is incomplete: status=download_failed; cnt_segments=0; channel_table=None; error=ValueError(""Data not available in the time period. Call Client.info(\'0101\') for help."")')"
2000,20000606022200,provider_data_unavailable,"RuntimeError('raw download is incomplete: status=download_failed; cnt_segments=0; channel_table=None; error=ValueError(""Data not available in the time period. Call Client.info(\'0101\') for help."")')"
2000,20000607061600,provider_data_unavailable,"RuntimeError('raw download is incomplete: status=download_failed; cnt_segments=0; channel_table=None; error=ValueError(""Data not available in the time period. Call Client.info(\'0101\') for help."")')"
2000,20000607130300,provider_data_unavailable,"RuntimeError('raw download is incomplete: status=download_failed; cnt_segments=0; channel_table=None; error=ValueError(""Data not available in the time period. Call Client.info(\'0101\') for help."")')"
2000,20000608093200,provider_data_unavailable,"RuntimeError('raw download is incomplete: status=download_failed; cnt_segments=0; channel_table=None; error=ValueError(""Data not available in the time period. Call Client.info(\'0101\') for help."")')"
2000,20000608093900,provider_data_unavailable,"RuntimeError('raw download is incomplete: status=download_failed; cnt_segments=0; channel_table=None; error=ValueError(""Data not available in the time period. Call Client.info(\'0101\') for help."")')"
2000,20000608095900,provider_data_unavailable,"RuntimeError('raw download is incomplete: status=download_failed; cnt_segments=0; channel_table=None; error=ValueError(""Data not available in the time period. Call Client.info(\'0101\') for help."")')"
2000,20000608100500,provider_data_unavailable,"RuntimeError('raw download is incomplete: status=download_failed; cnt_segments=0; channel_table=None; error=ValueError(""Data not available in the time period. Call Client.info(\'0101\') for help."")')"
2000,20000608110200,provider_data_unavailable,"RuntimeError('raw download is incomplete: status=download_failed; cnt_segments=0; channel_table=None; error=ValueError(""Data not available in the time period. Call Client.info(\'0101\') for help."")')"
2000,20000608111500,provider_data_unavailable,"RuntimeError('raw download is incomplete: status=download_failed; cnt_segments=0; channel_table=None; error=ValueError(""Data not available in the time period. Call Client.info(\'0101\') for help."")')"
2000,20000608112500,provider_data_unavailable,"RuntimeError('raw download is incomplete: status=download_failed; cnt_segments=0; channel_table=None; error=ValueError(""Data not available in the time period. Call Client.info(\'0101\') for help."")')"
2000,20000608113900,provider_data_unavailable,"RuntimeError('raw download is incomplete: status=download_failed; cnt_segments=0; channel_table=None; error=ValueError(""Data not available in the time period. Call Client.info(\'0101\') for help."")')"
2000,20000608185800,provider_data_unavailable,"RuntimeError('raw download is incomplete: status=download_failed; cnt_segments=0; channel_table=None; error=ValueError(""Data not available in the time period. Call Client.info(\'0101\') for help."")')"
2000,20000608191200,provider_data_unavailable,"RuntimeError('raw download is incomplete: status=download_failed; cnt_segments=0; channel_table=None; error=ValueError(""Data not available in the time period. Call Client.info(\'0101\') for help."")')"
2000,20000609042500,provider_data_unavailable,"RuntimeError('raw download is incomplete: status=download_failed; cnt_segments=0; channel_table=None; error=ValueError(""Data not available in the time period. Call Client.info(\'0101\') for help."")')"
2000,20000610053900,provider_data_unavailable,"RuntimeError('raw download is incomplete: status=download_failed; cnt_segments=0; channel_table=None; error=ValueError(""Data not available in the time period. Call Client.info(\'0101\') for help."")')"
2000,20000612045700,provider_data_unavailable,"RuntimeError('raw download is incomplete: status=download_failed; cnt_segments=0; channel_table=None; error=ValueError(""Data not available in the time period. Call Client.info(\'0101\') for help."")')"
2000,20000613015400,provider_data_unavailable,"RuntimeError('raw download is incomplete: status=download_failed; cnt_segments=0; channel_table=None; error=ValueError(""Data not available in the time period. Call Client.info(\'0101\') for help."")')"
2000,20000613064400,provider_data_unavailable,"RuntimeError('raw download is incomplete: status=download_failed; cnt_segments=0; channel_table=None; error=ValueError(""Data not available in the time period. Call Client.info(\'0101\') for help."")')"
2000,20000613152900,provider_data_unavailable,"RuntimeError('raw download is incomplete: status=download_failed; cnt_segments=0; channel_table=None; error=ValueError(""Data not available in the time period. Call Client.info(\'0101\') for help."")')"
2000,20000618100300,provider_data_unavailable,"RuntimeError('raw download is incomplete: status=download_failed; cnt_segments=0; channel_table=None; error=ValueError(""Data not available in the time period. Call Client.info(\'0101\') for help."")')"
2000,20000620131500,provider_data_unavailable,"RuntimeError('raw download is incomplete: status=download_failed; cnt_segments=0; channel_table=None; error=ValueError(""Data not available in the time period. Call Client.info(\'0101\') for help."")')"
2000,20000622203600,provider_data_unavailable,"RuntimeError('raw download is incomplete: status=download_failed; cnt_segments=0; channel_table=None; error=ValueError(""Data not available in the time period. Call Client.info(\'0101\') for help."")')"
2000,20000623172600,provider_data_unavailable,"RuntimeError('raw download is incomplete: status=download_failed; cnt_segments=0; channel_table=None; error=ValueError(""Data not available in the time period. Call Client.info(\'0101\') for help."")')"
2000,20000625153400,provider_data_unavailable,"RuntimeError('raw download is incomplete: status=download_failed; cnt_segments=0; channel_table=None; error=ValueError(""Data not available in the time period. Call Client.info(\'0101\') for help."")')"
2000,20000625162400,provider_data_unavailable,"RuntimeError('raw download is incomplete: status=download_failed; cnt_segments=0; channel_table=None; error=ValueError(""Data not available in the time period. Call Client.info(\'0101\') for help."")')"
2000,20000629153000,provider_data_unavailable,"RuntimeError('raw download is incomplete: status=download_failed; cnt_segments=0; channel_table=None; error=ValueError(""Data not available in the time period. Call Client.info(\'0101\') for help."")')"
2000,20000701053400,provider_data_unavailable,"RuntimeError('raw download is incomplete: status=download_failed; cnt_segments=0; channel_table=None; error=ValueError(""Data not available in the time period. Call Client.info(\'0101\') for help."")')"
2000,20000701160200,provider_data_unavailable,"RuntimeError('raw download is incomplete: status=download_failed; cnt_segments=0; channel_table=None; error=ValueError(""Data not available in the time period. Call Client.info(\'0101\') for help."")')"
2000,20000703050300,provider_data_unavailable,"RuntimeError('raw download is incomplete: status=download_failed; cnt_segments=0; channel_table=None; error=ValueError(""Data not available in the time period. Call Client.info(\'0101\') for help."")')"
2000,20000703143700,provider_data_unavailable,"RuntimeError('raw download is incomplete: status=download_failed; cnt_segments=0; channel_table=None; error=ValueError(""Data not available in the time period. Call Client.info(\'0101\') for help."")')"
2000,20000703222400,provider_data_unavailable,"RuntimeError('raw download is incomplete: status=download_failed; cnt_segments=0; channel_table=None; error=ValueError(""Data not available in the time period. Call Client.info(\'0101\') for help."")')"
2000,20000705081600,provider_data_unavailable,"RuntimeError('raw download is incomplete: status=download_failed; cnt_segments=0; channel_table=None; error=ValueError(""Data not available in the time period. Call Client.info(\'0101\') for help."")')"
2000,20000706130900,provider_data_unavailable,"RuntimeError('raw download is incomplete: status=download_failed; cnt_segments=0; channel_table=None; error=ValueError(""Data not available in the time period. Call Client.info(\'0101\') for help."")')"
2000,20000709035700,provider_data_unavailable,"RuntimeError('raw download is incomplete: status=download_failed; cnt_segments=0; channel_table=None; error=ValueError(""Data not available in the time period. Call Client.info(\'0101\') for help."")')"
2000,20000711020100,provider_data_unavailable,"RuntimeError('raw download is incomplete: status=download_failed; cnt_segments=0; channel_table=None; error=ValueError(""Data not available in the time period. Call Client.info(\'0101\') for help."")')"
2000,20000712012900,provider_data_unavailable,"RuntimeError('raw download is incomplete: status=download_failed; cnt_segments=0; channel_table=None; error=ValueError(""Data not available in the time period. Call Client.info(\'0101\') for help."")')"
2000,20000715103000,provider_data_unavailable,"RuntimeError('raw download is incomplete: status=download_failed; cnt_segments=0; channel_table=None; error=ValueError(""Data not available in the time period. Call Client.info(\'0101\') for help."")')"
2000,20000717080000,provider_data_unavailable,"RuntimeError('raw download is incomplete: status=download_failed; cnt_segments=0; channel_table=None; error=ValueError(""Data not available in the time period. Call Client.info(\'0101\') for help."")')"
2000,20000719050100,provider_data_unavailable,"RuntimeError('raw download is incomplete: status=download_failed; cnt_segments=0; channel_table=None; error=ValueError(""Data not available in the time period. Call Client.info(\'0101\') for help."")')"
2000,20000719212500,provider_data_unavailable,"RuntimeError('raw download is incomplete: status=download_failed; cnt_segments=0; channel_table=None; error=ValueError(""Data not available in the time period. Call Client.info(\'0101\') for help."")')"
2000,20000720065600,provider_data_unavailable,"RuntimeError('raw download is incomplete: status=download_failed; cnt_segments=0; channel_table=None; error=ValueError(""Data not available in the time period. Call Client.info(\'0101\') for help."")')"
2000,20000720145500,provider_data_unavailable,"RuntimeError('raw download is incomplete: status=download_failed; cnt_segments=0; channel_table=None; error=ValueError(""Data not available in the time period. Call Client.info(\'0101\') for help."")')"
2000,20000721033900,provider_data_unavailable,"RuntimeError('raw download is incomplete: status=download_failed; cnt_segments=0; channel_table=None; error=ValueError(""Data not available in the time period. Call Client.info(\'0101\') for help."")')"
2000,20000721072900,provider_data_unavailable,"RuntimeError('raw download is incomplete: status=download_failed; cnt_segments=0; channel_table=None; error=ValueError(""Data not available in the time period. Call Client.info(\'0101\') for help."")')"
2000,20000721141600,provider_data_unavailable,"RuntimeError('raw download is incomplete: status=download_failed; cnt_segments=0; channel_table=None; error=ValueError(""Data not available in the time period. Call Client.info(\'0101\') for help."")')"
2000,20000721205100,provider_data_unavailable,"RuntimeError('raw download is incomplete: status=download_failed; cnt_segments=0; channel_table=None; error=ValueError(""Data not available in the time period. Call Client.info(\'0101\') for help."")')"
2000,20000723014600,provider_data_unavailable,"RuntimeError('raw download is incomplete: status=download_failed; cnt_segments=0; channel_table=None; error=ValueError(""Data not available in the time period. Call Client.info(\'0101\') for help."")')"
2000,20000723031000,provider_data_unavailable,"RuntimeError('raw download is incomplete: status=download_failed; cnt_segments=0; channel_table=None; error=ValueError(""Data not available in the time period. Call Client.info(\'0101\') for help."")')"
2000,20000726162400,provider_data_unavailable,"RuntimeError('raw download is incomplete: status=download_failed; cnt_segments=0; channel_table=None; error=ValueError(""Data not available in the time period. Call Client.info(\'0101\') for help."")')"
2000,20000730012200,provider_data_unavailable,"RuntimeError('raw download is incomplete: status=download_failed; cnt_segments=0; channel_table=None; error=ValueError(""Data not available in the time period. Call Client.info(\'0101\') for help."")')"
2000,20000730212500,provider_data_unavailable,"RuntimeError('raw download is incomplete: status=download_failed; cnt_segments=0; channel_table=None; error=ValueError(""Data not available in the time period. Call Client.info(\'0101\') for help."")')"
2000,20000802200800,provider_data_unavailable,"RuntimeError('raw download is incomplete: status=download_failed; cnt_segments=0; channel_table=None; error=ValueError(""Data not available in the time period. Call Client.info(\'0101\') for help."")')"
2000,20000803143000,provider_data_unavailable,"RuntimeError('raw download is incomplete: status=download_failed; cnt_segments=0; channel_table=None; error=ValueError(""Data not available in the time period. Call Client.info(\'0101\') for help."")')"
2000,20000806101400,provider_data_unavailable,"RuntimeError('raw download is incomplete: status=download_failed; cnt_segments=0; channel_table=None; error=ValueError(""Data not available in the time period. Call Client.info(\'0101\') for help."")')"
2000,20000807120100,provider_data_unavailable,"RuntimeError('raw download is incomplete: status=download_failed; cnt_segments=0; channel_table=None; error=ValueError(""Data not available in the time period. Call Client.info(\'0101\') for help."")')"
2000,20000808091200,provider_data_unavailable,"RuntimeError('raw download is incomplete: status=download_failed; cnt_segments=0; channel_table=None; error=ValueError(""Data not available in the time period. Call Client.info(\'0101\') for help."")')"
2000,20000810113700,provider_data_unavailable,"RuntimeError('raw download is incomplete: status=download_failed; cnt_segments=0; channel_table=None; error=ValueError(""Data not available in the time period. Call Client.info(\'0101\') for help."")')"
2000,20000811022500,provider_data_unavailable,"RuntimeError('raw download is incomplete: status=download_failed; cnt_segments=0; channel_table=None; error=ValueError(""Data not available in the time period. Call Client.info(\'0101\') for help."")')"
2000,20000814163300,provider_data_unavailable,"RuntimeError('raw download is incomplete: status=download_failed; cnt_segments=0; channel_table=None; error=ValueError(""Data not available in the time period. Call Client.info(\'0101\') for help."")')"
2000,20000815035500,provider_data_unavailable,"RuntimeError('raw download is incomplete: status=download_failed; cnt_segments=0; channel_table=None; error=ValueError(""Data not available in the time period. Call Client.info(\'0101\') for help."")')"
2000,20000815081800,provider_data_unavailable,"RuntimeError('raw download is incomplete: status=download_failed; cnt_segments=0; channel_table=None; error=ValueError(""Data not available in the time period. Call Client.info(\'0101\') for help."")')"
2000,20000816052100,provider_data_unavailable,"RuntimeError('raw download is incomplete: status=download_failed; cnt_segments=0; channel_table=None; error=ValueError(""Data not available in the time period. Call Client.info(\'0101\') for help."")')"
2000,20000818022700,provider_data_unavailable,"RuntimeError('raw download is incomplete: status=download_failed; cnt_segments=0; channel_table=None; error=ValueError(""Data not available in the time period. Call Client.info(\'0101\') for help."")')"
2000,20000818045300,provider_data_unavailable,"RuntimeError('raw download is incomplete: status=download_failed; cnt_segments=0; channel_table=None; error=ValueError(""Data not available in the time period. Call Client.info(\'0101\') for help."")')"
2000,20000818105200,provider_data_unavailable,"RuntimeError('raw download is incomplete: status=download_failed; cnt_segments=0; channel_table=None; error=ValueError(""Data not available in the time period. Call Client.info(\'0101\') for help."")')"
2000,20000819043600,provider_data_unavailable,"RuntimeError('raw download is incomplete: status=download_failed; cnt_segments=0; channel_table=None; error=ValueError(""Data not available in the time period. Call Client.info(\'0101\') for help."")')"
2000,20000819060500,provider_data_unavailable,"RuntimeError('raw download is incomplete: status=download_failed; cnt_segments=0; channel_table=None; error=ValueError(""Data not available in the time period. Call Client.info(\'0101\') for help."")')"
2000,20000819163800,provider_data_unavailable,"RuntimeError('raw download is incomplete: status=download_failed; cnt_segments=0; channel_table=None; error=ValueError(""Data not available in the time period. Call Client.info(\'0101\') for help."")')"
2000,20000819214100,provider_data_unavailable,"RuntimeError('raw download is incomplete: status=download_failed; cnt_segments=0; channel_table=None; error=ValueError(""Data not available in the time period. Call Client.info(\'0101\') for help."")')"
2000,20000820022600,provider_data_unavailable,"RuntimeError('raw download is incomplete: status=download_failed; cnt_segments=0; channel_table=None; error=ValueError(""Data not available in the time period. Call Client.info(\'0101\') for help."")')"
2000,20000821151800,provider_data_unavailable,"RuntimeError('raw download is incomplete: status=download_failed; cnt_segments=0; channel_table=None; error=ValueError(""Data not available in the time period. Call Client.info(\'0101\') for help."")')"
2000,20000821212700,provider_data_unavailable,"RuntimeError('raw download is incomplete: status=download_failed; cnt_segments=0; channel_table=None; error=ValueError(""Data not available in the time period. Call Client.info(\'0101\') for help."")')"
2000,20000823074600,provider_data_unavailable,"RuntimeError('raw download is incomplete: status=download_failed; cnt_segments=0; channel_table=None; error=ValueError(""Data not available in the time period. Call Client.info(\'0101\') for help."")')"
2000,20000825221200,provider_data_unavailable,"RuntimeError('raw download is incomplete: status=download_failed; cnt_segments=0; channel_table=None; error=ValueError(""Data not available in the time period. Call Client.info(\'0101\') for help."")')"
2000,20000825221700,provider_data_unavailable,"RuntimeError('raw download is incomplete: status=download_failed; cnt_segments=0; channel_table=None; error=ValueError(""Data not available in the time period. Call Client.info(\'0101\') for help."")')"
2000,20000827003000,provider_data_unavailable,"RuntimeError('raw download is incomplete: status=download_failed; cnt_segments=0; channel_table=None; error=ValueError(""Data not available in the time period. Call Client.info(\'0101\') for help."")')"
2000,20000827065400,provider_data_unavailable,"RuntimeError('raw download is incomplete: status=download_failed; cnt_segments=0; channel_table=None; error=ValueError(""Data not available in the time period. Call Client.info(\'0101\') for help."")')"
2000,20000827084200,provider_data_unavailable,"RuntimeError('raw download is incomplete: status=download_failed; cnt_segments=0; channel_table=None; error=ValueError(""Data not available in the time period. Call Client.info(\'0101\') for help."")')"
2000,20000827131300,provider_data_unavailable,"RuntimeError('raw download is incomplete: status=download_failed; cnt_segments=0; channel_table=None; error=ValueError(""Data not available in the time period. Call Client.info(\'0101\') for help."")')"
2000,20000827165400,provider_data_unavailable,"RuntimeError('raw download is incomplete: status=download_failed; cnt_segments=0; channel_table=None; error=ValueError(""Data not available in the time period. Call Client.info(\'0101\') for help."")')"
2000,20000827201900,provider_data_unavailable,"RuntimeError('raw download is incomplete: status=download_failed; cnt_segments=0; channel_table=None; error=ValueError(""Data not available in the time period. Call Client.info(\'0101\') for help."")')"
2000,20000828172000,provider_data_unavailable,"RuntimeError('raw download is incomplete: status=download_failed; cnt_segments=0; channel_table=None; error=ValueError(""Data not available in the time period. Call Client.info(\'0101\') for help."")')"
2000,20000829161900,provider_data_unavailable,"RuntimeError('raw download is incomplete: status=download_failed; cnt_segments=0; channel_table=None; error=ValueError(""Data not available in the time period. Call Client.info(\'0101\') for help."")')"
2000,20000830142300,provider_data_unavailable,"RuntimeError('raw download is incomplete: status=download_failed; cnt_segments=0; channel_table=None; error=ValueError(""Data not available in the time period. Call Client.info(\'0101\') for help."")')"
2000,20000901061300,provider_data_unavailable,"RuntimeError('raw download is incomplete: status=download_failed; cnt_segments=0; channel_table=None; error=ValueError(""Data not available in the time period. Call Client.info(\'0101\') for help."")')"
2000,20000903200100,provider_data_unavailable,"RuntimeError('raw download is incomplete: status=download_failed; cnt_segments=0; channel_table=None; error=ValueError(""Data not available in the time period. Call Client.info(\'0101\') for help."")')"
2000,20000903213500,provider_data_unavailable,"RuntimeError('raw download is incomplete: status=download_failed; cnt_segments=0; channel_table=None; error=ValueError(""Data not available in the time period. Call Client.info(\'0101\') for help."")')"
2000,20000907145100,provider_data_unavailable,"RuntimeError('raw download is incomplete: status=download_failed; cnt_segments=0; channel_table=None; error=ValueError(""Data not available in the time period. Call Client.info(\'0101\') for help."")')"
2000,20000909192400,provider_data_unavailable,"RuntimeError('raw download is incomplete: status=download_failed; cnt_segments=0; channel_table=None; error=ValueError(""Data not available in the time period. Call Client.info(\'0101\') for help."")')"
2000,20000909204800,provider_data_unavailable,"RuntimeError('raw download is incomplete: status=download_failed; cnt_segments=0; channel_table=None; error=ValueError(""Data not available in the time period. Call Client.info(\'0101\') for help."")')"
2000,20000910223600,provider_data_unavailable,"RuntimeError('raw download is incomplete: status=download_failed; cnt_segments=0; channel_table=None; error=ValueError(""Data not available in the time period. Call Client.info(\'0101\') for help."")')"
2000,20000911010500,provider_data_unavailable,"RuntimeError('raw download is incomplete: status=download_failed; cnt_segments=0; channel_table=None; error=ValueError(""Data not available in the time period. Call Client.info(\'0101\') for help."")')"
2000,20000913190800,provider_data_unavailable,"RuntimeError('raw download is incomplete: status=download_failed; cnt_segments=0; channel_table=None; error=ValueError(""Data not available in the time period. Call Client.info(\'0101\') for help."")')"
2000,20000915234300,provider_data_unavailable,"RuntimeError('raw download is incomplete: status=download_failed; cnt_segments=0; channel_table=None; error=ValueError(""Data not available in the time period. Call Client.info(\'0101\') for help."")')"
2000,20000917141800,provider_data_unavailable,"RuntimeError('raw download is incomplete: status=download_failed; cnt_segments=0; channel_table=None; error=ValueError(""Data not available in the time period. Call Client.info(\'0101\') for help."")')"
2000,20000922074300,provider_data_unavailable,"RuntimeError('raw download is incomplete: status=download_failed; cnt_segments=0; channel_table=None; error=ValueError(""Data not available in the time period. Call Client.info(\'0101\') for help."")')"
2000,20000924024200,provider_data_unavailable,"RuntimeError('raw download is incomplete: status=download_failed; cnt_segments=0; channel_table=None; error=ValueError(""Data not available in the time period. Call Client.info(\'0101\') for help."")')"
2000,20000925111500,provider_data_unavailable,"RuntimeError('raw download is incomplete: status=download_failed; cnt_segments=0; channel_table=None; error=ValueError(""Data not available in the time period. Call Client.info(\'0101\') for help."")')"
2000,20000925112300,provider_data_unavailable,"RuntimeError('raw download is incomplete: status=download_failed; cnt_segments=0; channel_table=None; error=ValueError(""Data not available in the time period. Call Client.info(\'0101\') for help."")')"
2000,20000925125200,provider_data_unavailable,"RuntimeError('raw download is incomplete: status=download_failed; cnt_segments=0; channel_table=None; error=ValueError(""Data not available in the time period. Call Client.info(\'0101\') for help."")')"
2000,20000927061400,provider_data_unavailable,"RuntimeError('raw download is incomplete: status=download_failed; cnt_segments=0; channel_table=None; error=ValueError(""Data not available in the time period. Call Client.info(\'0101\') for help."")')"
2000,20000927105600,provider_data_unavailable,"RuntimeError('raw download is incomplete: status=download_failed; cnt_segments=0; channel_table=None; error=ValueError(""Data not available in the time period. Call Client.info(\'0101\') for help."")')"
2000,20000929085600,provider_data_unavailable,"RuntimeError('raw download is incomplete: status=download_failed; cnt_segments=0; channel_table=None; error=ValueError(""Data not available in the time period. Call Client.info(\'0101\') for help."")')"
2000,20000929095600,provider_data_unavailable,"RuntimeError('raw download is incomplete: status=download_failed; cnt_segments=0; channel_table=None; error=ValueError(""Data not available in the time period. Call Client.info(\'0101\') for help."")')"
2000,20000929191400,provider_data_unavailable,"RuntimeError('raw download is incomplete: status=download_failed; cnt_segments=0; channel_table=None; error=ValueError(""Data not available in the time period. Call Client.info(\'0101\') for help."")')"
2000,20000930232400,provider_data_unavailable,"RuntimeError('raw download is incomplete: status=download_failed; cnt_segments=0; channel_table=None; error=ValueError(""Data not available in the time period. Call Client.info(\'0101\') for help."")')"
2000,20001003053000,provider_data_unavailable,"RuntimeError('raw download is incomplete: status=download_failed; cnt_segments=0; channel_table=None; error=ValueError(""Data not available in the time period. Call Client.info(\'0101\') for help."")')"
2000,20001003131300,provider_data_unavailable,"RuntimeError('raw download is incomplete: status=download_failed; cnt_segments=0; channel_table=None; error=ValueError(""Data not available in the time period. Call Client.info(\'0101\') for help."")')"
2000,20001003131800,provider_data_unavailable,"RuntimeError('raw download is incomplete: status=download_failed; cnt_segments=0; channel_table=None; error=ValueError(""Data not available in the time period. Call Client.info(\'0101\') for help."")')"
2000,20001004200000,provider_data_unavailable,"RuntimeError('raw download is incomplete: status=download_failed; cnt_segments=0; channel_table=None; error=ValueError(""Data not available in the time period. Call Client.info(\'0101\') for help."")')"
2000,20001006133000,provider_data_unavailable,"RuntimeError('raw download is incomplete: status=download_failed; cnt_segments=0; channel_table=None; error=ValueError(""Data not available in the time period. Call Client.info(\'0101\') for help."")')"
2000,20001006144300,provider_data_unavailable,"RuntimeError('raw download is incomplete: status=download_failed; cnt_segments=0; channel_table=None; error=ValueError(""Data not available in the time period. Call Client.info(\'0101\') for help."")')"
2000,20001006145200,provider_data_unavailable,"RuntimeError('raw download is incomplete: status=download_failed; cnt_segments=0; channel_table=None; error=ValueError(""Data not available in the time period. Call Client.info(\'0101\') for help."")')"
2000,20001006162100,provider_data_unavailable,"RuntimeError('raw download is incomplete: status=download_failed; cnt_segments=0; channel_table=None; error=ValueError(""Data not available in the time period. Call Client.info(\'0101\') for help."")')"
2000,20001006162500,provider_data_unavailable,"RuntimeError('raw download is incomplete: status=download_failed; cnt_segments=0; channel_table=None; error=ValueError(""Data not available in the time period. Call Client.info(\'0101\') for help."")')"
2000,20001006163800,provider_data_unavailable,"RuntimeError('raw download is incomplete: status=download_failed; cnt_segments=0; channel_table=None; error=ValueError(""Data not available in the time period. Call Client.info(\'0101\') for help."")')"
2000,20001006170500,provider_data_unavailable,"RuntimeError('raw download is incomplete: status=download_failed; cnt_segments=0; channel_table=None; error=ValueError(""Data not available in the time period. Call Client.info(\'0101\') for help."")')"
2000,20001006185400,provider_data_unavailable,"RuntimeError('raw download is incomplete: status=download_failed; cnt_segments=0; channel_table=None; error=ValueError(""Data not available in the time period. Call Client.info(\'0101\') for help."")')"
2000,20001006195700,provider_data_unavailable,"RuntimeError('raw download is incomplete: status=download_failed; cnt_segments=0; channel_table=None; error=ValueError(""Data not available in the time period. Call Client.info(\'0101\') for help."")')"
2000,20001006212900,provider_data_unavailable,"RuntimeError('raw download is incomplete: status=download_failed; cnt_segments=0; channel_table=None; error=ValueError(""Data not available in the time period. Call Client.info(\'0101\') for help."")')"
2000,20001006225700,provider_data_unavailable,"RuntimeError('raw download is incomplete: status=download_failed; cnt_segments=0; channel_table=None; error=ValueError(""Data not available in the time period. Call Client.info(\'0101\') for help."")')"
2000,20001006231300,provider_data_unavailable,"RuntimeError('raw download is incomplete: status=download_failed; cnt_segments=0; channel_table=None; error=ValueError(""Data not available in the time period. Call Client.info(\'0101\') for help."")')"
2000,20001007045600,provider_data_unavailable,"RuntimeError('raw download is incomplete: status=download_failed; cnt_segments=0; channel_table=None; error=ValueError(""Data not available in the time period. Call Client.info(\'0101\') for help."")')"
2000,20001007045900,provider_data_unavailable,"RuntimeError('raw download is incomplete: status=download_failed; cnt_segments=0; channel_table=None; error=ValueError(""Data not available in the time period. Call Client.info(\'0101\') for help."")')"
2000,20001007062200,provider_data_unavailable,"RuntimeError('raw download is incomplete: status=download_failed; cnt_segments=0; channel_table=None; error=ValueError(""Data not available in the time period. Call Client.info(\'0101\') for help."")')"
2000,20001007063800,provider_data_unavailable,"RuntimeError('raw download is incomplete: status=download_failed; cnt_segments=0; channel_table=None; error=ValueError(""Data not available in the time period. Call Client.info(\'0101\') for help."")')"
2000,20001007074900,provider_data_unavailable,"RuntimeError('raw download is incomplete: status=download_failed; cnt_segments=0; channel_table=None; error=ValueError(""Data not available in the time period. Call Client.info(\'0101\') for help."")')"
2000,20001007081700,provider_data_unavailable,"RuntimeError('raw download is incomplete: status=download_failed; cnt_segments=0; channel_table=None; error=ValueError(""Data not available in the time period. Call Client.info(\'0101\') for help."")')"
2000,20001007081900,provider_data_unavailable,"RuntimeError('raw download is incomplete: status=download_failed; cnt_segments=0; channel_table=None; error=ValueError(""Data not available in the time period. Call Client.info(\'0101\') for help."")')"
2000,20001007083000,provider_data_unavailable,"RuntimeError('raw download is incomplete: status=download_failed; cnt_segments=0; channel_table=None; error=ValueError(""Data not available in the time period. Call Client.info(\'0101\') for help."")')"
2000,20001007102700,provider_data_unavailable,"RuntimeError('raw download is incomplete: status=download_failed; cnt_segments=0; channel_table=None; error=ValueError(""Data not available in the time period. Call Client.info(\'0101\') for help."")')"
2000,20001007120300,provider_data_unavailable,"RuntimeError('raw download is incomplete: status=download_failed; cnt_segments=0; channel_table=None; error=ValueError(""Data not available in the time period. Call Client.info(\'0101\') for help."")')"
2000,20001007161000,provider_data_unavailable,"RuntimeError('raw download is incomplete: status=download_failed; cnt_segments=0; channel_table=None; error=ValueError(""Data not available in the time period. Call Client.info(\'0101\') for help."")')"
2000,20001007183200,provider_data_unavailable,"RuntimeError('raw download is incomplete: status=download_failed; cnt_segments=0; channel_table=None; error=ValueError(""Data not available in the time period. Call Client.info(\'0101\') for help."")')"
2000,20001008131700,provider_data_unavailable,"RuntimeError('raw download is incomplete: status=download_failed; cnt_segments=0; channel_table=None; error=ValueError(""Data not available in the time period. Call Client.info(\'0101\') for help."")')"
2000,20001008141700,provider_data_unavailable,"RuntimeError('raw download is incomplete: status=download_failed; cnt_segments=0; channel_table=None; error=ValueError(""Data not available in the time period. Call Client.info(\'0101\') for help."")')"
2000,20001008205100,provider_data_unavailable,"RuntimeError('raw download is incomplete: status=download_failed; cnt_segments=0; channel_table=None; error=ValueError(""Data not available in the time period. Call Client.info(\'0101\') for help."")')"
2000,20001008205900,provider_data_unavailable,"RuntimeError('raw download is incomplete: status=download_failed; cnt_segments=0; channel_table=None; error=ValueError(""Data not available in the time period. Call Client.info(\'0101\') for help."")')"
2000,20001008213400,provider_data_unavailable,"RuntimeError('raw download is incomplete: status=download_failed; cnt_segments=0; channel_table=None; error=ValueError(""Data not available in the time period. Call Client.info(\'0101\') for help."")')"
2000,20001009022000,provider_data_unavailable,"RuntimeError('raw download is incomplete: status=download_failed; cnt_segments=0; channel_table=None; error=ValueError(""Data not available in the time period. Call Client.info(\'0101\') for help."")')"
2000,20001009065900,provider_data_unavailable,"RuntimeError('raw download is incomplete: status=download_failed; cnt_segments=0; channel_table=None; error=ValueError(""Data not available in the time period. Call Client.info(\'0101\') for help."")')"
2000,20001009192400,provider_data_unavailable,"RuntimeError('raw download is incomplete: status=download_failed; cnt_segments=0; channel_table=None; error=ValueError(""Data not available in the time period. Call Client.info(\'0101\') for help."")')"
2000,20001010110700,provider_data_unavailable,"RuntimeError('raw download is incomplete: status=download_failed; cnt_segments=0; channel_table=None; error=ValueError(""Data not available in the time period. Call Client.info(\'0101\') for help."")')"
2000,20001010171900,provider_data_unavailable,"RuntimeError('raw download is incomplete: status=download_failed; cnt_segments=0; channel_table=None; error=ValueError(""Data not available in the time period. Call Client.info(\'0101\') for help."")')"
2000,20001010215800,provider_data_unavailable,"RuntimeError('raw download is incomplete: status=download_failed; cnt_segments=0; channel_table=None; error=ValueError(""Data not available in the time period. Call Client.info(\'0101\') for help."")')"
2000,20001011151500,provider_data_unavailable,"RuntimeError('raw download is incomplete: status=download_failed; cnt_segments=0; channel_table=None; error=ValueError(""Data not available in the time period. Call Client.info(\'0101\') for help."")')"
2000,20001011230300,provider_data_unavailable,"RuntimeError('raw download is incomplete: status=download_failed; cnt_segments=0; channel_table=None; error=ValueError(""Data not available in the time period. Call Client.info(\'0101\') for help."")')"
2000,20001012035300,provider_data_unavailable,"RuntimeError('raw download is incomplete: status=download_failed; cnt_segments=0; channel_table=None; error=ValueError(""Data not available in the time period. Call Client.info(\'0101\') for help."")')"
2000,20001012053500,provider_data_unavailable,"RuntimeError('raw download is incomplete: status=download_failed; cnt_segments=0; channel_table=None; error=ValueError(""Data not available in the time period. Call Client.info(\'0101\') for help."")')"
2000,20001012070900,provider_data_unavailable,"RuntimeError('raw download is incomplete: status=download_failed; cnt_segments=0; channel_table=None; error=ValueError(""Data not available in the time period. Call Client.info(\'0101\') for help."")')"
2000,20001012082400,provider_data_unavailable,"RuntimeError('raw download is incomplete: status=download_failed; cnt_segments=0; channel_table=None; error=ValueError(""Data not available in the time period. Call Client.info(\'0101\') for help."")')"
2000,20001012170700,provider_data_unavailable,"RuntimeError('raw download is incomplete: status=download_failed; cnt_segments=0; channel_table=None; error=ValueError(""Data not available in the time period. Call Client.info(\'0101\') for help."")')"
2000,20001013015400,provider_data_unavailable,"RuntimeError('raw download is incomplete: status=download_failed; cnt_segments=0; channel_table=None; error=ValueError(""Data not available in the time period. Call Client.info(\'0101\') for help."")')"
2000,20001013104400,provider_data_unavailable,"RuntimeError('raw download is incomplete: status=download_failed; cnt_segments=0; channel_table=None; error=ValueError(""Data not available in the time period. Call Client.info(\'0101\') for help."")')"
2000,20001014033600,provider_data_unavailable,"RuntimeError('raw download is incomplete: status=download_failed; cnt_segments=0; channel_table=None; error=ValueError(""Data not available in the time period. Call Client.info(\'0101\') for help."")')"
2000,20001014080100,provider_data_unavailable,"RuntimeError('raw download is incomplete: status=download_failed; cnt_segments=0; channel_table=None; error=ValueError(""Data not available in the time period. Call Client.info(\'0101\') for help."")')"
2000,20001014201900,provider_data_unavailable,"RuntimeError('raw download is incomplete: status=download_failed; cnt_segments=0; channel_table=None; error=ValueError(""Data not available in the time period. Call Client.info(\'0101\') for help."")')"
2000,20001015203300,provider_data_unavailable,"RuntimeError('raw download is incomplete: status=download_failed; cnt_segments=0; channel_table=None; error=ValueError(""Data not available in the time period. Call Client.info(\'0101\') for help."")')"
2000,20001017221000,provider_data_unavailable,"RuntimeError('raw download is incomplete: status=download_failed; cnt_segments=0; channel_table=None; error=ValueError(""Data not available in the time period. Call Client.info(\'0101\') for help."")')"
2000,20001017221700,provider_data_unavailable,"RuntimeError('raw download is incomplete: status=download_failed; cnt_segments=0; channel_table=None; error=ValueError(""Data not available in the time period. Call Client.info(\'0101\') for help."")')"
2000,20001018000000,provider_data_unavailable,"RuntimeError('raw download is incomplete: status=download_failed; cnt_segments=0; channel_table=None; error=ValueError(""Data not available in the time period. Call Client.info(\'0101\') for help."")')"
2000,20001018080500,provider_data_unavailable,"RuntimeError('raw download is incomplete: status=download_failed; cnt_segments=0; channel_table=None; error=ValueError(""Data not available in the time period. Call Client.info(\'0101\') for help."")')"
2000,20001018120400,provider_data_unavailable,"RuntimeError('raw download is incomplete: status=download_failed; cnt_segments=0; channel_table=None; error=ValueError(""Data not available in the time period. Call Client.info(\'0101\') for help."")')"
2000,20001018125800,provider_data_unavailable,"RuntimeError('raw download is incomplete: status=download_failed; cnt_segments=0; channel_table=None; error=ValueError(""Data not available in the time period. Call Client.info(\'0101\') for help."")')"
2000,20001018142200,provider_data_unavailable,"RuntimeError('raw download is incomplete: status=download_failed; cnt_segments=0; channel_table=None; error=ValueError(""Data not available in the time period. Call Client.info(\'0101\') for help."")')"
2000,20001018233900,provider_data_unavailable,"RuntimeError('raw download is incomplete: status=download_failed; cnt_segments=0; channel_table=None; error=ValueError(""Data not available in the time period. Call Client.info(\'0101\') for help."")')"
2000,20001019080300,provider_data_unavailable,"RuntimeError('raw download is incomplete: status=download_failed; cnt_segments=0; channel_table=None; error=ValueError(""Data not available in the time period. Call Client.info(\'0101\') for help."")')"
2000,20001019162500,provider_data_unavailable,"RuntimeError('raw download is incomplete: status=download_failed; cnt_segments=0; channel_table=None; error=ValueError(""Data not available in the time period. Call Client.info(\'0101\') for help."")')"
2000,20001020180400,provider_data_unavailable,"RuntimeError('raw download is incomplete: status=download_failed; cnt_segments=0; channel_table=None; error=ValueError(""Data not available in the time period. Call Client.info(\'0101\') for help."")')"
2000,20001021074000,provider_data_unavailable,"RuntimeError('raw download is incomplete: status=download_failed; cnt_segments=0; channel_table=None; error=ValueError(""Data not available in the time period. Call Client.info(\'0101\') for help."")')"
2000,20001021214400,provider_data_unavailable,"RuntimeError('raw download is incomplete: status=download_failed; cnt_segments=0; channel_table=None; error=ValueError(""Data not available in the time period. Call Client.info(\'0101\') for help."")')"
2000,20001022090600,provider_data_unavailable,"RuntimeError('raw download is incomplete: status=download_failed; cnt_segments=0; channel_table=None; error=ValueError(""Data not available in the time period. Call Client.info(\'0101\') for help."")')"
2000,20001022104100,provider_data_unavailable,"RuntimeError('raw download is incomplete: status=download_failed; cnt_segments=0; channel_table=None; error=ValueError(""Data not available in the time period. Call Client.info(\'0101\') for help."")')"
2000,20001023174500,provider_data_unavailable,"RuntimeError('raw download is incomplete: status=download_failed; cnt_segments=0; channel_table=None; error=ValueError(""Data not available in the time period. Call Client.info(\'0101\') for help."")')"
2000,20001024074300,provider_data_unavailable,"RuntimeError('raw download is incomplete: status=download_failed; cnt_segments=0; channel_table=None; error=ValueError(""Data not available in the time period. Call Client.info(\'0101\') for help."")')"
2000,20001024081100,provider_data_unavailable,"RuntimeError('raw download is incomplete: status=download_failed; cnt_segments=0; channel_table=None; error=ValueError(""Data not available in the time period. Call Client.info(\'0101\') for help."")')"
2000,20001024082400,provider_data_unavailable,"RuntimeError('raw download is incomplete: status=download_failed; cnt_segments=0; channel_table=None; error=ValueError(""Data not available in the time period. Call Client.info(\'0101\') for help."")')"
2000,20001025080300,provider_data_unavailable,"RuntimeError('raw download is incomplete: status=download_failed; cnt_segments=0; channel_table=None; error=ValueError(""Data not available in the time period. Call Client.info(\'0101\') for help."")')"
2000,20001026001900,provider_data_unavailable,"RuntimeError('raw download is incomplete: status=download_failed; cnt_segments=0; channel_table=None; error=ValueError(""Data not available in the time period. Call Client.info(\'0101\') for help."")')"
2000,20001026160600,provider_data_unavailable,"RuntimeError('raw download is incomplete: status=download_failed; cnt_segments=0; channel_table=None; error=ValueError(""Data not available in the time period. Call Client.info(\'0101\') for help."")')"
2000,20001028134800,provider_data_unavailable,"RuntimeError('raw download is incomplete: status=download_failed; cnt_segments=0; channel_table=None; error=ValueError(""Data not available in the time period. Call Client.info(\'0101\') for help."")')"
2000,20001028183000,provider_data_unavailable,"RuntimeError('raw download is incomplete: status=download_failed; cnt_segments=0; channel_table=None; error=ValueError(""Data not available in the time period. Call Client.info(\'0101\') for help."")')"
2000,20001028200800,provider_data_unavailable,"RuntimeError('raw download is incomplete: status=download_failed; cnt_segments=0; channel_table=None; error=ValueError(""Data not available in the time period. Call Client.info(\'0101\') for help."")')"
2000,20001029152900,provider_data_unavailable,"RuntimeError('raw download is incomplete: status=download_failed; cnt_segments=0; channel_table=None; error=ValueError(""Data not available in the time period. Call Client.info(\'0101\') for help."")')"
2000,20001030155800,provider_data_unavailable,"RuntimeError('raw download is incomplete: status=download_failed; cnt_segments=0; channel_table=None; error=ValueError(""Data not available in the time period. Call Client.info(\'0101\') for help."")')"
2000,20001031014300,provider_data_unavailable,"RuntimeError('raw download is incomplete: status=download_failed; cnt_segments=0; channel_table=None; error=ValueError(""Data not available in the time period. Call Client.info(\'0101\') for help."")')"
2000,20001031014800,provider_data_unavailable,"RuntimeError('raw download is incomplete: status=download_failed; cnt_segments=0; channel_table=None; error=ValueError(""Data not available in the time period. Call Client.info(\'0101\') for help."")')"
2000,20001031022100,provider_data_unavailable,"RuntimeError('raw download is incomplete: status=download_failed; cnt_segments=0; channel_table=None; error=ValueError(""Data not available in the time period. Call Client.info(\'0101\') for help."")')"
2000,20001102212100,provider_data_unavailable,"RuntimeError('raw download is incomplete: status=download_failed; cnt_segments=0; channel_table=None; error=ValueError(""Data not available in the time period. Call Client.info(\'0101\') for help."")')"
2000,20001103094000,provider_data_unavailable,"RuntimeError('raw download is incomplete: status=download_failed; cnt_segments=0; channel_table=None; error=ValueError(""Data not available in the time period. Call Client.info(\'0101\') for help."")')"
2000,20001103123700,provider_data_unavailable,"RuntimeError('raw download is incomplete: status=download_failed; cnt_segments=0; channel_table=None; error=ValueError(""Data not available in the time period. Call Client.info(\'0101\') for help."")')"
2000,20001103163300,provider_data_unavailable,"RuntimeError('raw download is incomplete: status=download_failed; cnt_segments=0; channel_table=None; error=ValueError(""Data not available in the time period. Call Client.info(\'0101\') for help."")')"
2000,20001103165300,provider_data_unavailable,"RuntimeError('raw download is incomplete: status=download_failed; cnt_segments=0; channel_table=None; error=ValueError(""Data not available in the time period. Call Client.info(\'0101\') for help."")')"
2000,20001104071500,provider_data_unavailable,"RuntimeError('raw download is incomplete: status=download_failed; cnt_segments=0; channel_table=None; error=ValueError(""Data not available in the time period. Call Client.info(\'0101\') for help."")')"
2000,20001104104800,provider_data_unavailable,"RuntimeError('raw download is incomplete: status=download_failed; cnt_segments=0; channel_table=None; error=ValueError(""Data not available in the time period. Call Client.info(\'0101\') for help."")')"
2000,20001105030000,provider_data_unavailable,"RuntimeError('raw download is incomplete: status=download_failed; cnt_segments=0; channel_table=None; error=ValueError(""Data not available in the time period. Call Client.info(\'0101\') for help."")')"
2000,20001105115400,provider_data_unavailable,"RuntimeError('raw download is incomplete: status=download_failed; cnt_segments=0; channel_table=None; error=ValueError(""Data not available in the time period. Call Client.info(\'0101\') for help."")')"
2000,20001110190900,provider_data_unavailable,"RuntimeError('raw download is incomplete: status=download_failed; cnt_segments=0; channel_table=None; error=ValueError(""Data not available in the time period. Call Client.info(\'0101\') for help."")')"
2000,20001112141500,provider_data_unavailable,"RuntimeError('raw download is incomplete: status=download_failed; cnt_segments=0; channel_table=None; error=ValueError(""Data not available in the time period. Call Client.info(\'0101\') for help."")')"
2000,20001112193800,provider_data_unavailable,"RuntimeError('raw download is incomplete: status=download_failed; cnt_segments=0; channel_table=None; error=ValueError(""Data not available in the time period. Call Client.info(\'0101\') for help."")')"
2000,20001113183200,provider_data_unavailable,"RuntimeError('raw download is incomplete: status=download_failed; cnt_segments=0; channel_table=None; error=ValueError(""Data not available in the time period. Call Client.info(\'0101\') for help."")')"
2000,20001114005700,provider_data_unavailable,"RuntimeError('raw download is incomplete: status=download_failed; cnt_segments=0; channel_table=None; error=ValueError(""Data not available in the time period. Call Client.info(\'0101\') for help."")')"
2000,20001114041300,provider_data_unavailable,"RuntimeError('raw download is incomplete: status=download_failed; cnt_segments=0; channel_table=None; error=ValueError(""Data not available in the time period. Call Client.info(\'0101\') for help."")')"
2000,20001114041500,provider_data_unavailable,"RuntimeError('raw download is incomplete: status=download_failed; cnt_segments=0; channel_table=None; error=ValueError(""Data not available in the time period. Call Client.info(\'0101\') for help."")')"
2000,20001114050100,provider_data_unavailable,"RuntimeError('raw download is incomplete: status=download_failed; cnt_segments=0; channel_table=None; error=ValueError(""Data not available in the time period. Call Client.info(\'0101\') for help."")')"
2000,20001114125300,provider_data_unavailable,"RuntimeError('raw download is incomplete: status=download_failed; cnt_segments=0; channel_table=None; error=ValueError(""Data not available in the time period. Call Client.info(\'0101\') for help."")')"
2000,20001115231900,provider_data_unavailable,"RuntimeError('raw download is incomplete: status=download_failed; cnt_segments=0; channel_table=None; error=ValueError(""Data not available in the time period. Call Client.info(\'0101\') for help."")')"
2000,20001116183100,provider_data_unavailable,"RuntimeError('raw download is incomplete: status=download_failed; cnt_segments=0; channel_table=None; error=ValueError(""Data not available in the time period. Call Client.info(\'0101\') for help."")')"
2000,20001117185600,provider_data_unavailable,"RuntimeError('raw download is incomplete: status=download_failed; cnt_segments=0; channel_table=None; error=ValueError(""Data not available in the time period. Call Client.info(\'0101\') for help."")')"
2000,20001117210500,provider_data_unavailable,"RuntimeError('raw download is incomplete: status=download_failed; cnt_segments=0; channel_table=None; error=ValueError(""Data not available in the time period. Call Client.info(\'0101\') for help."")')"
2000,20001117232200,provider_data_unavailable,"RuntimeError('raw download is incomplete: status=download_failed; cnt_segments=0; channel_table=None; error=ValueError(""Data not available in the time period. Call Client.info(\'0101\') for help."")')"
2000,20001118171900,provider_data_unavailable,"RuntimeError('raw download is incomplete: status=download_failed; cnt_segments=0; channel_table=None; error=ValueError(""Data not available in the time period. Call Client.info(\'0101\') for help."")')"
2000,20001118181300,provider_data_unavailable,"RuntimeError('raw download is incomplete: status=download_failed; cnt_segments=0; channel_table=None; error=ValueError(""Data not available in the time period. Call Client.info(\'0101\') for help."")')"
2000,20001119114100,provider_data_unavailable,"RuntimeError('raw download is incomplete: status=download_failed; cnt_segments=0; channel_table=None; error=ValueError(""Data not available in the time period. Call Client.info(\'0101\') for help."")')"
2000,20001119154400,provider_data_unavailable,"RuntimeError('raw download is incomplete: status=download_failed; cnt_segments=0; channel_table=None; error=ValueError(""Data not available in the time period. Call Client.info(\'0101\') for help."")')"
2000,20001120092000,provider_data_unavailable,"RuntimeError('raw download is incomplete: status=download_failed; cnt_segments=0; channel_table=None; error=ValueError(""Data not available in the time period. Call Client.info(\'0101\') for help."")')"
2000,20001122035200,provider_data_unavailable,"RuntimeError('raw download is incomplete: status=download_failed; cnt_segments=0; channel_table=None; error=ValueError(""Data not available in the time period. Call Client.info(\'0101\') for help."")')"
2000,20001123131500,provider_data_unavailable,"RuntimeError('raw download is incomplete: status=download_failed; cnt_segments=0; channel_table=None; error=ValueError(""Data not available in the time period. Call Client.info(\'0101\') for help."")')"
2000,20001126044200,provider_data_unavailable,"RuntimeError('raw download is incomplete: status=download_failed; cnt_segments=0; channel_table=None; error=ValueError(""Data not available in the time period. Call Client.info(\'0101\') for help."")')"
2000,20001126163100,provider_data_unavailable,"RuntimeError('raw download is incomplete: status=download_failed; cnt_segments=0; channel_table=None; error=ValueError(""Data not available in the time period. Call Client.info(\'0101\') for help."")')"
2000,20001201034600,provider_data_unavailable,"RuntimeError('raw download is incomplete: status=download_failed; cnt_segments=0; channel_table=None; error=ValueError(""Data not available in the time period. Call Client.info(\'0101\') for help."")')"
2000,20001203061200,provider_data_unavailable,"RuntimeError('raw download is incomplete: status=download_failed; cnt_segments=0; channel_table=None; error=ValueError(""Data not available in the time period. Call Client.info(\'0101\') for help."")')"
2000,20001205014700,provider_data_unavailable,"RuntimeError('raw download is incomplete: status=download_failed; cnt_segments=0; channel_table=None; error=ValueError(""Data not available in the time period. Call Client.info(\'0101\') for help."")')"
2000,20001206151200,provider_data_unavailable,"RuntimeError('raw download is incomplete: status=download_failed; cnt_segments=0; channel_table=None; error=ValueError(""Data not available in the time period. Call Client.info(\'0101\') for help."")')"
2000,20001207200300,provider_data_unavailable,"RuntimeError('raw download is incomplete: status=download_failed; cnt_segments=0; channel_table=None; error=ValueError(""Data not available in the time period. Call Client.info(\'0101\') for help."")')"
2000,20001207230900,provider_data_unavailable,"RuntimeError('raw download is incomplete: status=download_failed; cnt_segments=0; channel_table=None; error=ValueError(""Data not available in the time period. Call Client.info(\'0101\') for help."")')"
2000,20001208022200,provider_data_unavailable,"RuntimeError('raw download is incomplete: status=download_failed; cnt_segments=0; channel_table=None; error=ValueError(""Data not available in the time period. Call Client.info(\'0101\') for help."")')"
2000,20001208044200,provider_data_unavailable,"RuntimeError('raw download is incomplete: status=download_failed; cnt_segments=0; channel_table=None; error=ValueError(""Data not available in the time period. Call Client.info(\'0101\') for help."")')"
2000,20001209024800,provider_data_unavailable,"RuntimeError('raw download is incomplete: status=download_failed; cnt_segments=0; channel_table=None; error=ValueError(""Data not available in the time period. Call Client.info(\'0101\') for help."")')"
2000,20001210213000,provider_data_unavailable,"RuntimeError('raw download is incomplete: status=download_failed; cnt_segments=0; channel_table=None; error=ValueError(""Data not available in the time period. Call Client.info(\'0101\') for help."")')"
2000,20001211024400,provider_data_unavailable,"RuntimeError('raw download is incomplete: status=download_failed; cnt_segments=0; channel_table=None; error=ValueError(""Data not available in the time period. Call Client.info(\'0101\') for help."")')"
2000,20001219061800,provider_data_unavailable,"RuntimeError('raw download is incomplete: status=download_failed; cnt_segments=0; channel_table=None; error=ValueError(""Data not available in the time period. Call Client.info(\'0101\') for help."")')"
2000,20001220100400,provider_data_unavailable,"RuntimeError('raw download is incomplete: status=download_failed; cnt_segments=0; channel_table=None; error=ValueError(""Data not available in the time period. Call Client.info(\'0101\') for help."")')"
2000,20001220212200,provider_data_unavailable,"RuntimeError('raw download is incomplete: status=download_failed; cnt_segments=0; channel_table=None; error=ValueError(""Data not available in the time period. Call Client.info(\'0101\') for help."")')"
2000,20001226020800,provider_data_unavailable,"RuntimeError('raw download is incomplete: status=download_failed; cnt_segments=0; channel_table=None; error=ValueError(""Data not available in the time period. Call Client.info(\'0101\') for help."")')"
2000,20001229114800,provider_data_unavailable,"RuntimeError('raw download is incomplete: status=download_failed; cnt_segments=0; channel_table=None; error=ValueError(""Data not available in the time period. Call Client.info(\'0101\') for help."")')"
2000,20001230171800,provider_data_unavailable,"RuntimeError('raw download is incomplete: status=download_failed; cnt_segments=0; channel_table=None; error=ValueError(""Data not available in the time period. Call Client.info(\'0101\') for help."")')"
2000,20001231225100,provider_data_unavailable,"RuntimeError('raw download is incomplete: status=download_failed; cnt_segments=0; channel_table=None; error=ValueError(""Data not available in the time period. Call Client.info(\'0101\') for help."")')"
2000,20001231233700,provider_data_unavailable,"RuntimeError('raw download is incomplete: status=download_failed; cnt_segments=0; channel_table=None; error=ValueError(""Data not available in the time period. Call Client.info(\'0101\') for help."")')"
2001,20010102153200,provider_data_unavailable,"RuntimeError('raw download is incomplete: status=download_failed; cnt_segments=0; channel_table=None; error=ValueError(""Data not available in the time period. Call Client.info(\'0101\') for help."")')"
2001,20010102195300,provider_data_unavailable,"RuntimeError('raw download is incomplete: status=download_failed; cnt_segments=0; channel_table=None; error=ValueError(""Data not available in the time period. Call Client.info(\'0101\') for help."")')"
2001,20010103234700,provider_data_unavailable,"RuntimeError('raw download is incomplete: status=download_failed; cnt_segments=0; channel_table=None; error=ValueError(""Data not available in the time period. Call Client.info(\'0101\') for help."")')"
2001,20010104131800,provider_data_unavailable,"RuntimeError('raw download is incomplete: status=download_failed; cnt_segments=0; channel_table=None; error=ValueError(""Data not available in the time period. Call Client.info(\'0101\') for help."")')"
2001,20010104150800,provider_data_unavailable,"RuntimeError('raw download is incomplete: status=download_failed; cnt_segments=0; channel_table=None; error=ValueError(""Data not available in the time period. Call Client.info(\'0101\') for help."")')"
2001,20010104223100,provider_data_unavailable,"RuntimeError('raw download is incomplete: status=download_failed; cnt_segments=0; channel_table=None; error=ValueError(""Data not available in the time period. Call Client.info(\'0101\') for help."")')"
2001,20010105051500,provider_data_unavailable,"RuntimeError('raw download is incomplete: status=download_failed; cnt_segments=0; channel_table=None; error=ValueError(""Data not available in the time period. Call Client.info(\'0101\') for help."")')"
2001,20010106114800,provider_data_unavailable,"RuntimeError('raw download is incomplete: status=download_failed; cnt_segments=0; channel_table=None; error=ValueError(""Data not available in the time period. Call Client.info(\'0101\') for help."")')"
2001,20010107025600,provider_data_unavailable,"RuntimeError('raw download is incomplete: status=download_failed; cnt_segments=0; channel_table=None; error=ValueError(""Data not available in the time period. Call Client.info(\'0101\') for help."")')"
2001,20010109133700,provider_data_unavailable,"RuntimeError('raw download is incomplete: status=download_failed; cnt_segments=0; channel_table=None; error=ValueError(""Data not available in the time period. Call Client.info(\'0101\') for help."")')"
2001,20010110190900,provider_data_unavailable,"RuntimeError('raw download is incomplete: status=download_failed; cnt_segments=0; channel_table=None; error=ValueError(""Data not available in the time period. Call Client.info(\'0101\') for help."")')"
2001,20010112080000,provider_data_unavailable,"RuntimeError('raw download is incomplete: status=download_failed; cnt_segments=0; channel_table=None; error=ValueError(""Data not available in the time period. Call Client.info(\'0101\') for help."")')"
2001,20010112182700,provider_data_unavailable,"RuntimeError('raw download is incomplete: status=download_failed; cnt_segments=0; channel_table=None; error=ValueError(""Data not available in the time period. Call Client.info(\'0101\') for help."")')"
2001,20010113235200,provider_data_unavailable,"RuntimeError('raw download is incomplete: status=download_failed; cnt_segments=0; channel_table=None; error=ValueError(""Data not available in the time period. Call Client.info(\'0101\') for help."")')"
2001,20010114085500,provider_data_unavailable,"RuntimeError('raw download is incomplete: status=download_failed; cnt_segments=0; channel_table=None; error=ValueError(""Data not available in the time period. Call Client.info(\'0101\') for help."")')"
2001,20010115222500,provider_data_unavailable,"RuntimeError('raw download is incomplete: status=download_failed; cnt_segments=0; channel_table=None; error=ValueError(""Data not available in the time period. Call Client.info(\'0101\') for help."")')"
2001,20010115232000,provider_data_unavailable,"RuntimeError('raw download is incomplete: status=download_failed; cnt_segments=0; channel_table=None; error=ValueError(""Data not available in the time period. Call Client.info(\'0101\') for help."")')"
2001,20010116044400,provider_data_unavailable,"RuntimeError('raw download is incomplete: status=download_failed; cnt_segments=0; channel_table=None; error=ValueError(""Data not available in the time period. Call Client.info(\'0101\') for help."")')"
2001,20010116154500,provider_data_unavailable,"RuntimeError('raw download is incomplete: status=download_failed; cnt_segments=0; channel_table=None; error=ValueError(""Data not available in the time period. Call Client.info(\'0101\') for help."")')"
2001,20010116180600,provider_data_unavailable,"RuntimeError('raw download is incomplete: status=download_failed; cnt_segments=0; channel_table=None; error=ValueError(""Data not available in the time period. Call Client.info(\'0101\') for help."")')"
2001,20010119081100,provider_data_unavailable,"RuntimeError('raw download is incomplete: status=download_failed; cnt_segments=0; channel_table=None; error=ValueError(""Data not available in the time period. Call Client.info(\'0101\') for help."")')"
2001,20010120052000,provider_data_unavailable,"RuntimeError('raw download is incomplete: status=download_failed; cnt_segments=0; channel_table=None; error=ValueError(""Data not available in the time period. Call Client.info(\'0101\') for help."")')"
2001,20010120052700,provider_data_unavailable,"RuntimeError('raw download is incomplete: status=download_failed; cnt_segments=0; channel_table=None; error=ValueError(""Data not available in the time period. Call Client.info(\'0101\') for help."")')"
2001,20010120062500,provider_data_unavailable,"RuntimeError('raw download is incomplete: status=download_failed; cnt_segments=0; channel_table=None; error=ValueError(""Data not available in the time period. Call Client.info(\'0101\') for help."")')"
2001,20010120070500,provider_data_unavailable,"RuntimeError('raw download is incomplete: status=download_failed; cnt_segments=0; channel_table=None; error=ValueError(""Data not available in the time period. Call Client.info(\'0101\') for help."")')"
2001,20010120072400,provider_data_unavailable,"RuntimeError('raw download is incomplete: status=download_failed; cnt_segments=0; channel_table=None; error=ValueError(""Data not available in the time period. Call Client.info(\'0101\') for help."")')"
2001,20010120084800,provider_data_unavailable,"RuntimeError('raw download is incomplete: status=download_failed; cnt_segments=0; channel_table=None; error=ValueError(""Data not available in the time period. Call Client.info(\'0101\') for help."")')"
2001,20010120205900,provider_data_unavailable,"RuntimeError('raw download is incomplete: status=download_failed; cnt_segments=0; channel_table=None; error=ValueError(""Data not available in the time period. Call Client.info(\'0101\') for help."")')"
2001,20010121014600,provider_data_unavailable,"RuntimeError('raw download is incomplete: status=download_failed; cnt_segments=0; channel_table=None; error=ValueError(""Data not available in the time period. Call Client.info(\'0101\') for help."")')"
2001,20010121024900,provider_data_unavailable,"RuntimeError('raw download is incomplete: status=download_failed; cnt_segments=0; channel_table=None; error=ValueError(""Data not available in the time period. Call Client.info(\'0101\') for help."")')"
2001,20010122094300,provider_data_unavailable,"RuntimeError('raw download is incomplete: status=download_failed; cnt_segments=0; channel_table=None; error=ValueError(""Data not available in the time period. Call Client.info(\'0101\') for help."")')"
2001,20010122132000,provider_data_unavailable,"RuntimeError('raw download is incomplete: status=download_failed; cnt_segments=0; channel_table=None; error=ValueError(""Data not available in the time period. Call Client.info(\'0101\') for help."")')"
2001,20010123211400,provider_data_unavailable,"RuntimeError('raw download is incomplete: status=download_failed; cnt_segments=0; channel_table=None; error=ValueError(""Data not available in the time period. Call Client.info(\'0101\') for help."")')"
2001,20010124000300,provider_data_unavailable,"RuntimeError('raw download is incomplete: status=download_failed; cnt_segments=0; channel_table=None; error=ValueError(""Data not available in the time period. Call Client.info(\'0101\') for help."")')"
2001,20010125161800,provider_data_unavailable,"RuntimeError('raw download is incomplete: status=download_failed; cnt_segments=0; channel_table=None; error=ValueError(""Data not available in the time period. Call Client.info(\'0101\') for help."")')"
2001,20010125194500,provider_data_unavailable,"RuntimeError('raw download is incomplete: status=download_failed; cnt_segments=0; channel_table=None; error=ValueError(""Data not available in the time period. Call Client.info(\'0101\') for help."")')"
2001,20010125213300,provider_data_unavailable,"RuntimeError('raw download is incomplete: status=download_failed; cnt_segments=0; channel_table=None; error=ValueError(""Data not available in the time period. Call Client.info(\'0101\') for help."")')"
2001,20010126084200,provider_data_unavailable,"RuntimeError('raw download is incomplete: status=download_failed; cnt_segments=0; channel_table=None; error=ValueError(""Data not available in the time period. Call Client.info(\'0101\') for help."")')"
2001,20010126212900,provider_data_unavailable,"RuntimeError('raw download is incomplete: status=download_failed; cnt_segments=0; channel_table=None; error=ValueError(""Data not available in the time period. Call Client.info(\'0101\') for help."")')"
2001,20010127165400,provider_data_unavailable,"RuntimeError('raw download is incomplete: status=download_failed; cnt_segments=0; channel_table=None; error=ValueError(""Data not available in the time period. Call Client.info(\'0101\') for help."")')"
2001,20010129071900,provider_data_unavailable,"RuntimeError('raw download is incomplete: status=download_failed; cnt_segments=0; channel_table=None; error=ValueError(""Data not available in the time period. Call Client.info(\'0101\') for help."")')"
2001,20010129095900,provider_data_unavailable,"RuntimeError('raw download is incomplete: status=download_failed; cnt_segments=0; channel_table=None; error=ValueError(""Data not available in the time period. Call Client.info(\'0101\') for help."")')"
2001,20010201015000,provider_data_unavailable,"RuntimeError('raw download is incomplete: status=download_failed; cnt_segments=0; channel_table=None; error=ValueError(""Data not available in the time period. Call Client.info(\'0101\') for help."")')"
2001,20010202081000,provider_data_unavailable,"RuntimeError('raw download is incomplete: status=download_failed; cnt_segments=0; channel_table=None; error=ValueError(""Data not available in the time period. Call Client.info(\'0101\') for help."")')"
2001,20010205033400,provider_data_unavailable,"RuntimeError('raw download is incomplete: status=download_failed; cnt_segments=0; channel_table=None; error=ValueError(""Data not available in the time period. Call Client.info(\'0101\') for help."")')"
2001,20010205041700,provider_data_unavailable,"RuntimeError('raw download is incomplete: status=download_failed; cnt_segments=0; channel_table=None; error=ValueError(""Data not available in the time period. Call Client.info(\'0101\') for help."")')"
2001,20010205104600,provider_data_unavailable,"RuntimeError('raw download is incomplete: status=download_failed; cnt_segments=0; channel_table=None; error=ValueError(""Data not available in the time period. Call Client.info(\'0101\') for help."")')"
2001,20010208002400,provider_data_unavailable,"RuntimeError('raw download is incomplete: status=download_failed; cnt_segments=0; channel_table=None; error=ValueError(""Data not available in the time period. Call Client.info(\'0101\') for help."")')"
2001,20010208141200,provider_data_unavailable,"RuntimeError('raw download is incomplete: status=download_failed; cnt_segments=0; channel_table=None; error=ValueError(""Data not available in the time period. Call Client.info(\'0101\') for help."")')"
2001,20010210085100,provider_data_unavailable,"RuntimeError('raw download is incomplete: status=download_failed; cnt_segments=0; channel_table=None; error=ValueError(""Data not available in the time period. Call Client.info(\'0101\') for help."")')"
2001,20010210174500,provider_data_unavailable,"RuntimeError('raw download is incomplete: status=download_failed; cnt_segments=0; channel_table=None; error=ValueError(""Data not available in the time period. Call Client.info(\'0101\') for help."")')"
2001,20010211091700,provider_data_unavailable,"RuntimeError('raw download is incomplete: status=download_failed; cnt_segments=0; channel_table=None; error=ValueError(""Data not available in the time period. Call Client.info(\'0101\') for help."")')"
2001,20010211125100,provider_data_unavailable,"RuntimeError('raw download is incomplete: status=download_failed; cnt_segments=0; channel_table=None; error=ValueError(""Data not available in the time period. Call Client.info(\'0101\') for help."")')"
2001,20010215053300,provider_data_unavailable,"RuntimeError('raw download is incomplete: status=download_failed; cnt_segments=0; channel_table=None; error=ValueError(""Data not available in the time period. Call Client.info(\'0101\') for help."")')"
2001,20010216021900,provider_data_unavailable,"RuntimeError('raw download is incomplete: status=download_failed; cnt_segments=0; channel_table=None; error=ValueError(""Data not available in the time period. Call Client.info(\'0101\') for help."")')"
2001,20010218095700,provider_data_unavailable,"RuntimeError('raw download is incomplete: status=download_failed; cnt_segments=0; channel_table=None; error=ValueError(""Data not available in the time period. Call Client.info(\'0101\') for help."")')"
2001,20010218161700,provider_data_unavailable,"RuntimeError('raw download is incomplete: status=download_failed; cnt_segments=0; channel_table=None; error=ValueError(""Data not available in the time period. Call Client.info(\'0101\') for help."")')"
2001,20010221030500,provider_data_unavailable,"RuntimeError('raw download is incomplete: status=download_failed; cnt_segments=0; channel_table=None; error=ValueError(""Data not available in the time period. Call Client.info(\'0101\') for help."")')"
2001,20010223072300,provider_data_unavailable,"RuntimeError('raw download is incomplete: status=download_failed; cnt_segments=0; channel_table=None; error=ValueError(""Data not available in the time period. Call Client.info(\'0101\') for help."")')"
2001,20010223085800,provider_data_unavailable,"RuntimeError('raw download is incomplete: status=download_failed; cnt_segments=0; channel_table=None; error=ValueError(""Data not available in the time period. Call Client.info(\'0101\') for help."")')"
2001,20010225065400,provider_data_unavailable,"RuntimeError('raw download is incomplete: status=download_failed; cnt_segments=0; channel_table=None; error=ValueError(""Data not available in the time period. Call Client.info(\'0101\') for help."")')"
2001,20010226124800,provider_data_unavailable,"RuntimeError('raw download is incomplete: status=download_failed; cnt_segments=0; channel_table=None; error=ValueError(""Data not available in the time period. Call Client.info(\'0101\') for help."")')"
2001,20010226150800,provider_data_unavailable,"RuntimeError('raw download is incomplete: status=download_failed; cnt_segments=0; channel_table=None; error=ValueError(""Data not available in the time period. Call Client.info(\'0101\') for help."")')"
2001,20010302073000,provider_data_unavailable,"RuntimeError('raw download is incomplete: status=download_failed; cnt_segments=0; channel_table=None; error=ValueError(""Data not available in the time period. Call Client.info(\'0101\') for help."")')"
2001,20010302185200,provider_data_unavailable,"RuntimeError('raw download is incomplete: status=download_failed; cnt_segments=0; channel_table=None; error=ValueError(""Data not available in the time period. Call Client.info(\'0101\') for help."")')"
2001,20010303191100,provider_data_unavailable,"RuntimeError('raw download is incomplete: status=download_failed; cnt_segments=0; channel_table=None; error=ValueError(""Data not available in the time period. Call Client.info(\'0101\') for help."")')"
2001,20010304192000,provider_data_unavailable,"RuntimeError('raw download is incomplete: status=download_failed; cnt_segments=0; channel_table=None; error=ValueError(""Data not available in the time period. Call Client.info(\'0101\') for help."")')"
2001,20010306143200,provider_data_unavailable,"RuntimeError('raw download is incomplete: status=download_failed; cnt_segments=0; channel_table=None; error=ValueError(""Data not available in the time period. Call Client.info(\'0101\') for help."")')"
2001,20010306193600,provider_data_unavailable,"RuntimeError('raw download is incomplete: status=download_failed; cnt_segments=0; channel_table=None; error=ValueError(""Data not available in the time period. Call Client.info(\'0101\') for help."")')"
2001,20010309034300,provider_data_unavailable,"RuntimeError('raw download is incomplete: status=download_failed; cnt_segments=0; channel_table=None; error=ValueError(""Data not available in the time period. Call Client.info(\'0101\') for help."")')"
2001,20010309050600,provider_data_unavailable,"RuntimeError('raw download is incomplete: status=download_failed; cnt_segments=0; channel_table=None; error=ValueError(""Data not available in the time period. Call Client.info(\'0101\') for help."")')"
2001,20010310180400,provider_data_unavailable,"RuntimeError('raw download is incomplete: status=download_failed; cnt_segments=0; channel_table=None; error=ValueError(""Data not available in the time period. Call Client.info(\'0101\') for help."")')"
2001,20010312063600,provider_data_unavailable,"RuntimeError('raw download is incomplete: status=download_failed; cnt_segments=0; channel_table=None; error=ValueError(""Data not available in the time period. Call Client.info(\'0101\') for help."")')"
2001,20010312115800,provider_data_unavailable,"RuntimeError('raw download is incomplete: status=download_failed; cnt_segments=0; channel_table=None; error=ValueError(""Data not available in the time period. Call Client.info(\'0101\') for help."")')"
2001,20010316122400,provider_data_unavailable,"RuntimeError('raw download is incomplete: status=download_failed; cnt_segments=0; channel_table=None; error=ValueError(""Data not available in the time period. Call Client.info(\'0101\') for help."")')"
2001,20010320204000,provider_data_unavailable,"RuntimeError('raw download is incomplete: status=download_failed; cnt_segments=0; channel_table=None; error=ValueError(""Data not available in the time period. Call Client.info(\'0101\') for help."")')"
2001,20010323074400,provider_data_unavailable,"RuntimeError('raw download is incomplete: status=download_failed; cnt_segments=0; channel_table=None; error=ValueError(""Data not available in the time period. Call Client.info(\'0101\') for help."")')"
2001,20010323203000,provider_data_unavailable,"RuntimeError('raw download is incomplete: status=download_failed; cnt_segments=0; channel_table=None; error=ValueError(""Data not available in the time period. Call Client.info(\'0101\') for help."")')"
2001,20010324152800,provider_data_unavailable,"RuntimeError('raw download is incomplete: status=download_failed; cnt_segments=0; channel_table=None; error=ValueError(""Data not available in the time period. Call Client.info(\'0101\') for help."")')"
2001,20010324154800,provider_data_unavailable,"RuntimeError('raw download is incomplete: status=download_failed; cnt_segments=0; channel_table=None; error=ValueError(""Data not available in the time period. Call Client.info(\'0101\') for help."")')"
2001,20010324162500,provider_data_unavailable,"RuntimeError('raw download is incomplete: status=download_failed; cnt_segments=0; channel_table=None; error=ValueError(""Data not available in the time period. Call Client.info(\'0101\') for help."")')"
2001,20010324170200,provider_data_unavailable,"RuntimeError('raw download is incomplete: status=download_failed; cnt_segments=0; channel_table=None; error=ValueError(""Data not available in the time period. Call Client.info(\'0101\') for help."")')"
2001,20010324223700,provider_data_unavailable,"RuntimeError('raw download is incomplete: status=download_failed; cnt_segments=0; channel_table=None; error=ValueError(""Data not available in the time period. Call Client.info(\'0101\') for help."")')"
2001,20010325021900,provider_data_unavailable,"RuntimeError('raw download is incomplete: status=download_failed; cnt_segments=0; channel_table=None; error=ValueError(""Data not available in the time period. Call Client.info(\'0101\') for help."")')"
2001,20010325091000,provider_data_unavailable,"RuntimeError('raw download is incomplete: status=download_failed; cnt_segments=0; channel_table=None; error=ValueError(""Data not available in the time period. Call Client.info(\'0101\') for help."")')"
2001,20010325191900,provider_data_unavailable,"RuntimeError('raw download is incomplete: status=download_failed; cnt_segments=0; channel_table=None; error=ValueError(""Data not available in the time period. Call Client.info(\'0101\') for help."")')"
2001,20010325194300,provider_data_unavailable,"RuntimeError('raw download is incomplete: status=download_failed; cnt_segments=0; channel_table=None; error=ValueError(""Data not available in the time period. Call Client.info(\'0101\') for help."")')"
2001,20010326021600,provider_data_unavailable,"RuntimeError('raw download is incomplete: status=download_failed; cnt_segments=0; channel_table=None; error=ValueError(""Data not available in the time period. Call Client.info(\'0101\') for help."")')"
2001,20010326053600,provider_data_unavailable,"RuntimeError('raw download is incomplete: status=download_failed; cnt_segments=0; channel_table=None; error=ValueError(""Data not available in the time period. Call Client.info(\'0101\') for help."")')"
2001,20010326054100,provider_data_unavailable,"RuntimeError('raw download is incomplete: status=download_failed; cnt_segments=0; channel_table=None; error=ValueError(""Data not available in the time period. Call Client.info(\'0101\') for help."")')"
2001,20010326072500,provider_data_unavailable,"RuntimeError('raw download is incomplete: status=download_failed; cnt_segments=0; channel_table=None; error=ValueError(""Data not available in the time period. Call Client.info(\'0101\') for help."")')"
2001,20010326185900,provider_data_unavailable,"RuntimeError('raw download is incomplete: status=download_failed; cnt_segments=0; channel_table=None; error=ValueError(""Data not available in the time period. Call Client.info(\'0101\') for help."")')"
2001,20010330045000,provider_data_unavailable,"RuntimeError('raw download is incomplete: status=download_failed; cnt_segments=0; channel_table=None; error=ValueError(""Data not available in the time period. Call Client.info(\'0101\') for help."")')"
2001,20010331042500,provider_data_unavailable,"RuntimeError('raw download is incomplete: status=download_failed; cnt_segments=0; channel_table=None; error=ValueError(""Data not available in the time period. Call Client.info(\'0101\') for help."")')"
2001,20010331060900,provider_data_unavailable,"RuntimeError('raw download is incomplete: status=download_failed; cnt_segments=0; channel_table=None; error=ValueError(""Data not available in the time period. Call Client.info(\'0101\') for help."")')"
2001,20010331061700,provider_data_unavailable,"RuntimeError('raw download is incomplete: status=download_failed; cnt_segments=0; channel_table=None; error=ValueError(""Data not available in the time period. Call Client.info(\'0101\') for help."")')"
2001,20010331070000,provider_data_unavailable,"RuntimeError('raw download is incomplete: status=download_failed; cnt_segments=0; channel_table=None; error=ValueError(""Data not available in the time period. Call Client.info(\'0101\') for help."")')"
2001,20010401173000,provider_data_unavailable,"RuntimeError('raw download is incomplete: status=download_failed; cnt_segments=0; channel_table=None; error=ValueError(""Data not available in the time period. Call Client.info(\'0101\') for help."")')"
2001,20010401174400,provider_data_unavailable,"RuntimeError('raw download is incomplete: status=download_failed; cnt_segments=0; channel_table=None; error=ValueError(""Data not available in the time period. Call Client.info(\'0101\') for help."")')"
2001,20010403045400,provider_data_unavailable,"RuntimeError('raw download is incomplete: status=download_failed; cnt_segments=0; channel_table=None; error=ValueError(""Data not available in the time period. Call Client.info(\'0101\') for help."")')"
2001,20010403211400,provider_data_unavailable,"RuntimeError('raw download is incomplete: status=download_failed; cnt_segments=0; channel_table=None; error=ValueError(""Data not available in the time period. Call Client.info(\'0101\') for help."")')"
2001,20010403235700,provider_data_unavailable,"RuntimeError('raw download is incomplete: status=download_failed; cnt_segments=0; channel_table=None; error=ValueError(""Data not available in the time period. Call Client.info(\'0101\') for help."")')"
2001,20010404000400,provider_data_unavailable,"RuntimeError('raw download is incomplete: status=download_failed; cnt_segments=0; channel_table=None; error=ValueError(""Data not available in the time period. Call Client.info(\'0101\') for help."")')"
2001,20010404002900,provider_data_unavailable,"RuntimeError('raw download is incomplete: status=download_failed; cnt_segments=0; channel_table=None; error=ValueError(""Data not available in the time period. Call Client.info(\'0101\') for help."")')"
2001,20010406200700,provider_data_unavailable,"RuntimeError('raw download is incomplete: status=download_failed; cnt_segments=0; channel_table=None; error=ValueError(""Data not available in the time period. Call Client.info(\'0101\') for help."")')"
2001,20010406201500,provider_data_unavailable,"RuntimeError('raw download is incomplete: status=download_failed; cnt_segments=0; channel_table=None; error=ValueError(""Data not available in the time period. Call Client.info(\'0101\') for help."")')"
2001,20010410100400,provider_data_unavailable,"RuntimeError('raw download is incomplete: status=download_failed; cnt_segments=0; channel_table=None; error=ValueError(""Data not available in the time period. Call Client.info(\'0101\') for help."")')"
2001,20010411040800,provider_data_unavailable,"RuntimeError('raw download is incomplete: status=download_failed; cnt_segments=0; channel_table=None; error=ValueError(""Data not available in the time period. Call Client.info(\'0101\') for help."")')"
2001,20010411204300,provider_data_unavailable,"RuntimeError('raw download is incomplete: status=download_failed; cnt_segments=0; channel_table=None; error=ValueError(""Data not available in the time period. Call Client.info(\'0101\') for help."")')"
2001,20010412160200,provider_data_unavailable,"RuntimeError('raw download is incomplete: status=download_failed; cnt_segments=0; channel_table=None; error=ValueError(""Data not available in the time period. Call Client.info(\'0101\') for help."")')"
2001,20010414081600,provider_data_unavailable,"RuntimeError('raw download is incomplete: status=download_failed; cnt_segments=0; channel_table=None; error=ValueError(""Data not available in the time period. Call Client.info(\'0101\') for help."")')"
2001,20010414104400,provider_data_unavailable,"RuntimeError('raw download is incomplete: status=download_failed; cnt_segments=0; channel_table=None; error=ValueError(""Data not available in the time period. Call Client.info(\'0101\') for help."")')"
2001,20010414200900,provider_data_unavailable,"RuntimeError('raw download is incomplete: status=download_failed; cnt_segments=0; channel_table=None; error=ValueError(""Data not available in the time period. Call Client.info(\'0101\') for help."")')"
2001,20010415175400,provider_data_unavailable,"RuntimeError('raw download is incomplete: status=download_failed; cnt_segments=0; channel_table=None; error=ValueError(""Data not available in the time period. Call Client.info(\'0101\') for help."")')"
2001,20010416190500,provider_data_unavailable,"RuntimeError('raw download is incomplete: status=download_failed; cnt_segments=0; channel_table=None; error=ValueError(""Data not available in the time period. Call Client.info(\'0101\') for help."")')"
2001,20010417094000,provider_data_unavailable,"RuntimeError('raw download is incomplete: status=download_failed; cnt_segments=0; channel_table=None; error=ValueError(""Data not available in the time period. Call Client.info(\'0101\') for help."")')"
2001,20010420014500,provider_data_unavailable,"RuntimeError('raw download is incomplete: status=download_failed; cnt_segments=0; channel_table=None; error=ValueError(""Data not available in the time period. Call Client.info(\'0101\') for help."")')"
2001,20010420190500,provider_data_unavailable,"RuntimeError('raw download is incomplete: status=download_failed; cnt_segments=0; channel_table=None; error=ValueError(""Data not available in the time period. Call Client.info(\'0101\') for help."")')"
2001,20010423090400,provider_data_unavailable,"RuntimeError('raw download is incomplete: status=download_failed; cnt_segments=0; channel_table=None; error=ValueError(""Data not available in the time period. Call Client.info(\'0101\') for help."")')"
2001,20010423153900,provider_data_unavailable,"RuntimeError('raw download is incomplete: status=download_failed; cnt_segments=0; channel_table=None; error=ValueError(""Data not available in the time period. Call Client.info(\'0101\') for help."")')"
2001,20010425220800,provider_data_unavailable,"RuntimeError('raw download is incomplete: status=download_failed; cnt_segments=0; channel_table=None; error=ValueError(""Data not available in the time period. Call Client.info(\'0101\') for help."")')"
2001,20010425234000,provider_data_unavailable,"RuntimeError('raw download is incomplete: status=download_failed; cnt_segments=0; channel_table=None; error=ValueError(""Data not available in the time period. Call Client.info(\'0101\') for help."")')"
2001,20010427024900,provider_data_unavailable,"RuntimeError('raw download is incomplete: status=download_failed; cnt_segments=0; channel_table=None; error=ValueError(""Data not available in the time period. Call Client.info(\'0101\') for help."")')"
2001,20010429101300,provider_data_unavailable,"RuntimeError('raw download is incomplete: status=download_failed; cnt_segments=0; channel_table=None; error=ValueError(""Data not available in the time period. Call Client.info(\'0101\') for help."")')"
2001,20010429104000,provider_data_unavailable,"RuntimeError('raw download is incomplete: status=download_failed; cnt_segments=0; channel_table=None; error=ValueError(""Data not available in the time period. Call Client.info(\'0101\') for help."")')"
2001,20010430110200,provider_data_unavailable,"RuntimeError('raw download is incomplete: status=download_failed; cnt_segments=0; channel_table=None; error=ValueError(""Data not available in the time period. Call Client.info(\'0101\') for help."")')"
2001,20010506054800,provider_data_unavailable,"RuntimeError('raw download is incomplete: status=download_failed; cnt_segments=0; channel_table=None; error=ValueError(""Data not available in the time period. Call Client.info(\'0101\') for help."")')"
2001,20010508062700,provider_data_unavailable,"RuntimeError('raw download is incomplete: status=download_failed; cnt_segments=0; channel_table=None; error=ValueError(""Data not available in the time period. Call Client.info(\'0101\') for help."")')"
2001,20010509194800,provider_data_unavailable,"RuntimeError('raw download is incomplete: status=download_failed; cnt_segments=0; channel_table=None; error=ValueError(""Data not available in the time period. Call Client.info(\'0101\') for help."")')"
2001,20010512123200,provider_data_unavailable,"RuntimeError('raw download is incomplete: status=download_failed; cnt_segments=0; channel_table=None; error=ValueError(""Data not available in the time period. Call Client.info(\'0101\') for help."")')"
2001,20010516011800,provider_data_unavailable,"RuntimeError('raw download is incomplete: status=download_failed; cnt_segments=0; channel_table=None; error=ValueError(""Data not available in the time period. Call Client.info(\'0101\') for help."")')"
2001,20010518035700,provider_data_unavailable,"RuntimeError('raw download is incomplete: status=download_failed; cnt_segments=0; channel_table=None; error=ValueError(""Data not available in the time period. Call Client.info(\'0101\') for help."")')"
2001,20010519003500,provider_data_unavailable,"RuntimeError('raw download is incomplete: status=download_failed; cnt_segments=0; channel_table=None; error=ValueError(""Data not available in the time period. Call Client.info(\'0101\') for help."")')"
2001,20010521125300,provider_data_unavailable,"RuntimeError('raw download is incomplete: status=download_failed; cnt_segments=0; channel_table=None; error=ValueError(""Data not available in the time period. Call Client.info(\'0101\') for help."")')"
2001,20010522142100,provider_data_unavailable,"RuntimeError('raw download is incomplete: status=download_failed; cnt_segments=0; channel_table=None; error=ValueError(""Data not available in the time period. Call Client.info(\'0101\') for help."")')"
2001,20010523085900,provider_data_unavailable,"RuntimeError('raw download is incomplete: status=download_failed; cnt_segments=0; channel_table=None; error=ValueError(""Data not available in the time period. Call Client.info(\'0101\') for help."")')"
2001,20010524132300,provider_data_unavailable,"RuntimeError('raw download is incomplete: status=download_failed; cnt_segments=0; channel_table=None; error=ValueError(""Data not available in the time period. Call Client.info(\'0101\') for help."")')"
2001,20010525083900,provider_data_unavailable,"RuntimeError('raw download is incomplete: status=download_failed; cnt_segments=0; channel_table=None; error=ValueError(""Data not available in the time period. Call Client.info(\'0101\') for help."")')"
2001,20010525094100,provider_data_unavailable,"RuntimeError('raw download is incomplete: status=download_failed; cnt_segments=0; channel_table=None; error=ValueError(""Data not available in the time period. Call Client.info(\'0101\') for help."")')"
2001,20010525155500,provider_data_unavailable,"RuntimeError('raw download is incomplete: status=download_failed; cnt_segments=0; channel_table=None; error=ValueError(""Data not available in the time period. Call Client.info(\'0101\') for help."")')"
2001,20010527101800,provider_data_unavailable,"RuntimeError('raw download is incomplete: status=download_failed; cnt_segments=0; channel_table=None; error=ValueError(""Data not available in the time period. Call Client.info(\'0101\') for help."")')"
2001,20010529223900,provider_data_unavailable,"RuntimeError('raw download is incomplete: status=download_failed; cnt_segments=0; channel_table=None; error=ValueError(""Data not available in the time period. Call Client.info(\'0101\') for help."")')"
2001,20010531015200,provider_data_unavailable,"RuntimeError('raw download is incomplete: status=download_failed; cnt_segments=0; channel_table=None; error=ValueError(""Data not available in the time period. Call Client.info(\'0101\') for help."")')"
2001,20010531051000,provider_data_unavailable,"RuntimeError('raw download is incomplete: status=download_failed; cnt_segments=0; channel_table=None; error=ValueError(""Data not available in the time period. Call Client.info(\'0101\') for help."")')"
2001,20010531085900,provider_data_unavailable,"RuntimeError('raw download is incomplete: status=download_failed; cnt_segments=0; channel_table=None; error=ValueError(""Data not available in the time period. Call Client.info(\'0101\') for help."")')"
2001,20010601004100,provider_data_unavailable,"RuntimeError('raw download is incomplete: status=download_failed; cnt_segments=0; channel_table=None; error=ValueError(""Data not available in the time period. Call Client.info(\'0101\') for help."")')"
2001,20010601070200,provider_data_unavailable,"RuntimeError('raw download is incomplete: status=download_failed; cnt_segments=0; channel_table=None; error=ValueError(""Data not available in the time period. Call Client.info(\'0101\') for help."")')"
2001,20010601111600,provider_data_unavailable,"RuntimeError('raw download is incomplete: status=download_failed; cnt_segments=0; channel_table=None; error=ValueError(""Data not available in the time period. Call Client.info(\'0101\') for help."")')"
2001,20010603113300,provider_data_unavailable,"RuntimeError('raw download is incomplete: status=download_failed; cnt_segments=0; channel_table=None; error=ValueError(""Data not available in the time period. Call Client.info(\'0101\') for help."")')"
2001,20010603210100,provider_data_unavailable,"RuntimeError('raw download is incomplete: status=download_failed; cnt_segments=0; channel_table=None; error=ValueError(""Data not available in the time period. Call Client.info(\'0101\') for help."")')"
2001,20010607182000,provider_data_unavailable,"RuntimeError('raw download is incomplete: status=download_failed; cnt_segments=0; channel_table=None; error=ValueError(""Data not available in the time period. Call Client.info(\'0101\') for help."")')"
2001,20010611132200,provider_data_unavailable,"RuntimeError('raw download is incomplete: status=download_failed; cnt_segments=0; channel_table=None; error=ValueError(""Data not available in the time period. Call Client.info(\'0101\') for help."")')"
2001,20010613025200,provider_data_unavailable,"RuntimeError('raw download is incomplete: status=download_failed; cnt_segments=0; channel_table=None; error=ValueError(""Data not available in the time period. Call Client.info(\'0101\') for help."")')"
2001,20010613095900,provider_data_unavailable,"RuntimeError('raw download is incomplete: status=download_failed; cnt_segments=0; channel_table=None; error=ValueError(""Data not available in the time period. Call Client.info(\'0101\') for help."")')"
2001,20010613170600,provider_data_unavailable,"RuntimeError('raw download is incomplete: status=download_failed; cnt_segments=0; channel_table=None; error=ValueError(""Data not available in the time period. Call Client.info(\'0101\') for help."")')"
2001,20010621083400,provider_data_unavailable,"RuntimeError('raw download is incomplete: status=download_failed; cnt_segments=0; channel_table=None; error=ValueError(""Data not available in the time period. Call Client.info(\'0101\') for help."")')"
2001,20010621132400,provider_data_unavailable,"RuntimeError('raw download is incomplete: status=download_failed; cnt_segments=0; channel_table=None; error=ValueError(""Data not available in the time period. Call Client.info(\'0101\') for help."")')"
2001,20010621215400,provider_data_unavailable,"RuntimeError('raw download is incomplete: status=download_failed; cnt_segments=0; channel_table=None; error=ValueError(""Data not available in the time period. Call Client.info(\'0101\') for help."")')"
2001,20010625012700,provider_data_unavailable,"RuntimeError('raw download is incomplete: status=download_failed; cnt_segments=0; channel_table=None; error=ValueError(""Data not available in the time period. Call Client.info(\'0101\') for help."")')"
2001,20010626184600,provider_data_unavailable,"RuntimeError('raw download is incomplete: status=download_failed; cnt_segments=0; channel_table=None; error=ValueError(""Data not available in the time period. Call Client.info(\'0101\') for help."")')"
2001,20010629063700,provider_data_unavailable,"RuntimeError('raw download is incomplete: status=download_failed; cnt_segments=0; channel_table=None; error=ValueError(""Data not available in the time period. Call Client.info(\'0101\') for help."")')"
2001,20010630171300,provider_data_unavailable,"RuntimeError('raw download is incomplete: status=download_failed; cnt_segments=0; channel_table=None; error=ValueError(""Data not available in the time period. Call Client.info(\'0101\') for help."")')"
2001,20010701163100,provider_data_unavailable,"RuntimeError('raw download is incomplete: status=download_failed; cnt_segments=0; channel_table=None; error=ValueError(""Data not available in the time period. Call Client.info(\'0101\') for help."")')"
2001,20010701234000,provider_data_unavailable,"RuntimeError('raw download is incomplete: status=download_failed; cnt_segments=0; channel_table=None; error=ValueError(""Data not available in the time period. Call Client.info(\'0101\') for help."")')"
2001,20010705221200,provider_data_unavailable,"RuntimeError('raw download is incomplete: status=download_failed; cnt_segments=0; channel_table=None; error=ValueError(""Data not available in the time period. Call Client.info(\'0101\') for help."")')"
2001,20010706035700,provider_data_unavailable,"RuntimeError('raw download is incomplete: status=download_failed; cnt_segments=0; channel_table=None; error=ValueError(""Data not available in the time period. Call Client.info(\'0101\') for help."")')"
2001,20010708123400,provider_data_unavailable,"RuntimeError('raw download is incomplete: status=download_failed; cnt_segments=0; channel_table=None; error=ValueError(""Data not available in the time period. Call Client.info(\'0101\') for help."")')"
2001,20010711022200,provider_data_unavailable,"RuntimeError('raw download is incomplete: status=download_failed; cnt_segments=0; channel_table=None; error=ValueError(""Data not available in the time period. Call Client.info(\'0101\') for help."")')"
2001,20010712235300,provider_data_unavailable,"RuntimeError('raw download is incomplete: status=download_failed; cnt_segments=0; channel_table=None; error=ValueError(""Data not available in the time period. Call Client.info(\'0101\') for help."")')"
2001,20010718074700,provider_data_unavailable,"RuntimeError('raw download is incomplete: status=download_failed; cnt_segments=0; channel_table=None; error=ValueError(""Data not available in the time period. Call Client.info(\'0101\') for help."")')"
2001,20010720060200,provider_data_unavailable,"RuntimeError('raw download is incomplete: status=download_failed; cnt_segments=0; channel_table=None; error=ValueError(""Data not available in the time period. Call Client.info(\'0101\') for help."")')"
2001,20010721092400,provider_data_unavailable,"RuntimeError('raw download is incomplete: status=download_failed; cnt_segments=0; channel_table=None; error=ValueError(""Data not available in the time period. Call Client.info(\'0101\') for help."")')"
2001,20010721143600,provider_data_unavailable,"RuntimeError('raw download is incomplete: status=download_failed; cnt_segments=0; channel_table=None; error=ValueError(""Data not available in the time period. Call Client.info(\'0101\') for help."")')"
2001,20010724092600,provider_data_unavailable,"RuntimeError('raw download is incomplete: status=download_failed; cnt_segments=0; channel_table=None; error=ValueError(""Data not available in the time period. Call Client.info(\'0101\') for help."")')"
2001,20010725051000,provider_data_unavailable,"RuntimeError('raw download is incomplete: status=download_failed; cnt_segments=0; channel_table=None; error=ValueError(""Data not available in the time period. Call Client.info(\'0101\') for help."")')"
2001,20010726033300,provider_data_unavailable,"RuntimeError('raw download is incomplete: status=download_failed; cnt_segments=0; channel_table=None; error=ValueError(""Data not available in the time period. Call Client.info(\'0101\') for help."")')"
2001,20010731041000,provider_data_unavailable,"RuntimeError('raw download is incomplete: status=download_failed; cnt_segments=0; channel_table=None; error=ValueError(""Data not available in the time period. Call Client.info(\'0101\') for help."")')"
2001,20010731135900,provider_data_unavailable,"RuntimeError('raw download is incomplete: status=download_failed; cnt_segments=0; channel_table=None; error=ValueError(""Data not available in the time period. Call Client.info(\'0101\') for help."")')"
2001,20010802141600,provider_data_unavailable,"RuntimeError('raw download is incomplete: status=download_failed; cnt_segments=0; channel_table=None; error=ValueError(""Data not available in the time period. Call Client.info(\'0101\') for help."")')"
2001,20010804204300,provider_data_unavailable,"RuntimeError('raw download is incomplete: status=download_failed; cnt_segments=0; channel_table=None; error=ValueError(""Data not available in the time period. Call Client.info(\'0101\') for help."")')"
2001,20010810154200,provider_data_unavailable,"RuntimeError('raw download is incomplete: status=download_failed; cnt_segments=0; channel_table=None; error=ValueError(""Data not available in the time period. Call Client.info(\'0101\') for help."")')"
2001,20010811172900,provider_data_unavailable,"RuntimeError('raw download is incomplete: status=download_failed; cnt_segments=0; channel_table=None; error=ValueError(""Data not available in the time period. Call Client.info(\'0101\') for help."")')"
2001,20010814051100,provider_data_unavailable,"RuntimeError('raw download is incomplete: status=download_failed; cnt_segments=0; channel_table=None; error=ValueError(""Data not available in the time period. Call Client.info(\'0101\') for help."")')"
2001,20010816053200,provider_data_unavailable,"RuntimeError('raw download is incomplete: status=download_failed; cnt_segments=0; channel_table=None; error=ValueError(""Data not available in the time period. Call Client.info(\'0101\') for help."")')"
2001,20010819111000,provider_data_unavailable,"RuntimeError('raw download is incomplete: status=download_failed; cnt_segments=0; channel_table=None; error=ValueError(""Data not available in the time period. Call Client.info(\'0101\') for help."")')"
2001,20010820194200,provider_data_unavailable,"RuntimeError('raw download is incomplete: status=download_failed; cnt_segments=0; channel_table=None; error=ValueError(""Data not available in the time period. Call Client.info(\'0101\') for help."")')"
2001,20010824184800,provider_data_unavailable,"RuntimeError('raw download is incomplete: status=download_failed; cnt_segments=0; channel_table=None; error=ValueError(""Data not available in the time period. Call Client.info(\'0101\') for help."")')"
2001,20010824214400,provider_data_unavailable,"RuntimeError('raw download is incomplete: status=download_failed; cnt_segments=0; channel_table=None; error=ValueError(""Data not available in the time period. Call Client.info(\'0101\') for help."")')"
2001,20010825222100,provider_data_unavailable,"RuntimeError('raw download is incomplete: status=download_failed; cnt_segments=0; channel_table=None; error=ValueError(""Data not available in the time period. Call Client.info(\'0101\') for help."")')"
2001,20010826142300,provider_data_unavailable,"RuntimeError('raw download is incomplete: status=download_failed; cnt_segments=0; channel_table=None; error=ValueError(""Data not available in the time period. Call Client.info(\'0101\') for help."")')"
2001,20010830055200,provider_data_unavailable,"RuntimeError('raw download is incomplete: status=download_failed; cnt_segments=0; channel_table=None; error=ValueError(""Data not available in the time period. Call Client.info(\'0101\') for help."")')"
2001,20010903000300,provider_data_unavailable,"RuntimeError('raw download is incomplete: status=download_failed; cnt_segments=0; channel_table=None; error=ValueError(""Data not available in the time period. Call Client.info(\'0101\') for help."")')"
2001,20010904235400,provider_data_unavailable,"RuntimeError('raw download is incomplete: status=download_failed; cnt_segments=0; channel_table=None; error=ValueError(""Data not available in the time period. Call Client.info(\'0101\') for help."")')"
2001,20010906012900,provider_data_unavailable,"RuntimeError('raw download is incomplete: status=download_failed; cnt_segments=0; channel_table=None; error=ValueError(""Data not available in the time period. Call Client.info(\'0101\') for help."")')"
2001,20010906104000,provider_data_unavailable,"RuntimeError('raw download is incomplete: status=download_failed; cnt_segments=0; channel_table=None; error=ValueError(""Data not available in the time period. Call Client.info(\'0101\') for help."")')"
2001,20010908232900,provider_data_unavailable,"RuntimeError('raw download is incomplete: status=download_failed; cnt_segments=0; channel_table=None; error=ValueError(""Data not available in the time period. Call Client.info(\'0101\') for help."")')"
2001,20010912173200,provider_data_unavailable,"RuntimeError('raw download is incomplete: status=download_failed; cnt_segments=0; channel_table=None; error=ValueError(""Data not available in the time period. Call Client.info(\'0101\') for help."")')"
2001,20010913054300,provider_data_unavailable,"RuntimeError('raw download is incomplete: status=download_failed; cnt_segments=0; channel_table=None; error=ValueError(""Data not available in the time period. Call Client.info(\'0101\') for help."")')"
2001,20010917112100,provider_data_unavailable,"RuntimeError('raw download is incomplete: status=download_failed; cnt_segments=0; channel_table=None; error=ValueError(""Data not available in the time period. Call Client.info(\'0101\') for help."")')"
2001,20010917175700,provider_data_unavailable,"RuntimeError('raw download is incomplete: status=download_failed; cnt_segments=0; channel_table=None; error=ValueError(""Data not available in the time period. Call Client.info(\'0101\') for help."")')"
2001,20010917184900,provider_data_unavailable,"RuntimeError('raw download is incomplete: status=download_failed; cnt_segments=0; channel_table=None; error=ValueError(""Data not available in the time period. Call Client.info(\'0101\') for help."")')"
2001,20010917203900,provider_data_unavailable,"RuntimeError('raw download is incomplete: status=download_failed; cnt_segments=0; channel_table=None; error=ValueError(""Data not available in the time period. Call Client.info(\'0101\') for help."")')"
2001,20010918042400,provider_data_unavailable,"RuntimeError('raw download is incomplete: status=download_failed; cnt_segments=0; channel_table=None; error=ValueError(""Data not available in the time period. Call Client.info(\'0101\') for help."")')"
2001,20010918061000,provider_data_unavailable,"RuntimeError('raw download is incomplete: status=download_failed; cnt_segments=0; channel_table=None; error=ValueError(""Data not available in the time period. Call Client.info(\'0101\') for help."")')"
2001,20010922181100,provider_data_unavailable,"RuntimeError('raw download is incomplete: status=download_failed; cnt_segments=0; channel_table=None; error=ValueError(""Data not available in the time period. Call Client.info(\'0101\') for help."")')"
2001,20010922191600,provider_data_unavailable,"RuntimeError('raw download is incomplete: status=download_failed; cnt_segments=0; channel_table=None; error=ValueError(""Data not available in the time period. Call Client.info(\'0101\') for help."")')"
2001,20010925043500,provider_data_unavailable,"RuntimeError('raw download is incomplete: status=download_failed; cnt_segments=0; channel_table=None; error=ValueError(""Data not available in the time period. Call Client.info(\'0101\') for help."")')"
2001,20010925045700,provider_data_unavailable,"RuntimeError('raw download is incomplete: status=download_failed; cnt_segments=0; channel_table=None; error=ValueError(""Data not available in the time period. Call Client.info(\'0101\') for help."")')"
2001,20010927181400,provider_data_unavailable,"RuntimeError('raw download is incomplete: status=download_failed; cnt_segments=0; channel_table=None; error=ValueError(""Data not available in the time period. Call Client.info(\'0101\') for help."")')"
2001,20010928111600,provider_data_unavailable,"RuntimeError('raw download is incomplete: status=download_failed; cnt_segments=0; channel_table=None; error=ValueError(""Data not available in the time period. Call Client.info(\'0101\') for help."")')"
2001,20010929020700,provider_data_unavailable,"RuntimeError('raw download is incomplete: status=download_failed; cnt_segments=0; channel_table=None; error=ValueError(""Data not available in the time period. Call Client.info(\'0101\') for help."")')"
2001,20010929195800,provider_data_unavailable,"RuntimeError('raw download is incomplete: status=download_failed; cnt_segments=0; channel_table=None; error=ValueError(""Data not available in the time period. Call Client.info(\'0101\') for help."")')"
2001,20011001024500,provider_data_unavailable,"RuntimeError('raw download is incomplete: status=download_failed; cnt_segments=0; channel_table=None; error=ValueError(""Data not available in the time period. Call Client.info(\'0101\') for help."")')"
2001,20011002172000,provider_data_unavailable,"RuntimeError('raw download is incomplete: status=download_failed; cnt_segments=0; channel_table=None; error=ValueError(""Data not available in the time period. Call Client.info(\'0101\') for help."")')"
2001,20011002211400,provider_data_unavailable,"RuntimeError('raw download is incomplete: status=download_failed; cnt_segments=0; channel_table=None; error=ValueError(""Data not available in the time period. Call Client.info(\'0101\') for help."")')"
2001,20011002230200,provider_data_unavailable,"RuntimeError('raw download is incomplete: status=download_failed; cnt_segments=0; channel_table=None; error=ValueError(""Data not available in the time period. Call Client.info(\'0101\') for help."")')"
2001,20011003201000,provider_data_unavailable,"RuntimeError('raw download is incomplete: status=download_failed; cnt_segments=0; channel_table=None; error=ValueError(""Data not available in the time period. Call Client.info(\'0101\') for help."")')"
2001,20011004111900,provider_data_unavailable,"RuntimeError('raw download is incomplete: status=download_failed; cnt_segments=0; channel_table=None; error=ValueError(""Data not available in the time period. Call Client.info(\'0101\') for help."")')"
2001,20011008112300,provider_data_unavailable,"RuntimeError('raw download is incomplete: status=download_failed; cnt_segments=0; channel_table=None; error=ValueError(""Data not available in the time period. Call Client.info(\'0101\') for help."")')"
2001,20011011133800,provider_data_unavailable,"RuntimeError('raw download is incomplete: status=download_failed; cnt_segments=0; channel_table=None; error=ValueError(""Data not available in the time period. Call Client.info(\'0101\') for help."")')"
2001,20011012000900,provider_data_unavailable,"RuntimeError('raw download is incomplete: status=download_failed; cnt_segments=0; channel_table=None; error=ValueError(""Data not available in the time period. Call Client.info(\'0101\') for help."")')"
2001,20011012190800,provider_data_unavailable,"RuntimeError('raw download is incomplete: status=download_failed; cnt_segments=0; channel_table=None; error=ValueError(""Data not available in the time period. Call Client.info(\'0101\') for help."")')"
2001,20011015015300,provider_data_unavailable,"RuntimeError('raw download is incomplete: status=download_failed; cnt_segments=0; channel_table=None; error=ValueError(""Data not available in the time period. Call Client.info(\'0101\') for help."")')"
2001,20011016054600,provider_data_unavailable,"RuntimeError('raw download is incomplete: status=download_failed; cnt_segments=0; channel_table=None; error=ValueError(""Data not available in the time period. Call Client.info(\'0101\') for help."")')"
2001,20011017004900,provider_data_unavailable,"RuntimeError('raw download is incomplete: status=download_failed; cnt_segments=0; channel_table=None; error=ValueError(""Data not available in the time period. Call Client.info(\'0101\') for help."")')"
2001,20011017081700,provider_data_unavailable,"RuntimeError('raw download is incomplete: status=download_failed; cnt_segments=0; channel_table=None; error=ValueError(""Data not available in the time period. Call Client.info(\'0101\') for help."")')"
2001,20011018063000,provider_data_unavailable,"RuntimeError('raw download is incomplete: status=download_failed; cnt_segments=0; channel_table=None; error=ValueError(""Data not available in the time period. Call Client.info(\'0101\') for help."")')"
2001,20011022025800,provider_data_unavailable,"RuntimeError('raw download is incomplete: status=download_failed; cnt_segments=0; channel_table=None; error=ValueError(""Data not available in the time period. Call Client.info(\'0101\') for help."")')"
2001,20011025201200,provider_data_unavailable,"RuntimeError('raw download is incomplete: status=download_failed; cnt_segments=0; channel_table=None; error=ValueError(""Data not available in the time period. Call Client.info(\'0101\') for help."")')"
2001,20011027030500,provider_data_unavailable,"RuntimeError('raw download is incomplete: status=download_failed; cnt_segments=0; channel_table=None; error=ValueError(""Data not available in the time period. Call Client.info(\'0101\') for help."")')"
2001,20011028100900,provider_data_unavailable,"RuntimeError('raw download is incomplete: status=download_failed; cnt_segments=0; channel_table=None; error=ValueError(""Data not available in the time period. Call Client.info(\'0101\') for help."")')"
2001,20011028122400,provider_data_unavailable,"RuntimeError('raw download is incomplete: status=download_failed; cnt_segments=0; channel_table=None; error=ValueError(""Data not available in the time period. Call Client.info(\'0101\') for help."")')"
2001,20011029030700,provider_data_unavailable,"RuntimeError('raw download is incomplete: status=download_failed; cnt_segments=0; channel_table=None; error=ValueError(""Data not available in the time period. Call Client.info(\'0101\') for help."")')"
2001,20011102074300,provider_data_unavailable,"RuntimeError('raw download is incomplete: status=download_failed; cnt_segments=0; channel_table=None; error=ValueError(""Data not available in the time period. Call Client.info(\'0101\') for help."")')"
2001,20011108021400,provider_data_unavailable,"RuntimeError('raw download is incomplete: status=download_failed; cnt_segments=0; channel_table=None; error=ValueError(""Data not available in the time period. Call Client.info(\'0101\') for help."")')"
2001,20011109121400,provider_data_unavailable,"RuntimeError('raw download is incomplete: status=download_failed; cnt_segments=0; channel_table=None; error=ValueError(""Data not available in the time period. Call Client.info(\'0101\') for help."")')"
2001,20011109124000,provider_data_unavailable,"RuntimeError('raw download is incomplete: status=download_failed; cnt_segments=0; channel_table=None; error=ValueError(""Data not available in the time period. Call Client.info(\'0101\') for help."")')"
2001,20011112203000,provider_data_unavailable,"RuntimeError('raw download is incomplete: status=download_failed; cnt_segments=0; channel_table=None; error=ValueError(""Data not available in the time period. Call Client.info(\'0101\') for help."")')"
2001,20011113084800,provider_data_unavailable,"RuntimeError('raw download is incomplete: status=download_failed; cnt_segments=0; channel_table=None; error=ValueError(""Data not available in the time period. Call Client.info(\'0101\') for help."")')"
2001,20011113164500,provider_data_unavailable,"RuntimeError('raw download is incomplete: status=download_failed; cnt_segments=0; channel_table=None; error=ValueError(""Data not available in the time period. Call Client.info(\'0101\') for help."")')"
2001,20011114154300,provider_data_unavailable,"RuntimeError('raw download is incomplete: status=download_failed; cnt_segments=0; channel_table=None; error=ValueError(""Data not available in the time period. Call Client.info(\'0101\') for help."")')"
2001,20011116063300,provider_data_unavailable,"RuntimeError('raw download is incomplete: status=download_failed; cnt_segments=0; channel_table=None; error=ValueError(""Data not available in the time period. Call Client.info(\'0101\') for help."")')"
2001,20011117013200,provider_data_unavailable,"RuntimeError('raw download is incomplete: status=download_failed; cnt_segments=0; channel_table=None; error=ValueError(""Data not available in the time period. Call Client.info(\'0101\') for help."")')"
2001,20011117053400,provider_data_unavailable,"RuntimeError('raw download is incomplete: status=download_failed; cnt_segments=0; channel_table=None; error=ValueError(""Data not available in the time period. Call Client.info(\'0101\') for help."")')"
2001,20011120231300,provider_data_unavailable,"RuntimeError('raw download is incomplete: status=download_failed; cnt_segments=0; channel_table=None; error=ValueError(""Data not available in the time period. Call Client.info(\'0101\') for help."")')"
2001,20011121022700,provider_data_unavailable,"RuntimeError('raw download is incomplete: status=download_failed; cnt_segments=0; channel_table=None; error=ValueError(""Data not available in the time period. Call Client.info(\'0101\') for help."")')"
2001,20011121192500,provider_data_unavailable,"RuntimeError('raw download is incomplete: status=download_failed; cnt_segments=0; channel_table=None; error=ValueError(""Data not available in the time period. Call Client.info(\'0101\') for help."")')"
2001,20011125052200,provider_data_unavailable,"RuntimeError('raw download is incomplete: status=download_failed; cnt_segments=0; channel_table=None; error=ValueError(""Data not available in the time period. Call Client.info(\'0101\') for help."")')"
2001,20011127132800,provider_data_unavailable,"RuntimeError('raw download is incomplete: status=download_failed; cnt_segments=0; channel_table=None; error=ValueError(""Data not available in the time period. Call Client.info(\'0101\') for help."")')"
2001,20011205131600,provider_data_unavailable,"RuntimeError('raw download is incomplete: status=download_failed; cnt_segments=0; channel_table=None; error=ValueError(""Data not available in the time period. Call Client.info(\'0101\') for help."")')"
2001,20011208040700,provider_data_unavailable,"RuntimeError('raw download is incomplete: status=download_failed; cnt_segments=0; channel_table=None; error=ValueError(""Data not available in the time period. Call Client.info(\'0101\') for help."")')"
2001,20011208070700,provider_data_unavailable,"RuntimeError('raw download is incomplete: status=download_failed; cnt_segments=0; channel_table=None; error=ValueError(""Data not available in the time period. Call Client.info(\'0101\') for help."")')"
2001,20011209232900,provider_data_unavailable,"RuntimeError('raw download is incomplete: status=download_failed; cnt_segments=0; channel_table=None; error=ValueError(""Data not available in the time period. Call Client.info(\'0101\') for help."")')"
2001,20011209234000,provider_data_unavailable,"RuntimeError('raw download is incomplete: status=download_failed; cnt_segments=0; channel_table=None; error=ValueError(""Data not available in the time period. Call Client.info(\'0101\') for help."")')"
2001,20011210003700,provider_data_unavailable,"RuntimeError('raw download is incomplete: status=download_failed; cnt_segments=0; channel_table=None; error=ValueError(""Data not available in the time period. Call Client.info(\'0101\') for help."")')"
2001,20011210004500,provider_data_unavailable,"RuntimeError('raw download is incomplete: status=download_failed; cnt_segments=0; channel_table=None; error=ValueError(""Data not available in the time period. Call Client.info(\'0101\') for help."")')"
2001,20011210081700,provider_data_unavailable,"RuntimeError('raw download is incomplete: status=download_failed; cnt_segments=0; channel_table=None; error=ValueError(""Data not available in the time period. Call Client.info(\'0101\') for help."")')"
2001,20011211184000,provider_data_unavailable,"RuntimeError('raw download is incomplete: status=download_failed; cnt_segments=0; channel_table=None; error=ValueError(""Data not available in the time period. Call Client.info(\'0101\') for help."")')"
2001,20011214210000,provider_data_unavailable,"RuntimeError('raw download is incomplete: status=download_failed; cnt_segments=0; channel_table=None; error=ValueError(""Data not available in the time period. Call Client.info(\'0101\') for help."")')"
2001,20011216071300,provider_data_unavailable,"RuntimeError('raw download is incomplete: status=download_failed; cnt_segments=0; channel_table=None; error=ValueError(""Data not available in the time period. Call Client.info(\'0101\') for help."")')"
2001,20011216134800,provider_data_unavailable,"RuntimeError('raw download is incomplete: status=download_failed; cnt_segments=0; channel_table=None; error=ValueError(""Data not available in the time period. Call Client.info(\'0101\') for help."")')"
2001,20011217234800,provider_data_unavailable,"RuntimeError('raw download is incomplete: status=download_failed; cnt_segments=0; channel_table=None; error=ValueError(""Data not available in the time period. Call Client.info(\'0101\') for help."")')"
2001,20011223014100,provider_data_unavailable,"RuntimeError('raw download is incomplete: status=download_failed; cnt_segments=0; channel_table=None; error=ValueError(""Data not available in the time period. Call Client.info(\'0101\') for help."")')"
2001,20011225201000,provider_data_unavailable,"RuntimeError('raw download is incomplete: status=download_failed; cnt_segments=0; channel_table=None; error=ValueError(""Data not available in the time period. Call Client.info(\'0101\') for help."")')"
2001,20011228032800,provider_data_unavailable,"RuntimeError('raw download is incomplete: status=download_failed; cnt_segments=0; channel_table=None; error=ValueError(""Data not available in the time period. Call Client.info(\'0101\') for help."")')"
2001,20011228103100,provider_data_unavailable,"RuntimeError('raw download is incomplete: status=download_failed; cnt_segments=0; channel_table=None; error=ValueError(""Data not available in the time period. Call Client.info(\'0101\') for help."")')"
2001,20011230173700,provider_data_unavailable,"RuntimeError('raw download is incomplete: status=download_failed; cnt_segments=0; channel_table=None; error=ValueError(""Data not available in the time period. Call Client.info(\'0101\') for help."")')"
2002,20020101051900,provider_data_unavailable,"RuntimeError('raw download is incomplete: status=download_failed; cnt_segments=0; channel_table=None; error=ValueError(""Data not available in the time period. Call Client.info(\'0101\') for help."")')"
2002,20020104110500,provider_data_unavailable,"RuntimeError('raw download is incomplete: status=download_failed; cnt_segments=0; channel_table=None; error=ValueError(""Data not available in the time period. Call Client.info(\'0101\') for help."")')"
2002,20020104120800,provider_data_unavailable,"RuntimeError('raw download is incomplete: status=download_failed; cnt_segments=0; channel_table=None; error=ValueError(""Data not available in the time period. Call Client.info(\'0101\') for help."")')"
2002,20020104131900,provider_data_unavailable,"RuntimeError('raw download is incomplete: status=download_failed; cnt_segments=0; channel_table=None; error=ValueError(""Data not available in the time period. Call Client.info(\'0101\') for help."")')"
2002,20020104163400,provider_data_unavailable,"RuntimeError('raw download is incomplete: status=download_failed; cnt_segments=0; channel_table=None; error=ValueError(""Data not available in the time period. Call Client.info(\'0101\') for help."")')"
2002,20020106183500,provider_data_unavailable,"RuntimeError('raw download is incomplete: status=download_failed; cnt_segments=0; channel_table=None; error=ValueError(""Data not available in the time period. Call Client.info(\'0101\') for help."")')"
2002,20020113093400,provider_data_unavailable,"RuntimeError('raw download is incomplete: status=download_failed; cnt_segments=0; channel_table=None; error=ValueError(""Data not available in the time period. Call Client.info(\'0101\') for help."")')"
2002,20020115215900,provider_data_unavailable,"RuntimeError('raw download is incomplete: status=download_failed; cnt_segments=0; channel_table=None; error=ValueError(""Data not available in the time period. Call Client.info(\'0101\') for help."")')"
2002,20020119180600,provider_data_unavailable,"RuntimeError('raw download is incomplete: status=download_failed; cnt_segments=0; channel_table=None; error=ValueError(""Data not available in the time period. Call Client.info(\'0101\') for help."")')"
2002,20020121085500,provider_data_unavailable,"RuntimeError('raw download is incomplete: status=download_failed; cnt_segments=0; channel_table=None; error=ValueError(""Data not available in the time period. Call Client.info(\'0101\') for help."")')"
2002,20020123120900,provider_data_unavailable,"RuntimeError('raw download is incomplete: status=download_failed; cnt_segments=0; channel_table=None; error=ValueError(""Data not available in the time period. Call Client.info(\'0101\') for help."")')"
2002,20020124160800,provider_data_unavailable,"RuntimeError('raw download is incomplete: status=download_failed; cnt_segments=0; channel_table=None; error=ValueError(""Data not available in the time period. Call Client.info(\'0101\') for help."")')"
2002,20020124163100,provider_data_unavailable,"RuntimeError('raw download is incomplete: status=download_failed; cnt_segments=0; channel_table=None; error=ValueError(""Data not available in the time period. Call Client.info(\'0101\') for help."")')"
2002,20020127160900,provider_data_unavailable,"RuntimeError('raw download is incomplete: status=download_failed; cnt_segments=0; channel_table=None; error=ValueError(""Data not available in the time period. Call Client.info(\'0101\') for help."")')"
2002,20020129084200,provider_data_unavailable,"RuntimeError('raw download is incomplete: status=download_failed; cnt_segments=0; channel_table=None; error=ValueError(""Data not available in the time period. Call Client.info(\'0101\') for help."")')"
2002,20020129084500,connection_interrupted,"ConnectionError(ProtocolError('Connection aborted.', RemoteDisconnected('Remote end closed connection without response')))"
2002,20020129185000,provider_data_unavailable,"RuntimeError('raw download is incomplete: status=download_failed; cnt_segments=0; channel_table=None; error=ValueError(""Data not available in the time period. Call Client.info(\'0101\') for help."")')"
2002,20020201174800,provider_data_unavailable,"RuntimeError('raw download is incomplete: status=download_failed; cnt_segments=0; channel_table=None; error=ValueError(""Data not available in the time period. Call Client.info(\'0101\') for help."")')"
2002,20020202050900,provider_data_unavailable,"RuntimeError('raw download is incomplete: status=download_failed; cnt_segments=0; channel_table=None; error=ValueError(""Data not available in the time period. Call Client.info(\'0101\') for help."")')"
2002,20020203050300,provider_data_unavailable,"RuntimeError('raw download is incomplete: status=download_failed; cnt_segments=0; channel_table=None; error=ValueError(""Data not available in the time period. Call Client.info(\'0101\') for help."")')"
2002,20020203191200,provider_data_unavailable,"RuntimeError('raw download is incomplete: status=download_failed; cnt_segments=0; channel_table=None; error=ValueError(""Data not available in the time period. Call Client.info(\'0101\') for help."")')"
2002,20020204060200,provider_data_unavailable,"RuntimeError('raw download is incomplete: status=download_failed; cnt_segments=0; channel_table=None; error=ValueError(""Data not available in the time period. Call Client.info(\'0101\') for help."")')"
2002,20020205195700,provider_data_unavailable,"RuntimeError('raw download is incomplete: status=download_failed; cnt_segments=0; channel_table=None; error=ValueError(""Data not available in the time period. Call Client.info(\'0101\') for help."")')"
2002,20020211101000,provider_data_unavailable,"RuntimeError('raw download is incomplete: status=download_failed; cnt_segments=0; channel_table=None; error=ValueError(""Data not available in the time period. Call Client.info(\'0101\') for help."")')"
2002,20020212224400,provider_data_unavailable,"RuntimeError('raw download is incomplete: status=download_failed; cnt_segments=0; channel_table=None; error=ValueError(""Data not available in the time period. Call Client.info(\'0101\') for help."")')"
2002,20020213185400,provider_data_unavailable,"RuntimeError('raw download is incomplete: status=download_failed; cnt_segments=0; channel_table=None; error=ValueError(""Data not available in the time period. Call Client.info(\'0101\') for help."")')"
2002,20020214101200,provider_data_unavailable,"RuntimeError('raw download is incomplete: status=download_failed; cnt_segments=0; channel_table=None; error=ValueError(""Data not available in the time period. Call Client.info(\'0101\') for help."")')"
2002,20020216224600,provider_data_unavailable,"RuntimeError('raw download is incomplete: status=download_failed; cnt_segments=0; channel_table=None; error=ValueError(""Data not available in the time period. Call Client.info(\'0101\') for help."")')"
2002,20020219000500,provider_data_unavailable,"RuntimeError('raw download is incomplete: status=download_failed; cnt_segments=0; channel_table=None; error=ValueError(""Data not available in the time period. Call Client.info(\'0101\') for help."")')"
2002,20020221045100,provider_data_unavailable,"RuntimeError('raw download is incomplete: status=download_failed; cnt_segments=0; channel_table=None; error=ValueError(""Data not available in the time period. Call Client.info(\'0101\') for help."")')"
2002,20020221151400,provider_data_unavailable,"RuntimeError('raw download is incomplete: status=download_failed; cnt_segments=0; channel_table=None; error=ValueError(""Data not available in the time period. Call Client.info(\'0101\') for help."")')"
2002,20020225054400,provider_data_unavailable,"RuntimeError('raw download is incomplete: status=download_failed; cnt_segments=0; channel_table=None; error=ValueError(""Data not available in the time period. Call Client.info(\'0101\') for help."")')"
2002,20020225221400,provider_data_unavailable,"RuntimeError('raw download is incomplete: status=download_failed; cnt_segments=0; channel_table=None; error=ValueError(""Data not available in the time period. Call Client.info(\'0101\') for help."")')"
2002,20020226230400,provider_data_unavailable,"RuntimeError('raw download is incomplete: status=download_failed; cnt_segments=0; channel_table=None; error=ValueError(""Data not available in the time period. Call Client.info(\'0101\') for help."")')"
2002,20020301094800,provider_data_unavailable,"RuntimeError('raw download is incomplete: status=download_failed; cnt_segments=0; channel_table=None; error=ValueError(""Data not available in the time period. Call Client.info(\'0101\') for help."")')"
2002,20020302203900,provider_data_unavailable,"RuntimeError('raw download is incomplete: status=download_failed; cnt_segments=0; channel_table=None; error=ValueError(""Data not available in the time period. Call Client.info(\'0101\') for help."")')"
2002,20020306025500,provider_data_unavailable,"RuntimeError('raw download is incomplete: status=download_failed; cnt_segments=0; channel_table=None; error=ValueError(""Data not available in the time period. Call Client.info(\'0101\') for help."")')"
2002,20020306071200,provider_data_unavailable,"RuntimeError('raw download is incomplete: status=download_failed; cnt_segments=0; channel_table=None; error=ValueError(""Data not available in the time period. Call Client.info(\'0101\') for help."")')"
2002,20020307041900,provider_data_unavailable,"RuntimeError('raw download is incomplete: status=download_failed; cnt_segments=0; channel_table=None; error=ValueError(""Data not available in the time period. Call Client.info(\'0101\') for help."")')"
2002,20020307051200,provider_data_unavailable,"RuntimeError('raw download is incomplete: status=download_failed; cnt_segments=0; channel_table=None; error=ValueError(""Data not available in the time period. Call Client.info(\'0101\') for help."")')"
2002,20020308015300,provider_data_unavailable,"RuntimeError('raw download is incomplete: status=download_failed; cnt_segments=0; channel_table=None; error=ValueError(""Data not available in the time period. Call Client.info(\'0101\') for help."")')"
2002,20020308220200,provider_data_unavailable,"RuntimeError('raw download is incomplete: status=download_failed; cnt_segments=0; channel_table=None; error=ValueError(""Data not available in the time period. Call Client.info(\'0101\') for help."")')"
2002,20020309125700,provider_data_unavailable,"RuntimeError('raw download is incomplete: status=download_failed; cnt_segments=0; channel_table=None; error=ValueError(""Data not available in the time period. Call Client.info(\'0101\') for help."")')"
2002,20020310232300,provider_data_unavailable,"RuntimeError('raw download is incomplete: status=download_failed; cnt_segments=0; channel_table=None; error=ValueError(""Data not available in the time period. Call Client.info(\'0101\') for help."")')"
2002,20020311115400,provider_data_unavailable,"RuntimeError('raw download is incomplete: status=download_failed; cnt_segments=0; channel_table=None; error=ValueError(""Data not available in the time period. Call Client.info(\'0101\') for help."")')"
2002,20020311155400,provider_data_unavailable,"RuntimeError('raw download is incomplete: status=download_failed; cnt_segments=0; channel_table=None; error=ValueError(""Data not available in the time period. Call Client.info(\'0101\') for help."")')"
2002,20020316162300,provider_data_unavailable,"RuntimeError('raw download is incomplete: status=download_failed; cnt_segments=0; channel_table=None; error=ValueError(""Data not available in the time period. Call Client.info(\'0101\') for help."")')"
2002,20020317012200,provider_data_unavailable,"RuntimeError('raw download is incomplete: status=download_failed; cnt_segments=0; channel_table=None; error=ValueError(""Data not available in the time period. Call Client.info(\'0101\') for help."")')"
2002,20020317030100,provider_data_unavailable,"RuntimeError('raw download is incomplete: status=download_failed; cnt_segments=0; channel_table=None; error=ValueError(""Data not available in the time period. Call Client.info(\'0101\') for help."")')"
2002,20020317094800,provider_data_unavailable,"RuntimeError('raw download is incomplete: status=download_failed; cnt_segments=0; channel_table=None; error=ValueError(""Data not available in the time period. Call Client.info(\'0101\') for help."")')"
2002,20020317095200,provider_data_unavailable,"RuntimeError('raw download is incomplete: status=download_failed; cnt_segments=0; channel_table=None; error=ValueError(""Data not available in the time period. Call Client.info(\'0101\') for help."")')"
2002,20020318155400,provider_data_unavailable,"RuntimeError('raw download is incomplete: status=download_failed; cnt_segments=0; channel_table=None; error=ValueError(""Data not available in the time period. Call Client.info(\'0101\') for help."")')"
2002,20020320220900,provider_data_unavailable,"RuntimeError('raw download is incomplete: status=download_failed; cnt_segments=0; channel_table=None; error=ValueError(""Data not available in the time period. Call Client.info(\'0101\') for help."")')"
2002,20020322175700,provider_data_unavailable,"RuntimeError('raw download is incomplete: status=download_failed; cnt_segments=0; channel_table=None; error=ValueError(""Data not available in the time period. Call Client.info(\'0101\') for help."")')"
2002,20020325225800,provider_data_unavailable,"RuntimeError('raw download is incomplete: status=download_failed; cnt_segments=0; channel_table=None; error=ValueError(""Data not available in the time period. Call Client.info(\'0101\') for help."")')"
2002,20020326204100,provider_data_unavailable,"RuntimeError('raw download is incomplete: status=download_failed; cnt_segments=0; channel_table=None; error=ValueError(""Data not available in the time period. Call Client.info(\'0101\') for help."")')"
2002,20020328044200,provider_data_unavailable,"RuntimeError('raw download is incomplete: status=download_failed; cnt_segments=0; channel_table=None; error=ValueError(""Data not available in the time period. Call Client.info(\'0101\') for help."")')"
2002,20020328045300,provider_data_unavailable,"RuntimeError('raw download is incomplete: status=download_failed; cnt_segments=0; channel_table=None; error=ValueError(""Data not available in the time period. Call Client.info(\'0101\') for help."")')"
2002,20020328050600,provider_data_unavailable,"RuntimeError('raw download is incomplete: status=download_failed; cnt_segments=0; channel_table=None; error=ValueError(""Data not available in the time period. Call Client.info(\'0101\') for help."")')"
2002,20020328063900,provider_data_unavailable,"RuntimeError('raw download is incomplete: status=download_failed; cnt_segments=0; channel_table=None; error=ValueError(""Data not available in the time period. Call Client.info(\'0101\') for help."")')"
2002,20020328075000,provider_data_unavailable,"RuntimeError('raw download is incomplete: status=download_failed; cnt_segments=0; channel_table=None; error=ValueError(""Data not available in the time period. Call Client.info(\'0101\') for help."")')"
2002,20020328125600,provider_data_unavailable,"RuntimeError('raw download is incomplete: status=download_failed; cnt_segments=0; channel_table=None; error=ValueError(""Data not available in the time period. Call Client.info(\'0101\') for help."")')"
2002,20020328155100,provider_data_unavailable,"RuntimeError('raw download is incomplete: status=download_failed; cnt_segments=0; channel_table=None; error=ValueError(""Data not available in the time period. Call Client.info(\'0101\') for help."")')"
2002,20020330191500,provider_data_unavailable,"RuntimeError('raw download is incomplete: status=download_failed; cnt_segments=0; channel_table=None; error=ValueError(""Data not available in the time period. Call Client.info(\'0101\') for help."")')"
2002,20020402221300,provider_data_unavailable,"RuntimeError('raw download is incomplete: status=download_failed; cnt_segments=0; channel_table=None; error=ValueError(""Data not available in the time period. Call Client.info(\'0101\') for help."")')"
2002,20020403172500,provider_data_unavailable,"RuntimeError('raw download is incomplete: status=download_failed; cnt_segments=0; channel_table=None; error=ValueError(""Data not available in the time period. Call Client.info(\'0101\') for help."")')"
2002,20020404084200,provider_data_unavailable,"RuntimeError('raw download is incomplete: status=download_failed; cnt_segments=0; channel_table=None; error=ValueError(""Data not available in the time period. Call Client.info(\'0101\') for help."")')"
2002,20020406015700,provider_data_unavailable,"RuntimeError('raw download is incomplete: status=download_failed; cnt_segments=0; channel_table=None; error=ValueError(""Data not available in the time period. Call Client.info(\'0101\') for help."")')"
2002,20020411015500,provider_data_unavailable,"RuntimeError('raw download is incomplete: status=download_failed; cnt_segments=0; channel_table=None; error=ValueError(""Data not available in the time period. Call Client.info(\'0101\') for help."")')"
2002,20020411210400,provider_data_unavailable,"RuntimeError('raw download is incomplete: status=download_failed; cnt_segments=0; channel_table=None; error=ValueError(""Data not available in the time period. Call Client.info(\'0101\') for help."")')"
2002,20020411231600,provider_data_unavailable,"RuntimeError('raw download is incomplete: status=download_failed; cnt_segments=0; channel_table=None; error=ValueError(""Data not available in the time period. Call Client.info(\'0101\') for help."")')"
2002,20020412123500,provider_data_unavailable,"RuntimeError('raw download is incomplete: status=download_failed; cnt_segments=0; channel_table=None; error=ValueError(""Data not available in the time period. Call Client.info(\'0101\') for help."")')"
2002,20020413165400,provider_data_unavailable,"RuntimeError('raw download is incomplete: status=download_failed; cnt_segments=0; channel_table=None; error=ValueError(""Data not available in the time period. Call Client.info(\'0101\') for help."")')"
2002,20020415151000,provider_data_unavailable,"RuntimeError('raw download is incomplete: status=download_failed; cnt_segments=0; channel_table=None; error=ValueError(""Data not available in the time period. Call Client.info(\'0101\') for help."")')"
2002,20020417091000,provider_data_unavailable,"RuntimeError('raw download is incomplete: status=download_failed; cnt_segments=0; channel_table=None; error=ValueError(""Data not available in the time period. Call Client.info(\'0101\') for help."")')"
2002,20020421063000,provider_data_unavailable,"RuntimeError('raw download is incomplete: status=download_failed; cnt_segments=0; channel_table=None; error=ValueError(""Data not available in the time period. Call Client.info(\'0101\') for help."")')"
2002,20020421091000,provider_data_unavailable,"RuntimeError('raw download is incomplete: status=download_failed; cnt_segments=0; channel_table=None; error=ValueError(""Data not available in the time period. Call Client.info(\'0101\') for help."")')"
2002,20020422190300,provider_data_unavailable,"RuntimeError('raw download is incomplete: status=download_failed; cnt_segments=0; channel_table=None; error=ValueError(""Data not available in the time period. Call Client.info(\'0101\') for help."")')"
2002,20020426204600,provider_data_unavailable,"RuntimeError('raw download is incomplete: status=download_failed; cnt_segments=0; channel_table=None; error=ValueError(""Data not available in the time period. Call Client.info(\'0101\') for help."")')"
2002,20020426205100,provider_data_unavailable,"RuntimeError('raw download is incomplete: status=download_failed; cnt_segments=0; channel_table=None; error=ValueError(""Data not available in the time period. Call Client.info(\'0101\') for help."")')"
2002,20020428103400,provider_data_unavailable,"RuntimeError('raw download is incomplete: status=download_failed; cnt_segments=0; channel_table=None; error=ValueError(""Data not available in the time period. Call Client.info(\'0101\') for help."")')"
2002,20020430214200,provider_data_unavailable,"RuntimeError('raw download is incomplete: status=download_failed; cnt_segments=0; channel_table=None; error=ValueError(""Data not available in the time period. Call Client.info(\'0101\') for help."")')"
2002,20020504203500,provider_data_unavailable,"RuntimeError('raw download is incomplete: status=download_failed; cnt_segments=0; channel_table=None; error=ValueError(""Data not available in the time period. Call Client.info(\'0101\') for help."")')"
2002,20020504232900,provider_data_unavailable,"RuntimeError('raw download is incomplete: status=download_failed; cnt_segments=0; channel_table=None; error=ValueError(""Data not available in the time period. Call Client.info(\'0101\') for help."")')"
2002,20020506171200,provider_data_unavailable,"RuntimeError('raw download is incomplete: status=download_failed; cnt_segments=0; channel_table=None; error=ValueError(""Data not available in the time period. Call Client.info(\'0101\') for help."")')"
2002,20020506184500,provider_data_unavailable,"RuntimeError('raw download is incomplete: status=download_failed; cnt_segments=0; channel_table=None; error=ValueError(""Data not available in the time period. Call Client.info(\'0101\') for help."")')"
2002,20020512102900,provider_data_unavailable,"RuntimeError('raw download is incomplete: status=download_failed; cnt_segments=0; channel_table=None; error=ValueError(""Data not available in the time period. Call Client.info(\'0101\') for help."")')"
2002,20020512181700,provider_data_unavailable,"RuntimeError('raw download is incomplete: status=download_failed; cnt_segments=0; channel_table=None; error=ValueError(""Data not available in the time period. Call Client.info(\'0101\') for help."")')"
2002,20020512185200,provider_data_unavailable,"RuntimeError('raw download is incomplete: status=download_failed; cnt_segments=0; channel_table=None; error=ValueError(""Data not available in the time period. Call Client.info(\'0101\') for help."")')"
2002,20020516141400,provider_data_unavailable,"RuntimeError('raw download is incomplete: status=download_failed; cnt_segments=0; channel_table=None; error=ValueError(""Data not available in the time period. Call Client.info(\'0101\') for help."")')"
2002,20020519050000,provider_data_unavailable,"RuntimeError('raw download is incomplete: status=download_failed; cnt_segments=0; channel_table=None; error=ValueError(""Data not available in the time period. Call Client.info(\'0101\') for help."")')"
2002,20020520221900,provider_data_unavailable,"RuntimeError('raw download is incomplete: status=download_failed; cnt_segments=0; channel_table=None; error=ValueError(""Data not available in the time period. Call Client.info(\'0101\') for help."")')"
2002,20020524190800,provider_data_unavailable,"RuntimeError('raw download is incomplete: status=download_failed; cnt_segments=0; channel_table=None; error=ValueError(""Data not available in the time period. Call Client.info(\'0101\') for help."")')"
2002,20020525063200,provider_data_unavailable,"RuntimeError('raw download is incomplete: status=download_failed; cnt_segments=0; channel_table=None; error=ValueError(""Data not available in the time period. Call Client.info(\'0101\') for help."")')"
2002,20020525093700,provider_data_unavailable,"RuntimeError('raw download is incomplete: status=download_failed; cnt_segments=0; channel_table=None; error=ValueError(""Data not available in the time period. Call Client.info(\'0101\') for help."")')"
2002,20020527173100,provider_data_unavailable,"RuntimeError('raw download is incomplete: status=download_failed; cnt_segments=0; channel_table=None; error=ValueError(""Data not available in the time period. Call Client.info(\'0101\') for help."")')"
2002,20020530140800,provider_data_unavailable,"RuntimeError('raw download is incomplete: status=download_failed; cnt_segments=0; channel_table=None; error=ValueError(""Data not available in the time period. Call Client.info(\'0101\') for help."")')"
2002,20020614114200,provider_data_unavailable,"RuntimeError('raw download is incomplete: status=download_failed; cnt_segments=0; channel_table=None; error=ValueError(""Data not available in the time period. Call Client.info(\'0101\') for help."")')"
2002,20020615012800,provider_data_unavailable,"RuntimeError('raw download is incomplete: status=download_failed; cnt_segments=0; channel_table=None; error=ValueError(""Data not available in the time period. Call Client.info(\'0101\') for help."")')"
2002,20020616043900,provider_data_unavailable,"RuntimeError('raw download is incomplete: status=download_failed; cnt_segments=0; channel_table=None; error=ValueError(""Data not available in the time period. Call Client.info(\'0101\') for help."")')"
2002,20020616113800,provider_data_unavailable,"RuntimeError('raw download is incomplete: status=download_failed; cnt_segments=0; channel_table=None; error=ValueError(""Data not available in the time period. Call Client.info(\'0101\') for help."")')"
2002,20020617153100,provider_data_unavailable,"RuntimeError('raw download is incomplete: status=download_failed; cnt_segments=0; channel_table=None; error=ValueError(""Data not available in the time period. Call Client.info(\'0101\') for help."")')"
2002,20020617173600,provider_data_unavailable,"RuntimeError('raw download is incomplete: status=download_failed; cnt_segments=0; channel_table=None; error=ValueError(""Data not available in the time period. Call Client.info(\'0101\') for help."")')"
2002,20020618165800,provider_data_unavailable,"RuntimeError('raw download is incomplete: status=download_failed; cnt_segments=0; channel_table=None; error=ValueError(""Data not available in the time period. Call Client.info(\'0101\') for help."")')"
2002,20020619181600,provider_data_unavailable,"RuntimeError('raw download is incomplete: status=download_failed; cnt_segments=0; channel_table=None; error=ValueError(""Data not available in the time period. Call Client.info(\'0101\') for help."")')"
2002,20020620083400,provider_data_unavailable,"RuntimeError('raw download is incomplete: status=download_failed; cnt_segments=0; channel_table=None; error=ValueError(""Data not available in the time period. Call Client.info(\'0101\') for help."")')"
2002,20020621231500,provider_data_unavailable,"RuntimeError('raw download is incomplete: status=download_failed; cnt_segments=0; channel_table=None; error=ValueError(""Data not available in the time period. Call Client.info(\'0101\') for help."")')"
2002,20020701154800,provider_data_unavailable,"RuntimeError('raw download is incomplete: status=download_failed; cnt_segments=0; channel_table=None; error=ValueError(""Data not available in the time period. Call Client.info(\'0101\') for help."")')"
2002,20020701204900,provider_data_unavailable,"RuntimeError('raw download is incomplete: status=download_failed; cnt_segments=0; channel_table=None; error=ValueError(""Data not available in the time period. Call Client.info(\'0101\') for help."")')"
2002,20020703185700,provider_data_unavailable,"RuntimeError('raw download is incomplete: status=download_failed; cnt_segments=0; channel_table=None; error=ValueError(""Data not available in the time period. Call Client.info(\'0101\') for help."")')"
2002,20020704123800,provider_data_unavailable,"RuntimeError('raw download is incomplete: status=download_failed; cnt_segments=0; channel_table=None; error=ValueError(""Data not available in the time period. Call Client.info(\'0101\') for help."")')"
2002,20020706065800,provider_data_unavailable,"RuntimeError('raw download is incomplete: status=download_failed; cnt_segments=0; channel_table=None; error=ValueError(""Data not available in the time period. Call Client.info(\'0101\') for help."")')"
2002,20020709225300,provider_data_unavailable,"RuntimeError('raw download is incomplete: status=download_failed; cnt_segments=0; channel_table=None; error=ValueError(""Data not available in the time period. Call Client.info(\'0101\') for help."")')"
2002,20020709235100,provider_data_unavailable,"RuntimeError('raw download is incomplete: status=download_failed; cnt_segments=0; channel_table=None; error=ValueError(""Data not available in the time period. Call Client.info(\'0101\') for help."")')"
2002,20020710234800,provider_data_unavailable,"RuntimeError('raw download is incomplete: status=download_failed; cnt_segments=0; channel_table=None; error=ValueError(""Data not available in the time period. Call Client.info(\'0101\') for help."")')"
2002,20020711114100,provider_data_unavailable,"RuntimeError('raw download is incomplete: status=download_failed; cnt_segments=0; channel_table=None; error=ValueError(""Data not available in the time period. Call Client.info(\'0101\') for help."")')"
2002,20020712223500,provider_data_unavailable,"RuntimeError('raw download is incomplete: status=download_failed; cnt_segments=0; channel_table=None; error=ValueError(""Data not available in the time period. Call Client.info(\'0101\') for help."")')"
2002,20020713214500,provider_data_unavailable,"RuntimeError('raw download is incomplete: status=download_failed; cnt_segments=0; channel_table=None; error=ValueError(""Data not available in the time period. Call Client.info(\'0101\') for help."")')"
2002,20020716045800,provider_data_unavailable,"RuntimeError('raw download is incomplete: status=download_failed; cnt_segments=0; channel_table=None; error=ValueError(""Data not available in the time period. Call Client.info(\'0101\') for help."")')"
2002,20020716200900,provider_data_unavailable,"RuntimeError('raw download is incomplete: status=download_failed; cnt_segments=0; channel_table=None; error=ValueError(""Data not available in the time period. Call Client.info(\'0101\') for help."")')"
2002,20020716223500,provider_data_unavailable,"RuntimeError('raw download is incomplete: status=download_failed; cnt_segments=0; channel_table=None; error=ValueError(""Data not available in the time period. Call Client.info(\'0101\') for help."")')"
2002,20020721070700,provider_data_unavailable,"RuntimeError('raw download is incomplete: status=download_failed; cnt_segments=0; channel_table=None; error=ValueError(""Data not available in the time period. Call Client.info(\'0101\') for help."")')"
2002,20020724050500,provider_data_unavailable,"RuntimeError('raw download is incomplete: status=download_failed; cnt_segments=0; channel_table=None; error=ValueError(""Data not available in the time period. Call Client.info(\'0101\') for help."")')"
2002,20020725213100,provider_data_unavailable,"RuntimeError('raw download is incomplete: status=download_failed; cnt_segments=0; channel_table=None; error=ValueError(""Data not available in the time period. Call Client.info(\'0101\') for help."")')"
2002,20020727175900,provider_data_unavailable,"RuntimeError('raw download is incomplete: status=download_failed; cnt_segments=0; channel_table=None; error=ValueError(""Data not available in the time period. Call Client.info(\'0101\') for help."")')"
2002,20020728203100,provider_data_unavailable,"RuntimeError('raw download is incomplete: status=download_failed; cnt_segments=0; channel_table=None; error=ValueError(""Data not available in the time period. Call Client.info(\'0101\') for help."")')"
2002,20020730003600,provider_data_unavailable,"RuntimeError('raw download is incomplete: status=download_failed; cnt_segments=0; channel_table=None; error=ValueError(""Data not available in the time period. Call Client.info(\'0101\') for help."")')"
2002,20020801191500,provider_data_unavailable,"RuntimeError('raw download is incomplete: status=download_failed; cnt_segments=0; channel_table=None; error=ValueError(""Data not available in the time period. Call Client.info(\'0101\') for help."")')"
2002,20020803112300,provider_data_unavailable,"RuntimeError('raw download is incomplete: status=download_failed; cnt_segments=0; channel_table=None; error=ValueError(""Data not available in the time period. Call Client.info(\'0101\') for help."")')"
2002,20020804054800,provider_data_unavailable,"RuntimeError('raw download is incomplete: status=download_failed; cnt_segments=0; channel_table=None; error=ValueError(""Data not available in the time period. Call Client.info(\'0101\') for help."")')"
2002,20020805055700,provider_data_unavailable,"RuntimeError('raw download is incomplete: status=download_failed; cnt_segments=0; channel_table=None; error=ValueError(""Data not available in the time period. Call Client.info(\'0101\') for help."")')"
2002,20020805060700,provider_data_unavailable,"RuntimeError('raw download is incomplete: status=download_failed; cnt_segments=0; channel_table=None; error=ValueError(""Data not available in the time period. Call Client.info(\'0101\') for help."")')"
2002,20020811075600,provider_data_unavailable,"RuntimeError('raw download is incomplete: status=download_failed; cnt_segments=0; channel_table=None; error=ValueError(""Data not available in the time period. Call Client.info(\'0101\') for help."")')"
2002,20020811230000,provider_data_unavailable,"RuntimeError('raw download is incomplete: status=download_failed; cnt_segments=0; channel_table=None; error=ValueError(""Data not available in the time period. Call Client.info(\'0101\') for help."")')"
2002,20020812065500,provider_data_unavailable,"RuntimeError('raw download is incomplete: status=download_failed; cnt_segments=0; channel_table=None; error=ValueError(""Data not available in the time period. Call Client.info(\'0101\') for help."")')"
2002,20020812223700,provider_data_unavailable,"RuntimeError('raw download is incomplete: status=download_failed; cnt_segments=0; channel_table=None; error=ValueError(""Data not available in the time period. Call Client.info(\'0101\') for help."")')"
2002,20020815041600,provider_data_unavailable,"RuntimeError('raw download is incomplete: status=download_failed; cnt_segments=0; channel_table=None; error=ValueError(""Data not available in the time period. Call Client.info(\'0101\') for help."")')"
2002,20020817222700,provider_data_unavailable,"RuntimeError('raw download is incomplete: status=download_failed; cnt_segments=0; channel_table=None; error=ValueError(""Data not available in the time period. Call Client.info(\'0101\') for help."")')"
2002,20020818090100,provider_data_unavailable,"RuntimeError('raw download is incomplete: status=download_failed; cnt_segments=0; channel_table=None; error=ValueError(""Data not available in the time period. Call Client.info(\'0101\') for help."")')"
2002,20020823111900,provider_data_unavailable,"RuntimeError('raw download is incomplete: status=download_failed; cnt_segments=0; channel_table=None; error=ValueError(""Data not available in the time period. Call Client.info(\'0101\') for help."")')"
2002,20020824082200,provider_data_unavailable,"RuntimeError('raw download is incomplete: status=download_failed; cnt_segments=0; channel_table=None; error=ValueError(""Data not available in the time period. Call Client.info(\'0101\') for help."")')"
2002,20020825034100,provider_data_unavailable,"RuntimeError('raw download is incomplete: status=download_failed; cnt_segments=0; channel_table=None; error=ValueError(""Data not available in the time period. Call Client.info(\'0101\') for help."")')"
2002,20020829180400,provider_data_unavailable,"RuntimeError('raw download is incomplete: status=download_failed; cnt_segments=0; channel_table=None; error=ValueError(""Data not available in the time period. Call Client.info(\'0101\') for help."")')"
2002,20020830145800,provider_data_unavailable,"RuntimeError('raw download is incomplete: status=download_failed; cnt_segments=0; channel_table=None; error=ValueError(""Data not available in the time period. Call Client.info(\'0101\') for help."")')"
2002,20020830211600,provider_data_unavailable,"RuntimeError('raw download is incomplete: status=download_failed; cnt_segments=0; channel_table=None; error=ValueError(""Data not available in the time period. Call Client.info(\'0101\') for help."")')"
2002,20020830213000,provider_data_unavailable,"RuntimeError('raw download is incomplete: status=download_failed; cnt_segments=0; channel_table=None; error=ValueError(""Data not available in the time period. Call Client.info(\'0101\') for help."")')"
2002,20020901025000,provider_data_unavailable,"RuntimeError('raw download is incomplete: status=download_failed; cnt_segments=0; channel_table=None; error=ValueError(""Data not available in the time period. Call Client.info(\'0101\') for help."")')"
2002,20020902014500,provider_data_unavailable,"RuntimeError('raw download is incomplete: status=download_failed; cnt_segments=0; channel_table=None; error=ValueError(""Data not available in the time period. Call Client.info(\'0101\') for help."")')"
2002,20020902054800,provider_data_unavailable,"RuntimeError('raw download is incomplete: status=download_failed; cnt_segments=0; channel_table=None; error=ValueError(""Data not available in the time period. Call Client.info(\'0101\') for help."")')"
2002,20020902181700,provider_data_unavailable,"RuntimeError('raw download is incomplete: status=download_failed; cnt_segments=0; channel_table=None; error=ValueError(""Data not available in the time period. Call Client.info(\'0101\') for help."")')"
2002,20020903072400,provider_data_unavailable,"RuntimeError('raw download is incomplete: status=download_failed; cnt_segments=0; channel_table=None; error=ValueError(""Data not available in the time period. Call Client.info(\'0101\') for help."")')"
2002,20020903172800,provider_data_unavailable,"RuntimeError('raw download is incomplete: status=download_failed; cnt_segments=0; channel_table=None; error=ValueError(""Data not available in the time period. Call Client.info(\'0101\') for help."")')"
2002,20020904180600,provider_data_unavailable,"RuntimeError('raw download is incomplete: status=download_failed; cnt_segments=0; channel_table=None; error=ValueError(""Data not available in the time period. Call Client.info(\'0101\') for help."")')"
2002,20020907065700,provider_data_unavailable,"RuntimeError('raw download is incomplete: status=download_failed; cnt_segments=0; channel_table=None; error=ValueError(""Data not available in the time period. Call Client.info(\'0101\') for help."")')"
2002,20020908001100,provider_data_unavailable,"RuntimeError('raw download is incomplete: status=download_failed; cnt_segments=0; channel_table=None; error=ValueError(""Data not available in the time period. Call Client.info(\'0101\') for help."")')"
2002,20020908014500,provider_data_unavailable,"RuntimeError('raw download is incomplete: status=download_failed; cnt_segments=0; channel_table=None; error=ValueError(""Data not available in the time period. Call Client.info(\'0101\') for help."")')"
2002,20020908181000,provider_data_unavailable,"RuntimeError('raw download is incomplete: status=download_failed; cnt_segments=0; channel_table=None; error=ValueError(""Data not available in the time period. Call Client.info(\'0101\') for help."")')"
2002,20020909040900,provider_data_unavailable,"RuntimeError('raw download is incomplete: status=download_failed; cnt_segments=0; channel_table=None; error=ValueError(""Data not available in the time period. Call Client.info(\'0101\') for help."")')"
2002,20020910175400,provider_data_unavailable,"RuntimeError('raw download is incomplete: status=download_failed; cnt_segments=0; channel_table=None; error=ValueError(""Data not available in the time period. Call Client.info(\'0101\') for help."")')"
2002,20020913073600,provider_data_unavailable,"RuntimeError('raw download is incomplete: status=download_failed; cnt_segments=0; channel_table=None; error=ValueError(""Data not available in the time period. Call Client.info(\'0101\') for help."")')"
2002,20020916002500,provider_data_unavailable,"RuntimeError('raw download is incomplete: status=download_failed; cnt_segments=0; channel_table=None; error=ValueError(""Data not available in the time period. Call Client.info(\'0101\') for help."")')"
2002,20020916101000,provider_data_unavailable,"RuntimeError('raw download is incomplete: status=download_failed; cnt_segments=0; channel_table=None; error=ValueError(""Data not available in the time period. Call Client.info(\'0101\') for help."")')"
2002,20020916102000,provider_data_unavailable,"RuntimeError('raw download is incomplete: status=download_failed; cnt_segments=0; channel_table=None; error=ValueError(""Data not available in the time period. Call Client.info(\'0101\') for help."")')"
2002,20020916104000,provider_data_unavailable,"RuntimeError('raw download is incomplete: status=download_failed; cnt_segments=0; channel_table=None; error=ValueError(""Data not available in the time period. Call Client.info(\'0101\') for help."")')"
2002,20020916111300,provider_data_unavailable,"RuntimeError('raw download is incomplete: status=download_failed; cnt_segments=0; channel_table=None; error=ValueError(""Data not available in the time period. Call Client.info(\'0101\') for help."")')"
2002,20020916135700,provider_data_unavailable,"RuntimeError('raw download is incomplete: status=download_failed; cnt_segments=0; channel_table=None; error=ValueError(""Data not available in the time period. Call Client.info(\'0101\') for help."")')"
2002,20020917003800,provider_data_unavailable,"RuntimeError('raw download is incomplete: status=download_failed; cnt_segments=0; channel_table=None; error=ValueError(""Data not available in the time period. Call Client.info(\'0101\') for help."")')"
2002,20020917010700,provider_data_unavailable,"RuntimeError('raw download is incomplete: status=download_failed; cnt_segments=0; channel_table=None; error=ValueError(""Data not available in the time period. Call Client.info(\'0101\') for help."")')"
2002,20020917231600,provider_data_unavailable,"RuntimeError('raw download is incomplete: status=download_failed; cnt_segments=0; channel_table=None; error=ValueError(""Data not available in the time period. Call Client.info(\'0101\') for help."")')"
2002,20020919045800,provider_data_unavailable,"RuntimeError('raw download is incomplete: status=download_failed; cnt_segments=0; channel_table=None; error=ValueError(""Data not available in the time period. Call Client.info(\'0101\') for help."")')"
2002,20020919090300,provider_data_unavailable,"RuntimeError('raw download is incomplete: status=download_failed; cnt_segments=0; channel_table=None; error=ValueError(""Data not available in the time period. Call Client.info(\'0101\') for help."")')"
2002,20020919131700,provider_data_unavailable,"RuntimeError('raw download is incomplete: status=download_failed; cnt_segments=0; channel_table=None; error=ValueError(""Data not available in the time period. Call Client.info(\'0101\') for help."")')"
2002,20020922085300,provider_data_unavailable,"RuntimeError('raw download is incomplete: status=download_failed; cnt_segments=0; channel_table=None; error=ValueError(""Data not available in the time period. Call Client.info(\'0101\') for help."")')"
2002,20020922093600,provider_data_unavailable,"RuntimeError('raw download is incomplete: status=download_failed; cnt_segments=0; channel_table=None; error=ValueError(""Data not available in the time period. Call Client.info(\'0101\') for help."")')"
2002,20020923084400,provider_data_unavailable,"RuntimeError('raw download is incomplete: status=download_failed; cnt_segments=0; channel_table=None; error=ValueError(""Data not available in the time period. Call Client.info(\'0101\') for help."")')"
2002,20020923094100,provider_data_unavailable,"RuntimeError('raw download is incomplete: status=download_failed; cnt_segments=0; channel_table=None; error=ValueError(""Data not available in the time period. Call Client.info(\'0101\') for help."")')"
2002,20020924092000,provider_data_unavailable,"RuntimeError('raw download is incomplete: status=download_failed; cnt_segments=0; channel_table=None; error=ValueError(""Data not available in the time period. Call Client.info(\'0101\') for help."")')"
2002,20020925144500,provider_data_unavailable,"RuntimeError('raw download is incomplete: status=download_failed; cnt_segments=0; channel_table=None; error=ValueError(""Data not available in the time period. Call Client.info(\'0101\') for help."")')"
2002,20020926191200,provider_data_unavailable,"RuntimeError('raw download is incomplete: status=download_failed; cnt_segments=0; channel_table=None; error=ValueError(""Data not available in the time period. Call Client.info(\'0101\') for help."")')"
2002,20020928023100,provider_data_unavailable,"RuntimeError('raw download is incomplete: status=download_failed; cnt_segments=0; channel_table=None; error=ValueError(""Data not available in the time period. Call Client.info(\'0101\') for help."")')"
2002,20021007080800,provider_data_unavailable,"RuntimeError('raw download is incomplete: status=download_failed; cnt_segments=0; channel_table=None; error=ValueError(""Data not available in the time period. Call Client.info(\'0101\') for help."")')"
2002,20021008140200,provider_data_unavailable,"RuntimeError('raw download is incomplete: status=download_failed; cnt_segments=0; channel_table=None; error=ValueError(""Data not available in the time period. Call Client.info(\'0101\') for help."")')"
2002,20021009072000,provider_data_unavailable,"RuntimeError('raw download is incomplete: status=download_failed; cnt_segments=0; channel_table=None; error=ValueError(""Data not available in the time period. Call Client.info(\'0101\') for help."")')"
2002,20021011022200,provider_data_unavailable,"RuntimeError('raw download is incomplete: status=download_failed; cnt_segments=0; channel_table=None; error=ValueError(""Data not available in the time period. Call Client.info(\'0101\') for help."")')"
2002,20021011100400,provider_data_unavailable,"RuntimeError('raw download is incomplete: status=download_failed; cnt_segments=0; channel_table=None; error=ValueError(""Data not available in the time period. Call Client.info(\'0101\') for help."")')"
2002,20021012195900,provider_data_unavailable,"RuntimeError('raw download is incomplete: status=download_failed; cnt_segments=0; channel_table=None; error=ValueError(""Data not available in the time period. Call Client.info(\'0101\') for help."")')"
2002,20021013042800,provider_data_unavailable,"RuntimeError('raw download is incomplete: status=download_failed; cnt_segments=0; channel_table=None; error=ValueError(""Data not available in the time period. Call Client.info(\'0101\') for help."")')"
2002,20021013190600,provider_data_unavailable,"RuntimeError('raw download is incomplete: status=download_failed; cnt_segments=0; channel_table=None; error=ValueError(""Data not available in the time period. Call Client.info(\'0101\') for help."")')"
2002,20021013201700,provider_data_unavailable,"RuntimeError('raw download is incomplete: status=download_failed; cnt_segments=0; channel_table=None; error=ValueError(""Data not available in the time period. Call Client.info(\'0101\') for help."")')"
2002,20021014020700,provider_data_unavailable,"RuntimeError('raw download is incomplete: status=download_failed; cnt_segments=0; channel_table=None; error=ValueError(""Data not available in the time period. Call Client.info(\'0101\') for help."")')"
2002,20021014231300,provider_data_unavailable,"RuntimeError('raw download is incomplete: status=download_failed; cnt_segments=0; channel_table=None; error=ValueError(""Data not available in the time period. Call Client.info(\'0101\') for help."")')"
2002,20021016130400,provider_data_unavailable,"RuntimeError('raw download is incomplete: status=download_failed; cnt_segments=0; channel_table=None; error=ValueError(""Data not available in the time period. Call Client.info(\'0101\') for help."")')"
2002,20021017172400,provider_data_unavailable,"RuntimeError('raw download is incomplete: status=download_failed; cnt_segments=0; channel_table=None; error=ValueError(""Data not available in the time period. Call Client.info(\'0101\') for help."")')"
2002,20021019052600,provider_data_unavailable,"RuntimeError('raw download is incomplete: status=download_failed; cnt_segments=0; channel_table=None; error=ValueError(""Data not available in the time period. Call Client.info(\'0101\') for help."")')"
2002,20021021010600,provider_data_unavailable,"RuntimeError('raw download is incomplete: status=download_failed; cnt_segments=0; channel_table=None; error=ValueError(""Data not available in the time period. Call Client.info(\'0101\') for help."")')"
2002,20021023062200,provider_data_unavailable,"RuntimeError('raw download is incomplete: status=download_failed; cnt_segments=0; channel_table=None; error=ValueError(""Data not available in the time period. Call Client.info(\'0101\') for help."")')"
2002,20021024061300,provider_data_unavailable,"RuntimeError('raw download is incomplete: status=download_failed; cnt_segments=0; channel_table=None; error=ValueError(""Data not available in the time period. Call Client.info(\'0101\') for help."")')"
2002,20021024095200,provider_data_unavailable,"RuntimeError('raw download is incomplete: status=download_failed; cnt_segments=0; channel_table=None; error=ValueError(""Data not available in the time period. Call Client.info(\'0101\') for help."")')"
2002,20021025050000,provider_data_unavailable,"RuntimeError('raw download is incomplete: status=download_failed; cnt_segments=0; channel_table=None; error=ValueError(""Data not available in the time period. Call Client.info(\'0101\') for help."")')"
2002,20021025194900,provider_data_unavailable,"RuntimeError('raw download is incomplete: status=download_failed; cnt_segments=0; channel_table=None; error=ValueError(""Data not available in the time period. Call Client.info(\'0101\') for help."")')"
2002,20021026194300,provider_data_unavailable,"RuntimeError('raw download is incomplete: status=download_failed; cnt_segments=0; channel_table=None; error=ValueError(""Data not available in the time period. Call Client.info(\'0101\') for help."")')"
2002,20021029082600,provider_data_unavailable,"RuntimeError('raw download is incomplete: status=download_failed; cnt_segments=0; channel_table=None; error=ValueError(""Data not available in the time period. Call Client.info(\'0101\') for help."")')"
2002,20021029172400,provider_data_unavailable,"RuntimeError('raw download is incomplete: status=download_failed; cnt_segments=0; channel_table=None; error=ValueError(""Data not available in the time period. Call Client.info(\'0101\') for help."")')"
2002,20021029185500,provider_data_unavailable,"RuntimeError('raw download is incomplete: status=download_failed; cnt_segments=0; channel_table=None; error=ValueError(""Data not available in the time period. Call Client.info(\'0101\') for help."")')"
2002,20021102095200,provider_data_unavailable,"RuntimeError('raw download is incomplete: status=download_failed; cnt_segments=0; channel_table=None; error=ValueError(""Data not available in the time period. Call Client.info(\'0101\') for help."")')"
2002,20021103105200,provider_data_unavailable,"RuntimeError('raw download is incomplete: status=download_failed; cnt_segments=0; channel_table=None; error=ValueError(""Data not available in the time period. Call Client.info(\'0101\') for help."")')"
2002,20021103123700,provider_data_unavailable,"RuntimeError('raw download is incomplete: status=download_failed; cnt_segments=0; channel_table=None; error=ValueError(""Data not available in the time period. Call Client.info(\'0101\') for help."")')"
2002,20021103145400,provider_data_unavailable,"RuntimeError('raw download is incomplete: status=download_failed; cnt_segments=0; channel_table=None; error=ValueError(""Data not available in the time period. Call Client.info(\'0101\') for help."")')"
2002,20021103193700,provider_data_unavailable,"RuntimeError('raw download is incomplete: status=download_failed; cnt_segments=0; channel_table=None; error=ValueError(""Data not available in the time period. Call Client.info(\'0101\') for help."")')"
2002,20021104041400,provider_data_unavailable,"RuntimeError('raw download is incomplete: status=download_failed; cnt_segments=0; channel_table=None; error=ValueError(""Data not available in the time period. Call Client.info(\'0101\') for help."")')"
2002,20021104133600,provider_data_unavailable,"RuntimeError('raw download is incomplete: status=download_failed; cnt_segments=0; channel_table=None; error=ValueError(""Data not available in the time period. Call Client.info(\'0101\') for help."")')"
2002,20021106082300,provider_data_unavailable,"RuntimeError('raw download is incomplete: status=download_failed; cnt_segments=0; channel_table=None; error=ValueError(""Data not available in the time period. Call Client.info(\'0101\') for help."")')"
2002,20021107055600,connection_interrupted,"ConnectionError(ProtocolError('Connection aborted.', RemoteDisconnected('Remote end closed connection without response')))"
2002,20021110193500,provider_data_unavailable,"RuntimeError('raw download is incomplete: status=download_failed; cnt_segments=0; channel_table=None; error=ValueError(""Data not available in the time period. Call Client.info(\'0101\') for help."")')"
2002,20021111020300,provider_data_unavailable,"RuntimeError('raw download is incomplete: status=download_failed; cnt_segments=0; channel_table=None; error=ValueError(""Data not available in the time period. Call Client.info(\'0101\') for help."")')"
2002,20021111062500,provider_data_unavailable,"RuntimeError('raw download is incomplete: status=download_failed; cnt_segments=0; channel_table=None; error=ValueError(""Data not available in the time period. Call Client.info(\'0101\') for help."")')"
2002,20021115072900,provider_data_unavailable,"RuntimeError('raw download is incomplete: status=download_failed; cnt_segments=0; channel_table=None; error=ValueError(""Data not available in the time period. Call Client.info(\'0101\') for help."")')"
2002,20021116121900,provider_data_unavailable,"RuntimeError('raw download is incomplete: status=download_failed; cnt_segments=0; channel_table=None; error=ValueError(""Data not available in the time period. Call Client.info(\'0101\') for help."")')"
2002,20021117134800,provider_data_unavailable,"RuntimeError('raw download is incomplete: status=download_failed; cnt_segments=0; channel_table=None; error=ValueError(""Data not available in the time period. Call Client.info(\'0101\') for help."")')"
2002,20021119183600,provider_data_unavailable,"RuntimeError('raw download is incomplete: status=download_failed; cnt_segments=0; channel_table=None; error=ValueError(""Data not available in the time period. Call Client.info(\'0101\') for help."")')"
2002,20021120134900,provider_data_unavailable,"RuntimeError('raw download is incomplete: status=download_failed; cnt_segments=0; channel_table=None; error=ValueError(""Data not available in the time period. Call Client.info(\'0101\') for help."")')"
2002,20021123032700,provider_data_unavailable,"RuntimeError('raw download is incomplete: status=download_failed; cnt_segments=0; channel_table=None; error=ValueError(""Data not available in the time period. Call Client.info(\'0101\') for help."")')"
2002,20021124051400,provider_data_unavailable,"RuntimeError('raw download is incomplete: status=download_failed; cnt_segments=0; channel_table=None; error=ValueError(""Data not available in the time period. Call Client.info(\'0101\') for help."")')"
2002,20021130161500,provider_data_unavailable,"RuntimeError('raw download is incomplete: status=download_failed; cnt_segments=0; channel_table=None; error=ValueError(""Data not available in the time period. Call Client.info(\'0101\') for help."")')"
2002,20021201194800,provider_data_unavailable,"RuntimeError('raw download is incomplete: status=download_failed; cnt_segments=0; channel_table=None; error=ValueError(""Data not available in the time period. Call Client.info(\'0101\') for help."")')"
2002,20021202080200,provider_data_unavailable,"RuntimeError('raw download is incomplete: status=download_failed; cnt_segments=0; channel_table=None; error=ValueError(""Data not available in the time period. Call Client.info(\'0101\') for help."")')"
2002,20021204080900,provider_data_unavailable,"RuntimeError('raw download is incomplete: status=download_failed; cnt_segments=0; channel_table=None; error=ValueError(""Data not available in the time period. Call Client.info(\'0101\') for help."")')"
2002,20021204141700,provider_data_unavailable,"RuntimeError('raw download is incomplete: status=download_failed; cnt_segments=0; channel_table=None; error=ValueError(""Data not available in the time period. Call Client.info(\'0101\') for help."")')"
2002,20021205005000,provider_data_unavailable,"RuntimeError('raw download is incomplete: status=download_failed; cnt_segments=0; channel_table=None; error=ValueError(""Data not available in the time period. Call Client.info(\'0101\') for help."")')"
2002,20021205005300,provider_data_unavailable,"RuntimeError('raw download is incomplete: status=download_failed; cnt_segments=0; channel_table=None; error=ValueError(""Data not available in the time period. Call Client.info(\'0101\') for help."")')"
2002,20021205021700,provider_data_unavailable,"RuntimeError('raw download is incomplete: status=download_failed; cnt_segments=0; channel_table=None; error=ValueError(""Data not available in the time period. Call Client.info(\'0101\') for help."")')"
2002,20021209033400,provider_data_unavailable,"RuntimeError('raw download is incomplete: status=download_failed; cnt_segments=0; channel_table=None; error=ValueError(""Data not available in the time period. Call Client.info(\'0101\') for help."")')"
2002,20021210202500,provider_data_unavailable,"RuntimeError('raw download is incomplete: status=download_failed; cnt_segments=0; channel_table=None; error=ValueError(""Data not available in the time period. Call Client.info(\'0101\') for help."")')"
2002,20021212003400,provider_data_unavailable,"RuntimeError('raw download is incomplete: status=download_failed; cnt_segments=0; channel_table=None; error=ValueError(""Data not available in the time period. Call Client.info(\'0101\') for help."")')"
2002,20021214043800,provider_data_unavailable,"RuntimeError('raw download is incomplete: status=download_failed; cnt_segments=0; channel_table=None; error=ValueError(""Data not available in the time period. Call Client.info(\'0101\') for help."")')"
2002,20021214051500,provider_data_unavailable,"RuntimeError('raw download is incomplete: status=download_failed; cnt_segments=0; channel_table=None; error=ValueError(""Data not available in the time period. Call Client.info(\'0101\') for help."")')"
2002,20021217071700,provider_data_unavailable,"RuntimeError('raw download is incomplete: status=download_failed; cnt_segments=0; channel_table=None; error=ValueError(""Data not available in the time period. Call Client.info(\'0101\') for help."")')"
2002,20021218004800,provider_data_unavailable,"RuntimeError('raw download is incomplete: status=download_failed; cnt_segments=0; channel_table=None; error=ValueError(""Data not available in the time period. Call Client.info(\'0101\') for help."")')"
2002,20021219131800,provider_data_unavailable,"RuntimeError('raw download is incomplete: status=download_failed; cnt_segments=0; channel_table=None; error=ValueError(""Data not available in the time period. Call Client.info(\'0101\') for help."")')"
2002,20021219211900,provider_data_unavailable,"RuntimeError('raw download is incomplete: status=download_failed; cnt_segments=0; channel_table=None; error=ValueError(""Data not available in the time period. Call Client.info(\'0101\') for help."")')"
2002,20021220034800,provider_data_unavailable,"RuntimeError('raw download is incomplete: status=download_failed; cnt_segments=0; channel_table=None; error=ValueError(""Data not available in the time period. Call Client.info(\'0101\') for help."")')"
2002,20021221113800,provider_data_unavailable,"RuntimeError('raw download is incomplete: status=download_failed; cnt_segments=0; channel_table=None; error=ValueError(""Data not available in the time period. Call Client.info(\'0101\') for help."")')"
2002,20021221160400,provider_data_unavailable,"RuntimeError('raw download is incomplete: status=download_failed; cnt_segments=0; channel_table=None; error=ValueError(""Data not available in the time period. Call Client.info(\'0101\') for help."")')"
2002,20021223053100,provider_data_unavailable,"RuntimeError('raw download is incomplete: status=download_failed; cnt_segments=0; channel_table=None; error=ValueError(""Data not available in the time period. Call Client.info(\'0101\') for help."")')"
2002,20021231191100,provider_data_unavailable,"RuntimeError('raw download is incomplete: status=download_failed; cnt_segments=0; channel_table=None; error=ValueError(""Data not available in the time period. Call Client.info(\'0101\') for help."")')"
2003,20030101231800,provider_data_unavailable,"RuntimeError('raw download is incomplete: status=download_failed; cnt_segments=0; channel_table=None; error=ValueError(""Data not available in the time period. Call Client.info(\'0101\') for help."")')"
2003,20030105113300,provider_data_unavailable,"RuntimeError('raw download is incomplete: status=download_failed; cnt_segments=0; channel_table=None; error=ValueError(""Data not available in the time period. Call Client.info(\'0101\') for help."")')"
2003,20030105185100,provider_data_unavailable,"RuntimeError('raw download is incomplete: status=download_failed; cnt_segments=0; channel_table=None; error=ValueError(""Data not available in the time period. Call Client.info(\'0101\') for help."")')"
2003,20030106134300,provider_data_unavailable,"RuntimeError('raw download is incomplete: status=download_failed; cnt_segments=0; channel_table=None; error=ValueError(""Data not available in the time period. Call Client.info(\'0101\') for help."")')"
2003,20030107032700,provider_data_unavailable,"RuntimeError('raw download is incomplete: status=download_failed; cnt_segments=0; channel_table=None; error=ValueError(""Data not available in the time period. Call Client.info(\'0101\') for help."")')"
2003,20030107204400,provider_data_unavailable,"RuntimeError('raw download is incomplete: status=download_failed; cnt_segments=0; channel_table=None; error=ValueError(""Data not available in the time period. Call Client.info(\'0101\') for help."")')"
2003,20030109131400,provider_data_unavailable,"RuntimeError('raw download is incomplete: status=download_failed; cnt_segments=0; channel_table=None; error=ValueError(""Data not available in the time period. Call Client.info(\'0101\') for help."")')"
2003,20030109222400,provider_data_unavailable,"RuntimeError('raw download is incomplete: status=download_failed; cnt_segments=0; channel_table=None; error=ValueError(""Data not available in the time period. Call Client.info(\'0101\') for help."")')"
2003,20030113133800,provider_data_unavailable,"RuntimeError('raw download is incomplete: status=download_failed; cnt_segments=0; channel_table=None; error=ValueError(""Data not available in the time period. Call Client.info(\'0101\') for help."")')"
2003,20030115180200,provider_data_unavailable,"RuntimeError('raw download is incomplete: status=download_failed; cnt_segments=0; channel_table=None; error=ValueError(""Data not available in the time period. Call Client.info(\'0101\') for help."")')"
2003,20030119003100,provider_data_unavailable,"RuntimeError('raw download is incomplete: status=download_failed; cnt_segments=0; channel_table=None; error=ValueError(""Data not available in the time period. Call Client.info(\'0101\') for help."")')"
2003,20030119045000,provider_data_unavailable,"RuntimeError('raw download is incomplete: status=download_failed; cnt_segments=0; channel_table=None; error=ValueError(""Data not available in the time period. Call Client.info(\'0101\') for help."")')"
2003,20030120220500,provider_data_unavailable,"RuntimeError('raw download is incomplete: status=download_failed; cnt_segments=0; channel_table=None; error=ValueError(""Data not available in the time period. Call Client.info(\'0101\') for help."")')"
2003,20030121131900,provider_data_unavailable,"RuntimeError('raw download is incomplete: status=download_failed; cnt_segments=0; channel_table=None; error=ValueError(""Data not available in the time period. Call Client.info(\'0101\') for help."")')"
2003,20030123214200,provider_data_unavailable,"RuntimeError('raw download is incomplete: status=download_failed; cnt_segments=0; channel_table=None; error=ValueError(""Data not available in the time period. Call Client.info(\'0101\') for help."")')"
2003,20030126110800,provider_data_unavailable,"RuntimeError('raw download is incomplete: status=download_failed; cnt_segments=0; channel_table=None; error=ValueError(""Data not available in the time period. Call Client.info(\'0101\') for help."")')"
2003,20030127022200,provider_data_unavailable,"RuntimeError('raw download is incomplete: status=download_failed; cnt_segments=0; channel_table=None; error=ValueError(""Data not available in the time period. Call Client.info(\'0101\') for help."")')"
2003,20030127161600,provider_data_unavailable,"RuntimeError('raw download is incomplete: status=download_failed; cnt_segments=0; channel_table=None; error=ValueError(""Data not available in the time period. Call Client.info(\'0101\') for help."")')"
2003,20030128200900,provider_data_unavailable,"RuntimeError('raw download is incomplete: status=download_failed; cnt_segments=0; channel_table=None; error=ValueError(""Data not available in the time period. Call Client.info(\'0101\') for help."")')"
2003,20030131071800,provider_data_unavailable,"RuntimeError('raw download is incomplete: status=download_failed; cnt_segments=0; channel_table=None; error=ValueError(""Data not available in the time period. Call Client.info(\'0101\') for help."")')"
2003,20030131092800,provider_data_unavailable,"RuntimeError('raw download is incomplete: status=download_failed; cnt_segments=0; channel_table=None; error=ValueError(""Data not available in the time period. Call Client.info(\'0101\') for help."")')"
2003,20030131175300,provider_data_unavailable,"RuntimeError('raw download is incomplete: status=download_failed; cnt_segments=0; channel_table=None; error=ValueError(""Data not available in the time period. Call Client.info(\'0101\') for help."")')"
2003,20030201031500,provider_data_unavailable,"RuntimeError('raw download is incomplete: status=download_failed; cnt_segments=0; channel_table=None; error=ValueError(""Data not available in the time period. Call Client.info(\'0101\') for help."")')"
2003,20030203042500,provider_data_unavailable,"RuntimeError('raw download is incomplete: status=download_failed; cnt_segments=0; channel_table=None; error=ValueError(""Data not available in the time period. Call Client.info(\'0101\') for help."")')"
2003,20030204133500,provider_data_unavailable,"RuntimeError('raw download is incomplete: status=download_failed; cnt_segments=0; channel_table=None; error=ValueError(""Data not available in the time period. Call Client.info(\'0101\') for help."")')"
2003,20030206023700,provider_data_unavailable,"RuntimeError('raw download is incomplete: status=download_failed; cnt_segments=0; channel_table=None; error=ValueError(""Data not available in the time period. Call Client.info(\'0101\') for help."")')"
2003,20030207130600,provider_data_unavailable,"RuntimeError('raw download is incomplete: status=download_failed; cnt_segments=0; channel_table=None; error=ValueError(""Data not available in the time period. Call Client.info(\'0101\') for help."")')"
2003,20030211183400,provider_data_unavailable,"RuntimeError('raw download is incomplete: status=download_failed; cnt_segments=0; channel_table=None; error=ValueError(""Data not available in the time period. Call Client.info(\'0101\') for help."")')"
2003,20030212221300,provider_data_unavailable,"RuntimeError('raw download is incomplete: status=download_failed; cnt_segments=0; channel_table=None; error=ValueError(""Data not available in the time period. Call Client.info(\'0101\') for help."")')"
2003,20030213015000,provider_data_unavailable,"RuntimeError('raw download is incomplete: status=download_failed; cnt_segments=0; channel_table=None; error=ValueError(""Data not available in the time period. Call Client.info(\'0101\') for help."")')"
2003,20030213041700,provider_data_unavailable,"RuntimeError('raw download is incomplete: status=download_failed; cnt_segments=0; channel_table=None; error=ValueError(""Data not available in the time period. Call Client.info(\'0101\') for help."")')"
2003,20030213105400,provider_data_unavailable,"RuntimeError('raw download is incomplete: status=download_failed; cnt_segments=0; channel_table=None; error=ValueError(""Data not available in the time period. Call Client.info(\'0101\') for help."")')"
2003,20030214105400,provider_data_unavailable,"RuntimeError('raw download is incomplete: status=download_failed; cnt_segments=0; channel_table=None; error=ValueError(""Data not available in the time period. Call Client.info(\'0101\') for help."")')"
2003,20030214112600,provider_data_unavailable,"RuntimeError('raw download is incomplete: status=download_failed; cnt_segments=0; channel_table=None; error=ValueError(""Data not available in the time period. Call Client.info(\'0101\') for help."")')"
2003,20030216120300,provider_data_unavailable,"RuntimeError('raw download is incomplete: status=download_failed; cnt_segments=0; channel_table=None; error=ValueError(""Data not available in the time period. Call Client.info(\'0101\') for help."")')"
2003,20030220061900,provider_data_unavailable,"RuntimeError('raw download is incomplete: status=download_failed; cnt_segments=0; channel_table=None; error=ValueError(""Data not available in the time period. Call Client.info(\'0101\') for help."")')"
2003,20030222123400,provider_data_unavailable,"RuntimeError('raw download is incomplete: status=download_failed; cnt_segments=0; channel_table=None; error=ValueError(""Data not available in the time period. Call Client.info(\'0101\') for help."")')"
2003,20030224020000,provider_data_unavailable,"RuntimeError('raw download is incomplete: status=download_failed; cnt_segments=0; channel_table=None; error=ValueError(""Data not available in the time period. Call Client.info(\'0101\') for help."")')"
2003,20030224162400,provider_data_unavailable,"RuntimeError('raw download is incomplete: status=download_failed; cnt_segments=0; channel_table=None; error=ValueError(""Data not available in the time period. Call Client.info(\'0101\') for help."")')"
2003,20030226030300,provider_data_unavailable,"RuntimeError('raw download is incomplete: status=download_failed; cnt_segments=0; channel_table=None; error=ValueError(""Data not available in the time period. Call Client.info(\'0101\') for help."")')"
2003,20030227053100,provider_data_unavailable,"RuntimeError('raw download is incomplete: status=download_failed; cnt_segments=0; channel_table=None; error=ValueError(""Data not available in the time period. Call Client.info(\'0101\') for help."")')"
2003,20030227170900,provider_data_unavailable,"RuntimeError('raw download is incomplete: status=download_failed; cnt_segments=0; channel_table=None; error=ValueError(""Data not available in the time period. Call Client.info(\'0101\') for help."")')"
2003,20030303074700,provider_data_unavailable,"RuntimeError('raw download is incomplete: status=download_failed; cnt_segments=0; channel_table=None; error=ValueError(""Data not available in the time period. Call Client.info(\'0101\') for help."")')"
2003,20030304231500,provider_data_unavailable,"RuntimeError('raw download is incomplete: status=download_failed; cnt_segments=0; channel_table=None; error=ValueError(""Data not available in the time period. Call Client.info(\'0101\') for help."")')"
2003,20030304234300,provider_data_unavailable,"RuntimeError('raw download is incomplete: status=download_failed; cnt_segments=0; channel_table=None; error=ValueError(""Data not available in the time period. Call Client.info(\'0101\') for help."")')"
2003,20030307153100,provider_data_unavailable,"RuntimeError('raw download is incomplete: status=download_failed; cnt_segments=0; channel_table=None; error=ValueError(""Data not available in the time period. Call Client.info(\'0101\') for help."")')"
2003,20030307200000,provider_data_unavailable,"RuntimeError('raw download is incomplete: status=download_failed; cnt_segments=0; channel_table=None; error=ValueError(""Data not available in the time period. Call Client.info(\'0101\') for help."")')"
2003,20030312001700,provider_data_unavailable,"RuntimeError('raw download is incomplete: status=download_failed; cnt_segments=0; channel_table=None; error=ValueError(""Data not available in the time period. Call Client.info(\'0101\') for help."")')"
2003,20030312080800,provider_data_unavailable,"RuntimeError('raw download is incomplete: status=download_failed; cnt_segments=0; channel_table=None; error=ValueError(""Data not available in the time period. Call Client.info(\'0101\') for help."")')"
2003,20030313031000,provider_data_unavailable,"RuntimeError('raw download is incomplete: status=download_failed; cnt_segments=0; channel_table=None; error=ValueError(""Data not available in the time period. Call Client.info(\'0101\') for help."")')"
2003,20030313121300,provider_data_unavailable,"RuntimeError('raw download is incomplete: status=download_failed; cnt_segments=0; channel_table=None; error=ValueError(""Data not available in the time period. Call Client.info(\'0101\') for help."")')"
2003,20030313210400,provider_data_unavailable,"RuntimeError('raw download is incomplete: status=download_failed; cnt_segments=0; channel_table=None; error=ValueError(""Data not available in the time period. Call Client.info(\'0101\') for help."")')"
2003,20030316000600,provider_data_unavailable,"RuntimeError('raw download is incomplete: status=download_failed; cnt_segments=0; channel_table=None; error=ValueError(""Data not available in the time period. Call Client.info(\'0101\') for help."")')"
2003,20030316143500,provider_data_unavailable,"RuntimeError('raw download is incomplete: status=download_failed; cnt_segments=0; channel_table=None; error=ValueError(""Data not available in the time period. Call Client.info(\'0101\') for help."")')"
2003,20030316220100,provider_data_unavailable,"RuntimeError('raw download is incomplete: status=download_failed; cnt_segments=0; channel_table=None; error=ValueError(""Data not available in the time period. Call Client.info(\'0101\') for help."")')"
2003,20030317221400,provider_data_unavailable,"RuntimeError('raw download is incomplete: status=download_failed; cnt_segments=0; channel_table=None; error=ValueError(""Data not available in the time period. Call Client.info(\'0101\') for help."")')"
2003,20030323040900,provider_data_unavailable,"RuntimeError('raw download is incomplete: status=download_failed; cnt_segments=0; channel_table=None; error=ValueError(""Data not available in the time period. Call Client.info(\'0101\') for help."")')"
2003,20030324094800,provider_data_unavailable,"RuntimeError('raw download is incomplete: status=download_failed; cnt_segments=0; channel_table=None; error=ValueError(""Data not available in the time period. Call Client.info(\'0101\') for help."")')"
2003,20030326040800,provider_data_unavailable,"RuntimeError('raw download is incomplete: status=download_failed; cnt_segments=0; channel_table=None; error=ValueError(""Data not available in the time period. Call Client.info(\'0101\') for help."")')"
2003,20030327101000,provider_data_unavailable,"RuntimeError('raw download is incomplete: status=download_failed; cnt_segments=0; channel_table=None; error=ValueError(""Data not available in the time period. Call Client.info(\'0101\') for help."")')"
2003,20030327134700,provider_data_unavailable,"RuntimeError('raw download is incomplete: status=download_failed; cnt_segments=0; channel_table=None; error=ValueError(""Data not available in the time period. Call Client.info(\'0101\') for help."")')"
2003,20030327145300,provider_data_unavailable,"RuntimeError('raw download is incomplete: status=download_failed; cnt_segments=0; channel_table=None; error=ValueError(""Data not available in the time period. Call Client.info(\'0101\') for help."")')"
2003,20030328053100,provider_data_unavailable,"RuntimeError('raw download is incomplete: status=download_failed; cnt_segments=0; channel_table=None; error=ValueError(""Data not available in the time period. Call Client.info(\'0101\') for help."")')"
2003,20030330043500,provider_data_unavailable,"RuntimeError('raw download is incomplete: status=download_failed; cnt_segments=0; channel_table=None; error=ValueError(""Data not available in the time period. Call Client.info(\'0101\') for help."")')"
2003,20030330135300,provider_data_unavailable,"RuntimeError('raw download is incomplete: status=download_failed; cnt_segments=0; channel_table=None; error=ValueError(""Data not available in the time period. Call Client.info(\'0101\') for help."")')"
2003,20030331102500,provider_data_unavailable,"RuntimeError('raw download is incomplete: status=download_failed; cnt_segments=0; channel_table=None; error=ValueError(""Data not available in the time period. Call Client.info(\'0101\') for help."")')"
2003,20030401092500,provider_data_unavailable,"RuntimeError('raw download is incomplete: status=download_failed; cnt_segments=0; channel_table=None; error=ValueError(""Data not available in the time period. Call Client.info(\'0101\') for help."")')"
2003,20030401121100,provider_data_unavailable,"RuntimeError('raw download is incomplete: status=download_failed; cnt_segments=0; channel_table=None; error=ValueError(""Data not available in the time period. Call Client.info(\'0101\') for help."")')"
2003,20030402013800,provider_data_unavailable,"RuntimeError('raw download is incomplete: status=download_failed; cnt_segments=0; channel_table=None; error=ValueError(""Data not available in the time period. Call Client.info(\'0101\') for help."")')"
2003,20030408032800,provider_data_unavailable,"RuntimeError('raw download is incomplete: status=download_failed; cnt_segments=0; channel_table=None; error=ValueError(""Data not available in the time period. Call Client.info(\'0101\') for help."")')"
2003,20030408041700,provider_data_unavailable,"RuntimeError('raw download is incomplete: status=download_failed; cnt_segments=0; channel_table=None; error=ValueError(""Data not available in the time period. Call Client.info(\'0101\') for help."")')"
2003,20030408154000,provider_data_unavailable,"RuntimeError('raw download is incomplete: status=download_failed; cnt_segments=0; channel_table=None; error=ValueError(""Data not available in the time period. Call Client.info(\'0101\') for help."")')"
2003,20030412132800,provider_data_unavailable,"RuntimeError('raw download is incomplete: status=download_failed; cnt_segments=0; channel_table=None; error=ValueError(""Data not available in the time period. Call Client.info(\'0101\') for help."")')"
2003,20030412192800,provider_data_unavailable,"RuntimeError('raw download is incomplete: status=download_failed; cnt_segments=0; channel_table=None; error=ValueError(""Data not available in the time period. Call Client.info(\'0101\') for help."")')"
2003,20030413013800,provider_data_unavailable,"RuntimeError('raw download is incomplete: status=download_failed; cnt_segments=0; channel_table=None; error=ValueError(""Data not available in the time period. Call Client.info(\'0101\') for help."")')"
2003,20030414062500,provider_data_unavailable,"RuntimeError('raw download is incomplete: status=download_failed; cnt_segments=0; channel_table=None; error=ValueError(""Data not available in the time period. Call Client.info(\'0101\') for help."")')"
2003,20030414124600,provider_data_unavailable,"RuntimeError('raw download is incomplete: status=download_failed; cnt_segments=0; channel_table=None; error=ValueError(""Data not available in the time period. Call Client.info(\'0101\') for help."")')"
2003,20030415235600,provider_data_unavailable,"RuntimeError('raw download is incomplete: status=download_failed; cnt_segments=0; channel_table=None; error=ValueError(""Data not available in the time period. Call Client.info(\'0101\') for help."")')"
2003,20030417030000,provider_data_unavailable,"RuntimeError('raw download is incomplete: status=download_failed; cnt_segments=0; channel_table=None; error=ValueError(""Data not available in the time period. Call Client.info(\'0101\') for help."")')"
2003,20030418004000,provider_data_unavailable,"RuntimeError('raw download is incomplete: status=download_failed; cnt_segments=0; channel_table=None; error=ValueError(""Data not available in the time period. Call Client.info(\'0101\') for help."")')"
2003,20030418200100,provider_data_unavailable,"RuntimeError('raw download is incomplete: status=download_failed; cnt_segments=0; channel_table=None; error=ValueError(""Data not available in the time period. Call Client.info(\'0101\') for help."")')"
2003,20030421101800,provider_data_unavailable,"RuntimeError('raw download is incomplete: status=download_failed; cnt_segments=0; channel_table=None; error=ValueError(""Data not available in the time period. Call Client.info(\'0101\') for help."")')"
2003,20030424102200,provider_data_unavailable,"RuntimeError('raw download is incomplete: status=download_failed; cnt_segments=0; channel_table=None; error=ValueError(""Data not available in the time period. Call Client.info(\'0101\') for help."")')"
2003,20030425074000,provider_data_unavailable,"RuntimeError('raw download is incomplete: status=download_failed; cnt_segments=0; channel_table=None; error=ValueError(""Data not available in the time period. Call Client.info(\'0101\') for help."")')"
2003,20030426183400,provider_data_unavailable,"RuntimeError('raw download is incomplete: status=download_failed; cnt_segments=0; channel_table=None; error=ValueError(""Data not available in the time period. Call Client.info(\'0101\') for help."")')"
2003,20030429100400,provider_data_unavailable,"RuntimeError('raw download is incomplete: status=download_failed; cnt_segments=0; channel_table=None; error=ValueError(""Data not available in the time period. Call Client.info(\'0101\') for help."")')"
2003,20030429204300,provider_data_unavailable,"RuntimeError('raw download is incomplete: status=download_failed; cnt_segments=0; channel_table=None; error=ValueError(""Data not available in the time period. Call Client.info(\'0101\') for help."")')"
2003,20030429225300,provider_data_unavailable,"RuntimeError('raw download is incomplete: status=download_failed; cnt_segments=0; channel_table=None; error=ValueError(""Data not available in the time period. Call Client.info(\'0101\') for help."")')"
2003,20030501181100,provider_data_unavailable,"RuntimeError('raw download is incomplete: status=download_failed; cnt_segments=0; channel_table=None; error=ValueError(""Data not available in the time period. Call Client.info(\'0101\') for help."")')"
2003,20030503093100,provider_data_unavailable,"RuntimeError('raw download is incomplete: status=download_failed; cnt_segments=0; channel_table=None; error=ValueError(""Data not available in the time period. Call Client.info(\'0101\') for help."")')"
2003,20030506223000,provider_data_unavailable,"RuntimeError('raw download is incomplete: status=download_failed; cnt_segments=0; channel_table=None; error=ValueError(""Data not available in the time period. Call Client.info(\'0101\') for help."")')"
2003,20030506234800,provider_data_unavailable,"RuntimeError('raw download is incomplete: status=download_failed; cnt_segments=0; channel_table=None; error=ValueError(""Data not available in the time period. Call Client.info(\'0101\') for help."")')"
2003,20030509124700,provider_data_unavailable,"RuntimeError('raw download is incomplete: status=download_failed; cnt_segments=0; channel_table=None; error=ValueError(""Data not available in the time period. Call Client.info(\'0101\') for help."")')"
2003,20030509204200,provider_data_unavailable,"RuntimeError('raw download is incomplete: status=download_failed; cnt_segments=0; channel_table=None; error=ValueError(""Data not available in the time period. Call Client.info(\'0101\') for help."")')"
2003,20030510021900,provider_data_unavailable,"RuntimeError('raw download is incomplete: status=download_failed; cnt_segments=0; channel_table=None; error=ValueError(""Data not available in the time period. Call Client.info(\'0101\') for help."")')"
2003,20030510114600,provider_data_unavailable,"RuntimeError('raw download is incomplete: status=download_failed; cnt_segments=0; channel_table=None; error=ValueError(""Data not available in the time period. Call Client.info(\'0101\') for help."")')"
2003,20030510170000,provider_data_unavailable,"RuntimeError('raw download is incomplete: status=download_failed; cnt_segments=0; channel_table=None; error=ValueError(""Data not available in the time period. Call Client.info(\'0101\') for help."")')"
2003,20030511162800,provider_data_unavailable,"RuntimeError('raw download is incomplete: status=download_failed; cnt_segments=0; channel_table=None; error=ValueError(""Data not available in the time period. Call Client.info(\'0101\') for help."")')"
2003,20030512005700,provider_data_unavailable,"RuntimeError('raw download is incomplete: status=download_failed; cnt_segments=0; channel_table=None; error=ValueError(""Data not available in the time period. Call Client.info(\'0101\') for help."")')"
2003,20030512005900,provider_data_unavailable,"RuntimeError('raw download is incomplete: status=download_failed; cnt_segments=0; channel_table=None; error=ValueError(""Data not available in the time period. Call Client.info(\'0101\') for help."")')"
2003,20030516180100,provider_data_unavailable,"RuntimeError('raw download is incomplete: status=download_failed; cnt_segments=0; channel_table=None; error=ValueError(""Data not available in the time period. Call Client.info(\'0101\') for help."")')"
2003,20030517233300,provider_data_unavailable,"RuntimeError('raw download is incomplete: status=download_failed; cnt_segments=0; channel_table=None; error=ValueError(""Data not available in the time period. Call Client.info(\'0101\') for help."")')"
2003,20030517234900,provider_data_unavailable,"RuntimeError('raw download is incomplete: status=download_failed; cnt_segments=0; channel_table=None; error=ValueError(""Data not available in the time period. Call Client.info(\'0101\') for help."")')"
2003,20030518032300,provider_data_unavailable,"RuntimeError('raw download is incomplete: status=download_failed; cnt_segments=0; channel_table=None; error=ValueError(""Data not available in the time period. Call Client.info(\'0101\') for help."")')"
2003,20030518201900,provider_data_unavailable,"RuntimeError('raw download is incomplete: status=download_failed; cnt_segments=0; channel_table=None; error=ValueError(""Data not available in the time period. Call Client.info(\'0101\') for help."")')"
2003,20030520041800,provider_data_unavailable,"RuntimeError('raw download is incomplete: status=download_failed; cnt_segments=0; channel_table=None; error=ValueError(""Data not available in the time period. Call Client.info(\'0101\') for help."")')"
2003,20030522070900,provider_data_unavailable,"RuntimeError('raw download is incomplete: status=download_failed; cnt_segments=0; channel_table=None; error=ValueError(""Data not available in the time period. Call Client.info(\'0101\') for help."")')"
2003,20030523190800,provider_data_unavailable,"RuntimeError('raw download is incomplete: status=download_failed; cnt_segments=0; channel_table=None; error=ValueError(""Data not available in the time period. Call Client.info(\'0101\') for help."")')"
2003,20030525030200,provider_data_unavailable,"RuntimeError('raw download is incomplete: status=download_failed; cnt_segments=0; channel_table=None; error=ValueError(""Data not available in the time period. Call Client.info(\'0101\') for help."")')"
2003,20030526081700,provider_data_unavailable,"RuntimeError('raw download is incomplete: status=download_failed; cnt_segments=0; channel_table=None; error=ValueError(""Data not available in the time period. Call Client.info(\'0101\') for help."")')"
2003,20030526182400,provider_data_unavailable,"RuntimeError('raw download is incomplete: status=download_failed; cnt_segments=0; channel_table=None; error=ValueError(""Data not available in the time period. Call Client.info(\'0101\') for help."")')"
2003,20030526182900,provider_data_unavailable,"RuntimeError('raw download is incomplete: status=download_failed; cnt_segments=0; channel_table=None; error=ValueError(""Data not available in the time period. Call Client.info(\'0101\') for help."")')"
2003,20030526183200,provider_data_unavailable,"RuntimeError('raw download is incomplete: status=download_failed; cnt_segments=0; channel_table=None; error=ValueError(""Data not available in the time period. Call Client.info(\'0101\') for help."")')"
2003,20030526183500,provider_data_unavailable,"RuntimeError('raw download is incomplete: status=download_failed; cnt_segments=0; channel_table=None; error=ValueError(""Data not available in the time period. Call Client.info(\'0101\') for help."")')"
2003,20030526183800,provider_data_unavailable,"RuntimeError('raw download is incomplete: status=download_failed; cnt_segments=0; channel_table=None; error=ValueError(""Data not available in the time period. Call Client.info(\'0101\') for help."")')"
2003,20030526183900,provider_data_unavailable,"RuntimeError('raw download is incomplete: status=download_failed; cnt_segments=0; channel_table=None; error=ValueError(""Data not available in the time period. Call Client.info(\'0101\') for help."")')"
2003,20030526184200,provider_data_unavailable,"RuntimeError('raw download is incomplete: status=download_failed; cnt_segments=0; channel_table=None; error=ValueError(""Data not available in the time period. Call Client.info(\'0101\') for help."")')"
2003,20030526184800,provider_data_unavailable,"RuntimeError('raw download is incomplete: status=download_failed; cnt_segments=0; channel_table=None; error=ValueError(""Data not available in the time period. Call Client.info(\'0101\') for help."")')"
2003,20030526184900,provider_data_unavailable,"RuntimeError('raw download is incomplete: status=download_failed; cnt_segments=0; channel_table=None; error=ValueError(""Data not available in the time period. Call Client.info(\'0101\') for help."")')"
2003,20030526185300,provider_data_unavailable,"RuntimeError('raw download is incomplete: status=download_failed; cnt_segments=0; channel_table=None; error=ValueError(""Data not available in the time period. Call Client.info(\'0101\') for help."")')"
2003,20030526190900,provider_data_unavailable,"RuntimeError('raw download is incomplete: status=download_failed; cnt_segments=0; channel_table=None; error=ValueError(""Data not available in the time period. Call Client.info(\'0101\') for help."")')"
2003,20030526193700,provider_data_unavailable,"RuntimeError('raw download is incomplete: status=download_failed; cnt_segments=0; channel_table=None; error=ValueError(""Data not available in the time period. Call Client.info(\'0101\') for help."")')"
2003,20030526203300,provider_data_unavailable,"RuntimeError('raw download is incomplete: status=download_failed; cnt_segments=0; channel_table=None; error=ValueError(""Data not available in the time period. Call Client.info(\'0101\') for help."")')"
2003,20030526204700,provider_data_unavailable,"RuntimeError('raw download is incomplete: status=download_failed; cnt_segments=0; channel_table=None; error=ValueError(""Data not available in the time period. Call Client.info(\'0101\') for help."")')"
2003,20030526212300,provider_data_unavailable,"RuntimeError('raw download is incomplete: status=download_failed; cnt_segments=0; channel_table=None; error=ValueError(""Data not available in the time period. Call Client.info(\'0101\') for help."")')"
2003,20030526212400,provider_data_unavailable,"RuntimeError('raw download is incomplete: status=download_failed; cnt_segments=0; channel_table=None; error=ValueError(""Data not available in the time period. Call Client.info(\'0101\') for help."")')"
2003,20030526213200,provider_data_unavailable,"RuntimeError('raw download is incomplete: status=download_failed; cnt_segments=0; channel_table=None; error=ValueError(""Data not available in the time period. Call Client.info(\'0101\') for help."")')"
2003,20030526220700,provider_data_unavailable,"RuntimeError('raw download is incomplete: status=download_failed; cnt_segments=0; channel_table=None; error=ValueError(""Data not available in the time period. Call Client.info(\'0101\') for help."")')"
2003,20030526223400,provider_data_unavailable,"RuntimeError('raw download is incomplete: status=download_failed; cnt_segments=0; channel_table=None; error=ValueError(""Data not available in the time period. Call Client.info(\'0101\') for help."")')"
2003,20030526230200,provider_data_unavailable,"RuntimeError('raw download is incomplete: status=download_failed; cnt_segments=0; channel_table=None; error=ValueError(""Data not available in the time period. Call Client.info(\'0101\') for help."")')"
2003,20030526234800,provider_data_unavailable,"RuntimeError('raw download is incomplete: status=download_failed; cnt_segments=0; channel_table=None; error=ValueError(""Data not available in the time period. Call Client.info(\'0101\') for help."")')"
2003,20030526235600,provider_data_unavailable,"RuntimeError('raw download is incomplete: status=download_failed; cnt_segments=0; channel_table=None; error=ValueError(""Data not available in the time period. Call Client.info(\'0101\') for help."")')"
2003,20030527004400,provider_data_unavailable,"RuntimeError('raw download is incomplete: status=download_failed; cnt_segments=0; channel_table=None; error=ValueError(""Data not available in the time period. Call Client.info(\'0101\') for help."")')"
2003,20030527040000,provider_data_unavailable,"RuntimeError('raw download is incomplete: status=download_failed; cnt_segments=0; channel_table=None; error=ValueError(""Data not available in the time period. Call Client.info(\'0101\') for help."")')"
2003,20030527040400,provider_data_unavailable,"RuntimeError('raw download is incomplete: status=download_failed; cnt_segments=0; channel_table=None; error=ValueError(""Data not available in the time period. Call Client.info(\'0101\') for help."")')"
2003,20030527050700,provider_data_unavailable,"RuntimeError('raw download is incomplete: status=download_failed; cnt_segments=0; channel_table=None; error=ValueError(""Data not available in the time period. Call Client.info(\'0101\') for help."")')"
2003,20030527074100,provider_data_unavailable,"RuntimeError('raw download is incomplete: status=download_failed; cnt_segments=0; channel_table=None; error=ValueError(""Data not available in the time period. Call Client.info(\'0101\') for help."")')"
2003,20030527104200,provider_data_unavailable,"RuntimeError('raw download is incomplete: status=download_failed; cnt_segments=0; channel_table=None; error=ValueError(""Data not available in the time period. Call Client.info(\'0101\') for help."")')"
2003,20030527104700,provider_data_unavailable,"RuntimeError('raw download is incomplete: status=download_failed; cnt_segments=0; channel_table=None; error=ValueError(""Data not available in the time period. Call Client.info(\'0101\') for help."")')"
2003,20030527112800,provider_data_unavailable,"RuntimeError('raw download is incomplete: status=download_failed; cnt_segments=0; channel_table=None; error=ValueError(""Data not available in the time period. Call Client.info(\'0101\') for help."")')"
2003,20030527131100,provider_data_unavailable,"RuntimeError('raw download is incomplete: status=download_failed; cnt_segments=0; channel_table=None; error=ValueError(""Data not available in the time period. Call Client.info(\'0101\') for help."")')"
2003,20030527152100,provider_data_unavailable,"RuntimeError('raw download is incomplete: status=download_failed; cnt_segments=0; channel_table=None; error=ValueError(""Data not available in the time period. Call Client.info(\'0101\') for help."")')"
2003,20030527163000,provider_data_unavailable,"RuntimeError('raw download is incomplete: status=download_failed; cnt_segments=0; channel_table=None; error=ValueError(""Data not available in the time period. Call Client.info(\'0101\') for help."")')"
2003,20030527211200,provider_data_unavailable,"RuntimeError('raw download is incomplete: status=download_failed; cnt_segments=0; channel_table=None; error=ValueError(""Data not available in the time period. Call Client.info(\'0101\') for help."")')"
2003,20030528052400,provider_data_unavailable,"RuntimeError('raw download is incomplete: status=download_failed; cnt_segments=0; channel_table=None; error=ValueError(""Data not available in the time period. Call Client.info(\'0101\') for help."")')"
2003,20030528054800,provider_data_unavailable,"RuntimeError('raw download is incomplete: status=download_failed; cnt_segments=0; channel_table=None; error=ValueError(""Data not available in the time period. Call Client.info(\'0101\') for help."")')"
2003,20030528060500,provider_data_unavailable,"RuntimeError('raw download is incomplete: status=download_failed; cnt_segments=0; channel_table=None; error=ValueError(""Data not available in the time period. Call Client.info(\'0101\') for help."")')"
2003,20030528062400,provider_data_unavailable,"RuntimeError('raw download is incomplete: status=download_failed; cnt_segments=0; channel_table=None; error=ValueError(""Data not available in the time period. Call Client.info(\'0101\') for help."")')"
2003,20030528075000,provider_data_unavailable,"RuntimeError('raw download is incomplete: status=download_failed; cnt_segments=0; channel_table=None; error=ValueError(""Data not available in the time period. Call Client.info(\'0101\') for help."")')"
2003,20030528135000,provider_data_unavailable,"RuntimeError('raw download is incomplete: status=download_failed; cnt_segments=0; channel_table=None; error=ValueError(""Data not available in the time period. Call Client.info(\'0101\') for help."")')"
2003,20030528175700,provider_data_unavailable,"RuntimeError('raw download is incomplete: status=download_failed; cnt_segments=0; channel_table=None; error=ValueError(""Data not available in the time period. Call Client.info(\'0101\') for help."")')"
2003,20030528205600,provider_data_unavailable,"RuntimeError('raw download is incomplete: status=download_failed; cnt_segments=0; channel_table=None; error=ValueError(""Data not available in the time period. Call Client.info(\'0101\') for help."")')"
2003,20030529175800,provider_data_unavailable,"RuntimeError('raw download is incomplete: status=download_failed; cnt_segments=0; channel_table=None; error=ValueError(""Data not available in the time period. Call Client.info(\'0101\') for help."")')"
2003,20030529184000,provider_data_unavailable,"RuntimeError('raw download is incomplete: status=download_failed; cnt_segments=0; channel_table=None; error=ValueError(""Data not available in the time period. Call Client.info(\'0101\') for help."")')"
2003,20030530234600,provider_data_unavailable,"RuntimeError('raw download is incomplete: status=download_failed; cnt_segments=0; channel_table=None; error=ValueError(""Data not available in the time period. Call Client.info(\'0101\') for help."")')"
2003,20030531013300,provider_data_unavailable,"RuntimeError('raw download is incomplete: status=download_failed; cnt_segments=0; channel_table=None; error=ValueError(""Data not available in the time period. Call Client.info(\'0101\') for help."")')"
2003,20030531024700,provider_data_unavailable,"RuntimeError('raw download is incomplete: status=download_failed; cnt_segments=0; channel_table=None; error=ValueError(""Data not available in the time period. Call Client.info(\'0101\') for help."")')"
2003,20030531035800,provider_data_unavailable,"RuntimeError('raw download is incomplete: status=download_failed; cnt_segments=0; channel_table=None; error=ValueError(""Data not available in the time period. Call Client.info(\'0101\') for help."")')"
2003,20030531043700,provider_data_unavailable,"RuntimeError('raw download is incomplete: status=download_failed; cnt_segments=0; channel_table=None; error=ValueError(""Data not available in the time period. Call Client.info(\'0101\') for help."")')"
2003,20030531165300,provider_data_unavailable,"RuntimeError('raw download is incomplete: status=download_failed; cnt_segments=0; channel_table=None; error=ValueError(""Data not available in the time period. Call Client.info(\'0101\') for help."")')"
2003,20030531184200,provider_data_unavailable,"RuntimeError('raw download is incomplete: status=download_failed; cnt_segments=0; channel_table=None; error=ValueError(""Data not available in the time period. Call Client.info(\'0101\') for help."")')"
2003,20030601053800,provider_data_unavailable,"RuntimeError('raw download is incomplete: status=download_failed; cnt_segments=0; channel_table=None; error=ValueError(""Data not available in the time period. Call Client.info(\'0101\') for help."")')"
2003,20030601070200,provider_data_unavailable,"RuntimeError('raw download is incomplete: status=download_failed; cnt_segments=0; channel_table=None; error=ValueError(""Data not available in the time period. Call Client.info(\'0101\') for help."")')"
2003,20030603080800,provider_data_unavailable,"RuntimeError('raw download is incomplete: status=download_failed; cnt_segments=0; channel_table=None; error=ValueError(""Data not available in the time period. Call Client.info(\'0101\') for help."")')"
2003,20030603085600,provider_data_unavailable,"RuntimeError('raw download is incomplete: status=download_failed; cnt_segments=0; channel_table=None; error=ValueError(""Data not available in the time period. Call Client.info(\'0101\') for help."")')"
2003,20030603172100,provider_data_unavailable,"RuntimeError('raw download is incomplete: status=download_failed; cnt_segments=0; channel_table=None; error=ValueError(""Data not available in the time period. Call Client.info(\'0101\') for help."")')"
2003,20030604025200,provider_data_unavailable,"RuntimeError('raw download is incomplete: status=download_failed; cnt_segments=0; channel_table=None; error=ValueError(""Data not available in the time period. Call Client.info(\'0101\') for help."")')"
2003,20030605020600,provider_data_unavailable,"RuntimeError('raw download is incomplete: status=download_failed; cnt_segments=0; channel_table=None; error=ValueError(""Data not available in the time period. Call Client.info(\'0101\') for help."")')"
2003,20030605042900,provider_data_unavailable,"RuntimeError('raw download is incomplete: status=download_failed; cnt_segments=0; channel_table=None; error=ValueError(""Data not available in the time period. Call Client.info(\'0101\') for help."")')"
2003,20030605104200,provider_data_unavailable,"RuntimeError('raw download is incomplete: status=download_failed; cnt_segments=0; channel_table=None; error=ValueError(""Data not available in the time period. Call Client.info(\'0101\') for help."")')"
2003,20030605231400,provider_data_unavailable,"RuntimeError('raw download is incomplete: status=download_failed; cnt_segments=0; channel_table=None; error=ValueError(""Data not available in the time period. Call Client.info(\'0101\') for help."")')"
2003,20030606043900,provider_data_unavailable,"RuntimeError('raw download is incomplete: status=download_failed; cnt_segments=0; channel_table=None; error=ValueError(""Data not available in the time period. Call Client.info(\'0101\') for help."")')"
2003,20030606113400,provider_data_unavailable,"RuntimeError('raw download is incomplete: status=download_failed; cnt_segments=0; channel_table=None; error=ValueError(""Data not available in the time period. Call Client.info(\'0101\') for help."")')"
2003,20030607010300,provider_data_unavailable,"RuntimeError('raw download is incomplete: status=download_failed; cnt_segments=0; channel_table=None; error=ValueError(""Data not available in the time period. Call Client.info(\'0101\') for help."")')"
2003,20030609035700,provider_data_unavailable,"RuntimeError('raw download is incomplete: status=download_failed; cnt_segments=0; channel_table=None; error=ValueError(""Data not available in the time period. Call Client.info(\'0101\') for help."")')"
2003,20030609065600,provider_data_unavailable,"RuntimeError('raw download is incomplete: status=download_failed; cnt_segments=0; channel_table=None; error=ValueError(""Data not available in the time period. Call Client.info(\'0101\') for help."")')"
2003,20030609115500,provider_data_unavailable,"RuntimeError('raw download is incomplete: status=download_failed; cnt_segments=0; channel_table=None; error=ValueError(""Data not available in the time period. Call Client.info(\'0101\') for help."")')"
2003,20030609185900,provider_data_unavailable,"RuntimeError('raw download is incomplete: status=download_failed; cnt_segments=0; channel_table=None; error=ValueError(""Data not available in the time period. Call Client.info(\'0101\') for help."")')"
2003,20030610072900,provider_data_unavailable,"RuntimeError('raw download is incomplete: status=download_failed; cnt_segments=0; channel_table=None; error=ValueError(""Data not available in the time period. Call Client.info(\'0101\') for help."")')"
2003,20030610162400,provider_data_unavailable,"RuntimeError('raw download is incomplete: status=download_failed; cnt_segments=0; channel_table=None; error=ValueError(""Data not available in the time period. Call Client.info(\'0101\') for help."")')"
2003,20030611083000,provider_data_unavailable,"RuntimeError('raw download is incomplete: status=download_failed; cnt_segments=0; channel_table=None; error=ValueError(""Data not available in the time period. Call Client.info(\'0101\') for help."")')"
2003,20030612044600,provider_data_unavailable,"RuntimeError('raw download is incomplete: status=download_failed; cnt_segments=0; channel_table=None; error=ValueError(""Data not available in the time period. Call Client.info(\'0101\') for help."")')"
2003,20030612191200,provider_data_unavailable,"RuntimeError('raw download is incomplete: status=download_failed; cnt_segments=0; channel_table=None; error=ValueError(""Data not available in the time period. Call Client.info(\'0101\') for help."")')"
2003,20030612204000,provider_data_unavailable,"RuntimeError('raw download is incomplete: status=download_failed; cnt_segments=0; channel_table=None; error=ValueError(""Data not available in the time period. Call Client.info(\'0101\') for help."")')"
2003,20030613100700,provider_data_unavailable,"RuntimeError('raw download is incomplete: status=download_failed; cnt_segments=0; channel_table=None; error=ValueError(""Data not available in the time period. Call Client.info(\'0101\') for help."")')"
2003,20030613191000,provider_data_unavailable,"RuntimeError('raw download is incomplete: status=download_failed; cnt_segments=0; channel_table=None; error=ValueError(""Data not available in the time period. Call Client.info(\'0101\') for help."")')"
2003,20030614021300,provider_data_unavailable,"RuntimeError('raw download is incomplete: status=download_failed; cnt_segments=0; channel_table=None; error=ValueError(""Data not available in the time period. Call Client.info(\'0101\') for help."")')"
2003,20030614145500,provider_data_unavailable,"RuntimeError('raw download is incomplete: status=download_failed; cnt_segments=0; channel_table=None; error=ValueError(""Data not available in the time period. Call Client.info(\'0101\') for help."")')"
2003,20030615015400,provider_data_unavailable,"RuntimeError('raw download is incomplete: status=download_failed; cnt_segments=0; channel_table=None; error=ValueError(""Data not available in the time period. Call Client.info(\'0101\') for help."")')"
2003,20030615175300,provider_data_unavailable,"RuntimeError('raw download is incomplete: status=download_failed; cnt_segments=0; channel_table=None; error=ValueError(""Data not available in the time period. Call Client.info(\'0101\') for help."")')"
2003,20030615201200,provider_data_unavailable,"RuntimeError('raw download is incomplete: status=download_failed; cnt_segments=0; channel_table=None; error=ValueError(""Data not available in the time period. Call Client.info(\'0101\') for help."")')"
2003,20030616183400,provider_data_unavailable,"RuntimeError('raw download is incomplete: status=download_failed; cnt_segments=0; channel_table=None; error=ValueError(""Data not available in the time period. Call Client.info(\'0101\') for help."")')"
2003,20030617222500,provider_data_unavailable,"RuntimeError('raw download is incomplete: status=download_failed; cnt_segments=0; channel_table=None; error=ValueError(""Data not available in the time period. Call Client.info(\'0101\') for help."")')"
2003,20030618133500,provider_data_unavailable,"RuntimeError('raw download is incomplete: status=download_failed; cnt_segments=0; channel_table=None; error=ValueError(""Data not available in the time period. Call Client.info(\'0101\') for help."")')"
2003,20030619230400,provider_data_unavailable,"RuntimeError('raw download is incomplete: status=download_failed; cnt_segments=0; channel_table=None; error=ValueError(""Data not available in the time period. Call Client.info(\'0101\') for help."")')"
2003,20030620191300,provider_data_unavailable,"RuntimeError('raw download is incomplete: status=download_failed; cnt_segments=0; channel_table=None; error=ValueError(""Data not available in the time period. Call Client.info(\'0101\') for help."")')"
2003,20030621031100,provider_data_unavailable,"RuntimeError('raw download is incomplete: status=download_failed; cnt_segments=0; channel_table=None; error=ValueError(""Data not available in the time period. Call Client.info(\'0101\') for help."")')"
2003,20030622123300,provider_data_unavailable,"RuntimeError('raw download is incomplete: status=download_failed; cnt_segments=0; channel_table=None; error=ValueError(""Data not available in the time period. Call Client.info(\'0101\') for help."")')"
2003,20030624003300,provider_data_unavailable,"RuntimeError('raw download is incomplete: status=download_failed; cnt_segments=0; channel_table=None; error=ValueError(""Data not available in the time period. Call Client.info(\'0101\') for help."")')"
2003,20030625175900,provider_data_unavailable,"RuntimeError('raw download is incomplete: status=download_failed; cnt_segments=0; channel_table=None; error=ValueError(""Data not available in the time period. Call Client.info(\'0101\') for help."")')"
2003,20030625194600,provider_data_unavailable,"RuntimeError('raw download is incomplete: status=download_failed; cnt_segments=0; channel_table=None; error=ValueError(""Data not available in the time period. Call Client.info(\'0101\') for help."")')"
2003,20030627000300,provider_data_unavailable,"RuntimeError('raw download is incomplete: status=download_failed; cnt_segments=0; channel_table=None; error=ValueError(""Data not available in the time period. Call Client.info(\'0101\') for help."")')"
2003,20030628201900,provider_data_unavailable,"RuntimeError('raw download is incomplete: status=download_failed; cnt_segments=0; channel_table=None; error=ValueError(""Data not available in the time period. Call Client.info(\'0101\') for help."")')"
2003,20030701123000,provider_data_unavailable,"RuntimeError('raw download is incomplete: status=download_failed; cnt_segments=0; channel_table=None; error=ValueError(""Data not available in the time period. Call Client.info(\'0101\') for help."")')"
2003,20030701123100,provider_data_unavailable,"RuntimeError('raw download is incomplete: status=download_failed; cnt_segments=0; channel_table=None; error=ValueError(""Data not available in the time period. Call Client.info(\'0101\') for help."")')"
2003,20030702193300,provider_data_unavailable,"RuntimeError('raw download is incomplete: status=download_failed; cnt_segments=0; channel_table=None; error=ValueError(""Data not available in the time period. Call Client.info(\'0101\') for help."")')"
2003,20030703085200,provider_data_unavailable,"RuntimeError('raw download is incomplete: status=download_failed; cnt_segments=0; channel_table=None; error=ValueError(""Data not available in the time period. Call Client.info(\'0101\') for help."")')"
2003,20030706083000,provider_data_unavailable,"RuntimeError('raw download is incomplete: status=download_failed; cnt_segments=0; channel_table=None; error=ValueError(""Data not available in the time period. Call Client.info(\'0101\') for help."")')"
2003,20030707033900,provider_data_unavailable,"RuntimeError('raw download is incomplete: status=download_failed; cnt_segments=0; channel_table=None; error=ValueError(""Data not available in the time period. Call Client.info(\'0101\') for help."")')"
2003,20030708024100,provider_data_unavailable,"RuntimeError('raw download is incomplete: status=download_failed; cnt_segments=0; channel_table=None; error=ValueError(""Data not available in the time period. Call Client.info(\'0101\') for help."")')"
2003,20030708085600,provider_data_unavailable,"RuntimeError('raw download is incomplete: status=download_failed; cnt_segments=0; channel_table=None; error=ValueError(""Data not available in the time period. Call Client.info(\'0101\') for help."")')"
2003,20030708133000,provider_data_unavailable,"RuntimeError('raw download is incomplete: status=download_failed; cnt_segments=0; channel_table=None; error=ValueError(""Data not available in the time period. Call Client.info(\'0101\') for help."")')"
2003,20030708173000,provider_data_unavailable,"RuntimeError('raw download is incomplete: status=download_failed; cnt_segments=0; channel_table=None; error=ValueError(""Data not available in the time period. Call Client.info(\'0101\') for help."")')"
2003,20030708233200,provider_data_unavailable,"RuntimeError('raw download is incomplete: status=download_failed; cnt_segments=0; channel_table=None; error=ValueError(""Data not available in the time period. Call Client.info(\'0101\') for help."")')"
2003,20030709021400,provider_data_unavailable,"RuntimeError('raw download is incomplete: status=download_failed; cnt_segments=0; channel_table=None; error=ValueError(""Data not available in the time period. Call Client.info(\'0101\') for help."")')"
2003,20030710130200,provider_data_unavailable,"RuntimeError('raw download is incomplete: status=download_failed; cnt_segments=0; channel_table=None; error=ValueError(""Data not available in the time period. Call Client.info(\'0101\') for help."")')"
2003,20030711082000,provider_data_unavailable,"RuntimeError('raw download is incomplete: status=download_failed; cnt_segments=0; channel_table=None; error=ValueError(""Data not available in the time period. Call Client.info(\'0101\') for help."")')"
2003,20030711142400,provider_data_unavailable,"RuntimeError('raw download is incomplete: status=download_failed; cnt_segments=0; channel_table=None; error=ValueError(""Data not available in the time period. Call Client.info(\'0101\') for help."")')"
2003,20030712023100,provider_data_unavailable,"RuntimeError('raw download is incomplete: status=download_failed; cnt_segments=0; channel_table=None; error=ValueError(""Data not available in the time period. Call Client.info(\'0101\') for help."")')"
2003,20030714073000,provider_data_unavailable,"RuntimeError('raw download is incomplete: status=download_failed; cnt_segments=0; channel_table=None; error=ValueError(""Data not available in the time period. Call Client.info(\'0101\') for help."")')"
2003,20030716061200,provider_data_unavailable,"RuntimeError('raw download is incomplete: status=download_failed; cnt_segments=0; channel_table=None; error=ValueError(""Data not available in the time period. Call Client.info(\'0101\') for help."")')"
2003,20030717045200,provider_data_unavailable,"RuntimeError('raw download is incomplete: status=download_failed; cnt_segments=0; channel_table=None; error=ValueError(""Data not available in the time period. Call Client.info(\'0101\') for help."")')"
2003,20030717115300,provider_data_unavailable,"RuntimeError('raw download is incomplete: status=download_failed; cnt_segments=0; channel_table=None; error=ValueError(""Data not available in the time period. Call Client.info(\'0101\') for help."")')"
2003,20030718085700,provider_data_unavailable,"RuntimeError('raw download is incomplete: status=download_failed; cnt_segments=0; channel_table=None; error=ValueError(""Data not available in the time period. Call Client.info(\'0101\') for help."")')"
2003,20030718092600,provider_data_unavailable,"RuntimeError('raw download is incomplete: status=download_failed; cnt_segments=0; channel_table=None; error=ValueError(""Data not available in the time period. Call Client.info(\'0101\') for help."")')"
2003,20030718123200,provider_data_unavailable,"RuntimeError('raw download is incomplete: status=download_failed; cnt_segments=0; channel_table=None; error=ValueError(""Data not available in the time period. Call Client.info(\'0101\') for help."")')"
2003,20030719024200,provider_data_unavailable,"RuntimeError('raw download is incomplete: status=download_failed; cnt_segments=0; channel_table=None; error=ValueError(""Data not available in the time period. Call Client.info(\'0101\') for help."")')"
2003,20030720014700,provider_data_unavailable,"RuntimeError('raw download is incomplete: status=download_failed; cnt_segments=0; channel_table=None; error=ValueError(""Data not available in the time period. Call Client.info(\'0101\') for help."")')"
2003,20030720022500,provider_data_unavailable,"RuntimeError('raw download is incomplete: status=download_failed; cnt_segments=0; channel_table=None; error=ValueError(""Data not available in the time period. Call Client.info(\'0101\') for help."")')"
2003,20030721182100,provider_data_unavailable,"RuntimeError('raw download is incomplete: status=download_failed; cnt_segments=0; channel_table=None; error=ValueError(""Data not available in the time period. Call Client.info(\'0101\') for help."")')"
2003,20030721190400,provider_data_unavailable,"RuntimeError('raw download is incomplete: status=download_failed; cnt_segments=0; channel_table=None; error=ValueError(""Data not available in the time period. Call Client.info(\'0101\') for help."")')"
2003,20030722071300,provider_data_unavailable,"RuntimeError('raw download is incomplete: status=download_failed; cnt_segments=0; channel_table=None; error=ValueError(""Data not available in the time period. Call Client.info(\'0101\') for help."")')"
2003,20030722173500,provider_data_unavailable,"RuntimeError('raw download is incomplete: status=download_failed; cnt_segments=0; channel_table=None; error=ValueError(""Data not available in the time period. Call Client.info(\'0101\') for help."")')"
2003,20030726001300,provider_data_unavailable,"RuntimeError('raw download is incomplete: status=download_failed; cnt_segments=0; channel_table=None; error=ValueError(""Data not available in the time period. Call Client.info(\'0101\') for help."")')"
2003,20030726001800,provider_data_unavailable,"RuntimeError('raw download is incomplete: status=download_failed; cnt_segments=0; channel_table=None; error=ValueError(""Data not available in the time period. Call Client.info(\'0101\') for help."")')"
2003,20030726002000,provider_data_unavailable,"RuntimeError('raw download is incomplete: status=download_failed; cnt_segments=0; channel_table=None; error=ValueError(""Data not available in the time period. Call Client.info(\'0101\') for help."")')"
2003,20030726003800,provider_data_unavailable,"RuntimeError('raw download is incomplete: status=download_failed; cnt_segments=0; channel_table=None; error=ValueError(""Data not available in the time period. Call Client.info(\'0101\') for help."")')"
2003,20030726005000,provider_data_unavailable,"RuntimeError('raw download is incomplete: status=download_failed; cnt_segments=0; channel_table=None; error=ValueError(""Data not available in the time period. Call Client.info(\'0101\') for help."")')"
2003,20030726022600,provider_data_unavailable,"RuntimeError('raw download is incomplete: status=download_failed; cnt_segments=0; channel_table=None; error=ValueError(""Data not available in the time period. Call Client.info(\'0101\') for help."")')"
2003,20030726030900,provider_data_unavailable,"RuntimeError('raw download is incomplete: status=download_failed; cnt_segments=0; channel_table=None; error=ValueError(""Data not available in the time period. Call Client.info(\'0101\') for help."")')"
2003,20030726032900,provider_data_unavailable,"RuntimeError('raw download is incomplete: status=download_failed; cnt_segments=0; channel_table=None; error=ValueError(""Data not available in the time period. Call Client.info(\'0101\') for help."")')"
2003,20030726034800,provider_data_unavailable,"RuntimeError('raw download is incomplete: status=download_failed; cnt_segments=0; channel_table=None; error=ValueError(""Data not available in the time period. Call Client.info(\'0101\') for help."")')"
2003,20030726052200,provider_data_unavailable,"RuntimeError('raw download is incomplete: status=download_failed; cnt_segments=0; channel_table=None; error=ValueError(""Data not available in the time period. Call Client.info(\'0101\') for help."")')"
2003,20030726071300,provider_data_unavailable,"RuntimeError('raw download is incomplete: status=download_failed; cnt_segments=0; channel_table=None; error=ValueError(""Data not available in the time period. Call Client.info(\'0101\') for help."")')"
2003,20030726071900,provider_data_unavailable,"RuntimeError('raw download is incomplete: status=download_failed; cnt_segments=0; channel_table=None; error=ValueError(""Data not available in the time period. Call Client.info(\'0101\') for help."")')"
2003,20030726072400,provider_data_unavailable,"RuntimeError('raw download is incomplete: status=download_failed; cnt_segments=0; channel_table=None; error=ValueError(""Data not available in the time period. Call Client.info(\'0101\') for help."")')"
2003,20030726072600,provider_data_unavailable,"RuntimeError('raw download is incomplete: status=download_failed; cnt_segments=0; channel_table=None; error=ValueError(""Data not available in the time period. Call Client.info(\'0101\') for help."")')"
2003,20030726074200,provider_data_unavailable,"RuntimeError('raw download is incomplete: status=download_failed; cnt_segments=0; channel_table=None; error=ValueError(""Data not available in the time period. Call Client.info(\'0101\') for help."")')"
2003,20030726074400,provider_data_unavailable,"RuntimeError('raw download is incomplete: status=download_failed; cnt_segments=0; channel_table=None; error=ValueError(""Data not available in the time period. Call Client.info(\'0101\') for help."")')"
2003,20030726075200,provider_data_unavailable,"RuntimeError('raw download is incomplete: status=download_failed; cnt_segments=0; channel_table=None; error=ValueError(""Data not available in the time period. Call Client.info(\'0101\') for help."")')"
2003,20030726075400,provider_data_unavailable,"RuntimeError('raw download is incomplete: status=download_failed; cnt_segments=0; channel_table=None; error=ValueError(""Data not available in the time period. Call Client.info(\'0101\') for help."")')"
2003,20030726080900,provider_data_unavailable,"RuntimeError('raw download is incomplete: status=download_failed; cnt_segments=0; channel_table=None; error=ValueError(""Data not available in the time period. Call Client.info(\'0101\') for help."")')"
2003,20030726081900,provider_data_unavailable,"RuntimeError('raw download is incomplete: status=download_failed; cnt_segments=0; channel_table=None; error=ValueError(""Data not available in the time period. Call Client.info(\'0101\') for help."")')"
2003,20030726082200,provider_data_unavailable,"RuntimeError('raw download is incomplete: status=download_failed; cnt_segments=0; channel_table=None; error=ValueError(""Data not available in the time period. Call Client.info(\'0101\') for help."")')"
2003,20030726083900,provider_data_unavailable,"RuntimeError('raw download is incomplete: status=download_failed; cnt_segments=0; channel_table=None; error=ValueError(""Data not available in the time period. Call Client.info(\'0101\') for help."")')"
2003,20030726084100,provider_data_unavailable,"RuntimeError('raw download is incomplete: status=download_failed; cnt_segments=0; channel_table=None; error=ValueError(""Data not available in the time period. Call Client.info(\'0101\') for help."")')"
2003,20030726084900,provider_data_unavailable,"RuntimeError('raw download is incomplete: status=download_failed; cnt_segments=0; channel_table=None; error=ValueError(""Data not available in the time period. Call Client.info(\'0101\') for help."")')"
2003,20030726085300,provider_data_unavailable,"RuntimeError('raw download is incomplete: status=download_failed; cnt_segments=0; channel_table=None; error=ValueError(""Data not available in the time period. Call Client.info(\'0101\') for help."")')"
2003,20030726090300,provider_data_unavailable,"RuntimeError('raw download is incomplete: status=download_failed; cnt_segments=0; channel_table=None; error=ValueError(""Data not available in the time period. Call Client.info(\'0101\') for help."")')"
2003,20030726091200,provider_data_unavailable,"RuntimeError('raw download is incomplete: status=download_failed; cnt_segments=0; channel_table=None; error=ValueError(""Data not available in the time period. Call Client.info(\'0101\') for help."")')"
2003,20030726093500,provider_data_unavailable,"RuntimeError('raw download is incomplete: status=download_failed; cnt_segments=0; channel_table=None; error=ValueError(""Data not available in the time period. Call Client.info(\'0101\') for help."")')"
2003,20030726094100,provider_data_unavailable,"RuntimeError('raw download is incomplete: status=download_failed; cnt_segments=0; channel_table=None; error=ValueError(""Data not available in the time period. Call Client.info(\'0101\') for help."")')"
2003,20030726095400,provider_data_unavailable,"RuntimeError('raw download is incomplete: status=download_failed; cnt_segments=0; channel_table=None; error=ValueError(""Data not available in the time period. Call Client.info(\'0101\') for help."")')"
2003,20030726102200,provider_data_unavailable,"RuntimeError('raw download is incomplete: status=download_failed; cnt_segments=0; channel_table=None; error=ValueError(""Data not available in the time period. Call Client.info(\'0101\') for help."")')"
2003,20030726102500,provider_data_unavailable,"RuntimeError('raw download is incomplete: status=download_failed; cnt_segments=0; channel_table=None; error=ValueError(""Data not available in the time period. Call Client.info(\'0101\') for help."")')"
2003,20030726102800,provider_data_unavailable,"RuntimeError('raw download is incomplete: status=download_failed; cnt_segments=0; channel_table=None; error=ValueError(""Data not available in the time period. Call Client.info(\'0101\') for help."")')"
2003,20030726110500,provider_data_unavailable,"RuntimeError('raw download is incomplete: status=download_failed; cnt_segments=0; channel_table=None; error=ValueError(""Data not available in the time period. Call Client.info(\'0101\') for help."")')"
2003,20030726110800,provider_data_unavailable,"RuntimeError('raw download is incomplete: status=download_failed; cnt_segments=0; channel_table=None; error=ValueError(""Data not available in the time period. Call Client.info(\'0101\') for help."")')"
2003,20030726114700,provider_data_unavailable,"RuntimeError('raw download is incomplete: status=download_failed; cnt_segments=0; channel_table=None; error=ValueError(""Data not available in the time period. Call Client.info(\'0101\') for help."")')"
2003,20030726121600,provider_data_unavailable,"RuntimeError('raw download is incomplete: status=download_failed; cnt_segments=0; channel_table=None; error=ValueError(""Data not available in the time period. Call Client.info(\'0101\') for help."")')"
2003,20030726123600,provider_data_unavailable,"RuntimeError('raw download is incomplete: status=download_failed; cnt_segments=0; channel_table=None; error=ValueError(""Data not available in the time period. Call Client.info(\'0101\') for help."")')"
2003,20030726124200,provider_data_unavailable,"RuntimeError('raw download is incomplete: status=download_failed; cnt_segments=0; channel_table=None; error=ValueError(""Data not available in the time period. Call Client.info(\'0101\') for help."")')"
2003,20030726133400,provider_data_unavailable,"RuntimeError('raw download is incomplete: status=download_failed; cnt_segments=0; channel_table=None; error=ValueError(""Data not available in the time period. Call Client.info(\'0101\') for help."")')"
2003,20030726142900,provider_data_unavailable,"RuntimeError('raw download is incomplete: status=download_failed; cnt_segments=0; channel_table=None; error=ValueError(""Data not available in the time period. Call Client.info(\'0101\') for help."")')"
2003,20030726145300,provider_data_unavailable,"RuntimeError('raw download is incomplete: status=download_failed; cnt_segments=0; channel_table=None; error=ValueError(""Data not available in the time period. Call Client.info(\'0101\') for help."")')"
2003,20030726150300,provider_data_unavailable,"RuntimeError('raw download is incomplete: status=download_failed; cnt_segments=0; channel_table=None; error=ValueError(""Data not available in the time period. Call Client.info(\'0101\') for help."")')"
2003,20030726153500,provider_data_unavailable,"RuntimeError('raw download is incomplete: status=download_failed; cnt_segments=0; channel_table=None; error=ValueError(""Data not available in the time period. Call Client.info(\'0101\') for help."")')"
2003,20030726154100,provider_data_unavailable,"RuntimeError('raw download is incomplete: status=download_failed; cnt_segments=0; channel_table=None; error=ValueError(""Data not available in the time period. Call Client.info(\'0101\') for help."")')"
2003,20030726165600,provider_data_unavailable,"RuntimeError('raw download is incomplete: status=download_failed; cnt_segments=0; channel_table=None; error=ValueError(""Data not available in the time period. Call Client.info(\'0101\') for help."")')"
2003,20030726165900,provider_data_unavailable,"RuntimeError('raw download is incomplete: status=download_failed; cnt_segments=0; channel_table=None; error=ValueError(""Data not available in the time period. Call Client.info(\'0101\') for help."")')"
2003,20030726220900,provider_data_unavailable,"RuntimeError('raw download is incomplete: status=download_failed; cnt_segments=0; channel_table=None; error=ValueError(""Data not available in the time period. Call Client.info(\'0101\') for help."")')"
2003,20030727000200,provider_data_unavailable,"RuntimeError('raw download is incomplete: status=download_failed; cnt_segments=0; channel_table=None; error=ValueError(""Data not available in the time period. Call Client.info(\'0101\') for help."")')"
2003,20030727015500,provider_data_unavailable,"RuntimeError('raw download is incomplete: status=download_failed; cnt_segments=0; channel_table=None; error=ValueError(""Data not available in the time period. Call Client.info(\'0101\') for help."")')"
2003,20030727024700,provider_data_unavailable,"RuntimeError('raw download is incomplete: status=download_failed; cnt_segments=0; channel_table=None; error=ValueError(""Data not available in the time period. Call Client.info(\'0101\') for help."")')"
2003,20030727041600,provider_data_unavailable,"RuntimeError('raw download is incomplete: status=download_failed; cnt_segments=0; channel_table=None; error=ValueError(""Data not available in the time period. Call Client.info(\'0101\') for help."")')"
2003,20030727080900,provider_data_unavailable,"RuntimeError('raw download is incomplete: status=download_failed; cnt_segments=0; channel_table=None; error=ValueError(""Data not available in the time period. Call Client.info(\'0101\') for help."")')"
2003,20030727132000,provider_data_unavailable,"RuntimeError('raw download is incomplete: status=download_failed; cnt_segments=0; channel_table=None; error=ValueError(""Data not available in the time period. Call Client.info(\'0101\') for help."")')"
2003,20030727164300,provider_data_unavailable,"RuntimeError('raw download is incomplete: status=download_failed; cnt_segments=0; channel_table=None; error=ValueError(""Data not available in the time period. Call Client.info(\'0101\') for help."")')"
2003,20030727174500,provider_data_unavailable,"RuntimeError('raw download is incomplete: status=download_failed; cnt_segments=0; channel_table=None; error=ValueError(""Data not available in the time period. Call Client.info(\'0101\') for help."")')"
2003,20030727190700,provider_data_unavailable,"RuntimeError('raw download is incomplete: status=download_failed; cnt_segments=0; channel_table=None; error=ValueError(""Data not available in the time period. Call Client.info(\'0101\') for help."")')"
2003,20030728040800,provider_data_unavailable,"RuntimeError('raw download is incomplete: status=download_failed; cnt_segments=0; channel_table=None; error=ValueError(""Data not available in the time period. Call Client.info(\'0101\') for help."")')"
2003,20030728061500,provider_data_unavailable,"RuntimeError('raw download is incomplete: status=download_failed; cnt_segments=0; channel_table=None; error=ValueError(""Data not available in the time period. Call Client.info(\'0101\') for help."")')"
2003,20030728162400,provider_data_unavailable,"RuntimeError('raw download is incomplete: status=download_failed; cnt_segments=0; channel_table=None; error=ValueError(""Data not available in the time period. Call Client.info(\'0101\') for help."")')"
2003,20030729175700,provider_data_unavailable,"RuntimeError('raw download is incomplete: status=download_failed; cnt_segments=0; channel_table=None; error=ValueError(""Data not available in the time period. Call Client.info(\'0101\') for help."")')"
2003,20030730191100,provider_data_unavailable,"RuntimeError('raw download is incomplete: status=download_failed; cnt_segments=0; channel_table=None; error=ValueError(""Data not available in the time period. Call Client.info(\'0101\') for help."")')"
2003,20030731040800,provider_data_unavailable,"RuntimeError('raw download is incomplete: status=download_failed; cnt_segments=0; channel_table=None; error=ValueError(""Data not available in the time period. Call Client.info(\'0101\') for help."")')"
2003,20030731110400,provider_data_unavailable,"RuntimeError('raw download is incomplete: status=download_failed; cnt_segments=0; channel_table=None; error=ValueError(""Data not available in the time period. Call Client.info(\'0101\') for help."")')"
2003,20030801063600,provider_data_unavailable,"RuntimeError('raw download is incomplete: status=download_failed; cnt_segments=0; channel_table=None; error=ValueError(""Data not available in the time period. Call Client.info(\'0101\') for help."")')"
2003,20030801171000,provider_data_unavailable,"RuntimeError('raw download is incomplete: status=download_failed; cnt_segments=0; channel_table=None; error=ValueError(""Data not available in the time period. Call Client.info(\'0101\') for help."")')"
2003,20030803140000,provider_data_unavailable,"RuntimeError('raw download is incomplete: status=download_failed; cnt_segments=0; channel_table=None; error=ValueError(""Data not available in the time period. Call Client.info(\'0101\') for help."")')"
2003,20030804002300,provider_data_unavailable,"RuntimeError('raw download is incomplete: status=download_failed; cnt_segments=0; channel_table=None; error=ValueError(""Data not available in the time period. Call Client.info(\'0101\') for help."")')"
2003,20030804092300,provider_data_unavailable,"RuntimeError('raw download is incomplete: status=download_failed; cnt_segments=0; channel_table=None; error=ValueError(""Data not available in the time period. Call Client.info(\'0101\') for help."")')"
2003,20030804205700,provider_data_unavailable,"RuntimeError('raw download is incomplete: status=download_failed; cnt_segments=0; channel_table=None; error=ValueError(""Data not available in the time period. Call Client.info(\'0101\') for help."")')"
2003,20030805064500,provider_data_unavailable,"RuntimeError('raw download is incomplete: status=download_failed; cnt_segments=0; channel_table=None; error=ValueError(""Data not available in the time period. Call Client.info(\'0101\') for help."")')"
2003,20030806025400,provider_data_unavailable,"RuntimeError('raw download is incomplete: status=download_failed; cnt_segments=0; channel_table=None; error=ValueError(""Data not available in the time period. Call Client.info(\'0101\') for help."")')"
2003,20030806094800,provider_data_unavailable,"RuntimeError('raw download is incomplete: status=download_failed; cnt_segments=0; channel_table=None; error=ValueError(""Data not available in the time period. Call Client.info(\'0101\') for help."")')"
2003,20030806135500,provider_data_unavailable,"RuntimeError('raw download is incomplete: status=download_failed; cnt_segments=0; channel_table=None; error=ValueError(""Data not available in the time period. Call Client.info(\'0101\') for help."")')"
2003,20030806201400,provider_data_unavailable,"RuntimeError('raw download is incomplete: status=download_failed; cnt_segments=0; channel_table=None; error=ValueError(""Data not available in the time period. Call Client.info(\'0101\') for help."")')"
2003,20030806211500,provider_data_unavailable,"RuntimeError('raw download is incomplete: status=download_failed; cnt_segments=0; channel_table=None; error=ValueError(""Data not available in the time period. Call Client.info(\'0101\') for help."")')"
2003,20030807012600,provider_data_unavailable,"RuntimeError('raw download is incomplete: status=download_failed; cnt_segments=0; channel_table=None; error=ValueError(""Data not available in the time period. Call Client.info(\'0101\') for help."")')"
2003,20030808061100,provider_data_unavailable,"RuntimeError('raw download is incomplete: status=download_failed; cnt_segments=0; channel_table=None; error=ValueError(""Data not available in the time period. Call Client.info(\'0101\') for help."")')"
2003,20030808095100,provider_data_unavailable,"RuntimeError('raw download is incomplete: status=download_failed; cnt_segments=0; channel_table=None; error=ValueError(""Data not available in the time period. Call Client.info(\'0101\') for help."")')"
2003,20030808133000,provider_data_unavailable,"RuntimeError('raw download is incomplete: status=download_failed; cnt_segments=0; channel_table=None; error=ValueError(""Data not available in the time period. Call Client.info(\'0101\') for help."")')"
2003,20030808222400,provider_data_unavailable,"RuntimeError('raw download is incomplete: status=download_failed; cnt_segments=0; channel_table=None; error=ValueError(""Data not available in the time period. Call Client.info(\'0101\') for help."")')"
2003,20030809025400,provider_data_unavailable,"RuntimeError('raw download is incomplete: status=download_failed; cnt_segments=0; channel_table=None; error=ValueError(""Data not available in the time period. Call Client.info(\'0101\') for help."")')"
2003,20030810054600,provider_data_unavailable,"RuntimeError('raw download is incomplete: status=download_failed; cnt_segments=0; channel_table=None; error=ValueError(""Data not available in the time period. Call Client.info(\'0101\') for help."")')"
2003,20030810102200,provider_data_unavailable,"RuntimeError('raw download is incomplete: status=download_failed; cnt_segments=0; channel_table=None; error=ValueError(""Data not available in the time period. Call Client.info(\'0101\') for help."")')"
2003,20030812092800,provider_data_unavailable,"RuntimeError('raw download is incomplete: status=download_failed; cnt_segments=0; channel_table=None; error=ValueError(""Data not available in the time period. Call Client.info(\'0101\') for help."")')"
2003,20030812135400,provider_data_unavailable,"RuntimeError('raw download is incomplete: status=download_failed; cnt_segments=0; channel_table=None; error=ValueError(""Data not available in the time period. Call Client.info(\'0101\') for help."")')"
2003,20030813101800,provider_data_unavailable,"RuntimeError('raw download is incomplete: status=download_failed; cnt_segments=0; channel_table=None; error=ValueError(""Data not available in the time period. Call Client.info(\'0101\') for help."")')"
2003,20030813145500,provider_data_unavailable,"RuntimeError('raw download is incomplete: status=download_failed; cnt_segments=0; channel_table=None; error=ValueError(""Data not available in the time period. Call Client.info(\'0101\') for help."")')"
2003,20030813213000,provider_data_unavailable,"RuntimeError('raw download is incomplete: status=download_failed; cnt_segments=0; channel_table=None; error=ValueError(""Data not available in the time period. Call Client.info(\'0101\') for help."")')"
2003,20030814234600,provider_data_unavailable,"RuntimeError('raw download is incomplete: status=download_failed; cnt_segments=0; channel_table=None; error=ValueError(""Data not available in the time period. Call Client.info(\'0101\') for help."")')"
2003,20030815094600,provider_data_unavailable,"RuntimeError('raw download is incomplete: status=download_failed; cnt_segments=0; channel_table=None; error=ValueError(""Data not available in the time period. Call Client.info(\'0101\') for help."")')"
2003,20030815194400,provider_data_unavailable,"RuntimeError('raw download is incomplete: status=download_failed; cnt_segments=0; channel_table=None; error=ValueError(""Data not available in the time period. Call Client.info(\'0101\') for help."")')"
2003,20030816102600,provider_data_unavailable,"RuntimeError('raw download is incomplete: status=download_failed; cnt_segments=0; channel_table=None; error=ValueError(""Data not available in the time period. Call Client.info(\'0101\') for help."")')"
2003,20030818151000,provider_data_unavailable,"RuntimeError('raw download is incomplete: status=download_failed; cnt_segments=0; channel_table=None; error=ValueError(""Data not available in the time period. Call Client.info(\'0101\') for help."")')"
2003,20030818185900,provider_data_unavailable,"RuntimeError('raw download is incomplete: status=download_failed; cnt_segments=0; channel_table=None; error=ValueError(""Data not available in the time period. Call Client.info(\'0101\') for help."")')"
2003,20030821000800,provider_data_unavailable,"RuntimeError('raw download is incomplete: status=download_failed; cnt_segments=0; channel_table=None; error=ValueError(""Data not available in the time period. Call Client.info(\'0101\') for help."")')"
2003,20030821033400,provider_data_unavailable,"RuntimeError('raw download is incomplete: status=download_failed; cnt_segments=0; channel_table=None; error=ValueError(""Data not available in the time period. Call Client.info(\'0101\') for help."")')"
2003,20030821053700,provider_data_unavailable,"RuntimeError('raw download is incomplete: status=download_failed; cnt_segments=0; channel_table=None; error=ValueError(""Data not available in the time period. Call Client.info(\'0101\') for help."")')"
2003,20030822224400,provider_data_unavailable,"RuntimeError('raw download is incomplete: status=download_failed; cnt_segments=0; channel_table=None; error=ValueError(""Data not available in the time period. Call Client.info(\'0101\') for help."")')"
2003,20030823005400,provider_data_unavailable,"RuntimeError('raw download is incomplete: status=download_failed; cnt_segments=0; channel_table=None; error=ValueError(""Data not available in the time period. Call Client.info(\'0101\') for help."")')"
2003,20030823010500,provider_data_unavailable,"RuntimeError('raw download is incomplete: status=download_failed; cnt_segments=0; channel_table=None; error=ValueError(""Data not available in the time period. Call Client.info(\'0101\') for help."")')"
2003,20030825091900,provider_data_unavailable,"RuntimeError('raw download is incomplete: status=download_failed; cnt_segments=0; channel_table=None; error=ValueError(""Data not available in the time period. Call Client.info(\'0101\') for help."")')"
2003,20030826093100,provider_data_unavailable,"RuntimeError('raw download is incomplete: status=download_failed; cnt_segments=0; channel_table=None; error=ValueError(""Data not available in the time period. Call Client.info(\'0101\') for help."")')"
2003,20030827021200,provider_data_unavailable,"RuntimeError('raw download is incomplete: status=download_failed; cnt_segments=0; channel_table=None; error=ValueError(""Data not available in the time period. Call Client.info(\'0101\') for help."")')"
2003,20030827101000,provider_data_unavailable,"RuntimeError('raw download is incomplete: status=download_failed; cnt_segments=0; channel_table=None; error=ValueError(""Data not available in the time period. Call Client.info(\'0101\') for help."")')"
2003,20030827210500,provider_data_unavailable,"RuntimeError('raw download is incomplete: status=download_failed; cnt_segments=0; channel_table=None; error=ValueError(""Data not available in the time period. Call Client.info(\'0101\') for help."")')"
2003,20030829133800,provider_data_unavailable,"RuntimeError('raw download is incomplete: status=download_failed; cnt_segments=0; channel_table=None; error=ValueError(""Data not available in the time period. Call Client.info(\'0101\') for help."")')"
2003,20030830093100,provider_data_unavailable,"RuntimeError('raw download is incomplete: status=download_failed; cnt_segments=0; channel_table=None; error=ValueError(""Data not available in the time period. Call Client.info(\'0101\') for help."")')"
2003,20030830190600,provider_data_unavailable,"RuntimeError('raw download is incomplete: status=download_failed; cnt_segments=0; channel_table=None; error=ValueError(""Data not available in the time period. Call Client.info(\'0101\') for help."")')"
2003,20030831104100,provider_data_unavailable,"RuntimeError('raw download is incomplete: status=download_failed; cnt_segments=0; channel_table=None; error=ValueError(""Data not available in the time period. Call Client.info(\'0101\') for help."")')"
2003,20030904225500,provider_data_unavailable,"RuntimeError('raw download is incomplete: status=download_failed; cnt_segments=0; channel_table=None; error=ValueError(""Data not available in the time period. Call Client.info(\'0101\') for help."")')"
2003,20030905195400,provider_data_unavailable,"RuntimeError('raw download is incomplete: status=download_failed; cnt_segments=0; channel_table=None; error=ValueError(""Data not available in the time period. Call Client.info(\'0101\') for help."")')"
2003,20030909012200,provider_data_unavailable,"RuntimeError('raw download is incomplete: status=download_failed; cnt_segments=0; channel_table=None; error=ValueError(""Data not available in the time period. Call Client.info(\'0101\') for help."")')"
2003,20030909090100,provider_data_unavailable,"RuntimeError('raw download is incomplete: status=download_failed; cnt_segments=0; channel_table=None; error=ValueError(""Data not available in the time period. Call Client.info(\'0101\') for help."")')"
2003,20030910100200,provider_data_unavailable,"RuntimeError('raw download is incomplete: status=download_failed; cnt_segments=0; channel_table=None; error=ValueError(""Data not available in the time period. Call Client.info(\'0101\') for help."")')"
2003,20030910203900,provider_data_unavailable,"RuntimeError('raw download is incomplete: status=download_failed; cnt_segments=0; channel_table=None; error=ValueError(""Data not available in the time period. Call Client.info(\'0101\') for help."")')"
2003,20030911002900,provider_data_unavailable,"RuntimeError('raw download is incomplete: status=download_failed; cnt_segments=0; channel_table=None; error=ValueError(""Data not available in the time period. Call Client.info(\'0101\') for help."")')"
2003,20030911043200,provider_data_unavailable,"RuntimeError('raw download is incomplete: status=download_failed; cnt_segments=0; channel_table=None; error=ValueError(""Data not available in the time period. Call Client.info(\'0101\') for help."")')"
2003,20030916174300,provider_data_unavailable,"RuntimeError('raw download is incomplete: status=download_failed; cnt_segments=0; channel_table=None; error=ValueError(""Data not available in the time period. Call Client.info(\'0101\') for help."")')"
2003,20030920004900,provider_data_unavailable,"RuntimeError('raw download is incomplete: status=download_failed; cnt_segments=0; channel_table=None; error=ValueError(""Data not available in the time period. Call Client.info(\'0101\') for help."")')"
2003,20030920125500,provider_data_unavailable,"RuntimeError('raw download is incomplete: status=download_failed; cnt_segments=0; channel_table=None; error=ValueError(""Data not available in the time period. Call Client.info(\'0101\') for help."")')"
2003,20030920160900,provider_data_unavailable,"RuntimeError('raw download is incomplete: status=download_failed; cnt_segments=0; channel_table=None; error=ValueError(""Data not available in the time period. Call Client.info(\'0101\') for help."")')"
2003,20030924092900,provider_data_unavailable,"RuntimeError('raw download is incomplete: status=download_failed; cnt_segments=0; channel_table=None; error=ValueError(""Data not available in the time period. Call Client.info(\'0101\') for help."")')"
2003,20030924185200,provider_data_unavailable,"RuntimeError('raw download is incomplete: status=download_failed; cnt_segments=0; channel_table=None; error=ValueError(""Data not available in the time period. Call Client.info(\'0101\') for help."")')"
2003,20030926045000,provider_data_unavailable,"RuntimeError('raw download is incomplete: status=download_failed; cnt_segments=0; channel_table=None; error=ValueError(""Data not available in the time period. Call Client.info(\'0101\') for help."")')"
2003,20030926045900,provider_data_unavailable,"RuntimeError('raw download is incomplete: status=download_failed; cnt_segments=0; channel_table=None; error=ValueError(""Data not available in the time period. Call Client.info(\'0101\') for help."")')"
2003,20030926050200,provider_data_unavailable,"RuntimeError('raw download is incomplete: status=download_failed; cnt_segments=0; channel_table=None; error=ValueError(""Data not available in the time period. Call Client.info(\'0101\') for help."")')"
2003,20030926050500,provider_data_unavailable,"RuntimeError('raw download is incomplete: status=download_failed; cnt_segments=0; channel_table=None; error=ValueError(""Data not available in the time period. Call Client.info(\'0101\') for help."")')"
2003,20030926051000,provider_data_unavailable,"RuntimeError('raw download is incomplete: status=download_failed; cnt_segments=0; channel_table=None; error=ValueError(""Data not available in the time period. Call Client.info(\'0101\') for help."")')"
2003,20030926052500,provider_data_unavailable,"RuntimeError('raw download is incomplete: status=download_failed; cnt_segments=0; channel_table=None; error=ValueError(""Data not available in the time period. Call Client.info(\'0101\') for help."")')"
2003,20030926055700,provider_data_unavailable,"RuntimeError('raw download is incomplete: status=download_failed; cnt_segments=0; channel_table=None; error=ValueError(""Data not available in the time period. Call Client.info(\'0101\') for help."")')"
2003,20030926060800,provider_data_unavailable,"RuntimeError('raw download is incomplete: status=download_failed; cnt_segments=0; channel_table=None; error=ValueError(""Data not available in the time period. Call Client.info(\'0101\') for help."")')"
2003,20030926065400,provider_data_unavailable,"RuntimeError('raw download is incomplete: status=download_failed; cnt_segments=0; channel_table=None; error=ValueError(""Data not available in the time period. Call Client.info(\'0101\') for help."")')"
2003,20030926072000,provider_data_unavailable,"RuntimeError('raw download is incomplete: status=download_failed; cnt_segments=0; channel_table=None; error=ValueError(""Data not available in the time period. Call Client.info(\'0101\') for help."")')"
2003,20030926072400,provider_data_unavailable,"RuntimeError('raw download is incomplete: status=download_failed; cnt_segments=0; channel_table=None; error=ValueError(""Data not available in the time period. Call Client.info(\'0101\') for help."")')"
2003,20030926081100,provider_data_unavailable,"RuntimeError('raw download is incomplete: status=download_failed; cnt_segments=0; channel_table=None; error=ValueError(""Data not available in the time period. Call Client.info(\'0101\') for help."")')"
2003,20030926113500,provider_data_unavailable,"RuntimeError('raw download is incomplete: status=download_failed; cnt_segments=0; channel_table=None; error=ValueError(""Data not available in the time period. Call Client.info(\'0101\') for help."")')"
2003,20030926125100,provider_data_unavailable,"RuntimeError('raw download is incomplete: status=download_failed; cnt_segments=0; channel_table=None; error=ValueError(""Data not available in the time period. Call Client.info(\'0101\') for help."")')"
2003,20030926152700,provider_data_unavailable,"RuntimeError('raw download is incomplete: status=download_failed; cnt_segments=0; channel_table=None; error=ValueError(""Data not available in the time period. Call Client.info(\'0101\') for help."")')"
2003,20030926191100,provider_data_unavailable,"RuntimeError('raw download is incomplete: status=download_failed; cnt_segments=0; channel_table=None; error=ValueError(""Data not available in the time period. Call Client.info(\'0101\') for help."")')"
2003,20030927053800,provider_data_unavailable,"RuntimeError('raw download is incomplete: status=download_failed; cnt_segments=0; channel_table=None; error=ValueError(""Data not available in the time period. Call Client.info(\'0101\') for help."")')"
2003,20030927170600,provider_data_unavailable,"RuntimeError('raw download is incomplete: status=download_failed; cnt_segments=0; channel_table=None; error=ValueError(""Data not available in the time period. Call Client.info(\'0101\') for help."")')"
2003,20030928010700,provider_data_unavailable,"RuntimeError('raw download is incomplete: status=download_failed; cnt_segments=0; channel_table=None; error=ValueError(""Data not available in the time period. Call Client.info(\'0101\') for help."")')"
2003,20030928072300,provider_data_unavailable,"RuntimeError('raw download is incomplete: status=download_failed; cnt_segments=0; channel_table=None; error=ValueError(""Data not available in the time period. Call Client.info(\'0101\') for help."")')"
2003,20030928080400,provider_data_unavailable,"RuntimeError('raw download is incomplete: status=download_failed; cnt_segments=0; channel_table=None; error=ValueError(""Data not available in the time period. Call Client.info(\'0101\') for help."")')"
2003,20030928092300,provider_data_unavailable,"RuntimeError('raw download is incomplete: status=download_failed; cnt_segments=0; channel_table=None; error=ValueError(""Data not available in the time period. Call Client.info(\'0101\') for help."")')"
2003,20030928131800,provider_data_unavailable,"RuntimeError('raw download is incomplete: status=download_failed; cnt_segments=0; channel_table=None; error=ValueError(""Data not available in the time period. Call Client.info(\'0101\') for help."")')"
2003,20030928215600,provider_data_unavailable,"RuntimeError('raw download is incomplete: status=download_failed; cnt_segments=0; channel_table=None; error=ValueError(""Data not available in the time period. Call Client.info(\'0101\') for help."")')"
2003,20030928231300,provider_data_unavailable,"RuntimeError('raw download is incomplete: status=download_failed; cnt_segments=0; channel_table=None; error=ValueError(""Data not available in the time period. Call Client.info(\'0101\') for help."")')"
2003,20030929015100,provider_data_unavailable,"RuntimeError('raw download is incomplete: status=download_failed; cnt_segments=0; channel_table=None; error=ValueError(""Data not available in the time period. Call Client.info(\'0101\') for help."")')"
2003,20030929062900,provider_data_unavailable,"RuntimeError('raw download is incomplete: status=download_failed; cnt_segments=0; channel_table=None; error=ValueError(""Data not available in the time period. Call Client.info(\'0101\') for help."")')"
2003,20030929113700,provider_data_unavailable,"RuntimeError('raw download is incomplete: status=download_failed; cnt_segments=0; channel_table=None; error=ValueError(""Data not available in the time period. Call Client.info(\'0101\') for help."")')"
2003,20030929165000,provider_data_unavailable,"RuntimeError('raw download is incomplete: status=download_failed; cnt_segments=0; channel_table=None; error=ValueError(""Data not available in the time period. Call Client.info(\'0101\') for help."")')"
2003,20030929193500,provider_data_unavailable,"RuntimeError('raw download is incomplete: status=download_failed; cnt_segments=0; channel_table=None; error=ValueError(""Data not available in the time period. Call Client.info(\'0101\') for help."")')"
2003,20030929232200,provider_data_unavailable,"RuntimeError('raw download is incomplete: status=download_failed; cnt_segments=0; channel_table=None; error=ValueError(""Data not available in the time period. Call Client.info(\'0101\') for help."")')"
2003,20030929232700,provider_data_unavailable,"RuntimeError('raw download is incomplete: status=download_failed; cnt_segments=0; channel_table=None; error=ValueError(""Data not available in the time period. Call Client.info(\'0101\') for help."")')"
2003,20030930011800,provider_data_unavailable,"RuntimeError('raw download is incomplete: status=download_failed; cnt_segments=0; channel_table=None; error=ValueError(""Data not available in the time period. Call Client.info(\'0101\') for help."")')"
2003,20030930122300,provider_data_unavailable,"RuntimeError('raw download is incomplete: status=download_failed; cnt_segments=0; channel_table=None; error=ValueError(""Data not available in the time period. Call Client.info(\'0101\') for help."")')"
2003,20030930131000,provider_data_unavailable,"RuntimeError('raw download is incomplete: status=download_failed; cnt_segments=0; channel_table=None; error=ValueError(""Data not available in the time period. Call Client.info(\'0101\') for help."")')"
2003,20031001012400,provider_data_unavailable,"RuntimeError('raw download is incomplete: status=download_failed; cnt_segments=0; channel_table=None; error=ValueError(""Data not available in the time period. Call Client.info(\'0101\') for help."")')"
2003,20031002012300,provider_data_unavailable,"RuntimeError('raw download is incomplete: status=download_failed; cnt_segments=0; channel_table=None; error=ValueError(""Data not available in the time period. Call Client.info(\'0101\') for help."")')"
2003,20031002163200,provider_data_unavailable,"RuntimeError('raw download is incomplete: status=download_failed; cnt_segments=0; channel_table=None; error=ValueError(""Data not available in the time period. Call Client.info(\'0101\') for help."")')"
2003,20031003134500,provider_data_unavailable,"RuntimeError('raw download is incomplete: status=download_failed; cnt_segments=0; channel_table=None; error=ValueError(""Data not available in the time period. Call Client.info(\'0101\') for help."")')"
2003,20031003202500,provider_data_unavailable,"RuntimeError('raw download is incomplete: status=download_failed; cnt_segments=0; channel_table=None; error=ValueError(""Data not available in the time period. Call Client.info(\'0101\') for help."")')"
2003,20031003202800,provider_data_unavailable,"RuntimeError('raw download is incomplete: status=download_failed; cnt_segments=0; channel_table=None; error=ValueError(""Data not available in the time period. Call Client.info(\'0101\') for help."")')"
2003,20031004053800,provider_data_unavailable,"RuntimeError('raw download is incomplete: status=download_failed; cnt_segments=0; channel_table=None; error=ValueError(""Data not available in the time period. Call Client.info(\'0101\') for help."")')"
2003,20031004081100,provider_data_unavailable,"RuntimeError('raw download is incomplete: status=download_failed; cnt_segments=0; channel_table=None; error=ValueError(""Data not available in the time period. Call Client.info(\'0101\') for help."")')"
2003,20031004234100,provider_data_unavailable,"RuntimeError('raw download is incomplete: status=download_failed; cnt_segments=0; channel_table=None; error=ValueError(""Data not available in the time period. Call Client.info(\'0101\') for help."")')"
2003,20031005002900,provider_data_unavailable,"RuntimeError('raw download is incomplete: status=download_failed; cnt_segments=0; channel_table=None; error=ValueError(""Data not available in the time period. Call Client.info(\'0101\') for help."")')"
2003,20031005013700,provider_data_unavailable,"RuntimeError('raw download is incomplete: status=download_failed; cnt_segments=0; channel_table=None; error=ValueError(""Data not available in the time period. Call Client.info(\'0101\') for help."")')"
2003,20031006085700,provider_data_unavailable,"RuntimeError('raw download is incomplete: status=download_failed; cnt_segments=0; channel_table=None; error=ValueError(""Data not available in the time period. Call Client.info(\'0101\') for help."")')"
2003,20031006205700,provider_data_unavailable,"RuntimeError('raw download is incomplete: status=download_failed; cnt_segments=0; channel_table=None; error=ValueError(""Data not available in the time period. Call Client.info(\'0101\') for help."")')"
2003,20031007012800,provider_data_unavailable,"RuntimeError('raw download is incomplete: status=download_failed; cnt_segments=0; channel_table=None; error=ValueError(""Data not available in the time period. Call Client.info(\'0101\') for help."")')"
2003,20031007042600,provider_data_unavailable,"RuntimeError('raw download is incomplete: status=download_failed; cnt_segments=0; channel_table=None; error=ValueError(""Data not available in the time period. Call Client.info(\'0101\') for help."")')"
2003,20031007052800,provider_data_unavailable,"RuntimeError('raw download is incomplete: status=download_failed; cnt_segments=0; channel_table=None; error=ValueError(""Data not available in the time period. Call Client.info(\'0101\') for help."")')"
2003,20031007170000,provider_data_unavailable,"RuntimeError('raw download is incomplete: status=download_failed; cnt_segments=0; channel_table=None; error=ValueError(""Data not available in the time period. Call Client.info(\'0101\') for help."")')"
2003,20031007204000,provider_data_unavailable,"RuntimeError('raw download is incomplete: status=download_failed; cnt_segments=0; channel_table=None; error=ValueError(""Data not available in the time period. Call Client.info(\'0101\') for help."")')"
2003,20031008024100,provider_data_unavailable,"RuntimeError('raw download is incomplete: status=download_failed; cnt_segments=0; channel_table=None; error=ValueError(""Data not available in the time period. Call Client.info(\'0101\') for help."")')"
2003,20031008180700,provider_data_unavailable,"RuntimeError('raw download is incomplete: status=download_failed; cnt_segments=0; channel_table=None; error=ValueError(""Data not available in the time period. Call Client.info(\'0101\') for help."")')"
2003,20031008223200,provider_data_unavailable,"RuntimeError('raw download is incomplete: status=download_failed; cnt_segments=0; channel_table=None; error=ValueError(""Data not available in the time period. Call Client.info(\'0101\') for help."")')"
2003,20031008233500,provider_data_unavailable,"RuntimeError('raw download is incomplete: status=download_failed; cnt_segments=0; channel_table=None; error=ValueError(""Data not available in the time period. Call Client.info(\'0101\') for help."")')"
2003,20031009001800,provider_data_unavailable,"RuntimeError('raw download is incomplete: status=download_failed; cnt_segments=0; channel_table=None; error=ValueError(""Data not available in the time period. Call Client.info(\'0101\') for help."")')"
2003,20031009081500,provider_data_unavailable,"RuntimeError('raw download is incomplete: status=download_failed; cnt_segments=0; channel_table=None; error=ValueError(""Data not available in the time period. Call Client.info(\'0101\') for help."")')"
2003,20031010215800,provider_data_unavailable,"RuntimeError('raw download is incomplete: status=download_failed; cnt_segments=0; channel_table=None; error=ValueError(""Data not available in the time period. Call Client.info(\'0101\') for help."")')"
2003,20031011090900,provider_data_unavailable,"RuntimeError('raw download is incomplete: status=download_failed; cnt_segments=0; channel_table=None; error=ValueError(""Data not available in the time period. Call Client.info(\'0101\') for help."")')"
2003,20031011101100,provider_data_unavailable,"RuntimeError('raw download is incomplete: status=download_failed; cnt_segments=0; channel_table=None; error=ValueError(""Data not available in the time period. Call Client.info(\'0101\') for help."")')"
2003,20031011182500,provider_data_unavailable,"RuntimeError('raw download is incomplete: status=download_failed; cnt_segments=0; channel_table=None; error=ValueError(""Data not available in the time period. Call Client.info(\'0101\') for help."")')"
2003,20031012032600,provider_data_unavailable,"RuntimeError('raw download is incomplete: status=download_failed; cnt_segments=0; channel_table=None; error=ValueError(""Data not available in the time period. Call Client.info(\'0101\') for help."")')"
2003,20031012060300,provider_data_unavailable,"RuntimeError('raw download is incomplete: status=download_failed; cnt_segments=0; channel_table=None; error=ValueError(""Data not available in the time period. Call Client.info(\'0101\') for help."")')"
2003,20031012065600,provider_data_unavailable,"RuntimeError('raw download is incomplete: status=download_failed; cnt_segments=0; channel_table=None; error=ValueError(""Data not available in the time period. Call Client.info(\'0101\') for help."")')"
2003,20031012151900,provider_data_unavailable,"RuntimeError('raw download is incomplete: status=download_failed; cnt_segments=0; channel_table=None; error=ValueError(""Data not available in the time period. Call Client.info(\'0101\') for help."")')"
2003,20031014060400,provider_data_unavailable,"RuntimeError('raw download is incomplete: status=download_failed; cnt_segments=0; channel_table=None; error=ValueError(""Data not available in the time period. Call Client.info(\'0101\') for help."")')"
2003,20031015163000,provider_data_unavailable,"RuntimeError('raw download is incomplete: status=download_failed; cnt_segments=0; channel_table=None; error=ValueError(""Data not available in the time period. Call Client.info(\'0101\') for help."")')"
2003,20031016183700,provider_data_unavailable,"RuntimeError('raw download is incomplete: status=download_failed; cnt_segments=0; channel_table=None; error=ValueError(""Data not available in the time period. Call Client.info(\'0101\') for help."")')"
2003,20031018183200,provider_data_unavailable,"RuntimeError('raw download is incomplete: status=download_failed; cnt_segments=0; channel_table=None; error=ValueError(""Data not available in the time period. Call Client.info(\'0101\') for help."")')"
2003,20031019013100,provider_data_unavailable,"RuntimeError('raw download is incomplete: status=download_failed; cnt_segments=0; channel_table=None; error=ValueError(""Data not available in the time period. Call Client.info(\'0101\') for help."")')"
2003,20031020082700,provider_data_unavailable,"RuntimeError('raw download is incomplete: status=download_failed; cnt_segments=0; channel_table=None; error=ValueError(""Data not available in the time period. Call Client.info(\'0101\') for help."")')"
2003,20031020140000,provider_data_unavailable,"RuntimeError('raw download is incomplete: status=download_failed; cnt_segments=0; channel_table=None; error=ValueError(""Data not available in the time period. Call Client.info(\'0101\') for help."")')"
2003,20031022082100,provider_data_unavailable,"RuntimeError('raw download is incomplete: status=download_failed; cnt_segments=0; channel_table=None; error=ValueError(""Data not available in the time period. Call Client.info(\'0101\') for help."")')"
2003,20031022092100,provider_data_unavailable,"RuntimeError('raw download is incomplete: status=download_failed; cnt_segments=0; channel_table=None; error=ValueError(""Data not available in the time period. Call Client.info(\'0101\') for help."")')"
2003,20031023140000,provider_data_unavailable,"RuntimeError('raw download is incomplete: status=download_failed; cnt_segments=0; channel_table=None; error=ValueError(""Data not available in the time period. Call Client.info(\'0101\') for help."")')"
2003,20031023232200,provider_data_unavailable,"RuntimeError('raw download is incomplete: status=download_failed; cnt_segments=0; channel_table=None; error=ValueError(""Data not available in the time period. Call Client.info(\'0101\') for help."")')"
2003,20031024210200,provider_data_unavailable,"RuntimeError('raw download is incomplete: status=download_failed; cnt_segments=0; channel_table=None; error=ValueError(""Data not available in the time period. Call Client.info(\'0101\') for help."")')"
2003,20031026055300,provider_data_unavailable,"RuntimeError('raw download is incomplete: status=download_failed; cnt_segments=0; channel_table=None; error=ValueError(""Data not available in the time period. Call Client.info(\'0101\') for help."")')"
2003,20031028112000,provider_data_unavailable,"RuntimeError('raw download is incomplete: status=download_failed; cnt_segments=0; channel_table=None; error=ValueError(""Data not available in the time period. Call Client.info(\'0101\') for help."")')"
2003,20031028132400,provider_data_unavailable,"RuntimeError('raw download is incomplete: status=download_failed; cnt_segments=0; channel_table=None; error=ValueError(""Data not available in the time period. Call Client.info(\'0101\') for help."")')"
2003,20031028133100,provider_data_unavailable,"RuntimeError('raw download is incomplete: status=download_failed; cnt_segments=0; channel_table=None; error=ValueError(""Data not available in the time period. Call Client.info(\'0101\') for help."")')"
2003,20031029064800,provider_data_unavailable,"RuntimeError('raw download is incomplete: status=download_failed; cnt_segments=0; channel_table=None; error=ValueError(""Data not available in the time period. Call Client.info(\'0101\') for help."")')"
2003,20031031100600,provider_data_unavailable,"RuntimeError('raw download is incomplete: status=download_failed; cnt_segments=0; channel_table=None; error=ValueError(""Data not available in the time period. Call Client.info(\'0101\') for help."")')"
2003,20031102084400,provider_data_unavailable,"RuntimeError('raw download is incomplete: status=download_failed; cnt_segments=0; channel_table=None; error=ValueError(""Data not available in the time period. Call Client.info(\'0101\') for help."")')"
2003,20031102093500,provider_data_unavailable,"RuntimeError('raw download is incomplete: status=download_failed; cnt_segments=0; channel_table=None; error=ValueError(""Data not available in the time period. Call Client.info(\'0101\') for help."")')"
2003,20031102115800,provider_data_unavailable,"RuntimeError('raw download is incomplete: status=download_failed; cnt_segments=0; channel_table=None; error=ValueError(""Data not available in the time period. Call Client.info(\'0101\') for help."")')"
2003,20031103161100,provider_data_unavailable,"RuntimeError('raw download is incomplete: status=download_failed; cnt_segments=0; channel_table=None; error=ValueError(""Data not available in the time period. Call Client.info(\'0101\') for help."")')"
2003,20031107023700,provider_data_unavailable,"RuntimeError('raw download is incomplete: status=download_failed; cnt_segments=0; channel_table=None; error=ValueError(""Data not available in the time period. Call Client.info(\'0101\') for help."")')"
2003,20031108030700,provider_data_unavailable,"RuntimeError('raw download is incomplete: status=download_failed; cnt_segments=0; channel_table=None; error=ValueError(""Data not available in the time period. Call Client.info(\'0101\') for help."")')"
2003,20031108102200,provider_data_unavailable,"RuntimeError('raw download is incomplete: status=download_failed; cnt_segments=0; channel_table=None; error=ValueError(""Data not available in the time period. Call Client.info(\'0101\') for help."")')"
2003,20031108180200,provider_data_unavailable,"RuntimeError('raw download is incomplete: status=download_failed; cnt_segments=0; channel_table=None; error=ValueError(""Data not available in the time period. Call Client.info(\'0101\') for help."")')"
2003,20031110054900,provider_data_unavailable,"RuntimeError('raw download is incomplete: status=download_failed; cnt_segments=0; channel_table=None; error=ValueError(""Data not available in the time period. Call Client.info(\'0101\') for help."")')"
2003,20031111075400,provider_data_unavailable,"RuntimeError('raw download is incomplete: status=download_failed; cnt_segments=0; channel_table=None; error=ValueError(""Data not available in the time period. Call Client.info(\'0101\') for help."")')"
2003,20031111173000,provider_data_unavailable,"RuntimeError('raw download is incomplete: status=download_failed; cnt_segments=0; channel_table=None; error=ValueError(""Data not available in the time period. Call Client.info(\'0101\') for help."")')"
2003,20031112003200,provider_data_unavailable,"RuntimeError('raw download is incomplete: status=download_failed; cnt_segments=0; channel_table=None; error=ValueError(""Data not available in the time period. Call Client.info(\'0101\') for help."")')"
2003,20031112082000,provider_data_unavailable,"RuntimeError('raw download is incomplete: status=download_failed; cnt_segments=0; channel_table=None; error=ValueError(""Data not available in the time period. Call Client.info(\'0101\') for help."")')"
2003,20031114073900,provider_data_unavailable,"RuntimeError('raw download is incomplete: status=download_failed; cnt_segments=0; channel_table=None; error=ValueError(""Data not available in the time period. Call Client.info(\'0101\') for help."")')"
2003,20031114121500,provider_data_unavailable,"RuntimeError('raw download is incomplete: status=download_failed; cnt_segments=0; channel_table=None; error=ValueError(""Data not available in the time period. Call Client.info(\'0101\') for help."")')"
2003,20031115034400,provider_data_unavailable,"RuntimeError('raw download is incomplete: status=download_failed; cnt_segments=0; channel_table=None; error=ValueError(""Data not available in the time period. Call Client.info(\'0101\') for help."")')"
2003,20031117133300,provider_data_unavailable,"RuntimeError('raw download is incomplete: status=download_failed; cnt_segments=0; channel_table=None; error=ValueError(""Data not available in the time period. Call Client.info(\'0101\') for help."")')"
2003,20031118075300,provider_data_unavailable,"RuntimeError('raw download is incomplete: status=download_failed; cnt_segments=0; channel_table=None; error=ValueError(""Data not available in the time period. Call Client.info(\'0101\') for help."")')"
2003,20031120234700,provider_data_unavailable,"RuntimeError('raw download is incomplete: status=download_failed; cnt_segments=0; channel_table=None; error=ValueError(""Data not available in the time period. Call Client.info(\'0101\') for help."")')"
2003,20031121180200,provider_data_unavailable,"RuntimeError('raw download is incomplete: status=download_failed; cnt_segments=0; channel_table=None; error=ValueError(""Data not available in the time period. Call Client.info(\'0101\') for help."")')"
2003,20031123015900,provider_data_unavailable,"RuntimeError('raw download is incomplete: status=download_failed; cnt_segments=0; channel_table=None; error=ValueError(""Data not available in the time period. Call Client.info(\'0101\') for help."")')"
2003,20031123070000,provider_data_unavailable,"RuntimeError('raw download is incomplete: status=download_failed; cnt_segments=0; channel_table=None; error=ValueError(""Data not available in the time period. Call Client.info(\'0101\') for help."")')"
2003,20031124184800,provider_data_unavailable,"RuntimeError('raw download is incomplete: status=download_failed; cnt_segments=0; channel_table=None; error=ValueError(""Data not available in the time period. Call Client.info(\'0101\') for help."")')"
2003,20031124211800,provider_data_unavailable,"RuntimeError('raw download is incomplete: status=download_failed; cnt_segments=0; channel_table=None; error=ValueError(""Data not available in the time period. Call Client.info(\'0101\') for help."")')"
2003,20031124234000,provider_data_unavailable,"RuntimeError('raw download is incomplete: status=download_failed; cnt_segments=0; channel_table=None; error=ValueError(""Data not available in the time period. Call Client.info(\'0101\') for help."")')"
2003,20031130082400,provider_data_unavailable,"RuntimeError('raw download is incomplete: status=download_failed; cnt_segments=0; channel_table=None; error=ValueError(""Data not available in the time period. Call Client.info(\'0101\') for help."")')"
2003,20031130112700,provider_data_unavailable,"RuntimeError('raw download is incomplete: status=download_failed; cnt_segments=0; channel_table=None; error=ValueError(""Data not available in the time period. Call Client.info(\'0101\') for help."")')"
2003,20031130124500,provider_data_unavailable,"RuntimeError('raw download is incomplete: status=download_failed; cnt_segments=0; channel_table=None; error=ValueError(""Data not available in the time period. Call Client.info(\'0101\') for help."")')"
2003,20031203231100,provider_data_unavailable,"RuntimeError('raw download is incomplete: status=download_failed; cnt_segments=0; channel_table=None; error=ValueError(""Data not available in the time period. Call Client.info(\'0101\') for help."")')"
2003,20031207113300,provider_data_unavailable,"RuntimeError('raw download is incomplete: status=download_failed; cnt_segments=0; channel_table=None; error=ValueError(""Data not available in the time period. Call Client.info(\'0101\') for help."")')"
2003,20031207233500,provider_data_unavailable,"RuntimeError('raw download is incomplete: status=download_failed; cnt_segments=0; channel_table=None; error=ValueError(""Data not available in the time period. Call Client.info(\'0101\') for help."")')"
2003,20031208162000,provider_data_unavailable,"RuntimeError('raw download is incomplete: status=download_failed; cnt_segments=0; channel_table=None; error=ValueError(""Data not available in the time period. Call Client.info(\'0101\') for help."")')"
2003,20031208201900,provider_data_unavailable,"RuntimeError('raw download is incomplete: status=download_failed; cnt_segments=0; channel_table=None; error=ValueError(""Data not available in the time period. Call Client.info(\'0101\') for help."")')"
2003,20031210110500,provider_data_unavailable,"RuntimeError('raw download is incomplete: status=download_failed; cnt_segments=0; channel_table=None; error=ValueError(""Data not available in the time period. Call Client.info(\'0101\') for help."")')"
2003,20031212104600,provider_data_unavailable,"RuntimeError('raw download is incomplete: status=download_failed; cnt_segments=0; channel_table=None; error=ValueError(""Data not available in the time period. Call Client.info(\'0101\') for help."")')"
2003,20031212134400,provider_data_unavailable,"RuntimeError('raw download is incomplete: status=download_failed; cnt_segments=0; channel_table=None; error=ValueError(""Data not available in the time period. Call Client.info(\'0101\') for help."")')"
2003,20031212144700,provider_data_unavailable,"RuntimeError('raw download is incomplete: status=download_failed; cnt_segments=0; channel_table=None; error=ValueError(""Data not available in the time period. Call Client.info(\'0101\') for help."")')"
2003,20031213123200,provider_data_unavailable,"RuntimeError('raw download is incomplete: status=download_failed; cnt_segments=0; channel_table=None; error=ValueError(""Data not available in the time period. Call Client.info(\'0101\') for help."")')"
2003,20031213220700,provider_data_unavailable,"RuntimeError('raw download is incomplete: status=download_failed; cnt_segments=0; channel_table=None; error=ValueError(""Data not available in the time period. Call Client.info(\'0101\') for help."")')"
2003,20031216194800,provider_data_unavailable,"RuntimeError('raw download is incomplete: status=download_failed; cnt_segments=0; channel_table=None; error=ValueError(""Data not available in the time period. Call Client.info(\'0101\') for help."")')"
2003,20031216204100,provider_data_unavailable,"RuntimeError('raw download is incomplete: status=download_failed; cnt_segments=0; channel_table=None; error=ValueError(""Data not available in the time period. Call Client.info(\'0101\') for help."")')"
2003,20031217205200,provider_data_unavailable,"RuntimeError('raw download is incomplete: status=download_failed; cnt_segments=0; channel_table=None; error=ValueError(""Data not available in the time period. Call Client.info(\'0101\') for help."")')"
2003,20031218030200,provider_data_unavailable,"RuntimeError('raw download is incomplete: status=download_failed; cnt_segments=0; channel_table=None; error=ValueError(""Data not available in the time period. Call Client.info(\'0101\') for help."")')"
2003,20031218182600,provider_data_unavailable,"RuntimeError('raw download is incomplete: status=download_failed; cnt_segments=0; channel_table=None; error=ValueError(""Data not available in the time period. Call Client.info(\'0101\') for help."")')"
2003,20031219062600,provider_data_unavailable,"RuntimeError('raw download is incomplete: status=download_failed; cnt_segments=0; channel_table=None; error=ValueError(""Data not available in the time period. Call Client.info(\'0101\') for help."")')"
2003,20031219112400,provider_data_unavailable,"RuntimeError('raw download is incomplete: status=download_failed; cnt_segments=0; channel_table=None; error=ValueError(""Data not available in the time period. Call Client.info(\'0101\') for help."")')"
2003,20031219124900,provider_data_unavailable,"RuntimeError('raw download is incomplete: status=download_failed; cnt_segments=0; channel_table=None; error=ValueError(""Data not available in the time period. Call Client.info(\'0101\') for help."")')"
2003,20031221172000,provider_data_unavailable,"RuntimeError('raw download is incomplete: status=download_failed; cnt_segments=0; channel_table=None; error=ValueError(""Data not available in the time period. Call Client.info(\'0101\') for help."")')"
2003,20031222174700,provider_data_unavailable,"RuntimeError('raw download is incomplete: status=download_failed; cnt_segments=0; channel_table=None; error=ValueError(""Data not available in the time period. Call Client.info(\'0101\') for help."")')"
2003,20031222210700,provider_data_unavailable,"RuntimeError('raw download is incomplete: status=download_failed; cnt_segments=0; channel_table=None; error=ValueError(""Data not available in the time period. Call Client.info(\'0101\') for help."")')"
2003,20031223074400,provider_data_unavailable,"RuntimeError('raw download is incomplete: status=download_failed; cnt_segments=0; channel_table=None; error=ValueError(""Data not available in the time period. Call Client.info(\'0101\') for help."")')"
2003,20031223143400,provider_data_unavailable,"RuntimeError('raw download is incomplete: status=download_failed; cnt_segments=0; channel_table=None; error=ValueError(""Data not available in the time period. Call Client.info(\'0101\') for help."")')"
2003,20031224000800,provider_data_unavailable,"RuntimeError('raw download is incomplete: status=download_failed; cnt_segments=0; channel_table=None; error=ValueError(""Data not available in the time period. Call Client.info(\'0101\') for help."")')"
2003,20031224104200,provider_data_unavailable,"RuntimeError('raw download is incomplete: status=download_failed; cnt_segments=0; channel_table=None; error=ValueError(""Data not available in the time period. Call Client.info(\'0101\') for help."")')"
2003,20031225224000,provider_data_unavailable,"RuntimeError('raw download is incomplete: status=download_failed; cnt_segments=0; channel_table=None; error=ValueError(""Data not available in the time period. Call Client.info(\'0101\') for help."")')"
2003,20031227063500,provider_data_unavailable,"RuntimeError('raw download is incomplete: status=download_failed; cnt_segments=0; channel_table=None; error=ValueError(""Data not available in the time period. Call Client.info(\'0101\') for help."")')"
2003,20031229103100,provider_data_unavailable,"RuntimeError('raw download is incomplete: status=download_failed; cnt_segments=0; channel_table=None; error=ValueError(""Data not available in the time period. Call Client.info(\'0101\') for help."")')"
2003,20031229192300,provider_data_unavailable,"RuntimeError('raw download is incomplete: status=download_failed; cnt_segments=0; channel_table=None; error=ValueError(""Data not available in the time period. Call Client.info(\'0101\') for help."")')"
2003,20031230163500,provider_data_unavailable,"RuntimeError('raw download is incomplete: status=download_failed; cnt_segments=0; channel_table=None; error=ValueError(""Data not available in the time period. Call Client.info(\'0101\') for help."")')"
2004,20040102044800,provider_data_unavailable,"RuntimeError('raw download is incomplete: status=download_failed; cnt_segments=0; channel_table=None; error=ValueError(""Data not available in the time period. Call Client.info(\'0101\') for help."")')"
2004,20040102134100,provider_data_unavailable,"RuntimeError('raw download is incomplete: status=download_failed; cnt_segments=0; channel_table=None; error=ValueError(""Data not available in the time period. Call Client.info(\'0101\') for help."")')"
2004,20040103033200,provider_data_unavailable,"RuntimeError('raw download is incomplete: status=download_failed; cnt_segments=0; channel_table=None; error=ValueError(""Data not available in the time period. Call Client.info(\'0101\') for help."")')"
2004,20040103120300,provider_data_unavailable,"RuntimeError('raw download is incomplete: status=download_failed; cnt_segments=0; channel_table=None; error=ValueError(""Data not available in the time period. Call Client.info(\'0101\') for help."")')"
2004,20040104183200,provider_data_unavailable,"RuntimeError('raw download is incomplete: status=download_failed; cnt_segments=0; channel_table=None; error=ValueError(""Data not available in the time period. Call Client.info(\'0101\') for help."")')"
2004,20040106074700,provider_data_unavailable,"RuntimeError('raw download is incomplete: status=download_failed; cnt_segments=0; channel_table=None; error=ValueError(""Data not available in the time period. Call Client.info(\'0101\') for help."")')"
2004,20040106145000,provider_data_unavailable,"RuntimeError('raw download is incomplete: status=download_failed; cnt_segments=0; channel_table=None; error=ValueError(""Data not available in the time period. Call Client.info(\'0101\') for help."")')"
2004,20040107091700,provider_data_unavailable,"RuntimeError('raw download is incomplete: status=download_failed; cnt_segments=0; channel_table=None; error=ValueError(""Data not available in the time period. Call Client.info(\'0101\') for help."")')"
2004,20040107141000,provider_data_unavailable,"RuntimeError('raw download is incomplete: status=download_failed; cnt_segments=0; channel_table=None; error=ValueError(""Data not available in the time period. Call Client.info(\'0101\') for help."")')"
2004,20040108000700,provider_data_unavailable,"RuntimeError('raw download is incomplete: status=download_failed; cnt_segments=0; channel_table=None; error=ValueError(""Data not available in the time period. Call Client.info(\'0101\') for help."")')"
2004,20040108094400,provider_data_unavailable,"RuntimeError('raw download is incomplete: status=download_failed; cnt_segments=0; channel_table=None; error=ValueError(""Data not available in the time period. Call Client.info(\'0101\') for help."")')"
2004,20040109220500,provider_data_unavailable,"RuntimeError('raw download is incomplete: status=download_failed; cnt_segments=0; channel_table=None; error=ValueError(""Data not available in the time period. Call Client.info(\'0101\') for help."")')"
2004,20040109230200,provider_data_unavailable,"RuntimeError('raw download is incomplete: status=download_failed; cnt_segments=0; channel_table=None; error=ValueError(""Data not available in the time period. Call Client.info(\'0101\') for help."")')"
2004,20040111165700,provider_data_unavailable,"RuntimeError('raw download is incomplete: status=download_failed; cnt_segments=0; channel_table=None; error=ValueError(""Data not available in the time period. Call Client.info(\'0101\') for help."")')"
2004,20040112011500,provider_data_unavailable,"RuntimeError('raw download is incomplete: status=download_failed; cnt_segments=0; channel_table=None; error=ValueError(""Data not available in the time period. Call Client.info(\'0101\') for help."")')"
2004,20040113051200,provider_data_unavailable,"RuntimeError('raw download is incomplete: status=download_failed; cnt_segments=0; channel_table=None; error=ValueError(""Data not available in the time period. Call Client.info(\'0101\') for help."")')"
2004,20040117043500,provider_data_unavailable,"RuntimeError('raw download is incomplete: status=download_failed; cnt_segments=0; channel_table=None; error=ValueError(""Data not available in the time period. Call Client.info(\'0101\') for help."")')"
2004,20040119031600,provider_data_unavailable,"RuntimeError('raw download is incomplete: status=download_failed; cnt_segments=0; channel_table=None; error=ValueError(""Data not available in the time period. Call Client.info(\'0101\') for help."")')"
2004,20040121034000,provider_data_unavailable,"RuntimeError('raw download is incomplete: status=download_failed; cnt_segments=0; channel_table=None; error=ValueError(""Data not available in the time period. Call Client.info(\'0101\') for help."")')"
2004,20040123113900,provider_data_unavailable,"RuntimeError('raw download is incomplete: status=download_failed; cnt_segments=0; channel_table=None; error=ValueError(""Data not available in the time period. Call Client.info(\'0101\') for help."")')"
2004,20040123180100,provider_data_unavailable,"RuntimeError('raw download is incomplete: status=download_failed; cnt_segments=0; channel_table=None; error=ValueError(""Data not available in the time period. Call Client.info(\'0101\') for help."")')"
2004,20040126174500,provider_data_unavailable,"RuntimeError('raw download is incomplete: status=download_failed; cnt_segments=0; channel_table=None; error=ValueError(""Data not available in the time period. Call Client.info(\'0101\') for help."")')"
2004,20040126213400,provider_data_unavailable,"RuntimeError('raw download is incomplete: status=download_failed; cnt_segments=0; channel_table=None; error=ValueError(""Data not available in the time period. Call Client.info(\'0101\') for help."")')"
2004,20040127024300,provider_data_unavailable,"RuntimeError('raw download is incomplete: status=download_failed; cnt_segments=0; channel_table=None; error=ValueError(""Data not available in the time period. Call Client.info(\'0101\') for help."")')"
2004,20040127151100,provider_data_unavailable,"RuntimeError('raw download is incomplete: status=download_failed; cnt_segments=0; channel_table=None; error=ValueError(""Data not available in the time period. Call Client.info(\'0101\') for help."")')"
2004,20040129134700,provider_data_unavailable,"RuntimeError('raw download is incomplete: status=download_failed; cnt_segments=0; channel_table=None; error=ValueError(""Data not available in the time period. Call Client.info(\'0101\') for help."")')"
2004,20040204041100,provider_data_unavailable,"RuntimeError('raw download is incomplete: status=download_failed; cnt_segments=0; channel_table=None; error=ValueError(""Data not available in the time period. Call Client.info(\'0101\') for help."")')"
2004,20040204150800,provider_data_unavailable,"RuntimeError('raw download is incomplete: status=download_failed; cnt_segments=0; channel_table=None; error=ValueError(""Data not available in the time period. Call Client.info(\'0101\') for help."")')"
2004,20040204163800,provider_data_unavailable,"RuntimeError('raw download is incomplete: status=download_failed; cnt_segments=0; channel_table=None; error=ValueError(""Data not available in the time period. Call Client.info(\'0101\') for help."")')"
2004,20040208193000,provider_data_unavailable,"RuntimeError('raw download is incomplete: status=download_failed; cnt_segments=0; channel_table=None; error=ValueError(""Data not available in the time period. Call Client.info(\'0101\') for help."")')"
2004,20040211164200,provider_data_unavailable,"RuntimeError('raw download is incomplete: status=download_failed; cnt_segments=0; channel_table=None; error=ValueError(""Data not available in the time period. Call Client.info(\'0101\') for help."")')"
2004,20040214201900,provider_data_unavailable,"RuntimeError('raw download is incomplete: status=download_failed; cnt_segments=0; channel_table=None; error=ValueError(""Data not available in the time period. Call Client.info(\'0101\') for help."")')"
2004,20040215210000,provider_data_unavailable,"RuntimeError('raw download is incomplete: status=download_failed; cnt_segments=0; channel_table=None; error=ValueError(""Data not available in the time period. Call Client.info(\'0101\') for help."")')"
2004,20040215215300,provider_data_unavailable,"RuntimeError('raw download is incomplete: status=download_failed; cnt_segments=0; channel_table=None; error=ValueError(""Data not available in the time period. Call Client.info(\'0101\') for help."")')"
2004,20040217164600,provider_data_unavailable,"RuntimeError('raw download is incomplete: status=download_failed; cnt_segments=0; channel_table=None; error=ValueError(""Data not available in the time period. Call Client.info(\'0101\') for help."")')"
2004,20040220122500,provider_data_unavailable,"RuntimeError('raw download is incomplete: status=download_failed; cnt_segments=0; channel_table=None; error=ValueError(""Data not available in the time period. Call Client.info(\'0101\') for help."")')"
2004,20040221133900,provider_data_unavailable,"RuntimeError('raw download is incomplete: status=download_failed; cnt_segments=0; channel_table=None; error=ValueError(""Data not available in the time period. Call Client.info(\'0101\') for help."")')"
2004,20040224063400,provider_data_unavailable,"RuntimeError('raw download is incomplete: status=download_failed; cnt_segments=0; channel_table=None; error=ValueError(""Data not available in the time period. Call Client.info(\'0101\') for help."")')"
2004,20040226140600,provider_data_unavailable,"RuntimeError('raw download is incomplete: status=download_failed; cnt_segments=0; channel_table=None; error=ValueError(""Data not available in the time period. Call Client.info(\'0101\') for help."")')"
2004,20040227114900,provider_data_unavailable,"RuntimeError('raw download is incomplete: status=download_failed; cnt_segments=0; channel_table=None; error=ValueError(""Data not available in the time period. Call Client.info(\'0101\') for help."")')"
2004,20040228022700,provider_data_unavailable,"RuntimeError('raw download is incomplete: status=download_failed; cnt_segments=0; channel_table=None; error=ValueError(""Data not available in the time period. Call Client.info(\'0101\') for help."")')"
2004,20040228063700,provider_data_unavailable,"RuntimeError('raw download is incomplete: status=download_failed; cnt_segments=0; channel_table=None; error=ValueError(""Data not available in the time period. Call Client.info(\'0101\') for help."")')"
2004,20040228183300,provider_data_unavailable,"RuntimeError('raw download is incomplete: status=download_failed; cnt_segments=0; channel_table=None; error=ValueError(""Data not available in the time period. Call Client.info(\'0101\') for help."")')"
2004,20040229053300,provider_data_unavailable,"RuntimeError('raw download is incomplete: status=download_failed; cnt_segments=0; channel_table=None; error=ValueError(""Data not available in the time period. Call Client.info(\'0101\') for help."")')"
2004,20040302153000,provider_data_unavailable,"RuntimeError('raw download is incomplete: status=download_failed; cnt_segments=0; channel_table=None; error=ValueError(""Data not available in the time period. Call Client.info(\'0101\') for help."")')"
2004,20040302154700,provider_data_unavailable,"RuntimeError('raw download is incomplete: status=download_failed; cnt_segments=0; channel_table=None; error=ValueError(""Data not available in the time period. Call Client.info(\'0101\') for help."")')"
2004,20040303043700,provider_data_unavailable,"RuntimeError('raw download is incomplete: status=download_failed; cnt_segments=0; channel_table=None; error=ValueError(""Data not available in the time period. Call Client.info(\'0101\') for help."")')"
2004,20040303135500,provider_data_unavailable,"RuntimeError('raw download is incomplete: status=download_failed; cnt_segments=0; channel_table=None; error=ValueError(""Data not available in the time period. Call Client.info(\'0101\') for help."")')"
2004,20040307034100,provider_data_unavailable,"RuntimeError('raw download is incomplete: status=download_failed; cnt_segments=0; channel_table=None; error=ValueError(""Data not available in the time period. Call Client.info(\'0101\') for help."")')"
2004,20040307110900,provider_data_unavailable,"RuntimeError('raw download is incomplete: status=download_failed; cnt_segments=0; channel_table=None; error=ValueError(""Data not available in the time period. Call Client.info(\'0101\') for help."")')"
2004,20040309164700,provider_data_unavailable,"RuntimeError('raw download is incomplete: status=download_failed; cnt_segments=0; channel_table=None; error=ValueError(""Data not available in the time period. Call Client.info(\'0101\') for help."")')"
2004,20040310045600,provider_data_unavailable,"RuntimeError('raw download is incomplete: status=download_failed; cnt_segments=0; channel_table=None; error=ValueError(""Data not available in the time period. Call Client.info(\'0101\') for help."")')"
2004,20040310051500,provider_data_unavailable,"RuntimeError('raw download is incomplete: status=download_failed; cnt_segments=0; channel_table=None; error=ValueError(""Data not available in the time period. Call Client.info(\'0101\') for help."")')"
2004,20040311113500,provider_data_unavailable,"RuntimeError('raw download is incomplete: status=download_failed; cnt_segments=0; channel_table=None; error=ValueError(""Data not available in the time period. Call Client.info(\'0101\') for help."")')"
2004,20040312001000,provider_data_unavailable,"RuntimeError('raw download is incomplete: status=download_failed; cnt_segments=0; channel_table=None; error=ValueError(""Data not available in the time period. Call Client.info(\'0101\') for help."")')"
2004,20040313063100,provider_data_unavailable,"RuntimeError('raw download is incomplete: status=download_failed; cnt_segments=0; channel_table=None; error=ValueError(""Data not available in the time period. Call Client.info(\'0101\') for help."")')"
2004,20040315034500,provider_data_unavailable,"RuntimeError('raw download is incomplete: status=download_failed; cnt_segments=0; channel_table=None; error=ValueError(""Data not available in the time period. Call Client.info(\'0101\') for help."")')"
2004,20040315041800,provider_data_unavailable,"RuntimeError('raw download is incomplete: status=download_failed; cnt_segments=0; channel_table=None; error=ValueError(""Data not available in the time period. Call Client.info(\'0101\') for help."")')"
2004,20040315073800,provider_data_unavailable,"RuntimeError('raw download is incomplete: status=download_failed; cnt_segments=0; channel_table=None; error=ValueError(""Data not available in the time period. Call Client.info(\'0101\') for help."")')"
2004,20040315125900,provider_data_unavailable,"RuntimeError('raw download is incomplete: status=download_failed; cnt_segments=0; channel_table=None; error=ValueError(""Data not available in the time period. Call Client.info(\'0101\') for help."")')"
2004,20040318160400,provider_data_unavailable,"RuntimeError('raw download is incomplete: status=download_failed; cnt_segments=0; channel_table=None; error=ValueError(""Data not available in the time period. Call Client.info(\'0101\') for help."")')"
2004,20040319025100,provider_data_unavailable,"RuntimeError('raw download is incomplete: status=download_failed; cnt_segments=0; channel_table=None; error=ValueError(""Data not available in the time period. Call Client.info(\'0101\') for help."")')"
2004,20040319042500,provider_data_unavailable,"RuntimeError('raw download is incomplete: status=download_failed; cnt_segments=0; channel_table=None; error=ValueError(""Data not available in the time period. Call Client.info(\'0101\') for help."")')"
2004,20040321101000,provider_data_unavailable,"RuntimeError('raw download is incomplete: status=download_failed; cnt_segments=0; channel_table=None; error=ValueError(""Data not available in the time period. Call Client.info(\'0101\') for help."")')"
2004,20040321213600,provider_data_unavailable,"RuntimeError('raw download is incomplete: status=download_failed; cnt_segments=0; channel_table=None; error=ValueError(""Data not available in the time period. Call Client.info(\'0101\') for help."")')"
2004,20040324140600,provider_data_unavailable,"RuntimeError('raw download is incomplete: status=download_failed; cnt_segments=0; channel_table=None; error=ValueError(""Data not available in the time period. Call Client.info(\'0101\') for help."")')"
2004,20040324155800,provider_data_unavailable,"RuntimeError('raw download is incomplete: status=download_failed; cnt_segments=0; channel_table=None; error=ValueError(""Data not available in the time period. Call Client.info(\'0101\') for help."")')"
2004,20040326000000,provider_data_unavailable,"RuntimeError('raw download is incomplete: status=download_failed; cnt_segments=0; channel_table=None; error=ValueError(""Data not available in the time period. Call Client.info(\'0101\') for help."")')"
2004,20040326223800,provider_data_unavailable,"RuntimeError('raw download is incomplete: status=download_failed; cnt_segments=0; channel_table=None; error=ValueError(""Data not available in the time period. Call Client.info(\'0101\') for help."")')"
2004,20040327002000,provider_data_unavailable,"RuntimeError('raw download is incomplete: status=download_failed; cnt_segments=0; channel_table=None; error=ValueError(""Data not available in the time period. Call Client.info(\'0101\') for help."")')"
2004,20040331012800,provider_data_unavailable,"RuntimeError('raw download is incomplete: status=download_failed; cnt_segments=0; channel_table=None; error=ValueError(""Data not available in the time period. Call Client.info(\'0101\') for help."")')"
2004,20041023195700,channel_table_or_merge_file_missing,"RuntimeError(""raw download is incomplete: status=download_failed; cnt_segments=0; channel_table=/run/media/zhangb/My Passport/hinet_data/.staging/2004/raw/20041023195700/segments/01_01_20041023.euc.ch; error=FileNotFoundError(2, 'No such file or directory')"")"
2004,20041023203400,channel_table_or_merge_file_missing,"RuntimeError(""raw download is incomplete: status=download_failed; cnt_segments=0; channel_table=/run/media/zhangb/My Passport/hinet_data/.staging/2004/raw/20041023203400/segments/01_01_20041023.euc.ch; error=FileNotFoundError(2, 'No such file or directory')"")"
2004,20041024043100,incomplete_time_coverage,"RuntimeError('raw CNT time coverage is incomplete: records=175; coverage=[1098559865.0, 1098560040.0); requested=[1098559771.708778, 1098560011.883319]')"
2005,20051115063900,hinetpy_empty_response,"RuntimeError('raw download is incomplete: status=download_failed; cnt_segments=0; channel_table=None; error=TypeError(""\'NoneType\' object is not iterable"")')"
2007,20070325095900,channel_table_or_merge_file_missing,"RuntimeError(""raw download is incomplete: status=download_failed; cnt_segments=0; channel_table=/run/media/zhangb/My Passport/hinet_data/.staging/2007/raw/20070325095900/segments/01_01_20070325.euc.ch; error=FileNotFoundError(2, 'No such file or directory')"")"
2012,20121207171800,hinetpy_empty_response,"RuntimeError('raw download is incomplete: status=download_failed; cnt_segments=0; channel_table=None; error=TypeError(""\'NoneType\' object is not iterable"")')"
2013,20131026021000,hinetpy_empty_response,"RuntimeError('raw download is incomplete: status=download_failed; cnt_segments=0; channel_table=None; error=TypeError(""\'NoneType\' object is not iterable"")')"
2016,20160418033600,channel_table_or_merge_file_missing,"RuntimeError(""raw download is incomplete: status=download_failed; cnt_segments=0; channel_table=/run/media/zhangb/My Passport/hinet_data/.staging/2016/raw/20160418033600/segments/01_01_20160418.euc.ch; error=FileNotFoundError(2, 'No such file or directory')"")"
2018,20180906072000,channel_table_or_merge_file_missing,"RuntimeError(""raw download is incomplete: status=download_failed; cnt_segments=0; channel_table=/run/media/zhangb/My Passport/hinet_data/.staging/2018/raw/20180906072000/segments/01_01_20180906.euc.ch; error=FileNotFoundError(2, 'No such file or directory')"")"
2022,20220316233600,hinetpy_empty_response,"RuntimeError('raw download is incomplete: status=download_failed; cnt_segments=0; channel_table=None; error=TypeError(""\'NoneType\' object is not iterable"")')"
2024,20240101170400,channel_table_or_merge_file_missing,"RuntimeError(""raw download is incomplete: status=download_failed; cnt_segments=0; channel_table=/run/media/zhangb/My Passport/hinet_data/.staging/2024/raw/20240101170400/segments/01_01_20240101.euc.ch; error=FileNotFoundError(2, 'No such file or directory')"")"
